09:21:40 DEBUG : Logs will be stored at '/home/benh/Desktop/vitis_workspace/IDE.log'.
09:21:40 INFO  : Launching XSCT server: xsct -n  -interactive /home/benh/Desktop/vitis_workspace/temp_xsdb_launch_script.tcl
09:21:41 INFO  : Registering command handlers for Vitis TCF services
09:21:41 INFO  : Platform repository initialization has completed.
09:21:42 INFO  : XSCT server has started successfully.
09:21:42 INFO  : Successfully done setting XSCT server connection channel  
09:21:43 INFO  : plnx-install-location is set to ''
09:21:43 INFO  : Successfully done setting workspace for the tool. 
09:21:43 INFO  : Successfully done query RDI_DATADIR 
09:21:59 INFO  : Platform 'kv260_lab3_platform' is added to custom repositories.
09:22:01 INFO  : [Import] Updating active build configuration of the system project 'audio_tuner_system' to 'Debug' after the import.
09:47:56 INFO  : No changes in MSS file content so sources will not be generated.
09:51:34 INFO  : Result from executing command 'getProjects': kv260_lab3_platform
09:51:34 INFO  : Result from executing command 'getPlatforms': kv260_lab3_platform|/home/benh/Desktop/vitis_workspace/kv260_lab3_platform/export/kv260_lab3_platform/kv260_lab3_platform.xpfm;xilinx_zcu102_base_202410_1|/tools/Xilinx/Vitis/2024.1/base_platforms/xilinx_zcu102_base_202410_1/xilinx_zcu102_base_202410_1.xpfm;xilinx_zcu102_base_dfx_202410_1|/tools/Xilinx/Vitis/2024.1/base_platforms/xilinx_zcu102_base_dfx_202410_1/xilinx_zcu102_base_dfx_202410_1.xpfm;xilinx_zcu104_base_202410_1|/tools/Xilinx/Vitis/2024.1/base_platforms/xilinx_zcu104_base_202410_1/xilinx_zcu104_base_202410_1.xpfm
09:51:37 INFO  : Checking for BSP changes to sync application flags for project 'audio_tuner'...
09:51:43 ERROR : (XSDB Server)readelf: Error: '/home/benh/Desktop/vitis_workspace/kv260_lab3_platform/export/kv260_lab3_platform/sw/fsbl.elf': No such file

09:56:30 INFO  : XRT server has started successfully on port '4354'
09:56:31 INFO  : Connected to target on host '127.0.0.1' and port '3121'.
09:56:31 INFO  : Jtag cable 'Xilinx X-MLCC-01 XFL15ZDME5RSA' is selected.
09:56:31 INFO  : 'jtag frequency' command is executed.
09:56:31 INFO  : Sourcing of '/tools/Xilinx/Vitis/2024.1/scripts/vitis/util/zynqmp_utils.tcl' is done.
09:56:31 INFO  : Context for 'APU' is selected.
09:56:32 INFO  : System reset is completed.
09:56:35 INFO  : 'after 3000' command is executed.
09:56:35 INFO  : 'targets -set -filter {jtag_cable_name =~ "Xilinx X-MLCC-01 XFL15ZDME5RSA" && level==0 && jtag_device_ctx=="jsn-X-MLCC-01-XFL15ZDME5RSA-04724093-0"}' command is executed.
09:56:39 INFO  : Device configured successfully with "/home/benh/Desktop/vitis_workspace/audio_tuner/_ide/bitstream/speaker_2_wrapper.bit"
09:56:39 INFO  : Context for 'APU' is selected.
09:56:40 INFO  : Hardware design and registers information is loaded from '/home/benh/Desktop/vitis_workspace/kv260_lab3_platform/export/kv260_lab3_platform/hw/speaker_2_wrapper.xsa'.
09:56:40 INFO  : 'configparams force-mem-access 1' command is executed.
09:56:40 INFO  : Context for 'APU' is selected.
09:56:40 INFO  : Boot mode is read from the target.
09:56:42 INFO  : ----------------XSDB Script----------------
connect -url tcp:127.0.0.1:3121
source /tools/Xilinx/Vitis/2024.1/scripts/vitis/util/zynqmp_utils.tcl
targets -set -nocase -filter {name =~"APU*"}
rst -system
after 3000
targets -set -filter {jtag_cable_name =~ "Xilinx X-MLCC-01 XFL15ZDME5RSA" && level==0 && jtag_device_ctx=="jsn-X-MLCC-01-XFL15ZDME5RSA-04724093-0"}
fpga -file /home/benh/Desktop/vitis_workspace/audio_tuner/_ide/bitstream/speaker_2_wrapper.bit
targets -set -nocase -filter {name =~"APU*"}
loadhw -hw /home/benh/Desktop/vitis_workspace/kv260_lab3_platform/export/kv260_lab3_platform/hw/speaker_2_wrapper.xsa -mem-ranges [list {0x80000000 0xbfffffff} {0x400000000 0x5ffffffff} {0x1000000000 0x7fffffffff}] -regs
configparams force-mem-access 1
targets -set -nocase -filter {name =~"APU*"}
set mode [expr [mrd -value 0xFF5E0200] & 0xf]
----------------End of Script----------------

09:59:31 INFO  : Connected to target on host '127.0.0.1' and port '3121'.
09:59:31 INFO  : Jtag cable 'Xilinx X-MLCC-01 XFL15ZDME5RSA' is selected.
09:59:31 INFO  : 'jtag frequency' command is executed.
09:59:31 INFO  : Sourcing of '/tools/Xilinx/Vitis/2024.1/scripts/vitis/util/zynqmp_utils.tcl' is done.
09:59:31 INFO  : Context for 'APU' is selected.
09:59:31 INFO  : System reset is completed.
09:59:34 INFO  : 'after 3000' command is executed.
09:59:34 INFO  : 'targets -set -filter {jtag_cable_name =~ "Xilinx X-MLCC-01 XFL15ZDME5RSA" && level==0 && jtag_device_ctx=="jsn-X-MLCC-01-XFL15ZDME5RSA-04724093-0"}' command is executed.
09:59:39 INFO  : Device configured successfully with "/home/benh/Desktop/vitis_workspace/audio_tuner/_ide/bitstream/speaker_2_wrapper.bit"
09:59:39 INFO  : Context for 'APU' is selected.
09:59:39 INFO  : Hardware design and registers information is loaded from '/home/benh/Desktop/vitis_workspace/kv260_lab3_platform/export/kv260_lab3_platform/hw/speaker_2_wrapper.xsa'.
09:59:39 INFO  : 'configparams force-mem-access 1' command is executed.
09:59:39 INFO  : Context for 'APU' is selected.
09:59:39 INFO  : Boot mode is read from the target.
09:59:39 INFO  : Context for processor 'psu_cortexa53_0' is selected.
09:59:39 INFO  : Processor reset is completed for 'psu_cortexa53_0'.
09:59:39 INFO  : The application '/home/benh/Desktop/vitis_workspace/kv260_lab3_platform/export/kv260_lab3_platform/sw/kv260_lab3_platform/boot/fsbl.elf' is downloaded to processor 'psu_cortexa53_0'.
09:59:39 INFO  : 'set bp_59_39_fsbl_bp [bpadd -addr &XFsbl_Exit]' command is executed.
09:59:40 INFO  : 'con -block -timeout 60' command is executed.
09:59:40 INFO  : 'bpremove $bp_59_39_fsbl_bp' command is executed.
09:59:40 INFO  : Context for processor 'psu_cortexa53_0' is selected.
09:59:40 INFO  : Processor reset is completed for 'psu_cortexa53_0'.
09:59:41 INFO  : The application '/home/benh/Desktop/vitis_workspace/audio_tuner/Debug/audio_tuner.elf' is downloaded to processor 'psu_cortexa53_0'.
09:59:41 INFO  : 'configparams force-mem-access 0' command is executed.
09:59:41 INFO  : ----------------XSDB Script----------------
connect -url tcp:127.0.0.1:3121
source /tools/Xilinx/Vitis/2024.1/scripts/vitis/util/zynqmp_utils.tcl
targets -set -nocase -filter {name =~"APU*"}
rst -system
after 3000
targets -set -filter {jtag_cable_name =~ "Xilinx X-MLCC-01 XFL15ZDME5RSA" && level==0 && jtag_device_ctx=="jsn-X-MLCC-01-XFL15ZDME5RSA-04724093-0"}
fpga -file /home/benh/Desktop/vitis_workspace/audio_tuner/_ide/bitstream/speaker_2_wrapper.bit
targets -set -nocase -filter {name =~"APU*"}
loadhw -hw /home/benh/Desktop/vitis_workspace/kv260_lab3_platform/export/kv260_lab3_platform/hw/speaker_2_wrapper.xsa -mem-ranges [list {0x80000000 0xbfffffff} {0x400000000 0x5ffffffff} {0x1000000000 0x7fffffffff}] -regs
configparams force-mem-access 1
targets -set -nocase -filter {name =~"APU*"}
set mode [expr [mrd -value 0xFF5E0200] & 0xf]
targets -set -nocase -filter {name =~ "*A53*#0"}
rst -processor
dow /home/benh/Desktop/vitis_workspace/kv260_lab3_platform/export/kv260_lab3_platform/sw/kv260_lab3_platform/boot/fsbl.elf
set bp_59_39_fsbl_bp [bpadd -addr &XFsbl_Exit]
con -block -timeout 60
bpremove $bp_59_39_fsbl_bp
targets -set -nocase -filter {name =~ "*A53*#0"}
rst -processor
dow /home/benh/Desktop/vitis_workspace/audio_tuner/Debug/audio_tuner.elf
configparams force-mem-access 0
----------------End of Script----------------

09:59:41 INFO  : Context for processor 'psu_cortexa53_0' is selected.
09:59:41 INFO  : 'con' command is executed.
09:59:41 INFO  : ----------------XSDB Script (After Launch)----------------
targets -set -nocase -filter {name =~ "*A53*#0"}
con
----------------End of Script----------------

09:59:41 INFO  : Launch script is exported to file '/home/benh/Desktop/vitis_workspace/audio_tuner_system/_ide/scripts/systemdebugger_audio_tuner_system_1_standalone.tcl'
10:01:49 INFO  : Checking for BSP changes to sync application flags for project 'audio_tuner'...
10:02:08 INFO  : Checking for BSP changes to sync application flags for project 'audio_tuner'...
10:02:10 ERROR : (XSDB Server)readelf: Error: '/home/benh/Desktop/vitis_workspace/kv260_lab3_platform/export/kv260_lab3_platform/sw/fsbl.elf': No such file

10:02:18 INFO  : Disconnected from the channel tcfchan#3.
10:02:18 INFO  : Connected to target on host '127.0.0.1' and port '3121'.
10:02:19 INFO  : Jtag cable 'Xilinx X-MLCC-01 XFL15ZDME5RSA' is selected.
10:02:19 INFO  : 'jtag frequency' command is executed.
10:02:19 INFO  : Sourcing of '/tools/Xilinx/Vitis/2024.1/scripts/vitis/util/zynqmp_utils.tcl' is done.
10:02:19 INFO  : Context for 'APU' is selected.
10:02:19 INFO  : System reset is completed.
10:02:22 INFO  : 'after 3000' command is executed.
10:02:22 INFO  : 'targets -set -filter {jtag_cable_name =~ "Xilinx X-MLCC-01 XFL15ZDME5RSA" && level==0 && jtag_device_ctx=="jsn-X-MLCC-01-XFL15ZDME5RSA-04724093-0"}' command is executed.
10:02:26 INFO  : Device configured successfully with "/home/benh/Desktop/vitis_workspace/audio_tuner/_ide/bitstream/speaker_2_wrapper.bit"
10:02:26 INFO  : Context for 'APU' is selected.
10:02:26 INFO  : Hardware design and registers information is loaded from '/home/benh/Desktop/vitis_workspace/kv260_lab3_platform/export/kv260_lab3_platform/hw/speaker_2_wrapper.xsa'.
10:02:26 INFO  : 'configparams force-mem-access 1' command is executed.
10:02:26 INFO  : Context for 'APU' is selected.
10:02:26 INFO  : Boot mode is read from the target.
10:02:26 INFO  : Context for processor 'psu_cortexa53_0' is selected.
10:02:26 INFO  : Processor reset is completed for 'psu_cortexa53_0'.
10:02:27 INFO  : The application '/home/benh/Desktop/vitis_workspace/kv260_lab3_platform/export/kv260_lab3_platform/sw/kv260_lab3_platform/boot/fsbl.elf' is downloaded to processor 'psu_cortexa53_0'.
10:02:27 INFO  : 'set bp_2_27_fsbl_bp [bpadd -addr &XFsbl_Exit]' command is executed.
10:02:28 INFO  : 'con -block -timeout 60' command is executed.
10:02:28 INFO  : 'bpremove $bp_2_27_fsbl_bp' command is executed.
10:02:28 INFO  : Context for processor 'psu_cortexa53_0' is selected.
10:02:28 INFO  : Processor reset is completed for 'psu_cortexa53_0'.
10:02:29 INFO  : The application '/home/benh/Desktop/vitis_workspace/audio_tuner/Debug/audio_tuner.elf' is downloaded to processor 'psu_cortexa53_0'.
10:02:29 INFO  : 'configparams force-mem-access 0' command is executed.
10:02:29 INFO  : ----------------XSDB Script----------------
connect -url tcp:127.0.0.1:3121
source /tools/Xilinx/Vitis/2024.1/scripts/vitis/util/zynqmp_utils.tcl
targets -set -nocase -filter {name =~"APU*"}
rst -system
after 3000
targets -set -filter {jtag_cable_name =~ "Xilinx X-MLCC-01 XFL15ZDME5RSA" && level==0 && jtag_device_ctx=="jsn-X-MLCC-01-XFL15ZDME5RSA-04724093-0"}
fpga -file /home/benh/Desktop/vitis_workspace/audio_tuner/_ide/bitstream/speaker_2_wrapper.bit
targets -set -nocase -filter {name =~"APU*"}
loadhw -hw /home/benh/Desktop/vitis_workspace/kv260_lab3_platform/export/kv260_lab3_platform/hw/speaker_2_wrapper.xsa -mem-ranges [list {0x80000000 0xbfffffff} {0x400000000 0x5ffffffff} {0x1000000000 0x7fffffffff}] -regs
configparams force-mem-access 1
targets -set -nocase -filter {name =~"APU*"}
set mode [expr [mrd -value 0xFF5E0200] & 0xf]
targets -set -nocase -filter {name =~ "*A53*#0"}
rst -processor
dow /home/benh/Desktop/vitis_workspace/kv260_lab3_platform/export/kv260_lab3_platform/sw/kv260_lab3_platform/boot/fsbl.elf
set bp_2_27_fsbl_bp [bpadd -addr &XFsbl_Exit]
con -block -timeout 60
bpremove $bp_2_27_fsbl_bp
targets -set -nocase -filter {name =~ "*A53*#0"}
rst -processor
dow /home/benh/Desktop/vitis_workspace/audio_tuner/Debug/audio_tuner.elf
configparams force-mem-access 0
----------------End of Script----------------

10:02:29 INFO  : Context for processor 'psu_cortexa53_0' is selected.
10:02:29 INFO  : 'con' command is executed.
10:02:29 INFO  : ----------------XSDB Script (After Launch)----------------
targets -set -nocase -filter {name =~ "*A53*#0"}
con
----------------End of Script----------------

10:02:29 INFO  : Launch script is exported to file '/home/benh/Desktop/vitis_workspace/audio_tuner_system/_ide/scripts/systemdebugger_audio_tuner_system_1_standalone.tcl'
10:05:17 INFO  : Checking for BSP changes to sync application flags for project 'audio_tuner'...
10:05:19 ERROR : (XSDB Server)readelf: Error: '/home/benh/Desktop/vitis_workspace/kv260_lab3_platform/export/kv260_lab3_platform/sw/fsbl.elf': No such file

10:05:50 INFO  : Disconnected from the channel tcfchan#5.
10:05:50 INFO  : Connected to target on host '127.0.0.1' and port '3121'.
10:05:50 INFO  : Jtag cable 'Xilinx X-MLCC-01 XFL15ZDME5RSA' is selected.
10:05:50 INFO  : 'jtag frequency' command is executed.
10:05:50 INFO  : Sourcing of '/tools/Xilinx/Vitis/2024.1/scripts/vitis/util/zynqmp_utils.tcl' is done.
10:05:50 INFO  : Context for 'APU' is selected.
10:05:50 INFO  : System reset is completed.
10:05:53 INFO  : 'after 3000' command is executed.
10:05:53 INFO  : 'targets -set -filter {jtag_cable_name =~ "Xilinx X-MLCC-01 XFL15ZDME5RSA" && level==0 && jtag_device_ctx=="jsn-X-MLCC-01-XFL15ZDME5RSA-04724093-0"}' command is executed.
10:05:58 INFO  : Device configured successfully with "/home/benh/Desktop/vitis_workspace/audio_tuner/_ide/bitstream/speaker_2_wrapper.bit"
10:05:58 INFO  : Context for 'APU' is selected.
10:05:58 INFO  : Hardware design and registers information is loaded from '/home/benh/Desktop/vitis_workspace/kv260_lab3_platform/export/kv260_lab3_platform/hw/speaker_2_wrapper.xsa'.
10:05:58 INFO  : 'configparams force-mem-access 1' command is executed.
10:05:58 INFO  : Context for 'APU' is selected.
10:05:58 INFO  : Boot mode is read from the target.
10:05:58 INFO  : Context for processor 'psu_cortexa53_0' is selected.
10:05:58 INFO  : Processor reset is completed for 'psu_cortexa53_0'.
10:05:58 INFO  : The application '/home/benh/Desktop/vitis_workspace/kv260_lab3_platform/export/kv260_lab3_platform/sw/kv260_lab3_platform/boot/fsbl.elf' is downloaded to processor 'psu_cortexa53_0'.
10:05:58 INFO  : 'set bp_5_58_fsbl_bp [bpadd -addr &XFsbl_Exit]' command is executed.
10:05:59 INFO  : 'con -block -timeout 60' command is executed.
10:05:59 INFO  : 'bpremove $bp_5_58_fsbl_bp' command is executed.
10:05:59 INFO  : Context for processor 'psu_cortexa53_0' is selected.
10:05:59 INFO  : Processor reset is completed for 'psu_cortexa53_0'.
10:06:00 INFO  : The application '/home/benh/Desktop/vitis_workspace/audio_tuner/Debug/audio_tuner.elf' is downloaded to processor 'psu_cortexa53_0'.
10:06:00 INFO  : 'configparams force-mem-access 0' command is executed.
10:06:00 INFO  : ----------------XSDB Script----------------
connect -url tcp:127.0.0.1:3121
source /tools/Xilinx/Vitis/2024.1/scripts/vitis/util/zynqmp_utils.tcl
targets -set -nocase -filter {name =~"APU*"}
rst -system
after 3000
targets -set -filter {jtag_cable_name =~ "Xilinx X-MLCC-01 XFL15ZDME5RSA" && level==0 && jtag_device_ctx=="jsn-X-MLCC-01-XFL15ZDME5RSA-04724093-0"}
fpga -file /home/benh/Desktop/vitis_workspace/audio_tuner/_ide/bitstream/speaker_2_wrapper.bit
targets -set -nocase -filter {name =~"APU*"}
loadhw -hw /home/benh/Desktop/vitis_workspace/kv260_lab3_platform/export/kv260_lab3_platform/hw/speaker_2_wrapper.xsa -mem-ranges [list {0x80000000 0xbfffffff} {0x400000000 0x5ffffffff} {0x1000000000 0x7fffffffff}] -regs
configparams force-mem-access 1
targets -set -nocase -filter {name =~"APU*"}
set mode [expr [mrd -value 0xFF5E0200] & 0xf]
targets -set -nocase -filter {name =~ "*A53*#0"}
rst -processor
dow /home/benh/Desktop/vitis_workspace/kv260_lab3_platform/export/kv260_lab3_platform/sw/kv260_lab3_platform/boot/fsbl.elf
set bp_5_58_fsbl_bp [bpadd -addr &XFsbl_Exit]
con -block -timeout 60
bpremove $bp_5_58_fsbl_bp
targets -set -nocase -filter {name =~ "*A53*#0"}
rst -processor
dow /home/benh/Desktop/vitis_workspace/audio_tuner/Debug/audio_tuner.elf
configparams force-mem-access 0
----------------End of Script----------------

10:06:00 INFO  : Context for processor 'psu_cortexa53_0' is selected.
10:06:00 INFO  : 'con' command is executed.
10:06:00 INFO  : ----------------XSDB Script (After Launch)----------------
targets -set -nocase -filter {name =~ "*A53*#0"}
con
----------------End of Script----------------

10:06:00 INFO  : Launch script is exported to file '/home/benh/Desktop/vitis_workspace/audio_tuner_system/_ide/scripts/systemdebugger_audio_tuner_system_1_standalone.tcl'
10:20:31 INFO  : Checking for BSP changes to sync application flags for project 'audio_tuner'...
10:20:33 ERROR : (XSDB Server)readelf: Error: '/home/benh/Desktop/vitis_workspace/kv260_lab3_platform/export/kv260_lab3_platform/sw/fsbl.elf': No such file

10:20:44 INFO  : Disconnected from the channel tcfchan#7.
10:20:44 INFO  : Connected to target on host '127.0.0.1' and port '3121'.
10:20:44 INFO  : Jtag cable 'Xilinx X-MLCC-01 XFL15ZDME5RSA' is selected.
10:20:44 INFO  : 'jtag frequency' command is executed.
10:20:44 INFO  : Sourcing of '/tools/Xilinx/Vitis/2024.1/scripts/vitis/util/zynqmp_utils.tcl' is done.
10:20:44 INFO  : Context for 'APU' is selected.
10:20:44 INFO  : System reset is completed.
10:20:47 INFO  : 'after 3000' command is executed.
10:20:47 INFO  : 'targets -set -filter {jtag_cable_name =~ "Xilinx X-MLCC-01 XFL15ZDME5RSA" && level==0 && jtag_device_ctx=="jsn-X-MLCC-01-XFL15ZDME5RSA-04724093-0"}' command is executed.
10:20:52 INFO  : Device configured successfully with "/home/benh/Desktop/vitis_workspace/audio_tuner/_ide/bitstream/speaker_2_wrapper.bit"
10:20:52 INFO  : Context for 'APU' is selected.
10:20:52 INFO  : Hardware design and registers information is loaded from '/home/benh/Desktop/vitis_workspace/kv260_lab3_platform/export/kv260_lab3_platform/hw/speaker_2_wrapper.xsa'.
10:20:52 INFO  : 'configparams force-mem-access 1' command is executed.
10:20:52 INFO  : Context for 'APU' is selected.
10:20:52 INFO  : Boot mode is read from the target.
10:20:52 INFO  : Context for processor 'psu_cortexa53_0' is selected.
10:20:52 INFO  : Processor reset is completed for 'psu_cortexa53_0'.
10:20:52 INFO  : The application '/home/benh/Desktop/vitis_workspace/kv260_lab3_platform/export/kv260_lab3_platform/sw/kv260_lab3_platform/boot/fsbl.elf' is downloaded to processor 'psu_cortexa53_0'.
10:20:52 INFO  : 'set bp_20_52_fsbl_bp [bpadd -addr &XFsbl_Exit]' command is executed.
10:20:53 INFO  : 'con -block -timeout 60' command is executed.
10:20:53 INFO  : 'bpremove $bp_20_52_fsbl_bp' command is executed.
10:20:53 INFO  : Context for processor 'psu_cortexa53_0' is selected.
10:20:53 INFO  : Processor reset is completed for 'psu_cortexa53_0'.
10:20:54 INFO  : The application '/home/benh/Desktop/vitis_workspace/audio_tuner/Debug/audio_tuner.elf' is downloaded to processor 'psu_cortexa53_0'.
10:20:54 INFO  : 'configparams force-mem-access 0' command is executed.
10:20:54 INFO  : ----------------XSDB Script----------------
connect -url tcp:127.0.0.1:3121
source /tools/Xilinx/Vitis/2024.1/scripts/vitis/util/zynqmp_utils.tcl
targets -set -nocase -filter {name =~"APU*"}
rst -system
after 3000
targets -set -filter {jtag_cable_name =~ "Xilinx X-MLCC-01 XFL15ZDME5RSA" && level==0 && jtag_device_ctx=="jsn-X-MLCC-01-XFL15ZDME5RSA-04724093-0"}
fpga -file /home/benh/Desktop/vitis_workspace/audio_tuner/_ide/bitstream/speaker_2_wrapper.bit
targets -set -nocase -filter {name =~"APU*"}
loadhw -hw /home/benh/Desktop/vitis_workspace/kv260_lab3_platform/export/kv260_lab3_platform/hw/speaker_2_wrapper.xsa -mem-ranges [list {0x80000000 0xbfffffff} {0x400000000 0x5ffffffff} {0x1000000000 0x7fffffffff}] -regs
configparams force-mem-access 1
targets -set -nocase -filter {name =~"APU*"}
set mode [expr [mrd -value 0xFF5E0200] & 0xf]
targets -set -nocase -filter {name =~ "*A53*#0"}
rst -processor
dow /home/benh/Desktop/vitis_workspace/kv260_lab3_platform/export/kv260_lab3_platform/sw/kv260_lab3_platform/boot/fsbl.elf
set bp_20_52_fsbl_bp [bpadd -addr &XFsbl_Exit]
con -block -timeout 60
bpremove $bp_20_52_fsbl_bp
targets -set -nocase -filter {name =~ "*A53*#0"}
rst -processor
dow /home/benh/Desktop/vitis_workspace/audio_tuner/Debug/audio_tuner.elf
configparams force-mem-access 0
----------------End of Script----------------

10:20:54 INFO  : Context for processor 'psu_cortexa53_0' is selected.
10:20:54 INFO  : 'con' command is executed.
10:20:54 INFO  : ----------------XSDB Script (After Launch)----------------
targets -set -nocase -filter {name =~ "*A53*#0"}
con
----------------End of Script----------------

10:20:54 INFO  : Launch script is exported to file '/home/benh/Desktop/vitis_workspace/audio_tuner_system/_ide/scripts/systemdebugger_audio_tuner_system_1_standalone.tcl'
10:22:42 INFO  : Checking for BSP changes to sync application flags for project 'audio_tuner'...
10:22:44 ERROR : (XSDB Server)readelf: Error: '/home/benh/Desktop/vitis_workspace/kv260_lab3_platform/export/kv260_lab3_platform/sw/fsbl.elf': No such file

10:26:51 INFO  : Checking for BSP changes to sync application flags for project 'audio_tuner'...
10:26:53 ERROR : (XSDB Server)readelf: Error: '/home/benh/Desktop/vitis_workspace/kv260_lab3_platform/export/kv260_lab3_platform/sw/fsbl.elf': No such file

10:27:02 INFO  : Disconnected from the channel tcfchan#9.
10:27:02 INFO  : Connected to target on host '127.0.0.1' and port '3121'.
10:27:02 INFO  : Jtag cable 'Xilinx X-MLCC-01 XFL15ZDME5RSA' is selected.
10:27:02 INFO  : 'jtag frequency' command is executed.
10:27:02 INFO  : Sourcing of '/tools/Xilinx/Vitis/2024.1/scripts/vitis/util/zynqmp_utils.tcl' is done.
10:27:02 INFO  : Context for 'APU' is selected.
10:27:02 INFO  : System reset is completed.
10:27:05 INFO  : 'after 3000' command is executed.
10:27:05 INFO  : 'targets -set -filter {jtag_cable_name =~ "Xilinx X-MLCC-01 XFL15ZDME5RSA" && level==0 && jtag_device_ctx=="jsn-X-MLCC-01-XFL15ZDME5RSA-04724093-0"}' command is executed.
10:27:10 INFO  : Device configured successfully with "/home/benh/Desktop/vitis_workspace/audio_tuner/_ide/bitstream/speaker_2_wrapper.bit"
10:27:10 INFO  : Context for 'APU' is selected.
10:27:10 INFO  : Hardware design and registers information is loaded from '/home/benh/Desktop/vitis_workspace/kv260_lab3_platform/export/kv260_lab3_platform/hw/speaker_2_wrapper.xsa'.
10:27:10 INFO  : 'configparams force-mem-access 1' command is executed.
10:27:10 INFO  : Context for 'APU' is selected.
10:27:10 INFO  : Boot mode is read from the target.
10:27:10 INFO  : Context for processor 'psu_cortexa53_0' is selected.
10:27:10 INFO  : Processor reset is completed for 'psu_cortexa53_0'.
10:27:10 INFO  : The application '/home/benh/Desktop/vitis_workspace/kv260_lab3_platform/export/kv260_lab3_platform/sw/kv260_lab3_platform/boot/fsbl.elf' is downloaded to processor 'psu_cortexa53_0'.
10:27:10 INFO  : 'set bp_27_10_fsbl_bp [bpadd -addr &XFsbl_Exit]' command is executed.
10:27:11 INFO  : 'con -block -timeout 60' command is executed.
10:27:11 INFO  : 'bpremove $bp_27_10_fsbl_bp' command is executed.
10:27:11 INFO  : Context for processor 'psu_cortexa53_0' is selected.
10:27:11 INFO  : Processor reset is completed for 'psu_cortexa53_0'.
10:27:12 INFO  : The application '/home/benh/Desktop/vitis_workspace/audio_tuner/Debug/audio_tuner.elf' is downloaded to processor 'psu_cortexa53_0'.
10:27:12 INFO  : 'configparams force-mem-access 0' command is executed.
10:27:12 INFO  : ----------------XSDB Script----------------
connect -url tcp:127.0.0.1:3121
source /tools/Xilinx/Vitis/2024.1/scripts/vitis/util/zynqmp_utils.tcl
targets -set -nocase -filter {name =~"APU*"}
rst -system
after 3000
targets -set -filter {jtag_cable_name =~ "Xilinx X-MLCC-01 XFL15ZDME5RSA" && level==0 && jtag_device_ctx=="jsn-X-MLCC-01-XFL15ZDME5RSA-04724093-0"}
fpga -file /home/benh/Desktop/vitis_workspace/audio_tuner/_ide/bitstream/speaker_2_wrapper.bit
targets -set -nocase -filter {name =~"APU*"}
loadhw -hw /home/benh/Desktop/vitis_workspace/kv260_lab3_platform/export/kv260_lab3_platform/hw/speaker_2_wrapper.xsa -mem-ranges [list {0x80000000 0xbfffffff} {0x400000000 0x5ffffffff} {0x1000000000 0x7fffffffff}] -regs
configparams force-mem-access 1
targets -set -nocase -filter {name =~"APU*"}
set mode [expr [mrd -value 0xFF5E0200] & 0xf]
targets -set -nocase -filter {name =~ "*A53*#0"}
rst -processor
dow /home/benh/Desktop/vitis_workspace/kv260_lab3_platform/export/kv260_lab3_platform/sw/kv260_lab3_platform/boot/fsbl.elf
set bp_27_10_fsbl_bp [bpadd -addr &XFsbl_Exit]
con -block -timeout 60
bpremove $bp_27_10_fsbl_bp
targets -set -nocase -filter {name =~ "*A53*#0"}
rst -processor
dow /home/benh/Desktop/vitis_workspace/audio_tuner/Debug/audio_tuner.elf
configparams force-mem-access 0
----------------End of Script----------------

10:27:12 INFO  : Context for processor 'psu_cortexa53_0' is selected.
10:27:12 INFO  : 'con' command is executed.
10:27:12 INFO  : ----------------XSDB Script (After Launch)----------------
targets -set -nocase -filter {name =~ "*A53*#0"}
con
----------------End of Script----------------

10:27:12 INFO  : Launch script is exported to file '/home/benh/Desktop/vitis_workspace/audio_tuner_system/_ide/scripts/systemdebugger_audio_tuner_system_1_standalone.tcl'
10:31:35 INFO  : Checking for BSP changes to sync application flags for project 'audio_tuner'...
10:31:38 ERROR : (XSDB Server)readelf: Error: '/home/benh/Desktop/vitis_workspace/kv260_lab3_platform/export/kv260_lab3_platform/sw/fsbl.elf': No such file

10:31:47 INFO  : Disconnected from the channel tcfchan#12.
10:31:47 INFO  : Connected to target on host '127.0.0.1' and port '3121'.
10:31:47 INFO  : Jtag cable 'Xilinx X-MLCC-01 XFL15ZDME5RSA' is selected.
10:31:47 INFO  : 'jtag frequency' command is executed.
10:31:47 INFO  : Sourcing of '/tools/Xilinx/Vitis/2024.1/scripts/vitis/util/zynqmp_utils.tcl' is done.
10:31:47 INFO  : Context for 'APU' is selected.
10:31:47 INFO  : System reset is completed.
10:31:50 INFO  : 'after 3000' command is executed.
10:31:50 INFO  : 'targets -set -filter {jtag_cable_name =~ "Xilinx X-MLCC-01 XFL15ZDME5RSA" && level==0 && jtag_device_ctx=="jsn-X-MLCC-01-XFL15ZDME5RSA-04724093-0"}' command is executed.
10:31:54 INFO  : Device configured successfully with "/home/benh/Desktop/vitis_workspace/audio_tuner/_ide/bitstream/speaker_2_wrapper.bit"
10:31:54 INFO  : Context for 'APU' is selected.
10:31:55 INFO  : Hardware design and registers information is loaded from '/home/benh/Desktop/vitis_workspace/kv260_lab3_platform/export/kv260_lab3_platform/hw/speaker_2_wrapper.xsa'.
10:31:55 INFO  : 'configparams force-mem-access 1' command is executed.
10:31:55 INFO  : Context for 'APU' is selected.
10:31:55 INFO  : Boot mode is read from the target.
10:31:55 INFO  : Context for processor 'psu_cortexa53_0' is selected.
10:31:55 INFO  : Processor reset is completed for 'psu_cortexa53_0'.
10:31:55 INFO  : The application '/home/benh/Desktop/vitis_workspace/kv260_lab3_platform/export/kv260_lab3_platform/sw/kv260_lab3_platform/boot/fsbl.elf' is downloaded to processor 'psu_cortexa53_0'.
10:31:55 INFO  : 'set bp_31_55_fsbl_bp [bpadd -addr &XFsbl_Exit]' command is executed.
10:31:56 INFO  : 'con -block -timeout 60' command is executed.
10:31:56 INFO  : 'bpremove $bp_31_55_fsbl_bp' command is executed.
10:31:56 INFO  : Context for processor 'psu_cortexa53_0' is selected.
10:31:56 INFO  : Processor reset is completed for 'psu_cortexa53_0'.
10:31:57 INFO  : The application '/home/benh/Desktop/vitis_workspace/audio_tuner/Debug/audio_tuner.elf' is downloaded to processor 'psu_cortexa53_0'.
10:31:57 INFO  : 'configparams force-mem-access 0' command is executed.
10:31:57 INFO  : ----------------XSDB Script----------------
connect -url tcp:127.0.0.1:3121
source /tools/Xilinx/Vitis/2024.1/scripts/vitis/util/zynqmp_utils.tcl
targets -set -nocase -filter {name =~"APU*"}
rst -system
after 3000
targets -set -filter {jtag_cable_name =~ "Xilinx X-MLCC-01 XFL15ZDME5RSA" && level==0 && jtag_device_ctx=="jsn-X-MLCC-01-XFL15ZDME5RSA-04724093-0"}
fpga -file /home/benh/Desktop/vitis_workspace/audio_tuner/_ide/bitstream/speaker_2_wrapper.bit
targets -set -nocase -filter {name =~"APU*"}
loadhw -hw /home/benh/Desktop/vitis_workspace/kv260_lab3_platform/export/kv260_lab3_platform/hw/speaker_2_wrapper.xsa -mem-ranges [list {0x80000000 0xbfffffff} {0x400000000 0x5ffffffff} {0x1000000000 0x7fffffffff}] -regs
configparams force-mem-access 1
targets -set -nocase -filter {name =~"APU*"}
set mode [expr [mrd -value 0xFF5E0200] & 0xf]
targets -set -nocase -filter {name =~ "*A53*#0"}
rst -processor
dow /home/benh/Desktop/vitis_workspace/kv260_lab3_platform/export/kv260_lab3_platform/sw/kv260_lab3_platform/boot/fsbl.elf
set bp_31_55_fsbl_bp [bpadd -addr &XFsbl_Exit]
con -block -timeout 60
bpremove $bp_31_55_fsbl_bp
targets -set -nocase -filter {name =~ "*A53*#0"}
rst -processor
dow /home/benh/Desktop/vitis_workspace/audio_tuner/Debug/audio_tuner.elf
configparams force-mem-access 0
----------------End of Script----------------

10:31:57 INFO  : Context for processor 'psu_cortexa53_0' is selected.
10:31:57 INFO  : 'con' command is executed.
10:31:57 INFO  : ----------------XSDB Script (After Launch)----------------
targets -set -nocase -filter {name =~ "*A53*#0"}
con
----------------End of Script----------------

10:31:57 INFO  : Launch script is exported to file '/home/benh/Desktop/vitis_workspace/audio_tuner_system/_ide/scripts/systemdebugger_audio_tuner_system_1_standalone.tcl'
10:46:23 INFO  : Disconnected from the channel tcfchan#14.
10:46:35 DEBUG : Logs will be stored at '/home/benh/Desktop/vitis_workspace/IDE.log'.
10:46:35 INFO  : Launching XSCT server: xsct -n  -interactive /home/benh/Desktop/vitis_workspace/temp_xsdb_launch_script.tcl
10:46:36 INFO  : XSCT server has started successfully.
10:46:36 INFO  : plnx-install-location is set to ''
10:46:36 INFO  : Successfully done setting XSCT server connection channel  
10:46:36 INFO  : Successfully done setting workspace for the tool. 
10:46:36 INFO  : Successfully done query RDI_DATADIR 
10:46:37 INFO  : Platform repository initialization has completed.
10:46:37 INFO  : Registering command handlers for Vitis TCF services
10:46:50 INFO  : Checking for BSP changes to sync application flags for project 'audio_tuner'...
10:46:55 ERROR : (XSDB Server)ERROR: [Hsi 55-1571] The design file /home/benh/Desktop/vitis_workspace/kv260_lab3_platform/export/kv260_lab3_platform/hw/speaker_2_wrapper.xsa is already opened

10:46:55 ERROR : (XSDB Server)readelf: Error: '/home/benh/Desktop/vitis_workspace/kv260_lab3_platform/export/kv260_lab3_platform/sw/fsbl.elf': No such file

10:47:12 INFO  : XRT server has started successfully on port '4353'
10:47:13 INFO  : Connected to target on host '127.0.0.1' and port '3121'.
10:47:13 INFO  : Jtag cable 'Xilinx X-MLCC-01 XFL15ZDME5RSA' is selected.
10:47:13 INFO  : 'jtag frequency' command is executed.
10:47:13 INFO  : Sourcing of '/tools/Xilinx/Vitis/2024.1/scripts/vitis/util/zynqmp_utils.tcl' is done.
10:47:13 INFO  : Context for 'APU' is selected.
10:47:14 INFO  : System reset is completed.
10:47:17 INFO  : 'after 3000' command is executed.
10:47:17 INFO  : 'targets -set -filter {jtag_cable_name =~ "Xilinx X-MLCC-01 XFL15ZDME5RSA" && level==0 && jtag_device_ctx=="jsn-X-MLCC-01-XFL15ZDME5RSA-04724093-0"}' command is executed.
10:47:21 INFO  : Device configured successfully with "/home/benh/Desktop/vitis_workspace/audio_tuner/_ide/bitstream/speaker_2_wrapper.bit"
10:47:21 INFO  : Context for 'APU' is selected.
10:47:21 INFO  : Hardware design and registers information is loaded from '/home/benh/Desktop/vitis_workspace/kv260_lab3_platform/export/kv260_lab3_platform/hw/speaker_2_wrapper.xsa'.
10:47:21 INFO  : 'configparams force-mem-access 1' command is executed.
10:47:21 INFO  : Context for 'APU' is selected.
10:47:21 INFO  : Boot mode is read from the target.
10:47:21 INFO  : Context for processor 'psu_cortexa53_0' is selected.
10:47:22 INFO  : Processor reset is completed for 'psu_cortexa53_0'.
10:47:22 INFO  : The application '/home/benh/Desktop/vitis_workspace/kv260_lab3_platform/export/kv260_lab3_platform/sw/kv260_lab3_platform/boot/fsbl.elf' is downloaded to processor 'psu_cortexa53_0'.
10:47:22 INFO  : 'set bp_47_22_fsbl_bp [bpadd -addr &XFsbl_Exit]' command is executed.
10:47:23 INFO  : 'con -block -timeout 60' command is executed.
10:47:23 INFO  : 'bpremove $bp_47_22_fsbl_bp' command is executed.
10:47:23 INFO  : Context for processor 'psu_cortexa53_0' is selected.
10:47:23 INFO  : Processor reset is completed for 'psu_cortexa53_0'.
10:47:24 INFO  : The application '/home/benh/Desktop/vitis_workspace/audio_tuner/Debug/audio_tuner.elf' is downloaded to processor 'psu_cortexa53_0'.
10:47:24 INFO  : 'configparams force-mem-access 0' command is executed.
10:47:24 INFO  : ----------------XSDB Script----------------
connect -url tcp:127.0.0.1:3121
source /tools/Xilinx/Vitis/2024.1/scripts/vitis/util/zynqmp_utils.tcl
targets -set -nocase -filter {name =~"APU*"}
rst -system
after 3000
targets -set -filter {jtag_cable_name =~ "Xilinx X-MLCC-01 XFL15ZDME5RSA" && level==0 && jtag_device_ctx=="jsn-X-MLCC-01-XFL15ZDME5RSA-04724093-0"}
fpga -file /home/benh/Desktop/vitis_workspace/audio_tuner/_ide/bitstream/speaker_2_wrapper.bit
targets -set -nocase -filter {name =~"APU*"}
loadhw -hw /home/benh/Desktop/vitis_workspace/kv260_lab3_platform/export/kv260_lab3_platform/hw/speaker_2_wrapper.xsa -mem-ranges [list {0x80000000 0xbfffffff} {0x400000000 0x5ffffffff} {0x1000000000 0x7fffffffff}] -regs
configparams force-mem-access 1
targets -set -nocase -filter {name =~"APU*"}
set mode [expr [mrd -value 0xFF5E0200] & 0xf]
targets -set -nocase -filter {name =~ "*A53*#0"}
rst -processor
dow /home/benh/Desktop/vitis_workspace/kv260_lab3_platform/export/kv260_lab3_platform/sw/kv260_lab3_platform/boot/fsbl.elf
set bp_47_22_fsbl_bp [bpadd -addr &XFsbl_Exit]
con -block -timeout 60
bpremove $bp_47_22_fsbl_bp
targets -set -nocase -filter {name =~ "*A53*#0"}
rst -processor
dow /home/benh/Desktop/vitis_workspace/audio_tuner/Debug/audio_tuner.elf
configparams force-mem-access 0
----------------End of Script----------------

10:47:24 INFO  : Context for processor 'psu_cortexa53_0' is selected.
10:47:24 INFO  : 'con' command is executed.
10:47:24 INFO  : ----------------XSDB Script (After Launch)----------------
targets -set -nocase -filter {name =~ "*A53*#0"}
con
----------------End of Script----------------

10:47:24 INFO  : Launch script is exported to file '/home/benh/Desktop/vitis_workspace/audio_tuner_system/_ide/scripts/systemdebugger_audio_tuner_system_1_standalone.tcl'
10:51:41 INFO  : Result from executing command 'getProjects': kv260_lab3_platform
10:51:41 INFO  : Result from executing command 'getPlatforms': kv260_lab3_platform|/home/benh/Desktop/vitis_workspace/kv260_lab3_platform/export/kv260_lab3_platform/kv260_lab3_platform.xpfm;xilinx_zcu102_base_202410_1|/tools/Xilinx/Vitis/2024.1/base_platforms/xilinx_zcu102_base_202410_1/xilinx_zcu102_base_202410_1.xpfm;xilinx_zcu102_base_dfx_202410_1|/tools/Xilinx/Vitis/2024.1/base_platforms/xilinx_zcu102_base_dfx_202410_1/xilinx_zcu102_base_dfx_202410_1.xpfm;xilinx_zcu104_base_202410_1|/tools/Xilinx/Vitis/2024.1/base_platforms/xilinx_zcu104_base_202410_1/xilinx_zcu104_base_202410_1.xpfm
10:51:44 INFO  : Checking for BSP changes to sync application flags for project 'audio_tuner'...
10:51:50 ERROR : (XSDB Server)readelf: Error: '/home/benh/Desktop/vitis_workspace/kv260_lab3_platform/export/kv260_lab3_platform/sw/fsbl.elf': No such file

10:51:59 INFO  : Disconnected from the channel tcfchan#2.
10:51:59 INFO  : Connected to target on host '127.0.0.1' and port '3121'.
10:52:00 INFO  : Jtag cable 'Xilinx X-MLCC-01 XFL15ZDME5RSA' is selected.
10:52:00 INFO  : 'jtag frequency' command is executed.
10:52:00 INFO  : Sourcing of '/tools/Xilinx/Vitis/2024.1/scripts/vitis/util/zynqmp_utils.tcl' is done.
10:52:00 INFO  : Context for 'APU' is selected.
10:52:00 INFO  : System reset is completed.
10:52:03 INFO  : 'after 3000' command is executed.
10:52:03 INFO  : 'targets -set -filter {jtag_cable_name =~ "Xilinx X-MLCC-01 XFL15ZDME5RSA" && level==0 && jtag_device_ctx=="jsn-X-MLCC-01-XFL15ZDME5RSA-04724093-0"}' command is executed.
10:52:07 INFO  : Device configured successfully with "/home/benh/Desktop/vitis_workspace/audio_tuner/_ide/bitstream/speaker_2_wrapper.bit"
10:52:07 INFO  : Context for 'APU' is selected.
10:52:08 INFO  : Hardware design and registers information is loaded from '/home/benh/Desktop/vitis_workspace/kv260_lab3_platform/export/kv260_lab3_platform/hw/speaker_2_wrapper.xsa'.
10:52:08 INFO  : 'configparams force-mem-access 1' command is executed.
10:52:08 INFO  : Context for 'APU' is selected.
10:52:08 INFO  : Boot mode is read from the target.
10:52:08 INFO  : Context for processor 'psu_cortexa53_0' is selected.
10:52:08 INFO  : Processor reset is completed for 'psu_cortexa53_0'.
10:52:08 INFO  : The application '/home/benh/Desktop/vitis_workspace/kv260_lab3_platform/export/kv260_lab3_platform/sw/kv260_lab3_platform/boot/fsbl.elf' is downloaded to processor 'psu_cortexa53_0'.
10:52:08 INFO  : 'set bp_52_8_fsbl_bp [bpadd -addr &XFsbl_Exit]' command is executed.
10:52:09 INFO  : 'con -block -timeout 60' command is executed.
10:52:09 INFO  : 'bpremove $bp_52_8_fsbl_bp' command is executed.
10:52:09 INFO  : Context for processor 'psu_cortexa53_0' is selected.
10:52:09 INFO  : Processor reset is completed for 'psu_cortexa53_0'.
10:52:10 INFO  : The application '/home/benh/Desktop/vitis_workspace/audio_tuner/Debug/audio_tuner.elf' is downloaded to processor 'psu_cortexa53_0'.
10:52:10 INFO  : 'configparams force-mem-access 0' command is executed.
10:52:10 INFO  : ----------------XSDB Script----------------
connect -url tcp:127.0.0.1:3121
source /tools/Xilinx/Vitis/2024.1/scripts/vitis/util/zynqmp_utils.tcl
targets -set -nocase -filter {name =~"APU*"}
rst -system
after 3000
targets -set -filter {jtag_cable_name =~ "Xilinx X-MLCC-01 XFL15ZDME5RSA" && level==0 && jtag_device_ctx=="jsn-X-MLCC-01-XFL15ZDME5RSA-04724093-0"}
fpga -file /home/benh/Desktop/vitis_workspace/audio_tuner/_ide/bitstream/speaker_2_wrapper.bit
targets -set -nocase -filter {name =~"APU*"}
loadhw -hw /home/benh/Desktop/vitis_workspace/kv260_lab3_platform/export/kv260_lab3_platform/hw/speaker_2_wrapper.xsa -mem-ranges [list {0x80000000 0xbfffffff} {0x400000000 0x5ffffffff} {0x1000000000 0x7fffffffff}] -regs
configparams force-mem-access 1
targets -set -nocase -filter {name =~"APU*"}
set mode [expr [mrd -value 0xFF5E0200] & 0xf]
targets -set -nocase -filter {name =~ "*A53*#0"}
rst -processor
dow /home/benh/Desktop/vitis_workspace/kv260_lab3_platform/export/kv260_lab3_platform/sw/kv260_lab3_platform/boot/fsbl.elf
set bp_52_8_fsbl_bp [bpadd -addr &XFsbl_Exit]
con -block -timeout 60
bpremove $bp_52_8_fsbl_bp
targets -set -nocase -filter {name =~ "*A53*#0"}
rst -processor
dow /home/benh/Desktop/vitis_workspace/audio_tuner/Debug/audio_tuner.elf
configparams force-mem-access 0
----------------End of Script----------------

10:52:10 INFO  : Context for processor 'psu_cortexa53_0' is selected.
10:52:10 INFO  : 'con' command is executed.
10:52:10 INFO  : ----------------XSDB Script (After Launch)----------------
targets -set -nocase -filter {name =~ "*A53*#0"}
con
----------------End of Script----------------

10:52:10 INFO  : Launch script is exported to file '/home/benh/Desktop/vitis_workspace/audio_tuner_system/_ide/scripts/systemdebugger_audio_tuner_system_1_standalone.tcl'
10:53:55 INFO  : Disconnected from the channel tcfchan#5.
10:53:55 INFO  : Connected to target on host '127.0.0.1' and port '3121'.
10:53:55 INFO  : Jtag cable 'Xilinx X-MLCC-01 XFL15ZDME5RSA' is selected.
10:53:55 INFO  : 'jtag frequency' command is executed.
10:53:55 INFO  : Sourcing of '/tools/Xilinx/Vitis/2024.1/scripts/vitis/util/zynqmp_utils.tcl' is done.
10:53:55 INFO  : Context for 'APU' is selected.
10:53:55 INFO  : System reset is completed.
10:53:58 INFO  : 'after 3000' command is executed.
10:53:58 INFO  : 'targets -set -filter {jtag_cable_name =~ "Xilinx X-MLCC-01 XFL15ZDME5RSA" && level==0 && jtag_device_ctx=="jsn-X-MLCC-01-XFL15ZDME5RSA-04724093-0"}' command is executed.
10:54:03 INFO  : Device configured successfully with "/home/benh/Desktop/vitis_workspace/audio_tuner/_ide/bitstream/speaker_2_wrapper.bit"
10:54:03 INFO  : Context for 'APU' is selected.
10:54:03 INFO  : Hardware design and registers information is loaded from '/home/benh/Desktop/vitis_workspace/kv260_lab3_platform/export/kv260_lab3_platform/hw/speaker_2_wrapper.xsa'.
10:54:03 INFO  : 'configparams force-mem-access 1' command is executed.
10:54:03 INFO  : Context for 'APU' is selected.
10:54:03 INFO  : Boot mode is read from the target.
10:54:03 INFO  : Context for processor 'psu_cortexa53_0' is selected.
10:54:03 INFO  : Processor reset is completed for 'psu_cortexa53_0'.
10:54:03 INFO  : The application '/home/benh/Desktop/vitis_workspace/kv260_lab3_platform/export/kv260_lab3_platform/sw/kv260_lab3_platform/boot/fsbl.elf' is downloaded to processor 'psu_cortexa53_0'.
10:54:03 INFO  : 'set bp_54_3_fsbl_bp [bpadd -addr &XFsbl_Exit]' command is executed.
10:54:04 INFO  : 'con -block -timeout 60' command is executed.
10:54:04 INFO  : 'bpremove $bp_54_3_fsbl_bp' command is executed.
10:54:04 INFO  : Context for processor 'psu_cortexa53_0' is selected.
10:54:04 INFO  : Processor reset is completed for 'psu_cortexa53_0'.
10:54:05 INFO  : The application '/home/benh/Desktop/vitis_workspace/audio_tuner/Debug/audio_tuner.elf' is downloaded to processor 'psu_cortexa53_0'.
10:54:05 INFO  : 'configparams force-mem-access 0' command is executed.
10:54:05 INFO  : ----------------XSDB Script----------------
connect -url tcp:127.0.0.1:3121
source /tools/Xilinx/Vitis/2024.1/scripts/vitis/util/zynqmp_utils.tcl
targets -set -nocase -filter {name =~"APU*"}
rst -system
after 3000
targets -set -filter {jtag_cable_name =~ "Xilinx X-MLCC-01 XFL15ZDME5RSA" && level==0 && jtag_device_ctx=="jsn-X-MLCC-01-XFL15ZDME5RSA-04724093-0"}
fpga -file /home/benh/Desktop/vitis_workspace/audio_tuner/_ide/bitstream/speaker_2_wrapper.bit
targets -set -nocase -filter {name =~"APU*"}
loadhw -hw /home/benh/Desktop/vitis_workspace/kv260_lab3_platform/export/kv260_lab3_platform/hw/speaker_2_wrapper.xsa -mem-ranges [list {0x80000000 0xbfffffff} {0x400000000 0x5ffffffff} {0x1000000000 0x7fffffffff}] -regs
configparams force-mem-access 1
targets -set -nocase -filter {name =~"APU*"}
set mode [expr [mrd -value 0xFF5E0200] & 0xf]
targets -set -nocase -filter {name =~ "*A53*#0"}
rst -processor
dow /home/benh/Desktop/vitis_workspace/kv260_lab3_platform/export/kv260_lab3_platform/sw/kv260_lab3_platform/boot/fsbl.elf
set bp_54_3_fsbl_bp [bpadd -addr &XFsbl_Exit]
con -block -timeout 60
bpremove $bp_54_3_fsbl_bp
targets -set -nocase -filter {name =~ "*A53*#0"}
rst -processor
dow /home/benh/Desktop/vitis_workspace/audio_tuner/Debug/audio_tuner.elf
configparams force-mem-access 0
----------------End of Script----------------

10:54:05 INFO  : Context for processor 'psu_cortexa53_0' is selected.
10:54:05 INFO  : 'con' command is executed.
10:54:05 INFO  : ----------------XSDB Script (After Launch)----------------
targets -set -nocase -filter {name =~ "*A53*#0"}
con
----------------End of Script----------------

10:54:05 INFO  : Launch script is exported to file '/home/benh/Desktop/vitis_workspace/audio_tuner_system/_ide/scripts/systemdebugger_audio_tuner_system_1_standalone.tcl'
11:02:30 INFO  : Checking for BSP changes to sync application flags for project 'audio_tuner'...
11:03:16 INFO  : Checking for BSP changes to sync application flags for project 'audio_tuner'...
11:03:18 ERROR : (XSDB Server)readelf: Error: '/home/benh/Desktop/vitis_workspace/kv260_lab3_platform/export/kv260_lab3_platform/sw/fsbl.elf': No such file

11:03:38 INFO  : Disconnected from the channel tcfchan#6.
11:03:38 INFO  : Connected to target on host '127.0.0.1' and port '3121'.
11:03:38 INFO  : Jtag cable 'Xilinx X-MLCC-01 XFL15ZDME5RSA' is selected.
11:03:38 INFO  : 'jtag frequency' command is executed.
11:03:38 INFO  : Sourcing of '/tools/Xilinx/Vitis/2024.1/scripts/vitis/util/zynqmp_utils.tcl' is done.
11:03:38 INFO  : Context for 'APU' is selected.
11:03:38 INFO  : System reset is completed.
11:03:41 INFO  : 'after 3000' command is executed.
11:03:41 INFO  : 'targets -set -filter {jtag_cable_name =~ "Xilinx X-MLCC-01 XFL15ZDME5RSA" && level==0 && jtag_device_ctx=="jsn-X-MLCC-01-XFL15ZDME5RSA-04724093-0"}' command is executed.
11:03:46 INFO  : Device configured successfully with "/home/benh/Desktop/vitis_workspace/audio_tuner/_ide/bitstream/speaker_2_wrapper.bit"
11:03:46 INFO  : Context for 'APU' is selected.
11:03:46 INFO  : Hardware design and registers information is loaded from '/home/benh/Desktop/vitis_workspace/kv260_lab3_platform/export/kv260_lab3_platform/hw/speaker_2_wrapper.xsa'.
11:03:46 INFO  : 'configparams force-mem-access 1' command is executed.
11:03:46 INFO  : Context for 'APU' is selected.
11:03:46 INFO  : Boot mode is read from the target.
11:03:46 INFO  : Context for processor 'psu_cortexa53_0' is selected.
11:03:46 INFO  : Processor reset is completed for 'psu_cortexa53_0'.
11:03:46 INFO  : The application '/home/benh/Desktop/vitis_workspace/kv260_lab3_platform/export/kv260_lab3_platform/sw/kv260_lab3_platform/boot/fsbl.elf' is downloaded to processor 'psu_cortexa53_0'.
11:03:47 INFO  : 'set bp_3_46_fsbl_bp [bpadd -addr &XFsbl_Exit]' command is executed.
11:03:48 INFO  : 'con -block -timeout 60' command is executed.
11:03:48 INFO  : 'bpremove $bp_3_46_fsbl_bp' command is executed.
11:03:48 INFO  : Context for processor 'psu_cortexa53_0' is selected.
11:03:48 INFO  : Processor reset is completed for 'psu_cortexa53_0'.
11:03:48 INFO  : The application '/home/benh/Desktop/vitis_workspace/audio_tuner/Debug/audio_tuner.elf' is downloaded to processor 'psu_cortexa53_0'.
11:03:48 INFO  : 'configparams force-mem-access 0' command is executed.
11:03:48 INFO  : ----------------XSDB Script----------------
connect -url tcp:127.0.0.1:3121
source /tools/Xilinx/Vitis/2024.1/scripts/vitis/util/zynqmp_utils.tcl
targets -set -nocase -filter {name =~"APU*"}
rst -system
after 3000
targets -set -filter {jtag_cable_name =~ "Xilinx X-MLCC-01 XFL15ZDME5RSA" && level==0 && jtag_device_ctx=="jsn-X-MLCC-01-XFL15ZDME5RSA-04724093-0"}
fpga -file /home/benh/Desktop/vitis_workspace/audio_tuner/_ide/bitstream/speaker_2_wrapper.bit
targets -set -nocase -filter {name =~"APU*"}
loadhw -hw /home/benh/Desktop/vitis_workspace/kv260_lab3_platform/export/kv260_lab3_platform/hw/speaker_2_wrapper.xsa -mem-ranges [list {0x80000000 0xbfffffff} {0x400000000 0x5ffffffff} {0x1000000000 0x7fffffffff}] -regs
configparams force-mem-access 1
targets -set -nocase -filter {name =~"APU*"}
set mode [expr [mrd -value 0xFF5E0200] & 0xf]
targets -set -nocase -filter {name =~ "*A53*#0"}
rst -processor
dow /home/benh/Desktop/vitis_workspace/kv260_lab3_platform/export/kv260_lab3_platform/sw/kv260_lab3_platform/boot/fsbl.elf
set bp_3_46_fsbl_bp [bpadd -addr &XFsbl_Exit]
con -block -timeout 60
bpremove $bp_3_46_fsbl_bp
targets -set -nocase -filter {name =~ "*A53*#0"}
rst -processor
dow /home/benh/Desktop/vitis_workspace/audio_tuner/Debug/audio_tuner.elf
configparams force-mem-access 0
----------------End of Script----------------

11:03:48 INFO  : Context for processor 'psu_cortexa53_0' is selected.
11:03:48 INFO  : 'con' command is executed.
11:03:48 INFO  : ----------------XSDB Script (After Launch)----------------
targets -set -nocase -filter {name =~ "*A53*#0"}
con
----------------End of Script----------------

11:03:48 INFO  : Launch script is exported to file '/home/benh/Desktop/vitis_workspace/audio_tuner_system/_ide/scripts/systemdebugger_audio_tuner_system_1_standalone.tcl'
11:06:30 INFO  : Checking for BSP changes to sync application flags for project 'audio_tuner'...
11:06:32 ERROR : (XSDB Server)readelf: Error: '/home/benh/Desktop/vitis_workspace/kv260_lab3_platform/export/kv260_lab3_platform/sw/fsbl.elf': No such file

11:06:51 INFO  : Disconnected from the channel tcfchan#8.
11:06:51 INFO  : Connected to target on host '127.0.0.1' and port '3121'.
11:06:51 INFO  : Jtag cable 'Xilinx X-MLCC-01 XFL15ZDME5RSA' is selected.
11:06:51 INFO  : 'jtag frequency' command is executed.
11:06:51 INFO  : Sourcing of '/tools/Xilinx/Vitis/2024.1/scripts/vitis/util/zynqmp_utils.tcl' is done.
11:06:51 INFO  : Context for 'APU' is selected.
11:06:51 INFO  : System reset is completed.
11:06:54 INFO  : 'after 3000' command is executed.
11:06:54 INFO  : 'targets -set -filter {jtag_cable_name =~ "Xilinx X-MLCC-01 XFL15ZDME5RSA" && level==0 && jtag_device_ctx=="jsn-X-MLCC-01-XFL15ZDME5RSA-04724093-0"}' command is executed.
11:06:59 INFO  : Device configured successfully with "/home/benh/Desktop/vitis_workspace/audio_tuner/_ide/bitstream/speaker_2_wrapper.bit"
11:06:59 INFO  : Context for 'APU' is selected.
11:06:59 INFO  : Hardware design and registers information is loaded from '/home/benh/Desktop/vitis_workspace/kv260_lab3_platform/export/kv260_lab3_platform/hw/speaker_2_wrapper.xsa'.
11:06:59 INFO  : 'configparams force-mem-access 1' command is executed.
11:06:59 INFO  : Context for 'APU' is selected.
11:06:59 INFO  : Boot mode is read from the target.
11:06:59 INFO  : Context for processor 'psu_cortexa53_0' is selected.
11:06:59 INFO  : Processor reset is completed for 'psu_cortexa53_0'.
11:06:59 INFO  : The application '/home/benh/Desktop/vitis_workspace/kv260_lab3_platform/export/kv260_lab3_platform/sw/kv260_lab3_platform/boot/fsbl.elf' is downloaded to processor 'psu_cortexa53_0'.
11:06:59 INFO  : 'set bp_6_59_fsbl_bp [bpadd -addr &XFsbl_Exit]' command is executed.
11:07:01 INFO  : 'con -block -timeout 60' command is executed.
11:07:01 INFO  : 'bpremove $bp_6_59_fsbl_bp' command is executed.
11:07:01 INFO  : Context for processor 'psu_cortexa53_0' is selected.
11:07:01 INFO  : Processor reset is completed for 'psu_cortexa53_0'.
11:07:01 INFO  : The application '/home/benh/Desktop/vitis_workspace/audio_tuner/Debug/audio_tuner.elf' is downloaded to processor 'psu_cortexa53_0'.
11:07:01 INFO  : 'configparams force-mem-access 0' command is executed.
11:07:01 INFO  : ----------------XSDB Script----------------
connect -url tcp:127.0.0.1:3121
source /tools/Xilinx/Vitis/2024.1/scripts/vitis/util/zynqmp_utils.tcl
targets -set -nocase -filter {name =~"APU*"}
rst -system
after 3000
targets -set -filter {jtag_cable_name =~ "Xilinx X-MLCC-01 XFL15ZDME5RSA" && level==0 && jtag_device_ctx=="jsn-X-MLCC-01-XFL15ZDME5RSA-04724093-0"}
fpga -file /home/benh/Desktop/vitis_workspace/audio_tuner/_ide/bitstream/speaker_2_wrapper.bit
targets -set -nocase -filter {name =~"APU*"}
loadhw -hw /home/benh/Desktop/vitis_workspace/kv260_lab3_platform/export/kv260_lab3_platform/hw/speaker_2_wrapper.xsa -mem-ranges [list {0x80000000 0xbfffffff} {0x400000000 0x5ffffffff} {0x1000000000 0x7fffffffff}] -regs
configparams force-mem-access 1
targets -set -nocase -filter {name =~"APU*"}
set mode [expr [mrd -value 0xFF5E0200] & 0xf]
targets -set -nocase -filter {name =~ "*A53*#0"}
rst -processor
dow /home/benh/Desktop/vitis_workspace/kv260_lab3_platform/export/kv260_lab3_platform/sw/kv260_lab3_platform/boot/fsbl.elf
set bp_6_59_fsbl_bp [bpadd -addr &XFsbl_Exit]
con -block -timeout 60
bpremove $bp_6_59_fsbl_bp
targets -set -nocase -filter {name =~ "*A53*#0"}
rst -processor
dow /home/benh/Desktop/vitis_workspace/audio_tuner/Debug/audio_tuner.elf
configparams force-mem-access 0
----------------End of Script----------------

11:07:01 INFO  : Context for processor 'psu_cortexa53_0' is selected.
11:07:01 INFO  : 'con' command is executed.
11:07:01 INFO  : ----------------XSDB Script (After Launch)----------------
targets -set -nocase -filter {name =~ "*A53*#0"}
con
----------------End of Script----------------

11:07:01 INFO  : Launch script is exported to file '/home/benh/Desktop/vitis_workspace/audio_tuner_system/_ide/scripts/systemdebugger_audio_tuner_system_1_standalone.tcl'
11:11:20 INFO  : Disconnected from the channel tcfchan#10.
11:11:20 INFO  : Connected to target on host '127.0.0.1' and port '3121'.
11:11:20 INFO  : Jtag cable 'Xilinx X-MLCC-01 XFL15ZDME5RSA' is selected.
11:11:20 INFO  : 'jtag frequency' command is executed.
11:11:20 INFO  : Sourcing of '/tools/Xilinx/Vitis/2024.1/scripts/vitis/util/zynqmp_utils.tcl' is done.
11:11:20 INFO  : Context for 'APU' is selected.
11:11:21 INFO  : System reset is completed.
11:11:24 INFO  : 'after 3000' command is executed.
11:11:24 INFO  : 'targets -set -filter {jtag_cable_name =~ "Xilinx X-MLCC-01 XFL15ZDME5RSA" && level==0 && jtag_device_ctx=="jsn-X-MLCC-01-XFL15ZDME5RSA-04724093-0"}' command is executed.
11:11:28 INFO  : Device configured successfully with "/home/benh/Desktop/vitis_workspace/audio_tuner/_ide/bitstream/speaker_2_wrapper.bit"
11:11:28 INFO  : Context for 'APU' is selected.
11:11:28 INFO  : Hardware design and registers information is loaded from '/home/benh/Desktop/vitis_workspace/kv260_lab3_platform/export/kv260_lab3_platform/hw/speaker_2_wrapper.xsa'.
11:11:28 INFO  : 'configparams force-mem-access 1' command is executed.
11:11:28 INFO  : Context for 'APU' is selected.
11:11:28 INFO  : Boot mode is read from the target.
11:11:28 INFO  : Context for processor 'psu_cortexa53_0' is selected.
11:11:28 INFO  : Processor reset is completed for 'psu_cortexa53_0'.
11:11:29 INFO  : The application '/home/benh/Desktop/vitis_workspace/kv260_lab3_platform/export/kv260_lab3_platform/sw/kv260_lab3_platform/boot/fsbl.elf' is downloaded to processor 'psu_cortexa53_0'.
11:11:29 INFO  : 'set bp_11_29_fsbl_bp [bpadd -addr &XFsbl_Exit]' command is executed.
11:11:30 INFO  : 'con -block -timeout 60' command is executed.
11:11:30 INFO  : 'bpremove $bp_11_29_fsbl_bp' command is executed.
11:11:30 INFO  : Context for processor 'psu_cortexa53_0' is selected.
11:11:30 INFO  : Processor reset is completed for 'psu_cortexa53_0'.
11:11:30 INFO  : The application '/home/benh/Desktop/vitis_workspace/audio_tuner/Debug/audio_tuner.elf' is downloaded to processor 'psu_cortexa53_0'.
11:11:30 INFO  : 'configparams force-mem-access 0' command is executed.
11:11:30 INFO  : ----------------XSDB Script----------------
connect -url tcp:127.0.0.1:3121
source /tools/Xilinx/Vitis/2024.1/scripts/vitis/util/zynqmp_utils.tcl
targets -set -nocase -filter {name =~"APU*"}
rst -system
after 3000
targets -set -filter {jtag_cable_name =~ "Xilinx X-MLCC-01 XFL15ZDME5RSA" && level==0 && jtag_device_ctx=="jsn-X-MLCC-01-XFL15ZDME5RSA-04724093-0"}
fpga -file /home/benh/Desktop/vitis_workspace/audio_tuner/_ide/bitstream/speaker_2_wrapper.bit
targets -set -nocase -filter {name =~"APU*"}
loadhw -hw /home/benh/Desktop/vitis_workspace/kv260_lab3_platform/export/kv260_lab3_platform/hw/speaker_2_wrapper.xsa -mem-ranges [list {0x80000000 0xbfffffff} {0x400000000 0x5ffffffff} {0x1000000000 0x7fffffffff}] -regs
configparams force-mem-access 1
targets -set -nocase -filter {name =~"APU*"}
set mode [expr [mrd -value 0xFF5E0200] & 0xf]
targets -set -nocase -filter {name =~ "*A53*#0"}
rst -processor
dow /home/benh/Desktop/vitis_workspace/kv260_lab3_platform/export/kv260_lab3_platform/sw/kv260_lab3_platform/boot/fsbl.elf
set bp_11_29_fsbl_bp [bpadd -addr &XFsbl_Exit]
con -block -timeout 60
bpremove $bp_11_29_fsbl_bp
targets -set -nocase -filter {name =~ "*A53*#0"}
rst -processor
dow /home/benh/Desktop/vitis_workspace/audio_tuner/Debug/audio_tuner.elf
configparams force-mem-access 0
----------------End of Script----------------

11:11:30 INFO  : Context for processor 'psu_cortexa53_0' is selected.
11:11:30 INFO  : 'con' command is executed.
11:11:30 INFO  : ----------------XSDB Script (After Launch)----------------
targets -set -nocase -filter {name =~ "*A53*#0"}
con
----------------End of Script----------------

11:11:30 INFO  : Launch script is exported to file '/home/benh/Desktop/vitis_workspace/audio_tuner_system/_ide/scripts/systemdebugger_audio_tuner_system_1_standalone.tcl'
11:18:39 INFO  : Checking for BSP changes to sync application flags for project 'audio_tuner'...
11:18:42 ERROR : (XSDB Server)readelf: Error: '/home/benh/Desktop/vitis_workspace/kv260_lab3_platform/export/kv260_lab3_platform/sw/fsbl.elf': No such file

11:18:48 INFO  : Disconnected from the channel tcfchan#11.
11:18:48 INFO  : Connected to target on host '127.0.0.1' and port '3121'.
11:18:48 INFO  : Jtag cable 'Xilinx X-MLCC-01 XFL15ZDME5RSA' is selected.
11:18:48 INFO  : 'jtag frequency' command is executed.
11:18:48 INFO  : Sourcing of '/tools/Xilinx/Vitis/2024.1/scripts/vitis/util/zynqmp_utils.tcl' is done.
11:18:48 INFO  : Context for 'APU' is selected.
11:18:48 INFO  : System reset is completed.
11:18:51 INFO  : 'after 3000' command is executed.
11:18:51 INFO  : 'targets -set -filter {jtag_cable_name =~ "Xilinx X-MLCC-01 XFL15ZDME5RSA" && level==0 && jtag_device_ctx=="jsn-X-MLCC-01-XFL15ZDME5RSA-04724093-0"}' command is executed.
11:18:56 INFO  : Device configured successfully with "/home/benh/Desktop/vitis_workspace/audio_tuner/_ide/bitstream/speaker_2_wrapper.bit"
11:18:56 INFO  : Context for 'APU' is selected.
11:18:56 INFO  : Hardware design and registers information is loaded from '/home/benh/Desktop/vitis_workspace/kv260_lab3_platform/export/kv260_lab3_platform/hw/speaker_2_wrapper.xsa'.
11:18:56 INFO  : 'configparams force-mem-access 1' command is executed.
11:18:56 INFO  : Context for 'APU' is selected.
11:18:56 INFO  : Boot mode is read from the target.
11:18:56 INFO  : Context for processor 'psu_cortexa53_0' is selected.
11:18:56 INFO  : Processor reset is completed for 'psu_cortexa53_0'.
11:18:56 INFO  : The application '/home/benh/Desktop/vitis_workspace/kv260_lab3_platform/export/kv260_lab3_platform/sw/kv260_lab3_platform/boot/fsbl.elf' is downloaded to processor 'psu_cortexa53_0'.
11:18:56 INFO  : 'set bp_18_56_fsbl_bp [bpadd -addr &XFsbl_Exit]' command is executed.
11:18:57 INFO  : 'con -block -timeout 60' command is executed.
11:18:57 INFO  : 'bpremove $bp_18_56_fsbl_bp' command is executed.
11:18:57 INFO  : Context for processor 'psu_cortexa53_0' is selected.
11:18:57 INFO  : Processor reset is completed for 'psu_cortexa53_0'.
11:18:58 INFO  : The application '/home/benh/Desktop/vitis_workspace/audio_tuner/Debug/audio_tuner.elf' is downloaded to processor 'psu_cortexa53_0'.
11:18:58 INFO  : 'configparams force-mem-access 0' command is executed.
11:18:58 INFO  : ----------------XSDB Script----------------
connect -url tcp:127.0.0.1:3121
source /tools/Xilinx/Vitis/2024.1/scripts/vitis/util/zynqmp_utils.tcl
targets -set -nocase -filter {name =~"APU*"}
rst -system
after 3000
targets -set -filter {jtag_cable_name =~ "Xilinx X-MLCC-01 XFL15ZDME5RSA" && level==0 && jtag_device_ctx=="jsn-X-MLCC-01-XFL15ZDME5RSA-04724093-0"}
fpga -file /home/benh/Desktop/vitis_workspace/audio_tuner/_ide/bitstream/speaker_2_wrapper.bit
targets -set -nocase -filter {name =~"APU*"}
loadhw -hw /home/benh/Desktop/vitis_workspace/kv260_lab3_platform/export/kv260_lab3_platform/hw/speaker_2_wrapper.xsa -mem-ranges [list {0x80000000 0xbfffffff} {0x400000000 0x5ffffffff} {0x1000000000 0x7fffffffff}] -regs
configparams force-mem-access 1
targets -set -nocase -filter {name =~"APU*"}
set mode [expr [mrd -value 0xFF5E0200] & 0xf]
targets -set -nocase -filter {name =~ "*A53*#0"}
rst -processor
dow /home/benh/Desktop/vitis_workspace/kv260_lab3_platform/export/kv260_lab3_platform/sw/kv260_lab3_platform/boot/fsbl.elf
set bp_18_56_fsbl_bp [bpadd -addr &XFsbl_Exit]
con -block -timeout 60
bpremove $bp_18_56_fsbl_bp
targets -set -nocase -filter {name =~ "*A53*#0"}
rst -processor
dow /home/benh/Desktop/vitis_workspace/audio_tuner/Debug/audio_tuner.elf
configparams force-mem-access 0
----------------End of Script----------------

11:18:58 INFO  : Context for processor 'psu_cortexa53_0' is selected.
11:18:58 INFO  : 'con' command is executed.
11:18:58 INFO  : ----------------XSDB Script (After Launch)----------------
targets -set -nocase -filter {name =~ "*A53*#0"}
con
----------------End of Script----------------

11:18:58 INFO  : Launch script is exported to file '/home/benh/Desktop/vitis_workspace/audio_tuner_system/_ide/scripts/systemdebugger_audio_tuner_system_1_standalone.tcl'
11:24:45 INFO  : Checking for BSP changes to sync application flags for project 'audio_tuner'...
11:24:47 ERROR : (XSDB Server)readelf: Error: '/home/benh/Desktop/vitis_workspace/kv260_lab3_platform/export/kv260_lab3_platform/sw/fsbl.elf': No such file

11:24:57 INFO  : Disconnected from the channel tcfchan#13.
11:24:57 INFO  : Connected to target on host '127.0.0.1' and port '3121'.
11:24:57 INFO  : Jtag cable 'Xilinx X-MLCC-01 XFL15ZDME5RSA' is selected.
11:24:57 INFO  : 'jtag frequency' command is executed.
11:24:57 INFO  : Sourcing of '/tools/Xilinx/Vitis/2024.1/scripts/vitis/util/zynqmp_utils.tcl' is done.
11:24:57 INFO  : Context for 'APU' is selected.
11:24:58 INFO  : System reset is completed.
11:25:01 INFO  : 'after 3000' command is executed.
11:25:01 INFO  : 'targets -set -filter {jtag_cable_name =~ "Xilinx X-MLCC-01 XFL15ZDME5RSA" && level==0 && jtag_device_ctx=="jsn-X-MLCC-01-XFL15ZDME5RSA-04724093-0"}' command is executed.
11:25:05 INFO  : Device configured successfully with "/home/benh/Desktop/vitis_workspace/audio_tuner/_ide/bitstream/speaker_2_wrapper.bit"
11:25:05 INFO  : Context for 'APU' is selected.
11:25:05 INFO  : Hardware design and registers information is loaded from '/home/benh/Desktop/vitis_workspace/kv260_lab3_platform/export/kv260_lab3_platform/hw/speaker_2_wrapper.xsa'.
11:25:05 INFO  : 'configparams force-mem-access 1' command is executed.
11:25:05 INFO  : Context for 'APU' is selected.
11:25:05 INFO  : Boot mode is read from the target.
11:25:05 INFO  : Context for processor 'psu_cortexa53_0' is selected.
11:25:05 INFO  : Processor reset is completed for 'psu_cortexa53_0'.
11:25:06 INFO  : The application '/home/benh/Desktop/vitis_workspace/kv260_lab3_platform/export/kv260_lab3_platform/sw/kv260_lab3_platform/boot/fsbl.elf' is downloaded to processor 'psu_cortexa53_0'.
11:25:06 INFO  : 'set bp_25_6_fsbl_bp [bpadd -addr &XFsbl_Exit]' command is executed.
11:25:07 INFO  : 'con -block -timeout 60' command is executed.
11:25:07 INFO  : 'bpremove $bp_25_6_fsbl_bp' command is executed.
11:25:07 INFO  : Context for processor 'psu_cortexa53_0' is selected.
11:25:07 INFO  : Processor reset is completed for 'psu_cortexa53_0'.
11:25:08 INFO  : The application '/home/benh/Desktop/vitis_workspace/audio_tuner/Debug/audio_tuner.elf' is downloaded to processor 'psu_cortexa53_0'.
11:25:08 INFO  : 'configparams force-mem-access 0' command is executed.
11:25:08 INFO  : ----------------XSDB Script----------------
connect -url tcp:127.0.0.1:3121
source /tools/Xilinx/Vitis/2024.1/scripts/vitis/util/zynqmp_utils.tcl
targets -set -nocase -filter {name =~"APU*"}
rst -system
after 3000
targets -set -filter {jtag_cable_name =~ "Xilinx X-MLCC-01 XFL15ZDME5RSA" && level==0 && jtag_device_ctx=="jsn-X-MLCC-01-XFL15ZDME5RSA-04724093-0"}
fpga -file /home/benh/Desktop/vitis_workspace/audio_tuner/_ide/bitstream/speaker_2_wrapper.bit
targets -set -nocase -filter {name =~"APU*"}
loadhw -hw /home/benh/Desktop/vitis_workspace/kv260_lab3_platform/export/kv260_lab3_platform/hw/speaker_2_wrapper.xsa -mem-ranges [list {0x80000000 0xbfffffff} {0x400000000 0x5ffffffff} {0x1000000000 0x7fffffffff}] -regs
configparams force-mem-access 1
targets -set -nocase -filter {name =~"APU*"}
set mode [expr [mrd -value 0xFF5E0200] & 0xf]
targets -set -nocase -filter {name =~ "*A53*#0"}
rst -processor
dow /home/benh/Desktop/vitis_workspace/kv260_lab3_platform/export/kv260_lab3_platform/sw/kv260_lab3_platform/boot/fsbl.elf
set bp_25_6_fsbl_bp [bpadd -addr &XFsbl_Exit]
con -block -timeout 60
bpremove $bp_25_6_fsbl_bp
targets -set -nocase -filter {name =~ "*A53*#0"}
rst -processor
dow /home/benh/Desktop/vitis_workspace/audio_tuner/Debug/audio_tuner.elf
configparams force-mem-access 0
----------------End of Script----------------

11:25:08 INFO  : Context for processor 'psu_cortexa53_0' is selected.
11:25:08 INFO  : 'con' command is executed.
11:25:08 INFO  : ----------------XSDB Script (After Launch)----------------
targets -set -nocase -filter {name =~ "*A53*#0"}
con
----------------End of Script----------------

11:25:08 INFO  : Launch script is exported to file '/home/benh/Desktop/vitis_workspace/audio_tuner_system/_ide/scripts/systemdebugger_audio_tuner_system_1_standalone.tcl'
11:45:34 INFO  : Checking for BSP changes to sync application flags for project 'audio_tuner'...
11:45:36 ERROR : (XSDB Server)readelf: Error: '/home/benh/Desktop/vitis_workspace/kv260_lab3_platform/export/kv260_lab3_platform/sw/fsbl.elf': No such file

11:45:45 INFO  : Disconnected from the channel tcfchan#15.
11:45:46 INFO  : Connected to target on host '127.0.0.1' and port '3121'.
11:45:46 INFO  : Jtag cable 'Xilinx X-MLCC-01 XFL15ZDME5RSA' is selected.
11:45:46 INFO  : 'jtag frequency' command is executed.
11:45:46 INFO  : Sourcing of '/tools/Xilinx/Vitis/2024.1/scripts/vitis/util/zynqmp_utils.tcl' is done.
11:45:46 INFO  : Context for 'APU' is selected.
11:45:46 INFO  : System reset is completed.
11:45:49 INFO  : 'after 3000' command is executed.
11:45:49 INFO  : 'targets -set -filter {jtag_cable_name =~ "Xilinx X-MLCC-01 XFL15ZDME5RSA" && level==0 && jtag_device_ctx=="jsn-X-MLCC-01-XFL15ZDME5RSA-04724093-0"}' command is executed.
11:45:53 INFO  : Device configured successfully with "/home/benh/Desktop/vitis_workspace/audio_tuner/_ide/bitstream/speaker_2_wrapper.bit"
11:45:53 INFO  : Context for 'APU' is selected.
11:45:53 INFO  : Hardware design and registers information is loaded from '/home/benh/Desktop/vitis_workspace/kv260_lab3_platform/export/kv260_lab3_platform/hw/speaker_2_wrapper.xsa'.
11:45:53 INFO  : 'configparams force-mem-access 1' command is executed.
11:45:53 INFO  : Context for 'APU' is selected.
11:45:53 INFO  : Boot mode is read from the target.
11:45:53 INFO  : Context for processor 'psu_cortexa53_0' is selected.
11:45:53 INFO  : Processor reset is completed for 'psu_cortexa53_0'.
11:45:54 INFO  : The application '/home/benh/Desktop/vitis_workspace/kv260_lab3_platform/export/kv260_lab3_platform/sw/kv260_lab3_platform/boot/fsbl.elf' is downloaded to processor 'psu_cortexa53_0'.
11:45:54 INFO  : 'set bp_45_54_fsbl_bp [bpadd -addr &XFsbl_Exit]' command is executed.
11:45:55 INFO  : 'con -block -timeout 60' command is executed.
11:45:55 INFO  : 'bpremove $bp_45_54_fsbl_bp' command is executed.
11:45:55 INFO  : Context for processor 'psu_cortexa53_0' is selected.
11:45:55 INFO  : Processor reset is completed for 'psu_cortexa53_0'.
11:45:56 INFO  : The application '/home/benh/Desktop/vitis_workspace/audio_tuner/Debug/audio_tuner.elf' is downloaded to processor 'psu_cortexa53_0'.
11:45:56 INFO  : 'configparams force-mem-access 0' command is executed.
11:45:56 INFO  : ----------------XSDB Script----------------
connect -url tcp:127.0.0.1:3121
source /tools/Xilinx/Vitis/2024.1/scripts/vitis/util/zynqmp_utils.tcl
targets -set -nocase -filter {name =~"APU*"}
rst -system
after 3000
targets -set -filter {jtag_cable_name =~ "Xilinx X-MLCC-01 XFL15ZDME5RSA" && level==0 && jtag_device_ctx=="jsn-X-MLCC-01-XFL15ZDME5RSA-04724093-0"}
fpga -file /home/benh/Desktop/vitis_workspace/audio_tuner/_ide/bitstream/speaker_2_wrapper.bit
targets -set -nocase -filter {name =~"APU*"}
loadhw -hw /home/benh/Desktop/vitis_workspace/kv260_lab3_platform/export/kv260_lab3_platform/hw/speaker_2_wrapper.xsa -mem-ranges [list {0x80000000 0xbfffffff} {0x400000000 0x5ffffffff} {0x1000000000 0x7fffffffff}] -regs
configparams force-mem-access 1
targets -set -nocase -filter {name =~"APU*"}
set mode [expr [mrd -value 0xFF5E0200] & 0xf]
targets -set -nocase -filter {name =~ "*A53*#0"}
rst -processor
dow /home/benh/Desktop/vitis_workspace/kv260_lab3_platform/export/kv260_lab3_platform/sw/kv260_lab3_platform/boot/fsbl.elf
set bp_45_54_fsbl_bp [bpadd -addr &XFsbl_Exit]
con -block -timeout 60
bpremove $bp_45_54_fsbl_bp
targets -set -nocase -filter {name =~ "*A53*#0"}
rst -processor
dow /home/benh/Desktop/vitis_workspace/audio_tuner/Debug/audio_tuner.elf
configparams force-mem-access 0
----------------End of Script----------------

11:45:56 INFO  : Context for processor 'psu_cortexa53_0' is selected.
11:45:56 INFO  : 'con' command is executed.
11:45:56 INFO  : ----------------XSDB Script (After Launch)----------------
targets -set -nocase -filter {name =~ "*A53*#0"}
con
----------------End of Script----------------

11:45:56 INFO  : Launch script is exported to file '/home/benh/Desktop/vitis_workspace/audio_tuner_system/_ide/scripts/systemdebugger_audio_tuner_system_1_standalone.tcl'
11:49:10 INFO  : Checking for BSP changes to sync application flags for project 'audio_tuner'...
11:49:12 ERROR : (XSDB Server)readelf: Error: '/home/benh/Desktop/vitis_workspace/kv260_lab3_platform/export/kv260_lab3_platform/sw/fsbl.elf': No such file

11:49:19 INFO  : Disconnected from the channel tcfchan#17.
11:49:19 INFO  : Connected to target on host '127.0.0.1' and port '3121'.
11:49:19 INFO  : Jtag cable 'Xilinx X-MLCC-01 XFL15ZDME5RSA' is selected.
11:49:19 INFO  : 'jtag frequency' command is executed.
11:49:19 INFO  : Sourcing of '/tools/Xilinx/Vitis/2024.1/scripts/vitis/util/zynqmp_utils.tcl' is done.
11:49:19 INFO  : Context for 'APU' is selected.
11:49:20 INFO  : System reset is completed.
11:49:23 INFO  : 'after 3000' command is executed.
11:49:23 INFO  : 'targets -set -filter {jtag_cable_name =~ "Xilinx X-MLCC-01 XFL15ZDME5RSA" && level==0 && jtag_device_ctx=="jsn-X-MLCC-01-XFL15ZDME5RSA-04724093-0"}' command is executed.
11:49:27 INFO  : Device configured successfully with "/home/benh/Desktop/vitis_workspace/audio_tuner/_ide/bitstream/speaker_2_wrapper.bit"
11:49:27 INFO  : Context for 'APU' is selected.
11:49:27 INFO  : Hardware design and registers information is loaded from '/home/benh/Desktop/vitis_workspace/kv260_lab3_platform/export/kv260_lab3_platform/hw/speaker_2_wrapper.xsa'.
11:49:27 INFO  : 'configparams force-mem-access 1' command is executed.
11:49:27 INFO  : Context for 'APU' is selected.
11:49:27 INFO  : Boot mode is read from the target.
11:49:27 INFO  : Context for processor 'psu_cortexa53_0' is selected.
11:49:27 INFO  : Processor reset is completed for 'psu_cortexa53_0'.
11:49:28 INFO  : The application '/home/benh/Desktop/vitis_workspace/kv260_lab3_platform/export/kv260_lab3_platform/sw/kv260_lab3_platform/boot/fsbl.elf' is downloaded to processor 'psu_cortexa53_0'.
11:49:28 INFO  : 'set bp_49_28_fsbl_bp [bpadd -addr &XFsbl_Exit]' command is executed.
11:49:29 INFO  : 'con -block -timeout 60' command is executed.
11:49:29 INFO  : 'bpremove $bp_49_28_fsbl_bp' command is executed.
11:49:29 INFO  : Context for processor 'psu_cortexa53_0' is selected.
11:49:29 INFO  : Processor reset is completed for 'psu_cortexa53_0'.
11:49:29 INFO  : The application '/home/benh/Desktop/vitis_workspace/audio_tuner/Debug/audio_tuner.elf' is downloaded to processor 'psu_cortexa53_0'.
11:49:29 INFO  : 'configparams force-mem-access 0' command is executed.
11:49:29 INFO  : ----------------XSDB Script----------------
connect -url tcp:127.0.0.1:3121
source /tools/Xilinx/Vitis/2024.1/scripts/vitis/util/zynqmp_utils.tcl
targets -set -nocase -filter {name =~"APU*"}
rst -system
after 3000
targets -set -filter {jtag_cable_name =~ "Xilinx X-MLCC-01 XFL15ZDME5RSA" && level==0 && jtag_device_ctx=="jsn-X-MLCC-01-XFL15ZDME5RSA-04724093-0"}
fpga -file /home/benh/Desktop/vitis_workspace/audio_tuner/_ide/bitstream/speaker_2_wrapper.bit
targets -set -nocase -filter {name =~"APU*"}
loadhw -hw /home/benh/Desktop/vitis_workspace/kv260_lab3_platform/export/kv260_lab3_platform/hw/speaker_2_wrapper.xsa -mem-ranges [list {0x80000000 0xbfffffff} {0x400000000 0x5ffffffff} {0x1000000000 0x7fffffffff}] -regs
configparams force-mem-access 1
targets -set -nocase -filter {name =~"APU*"}
set mode [expr [mrd -value 0xFF5E0200] & 0xf]
targets -set -nocase -filter {name =~ "*A53*#0"}
rst -processor
dow /home/benh/Desktop/vitis_workspace/kv260_lab3_platform/export/kv260_lab3_platform/sw/kv260_lab3_platform/boot/fsbl.elf
set bp_49_28_fsbl_bp [bpadd -addr &XFsbl_Exit]
con -block -timeout 60
bpremove $bp_49_28_fsbl_bp
targets -set -nocase -filter {name =~ "*A53*#0"}
rst -processor
dow /home/benh/Desktop/vitis_workspace/audio_tuner/Debug/audio_tuner.elf
configparams force-mem-access 0
----------------End of Script----------------

11:49:29 INFO  : Context for processor 'psu_cortexa53_0' is selected.
11:49:29 INFO  : 'con' command is executed.
11:49:29 INFO  : ----------------XSDB Script (After Launch)----------------
targets -set -nocase -filter {name =~ "*A53*#0"}
con
----------------End of Script----------------

11:49:29 INFO  : Launch script is exported to file '/home/benh/Desktop/vitis_workspace/audio_tuner_system/_ide/scripts/systemdebugger_audio_tuner_system_1_standalone.tcl'
11:52:03 INFO  : Checking for BSP changes to sync application flags for project 'audio_tuner'...
11:52:05 ERROR : (XSDB Server)readelf: Error: '/home/benh/Desktop/vitis_workspace/kv260_lab3_platform/export/kv260_lab3_platform/sw/fsbl.elf': No such file

11:52:18 INFO  : Checking for BSP changes to sync application flags for project 'audio_tuner'...
11:52:21 ERROR : (XSDB Server)readelf: Error: '/home/benh/Desktop/vitis_workspace/kv260_lab3_platform/export/kv260_lab3_platform/sw/fsbl.elf': No such file

11:52:28 INFO  : Disconnected from the channel tcfchan#19.
11:52:28 INFO  : Connected to target on host '127.0.0.1' and port '3121'.
11:52:28 INFO  : Jtag cable 'Xilinx X-MLCC-01 XFL15ZDME5RSA' is selected.
11:52:28 INFO  : 'jtag frequency' command is executed.
11:52:28 INFO  : Sourcing of '/tools/Xilinx/Vitis/2024.1/scripts/vitis/util/zynqmp_utils.tcl' is done.
11:52:28 INFO  : Context for 'APU' is selected.
11:52:29 INFO  : System reset is completed.
11:52:32 INFO  : 'after 3000' command is executed.
11:52:32 INFO  : 'targets -set -filter {jtag_cable_name =~ "Xilinx X-MLCC-01 XFL15ZDME5RSA" && level==0 && jtag_device_ctx=="jsn-X-MLCC-01-XFL15ZDME5RSA-04724093-0"}' command is executed.
11:52:36 INFO  : Device configured successfully with "/home/benh/Desktop/vitis_workspace/audio_tuner/_ide/bitstream/speaker_2_wrapper.bit"
11:52:36 INFO  : Context for 'APU' is selected.
11:52:36 INFO  : Hardware design and registers information is loaded from '/home/benh/Desktop/vitis_workspace/kv260_lab3_platform/export/kv260_lab3_platform/hw/speaker_2_wrapper.xsa'.
11:52:36 INFO  : 'configparams force-mem-access 1' command is executed.
11:52:36 INFO  : Context for 'APU' is selected.
11:52:36 INFO  : Boot mode is read from the target.
11:52:36 INFO  : Context for processor 'psu_cortexa53_0' is selected.
11:52:36 INFO  : Processor reset is completed for 'psu_cortexa53_0'.
11:52:37 INFO  : The application '/home/benh/Desktop/vitis_workspace/kv260_lab3_platform/export/kv260_lab3_platform/sw/kv260_lab3_platform/boot/fsbl.elf' is downloaded to processor 'psu_cortexa53_0'.
11:52:37 INFO  : 'set bp_52_37_fsbl_bp [bpadd -addr &XFsbl_Exit]' command is executed.
11:52:38 INFO  : 'con -block -timeout 60' command is executed.
11:52:38 INFO  : 'bpremove $bp_52_37_fsbl_bp' command is executed.
11:52:38 INFO  : Context for processor 'psu_cortexa53_0' is selected.
11:52:38 INFO  : Processor reset is completed for 'psu_cortexa53_0'.
11:52:39 INFO  : The application '/home/benh/Desktop/vitis_workspace/audio_tuner/Debug/audio_tuner.elf' is downloaded to processor 'psu_cortexa53_0'.
11:52:39 INFO  : 'configparams force-mem-access 0' command is executed.
11:52:39 INFO  : ----------------XSDB Script----------------
connect -url tcp:127.0.0.1:3121
source /tools/Xilinx/Vitis/2024.1/scripts/vitis/util/zynqmp_utils.tcl
targets -set -nocase -filter {name =~"APU*"}
rst -system
after 3000
targets -set -filter {jtag_cable_name =~ "Xilinx X-MLCC-01 XFL15ZDME5RSA" && level==0 && jtag_device_ctx=="jsn-X-MLCC-01-XFL15ZDME5RSA-04724093-0"}
fpga -file /home/benh/Desktop/vitis_workspace/audio_tuner/_ide/bitstream/speaker_2_wrapper.bit
targets -set -nocase -filter {name =~"APU*"}
loadhw -hw /home/benh/Desktop/vitis_workspace/kv260_lab3_platform/export/kv260_lab3_platform/hw/speaker_2_wrapper.xsa -mem-ranges [list {0x80000000 0xbfffffff} {0x400000000 0x5ffffffff} {0x1000000000 0x7fffffffff}] -regs
configparams force-mem-access 1
targets -set -nocase -filter {name =~"APU*"}
set mode [expr [mrd -value 0xFF5E0200] & 0xf]
targets -set -nocase -filter {name =~ "*A53*#0"}
rst -processor
dow /home/benh/Desktop/vitis_workspace/kv260_lab3_platform/export/kv260_lab3_platform/sw/kv260_lab3_platform/boot/fsbl.elf
set bp_52_37_fsbl_bp [bpadd -addr &XFsbl_Exit]
con -block -timeout 60
bpremove $bp_52_37_fsbl_bp
targets -set -nocase -filter {name =~ "*A53*#0"}
rst -processor
dow /home/benh/Desktop/vitis_workspace/audio_tuner/Debug/audio_tuner.elf
configparams force-mem-access 0
----------------End of Script----------------

11:52:39 INFO  : Context for processor 'psu_cortexa53_0' is selected.
11:52:39 INFO  : 'con' command is executed.
11:52:39 INFO  : ----------------XSDB Script (After Launch)----------------
targets -set -nocase -filter {name =~ "*A53*#0"}
con
----------------End of Script----------------

11:52:39 INFO  : Launch script is exported to file '/home/benh/Desktop/vitis_workspace/audio_tuner_system/_ide/scripts/systemdebugger_audio_tuner_system_1_standalone.tcl'
11:57:56 INFO  : Disconnected from the channel tcfchan#22.
12:01:45 DEBUG : Logs will be stored at '/home/benh/Desktop/vitis_workspace/IDE.log'.
12:01:45 INFO  : Launching XSCT server: xsct -n  -interactive /home/benh/Desktop/vitis_workspace/temp_xsdb_launch_script.tcl
12:01:46 INFO  : XSCT server has started successfully.
12:01:46 INFO  : Successfully done setting XSCT server connection channel  
12:01:46 INFO  : plnx-install-location is set to ''
12:01:46 INFO  : Successfully done setting workspace for the tool. 
12:01:47 INFO  : Successfully done query RDI_DATADIR 
12:01:47 INFO  : Platform repository initialization has completed.
12:01:47 INFO  : Registering command handlers for Vitis TCF services
12:02:41 INFO  : Checking for BSP changes to sync application flags for project 'audio_tuner'...
12:02:47 ERROR : (XSDB Server)ERROR: [Hsi 55-1571] The design file /home/benh/Desktop/vitis_workspace/kv260_lab3_platform/export/kv260_lab3_platform/hw/speaker_2_wrapper.xsa is already opened

12:02:47 ERROR : (XSDB Server)readelf: Error: '/home/benh/Desktop/vitis_workspace/kv260_lab3_platform/export/kv260_lab3_platform/sw/fsbl.elf': No such file

12:02:56 INFO  : XRT server has started successfully on port '4352'
12:02:56 INFO  : Connected to target on host '127.0.0.1' and port '3121'.
12:02:57 INFO  : Jtag cable 'Xilinx X-MLCC-01 XFL15ZDME5RSA' is selected.
12:02:57 INFO  : 'jtag frequency' command is executed.
12:02:57 INFO  : Sourcing of '/tools/Xilinx/Vitis/2024.1/scripts/vitis/util/zynqmp_utils.tcl' is done.
12:02:57 INFO  : Context for 'APU' is selected.
12:02:57 INFO  : System reset is completed.
12:03:00 INFO  : 'after 3000' command is executed.
12:03:00 INFO  : 'targets -set -filter {jtag_cable_name =~ "Xilinx X-MLCC-01 XFL15ZDME5RSA" && level==0 && jtag_device_ctx=="jsn-X-MLCC-01-XFL15ZDME5RSA-04724093-0"}' command is executed.
12:03:04 INFO  : Device configured successfully with "/home/benh/Desktop/vitis_workspace/audio_tuner/_ide/bitstream/speaker_2_wrapper.bit"
12:03:04 INFO  : Context for 'APU' is selected.
12:03:05 INFO  : Hardware design and registers information is loaded from '/home/benh/Desktop/vitis_workspace/kv260_lab3_platform/export/kv260_lab3_platform/hw/speaker_2_wrapper.xsa'.
12:03:05 INFO  : 'configparams force-mem-access 1' command is executed.
12:03:05 INFO  : Context for 'APU' is selected.
12:03:05 INFO  : Boot mode is read from the target.
12:03:05 INFO  : Context for processor 'psu_cortexa53_0' is selected.
12:03:05 INFO  : Processor reset is completed for 'psu_cortexa53_0'.
12:03:05 INFO  : The application '/home/benh/Desktop/vitis_workspace/kv260_lab3_platform/export/kv260_lab3_platform/sw/kv260_lab3_platform/boot/fsbl.elf' is downloaded to processor 'psu_cortexa53_0'.
12:03:05 INFO  : 'set bp_3_5_fsbl_bp [bpadd -addr &XFsbl_Exit]' command is executed.
12:03:06 INFO  : 'con -block -timeout 60' command is executed.
12:03:06 INFO  : 'bpremove $bp_3_5_fsbl_bp' command is executed.
12:03:06 INFO  : Context for processor 'psu_cortexa53_0' is selected.
12:03:06 INFO  : Processor reset is completed for 'psu_cortexa53_0'.
12:03:07 INFO  : The application '/home/benh/Desktop/vitis_workspace/audio_tuner/Debug/audio_tuner.elf' is downloaded to processor 'psu_cortexa53_0'.
12:03:07 INFO  : 'configparams force-mem-access 0' command is executed.
12:03:07 INFO  : ----------------XSDB Script----------------
connect -url tcp:127.0.0.1:3121
source /tools/Xilinx/Vitis/2024.1/scripts/vitis/util/zynqmp_utils.tcl
targets -set -nocase -filter {name =~"APU*"}
rst -system
after 3000
targets -set -filter {jtag_cable_name =~ "Xilinx X-MLCC-01 XFL15ZDME5RSA" && level==0 && jtag_device_ctx=="jsn-X-MLCC-01-XFL15ZDME5RSA-04724093-0"}
fpga -file /home/benh/Desktop/vitis_workspace/audio_tuner/_ide/bitstream/speaker_2_wrapper.bit
targets -set -nocase -filter {name =~"APU*"}
loadhw -hw /home/benh/Desktop/vitis_workspace/kv260_lab3_platform/export/kv260_lab3_platform/hw/speaker_2_wrapper.xsa -mem-ranges [list {0x80000000 0xbfffffff} {0x400000000 0x5ffffffff} {0x1000000000 0x7fffffffff}] -regs
configparams force-mem-access 1
targets -set -nocase -filter {name =~"APU*"}
set mode [expr [mrd -value 0xFF5E0200] & 0xf]
targets -set -nocase -filter {name =~ "*A53*#0"}
rst -processor
dow /home/benh/Desktop/vitis_workspace/kv260_lab3_platform/export/kv260_lab3_platform/sw/kv260_lab3_platform/boot/fsbl.elf
set bp_3_5_fsbl_bp [bpadd -addr &XFsbl_Exit]
con -block -timeout 60
bpremove $bp_3_5_fsbl_bp
targets -set -nocase -filter {name =~ "*A53*#0"}
rst -processor
dow /home/benh/Desktop/vitis_workspace/audio_tuner/Debug/audio_tuner.elf
configparams force-mem-access 0
----------------End of Script----------------

12:03:07 INFO  : Context for processor 'psu_cortexa53_0' is selected.
12:03:07 INFO  : 'con' command is executed.
12:03:07 INFO  : ----------------XSDB Script (After Launch)----------------
targets -set -nocase -filter {name =~ "*A53*#0"}
con
----------------End of Script----------------

12:03:07 INFO  : Launch script is exported to file '/home/benh/Desktop/vitis_workspace/audio_tuner_system/_ide/scripts/systemdebugger_audio_tuner_system_1_standalone.tcl'
12:04:06 INFO  : Disconnected from the channel tcfchan#2.
12:05:11 DEBUG : Logs will be stored at '/home/benh/Desktop/vitis_workspace/IDE.log'.
12:05:11 INFO  : Launching XSCT server: xsct -n  -interactive /home/benh/Desktop/vitis_workspace/temp_xsdb_launch_script.tcl
12:05:12 INFO  : XSCT server has started successfully.
12:05:12 INFO  : Successfully done setting XSCT server connection channel  
12:05:12 INFO  : plnx-install-location is set to ''
12:05:12 INFO  : Successfully done setting workspace for the tool. 
12:05:13 INFO  : Successfully done query RDI_DATADIR 
12:05:13 INFO  : Platform repository initialization has completed.
12:05:13 INFO  : Registering command handlers for Vitis TCF services
12:05:28 INFO  : XRT server has started successfully on port '4353'
12:05:29 INFO  : Connected to target on host '127.0.0.1' and port '3121'.
12:05:29 INFO  : Jtag cable 'Xilinx X-MLCC-01 XFL15ZDME5RSA' is selected.
12:05:29 INFO  : 'jtag frequency' command is executed.
12:05:29 INFO  : Sourcing of '/tools/Xilinx/Vitis/2024.1/scripts/vitis/util/zynqmp_utils.tcl' is done.
12:05:29 INFO  : Context for 'APU' is selected.
12:05:30 INFO  : System reset is completed.
12:05:33 INFO  : 'after 3000' command is executed.
12:05:33 INFO  : 'targets -set -filter {jtag_cable_name =~ "Xilinx X-MLCC-01 XFL15ZDME5RSA" && level==0 && jtag_device_ctx=="jsn-X-MLCC-01-XFL15ZDME5RSA-04724093-0"}' command is executed.
12:05:37 INFO  : Device configured successfully with "/home/benh/Desktop/vitis_workspace/audio_tuner/_ide/bitstream/speaker_2_wrapper.bit"
12:05:37 INFO  : Context for 'APU' is selected.
12:05:37 INFO  : Hardware design and registers information is loaded from '/home/benh/Desktop/vitis_workspace/kv260_lab3_platform/export/kv260_lab3_platform/hw/speaker_2_wrapper.xsa'.
12:05:37 INFO  : 'configparams force-mem-access 1' command is executed.
12:05:37 INFO  : Context for 'APU' is selected.
12:05:37 INFO  : Boot mode is read from the target.
12:05:37 INFO  : Context for processor 'psu_cortexa53_0' is selected.
12:05:38 INFO  : Processor reset is completed for 'psu_cortexa53_0'.
12:05:38 INFO  : The application '/home/benh/Desktop/vitis_workspace/kv260_lab3_platform/export/kv260_lab3_platform/sw/kv260_lab3_platform/boot/fsbl.elf' is downloaded to processor 'psu_cortexa53_0'.
12:05:38 INFO  : 'set bp_5_38_fsbl_bp [bpadd -addr &XFsbl_Exit]' command is executed.
12:05:39 INFO  : 'con -block -timeout 60' command is executed.
12:05:39 INFO  : 'bpremove $bp_5_38_fsbl_bp' command is executed.
12:05:39 INFO  : Context for processor 'psu_cortexa53_0' is selected.
12:05:39 INFO  : Processor reset is completed for 'psu_cortexa53_0'.
12:05:40 INFO  : The application '/home/benh/Desktop/vitis_workspace/audio_tuner/Debug/audio_tuner.elf' is downloaded to processor 'psu_cortexa53_0'.
12:05:40 INFO  : 'configparams force-mem-access 0' command is executed.
12:05:40 INFO  : ----------------XSDB Script----------------
connect -url tcp:127.0.0.1:3121
source /tools/Xilinx/Vitis/2024.1/scripts/vitis/util/zynqmp_utils.tcl
targets -set -nocase -filter {name =~"APU*"}
rst -system
after 3000
targets -set -filter {jtag_cable_name =~ "Xilinx X-MLCC-01 XFL15ZDME5RSA" && level==0 && jtag_device_ctx=="jsn-X-MLCC-01-XFL15ZDME5RSA-04724093-0"}
fpga -file /home/benh/Desktop/vitis_workspace/audio_tuner/_ide/bitstream/speaker_2_wrapper.bit
targets -set -nocase -filter {name =~"APU*"}
loadhw -hw /home/benh/Desktop/vitis_workspace/kv260_lab3_platform/export/kv260_lab3_platform/hw/speaker_2_wrapper.xsa -mem-ranges [list {0x80000000 0xbfffffff} {0x400000000 0x5ffffffff} {0x1000000000 0x7fffffffff}] -regs
configparams force-mem-access 1
targets -set -nocase -filter {name =~"APU*"}
set mode [expr [mrd -value 0xFF5E0200] & 0xf]
targets -set -nocase -filter {name =~ "*A53*#0"}
rst -processor
dow /home/benh/Desktop/vitis_workspace/kv260_lab3_platform/export/kv260_lab3_platform/sw/kv260_lab3_platform/boot/fsbl.elf
set bp_5_38_fsbl_bp [bpadd -addr &XFsbl_Exit]
con -block -timeout 60
bpremove $bp_5_38_fsbl_bp
targets -set -nocase -filter {name =~ "*A53*#0"}
rst -processor
dow /home/benh/Desktop/vitis_workspace/audio_tuner/Debug/audio_tuner.elf
configparams force-mem-access 0
----------------End of Script----------------

12:05:40 INFO  : Context for processor 'psu_cortexa53_0' is selected.
12:05:40 INFO  : 'con' command is executed.
12:05:40 INFO  : ----------------XSDB Script (After Launch)----------------
targets -set -nocase -filter {name =~ "*A53*#0"}
con
----------------End of Script----------------

12:05:40 INFO  : Launch script is exported to file '/home/benh/Desktop/vitis_workspace/audio_tuner_system/_ide/scripts/systemdebugger_audio_tuner_system_1_standalone.tcl'
12:07:04 INFO  : Disconnected from the channel tcfchan#1.
12:07:04 INFO  : Connected to target on host '127.0.0.1' and port '3121'.
12:07:04 INFO  : Jtag cable 'Xilinx X-MLCC-01 XFL15ZDME5RSA' is selected.
12:07:04 INFO  : 'jtag frequency' command is executed.
12:07:04 INFO  : Sourcing of '/tools/Xilinx/Vitis/2024.1/scripts/vitis/util/zynqmp_utils.tcl' is done.
12:07:04 INFO  : Context for 'APU' is selected.
12:07:04 INFO  : System reset is completed.
12:07:07 INFO  : 'after 3000' command is executed.
12:07:07 INFO  : 'targets -set -filter {jtag_cable_name =~ "Xilinx X-MLCC-01 XFL15ZDME5RSA" && level==0 && jtag_device_ctx=="jsn-X-MLCC-01-XFL15ZDME5RSA-04724093-0"}' command is executed.
12:07:12 INFO  : Device configured successfully with "/home/benh/Desktop/vitis_workspace/audio_tuner/_ide/bitstream/speaker_2_wrapper.bit"
12:07:12 INFO  : Context for 'APU' is selected.
12:07:16 INFO  : Hardware design and registers information is loaded from '/home/benh/Desktop/vitis_workspace/kv260_lab3_platform/export/kv260_lab3_platform/hw/speaker_2_wrapper.xsa'.
12:07:16 INFO  : 'configparams force-mem-access 1' command is executed.
12:07:16 INFO  : Context for 'APU' is selected.
12:07:16 INFO  : Boot mode is read from the target.
12:07:16 INFO  : Context for processor 'psu_cortexa53_0' is selected.
12:07:16 INFO  : Processor reset is completed for 'psu_cortexa53_0'.
12:07:16 INFO  : The application '/home/benh/Desktop/vitis_workspace/kv260_lab3_platform/export/kv260_lab3_platform/sw/kv260_lab3_platform/boot/fsbl.elf' is downloaded to processor 'psu_cortexa53_0'.
12:07:16 INFO  : 'set bp_7_16_fsbl_bp [bpadd -addr &XFsbl_Exit]' command is executed.
12:07:17 INFO  : 'con -block -timeout 60' command is executed.
12:07:17 INFO  : 'bpremove $bp_7_16_fsbl_bp' command is executed.
12:07:17 INFO  : Context for processor 'psu_cortexa53_0' is selected.
12:07:17 INFO  : Processor reset is completed for 'psu_cortexa53_0'.
12:07:18 INFO  : The application '/home/benh/Desktop/vitis_workspace/audio_tuner/Debug/audio_tuner.elf' is downloaded to processor 'psu_cortexa53_0'.
12:07:18 INFO  : 'configparams force-mem-access 0' command is executed.
12:07:18 INFO  : ----------------XSDB Script----------------
connect -url tcp:127.0.0.1:3121
source /tools/Xilinx/Vitis/2024.1/scripts/vitis/util/zynqmp_utils.tcl
targets -set -nocase -filter {name =~"APU*"}
rst -system
after 3000
targets -set -filter {jtag_cable_name =~ "Xilinx X-MLCC-01 XFL15ZDME5RSA" && level==0 && jtag_device_ctx=="jsn-X-MLCC-01-XFL15ZDME5RSA-04724093-0"}
fpga -file /home/benh/Desktop/vitis_workspace/audio_tuner/_ide/bitstream/speaker_2_wrapper.bit
targets -set -nocase -filter {name =~"APU*"}
loadhw -hw /home/benh/Desktop/vitis_workspace/kv260_lab3_platform/export/kv260_lab3_platform/hw/speaker_2_wrapper.xsa -mem-ranges [list {0x80000000 0xbfffffff} {0x400000000 0x5ffffffff} {0x1000000000 0x7fffffffff}] -regs
configparams force-mem-access 1
targets -set -nocase -filter {name =~"APU*"}
set mode [expr [mrd -value 0xFF5E0200] & 0xf]
targets -set -nocase -filter {name =~ "*A53*#0"}
rst -processor
dow /home/benh/Desktop/vitis_workspace/kv260_lab3_platform/export/kv260_lab3_platform/sw/kv260_lab3_platform/boot/fsbl.elf
set bp_7_16_fsbl_bp [bpadd -addr &XFsbl_Exit]
con -block -timeout 60
bpremove $bp_7_16_fsbl_bp
targets -set -nocase -filter {name =~ "*A53*#0"}
rst -processor
dow /home/benh/Desktop/vitis_workspace/audio_tuner/Debug/audio_tuner.elf
configparams force-mem-access 0
----------------End of Script----------------

12:07:18 INFO  : Context for processor 'psu_cortexa53_0' is selected.
12:07:18 INFO  : 'con' command is executed.
12:07:18 INFO  : ----------------XSDB Script (After Launch)----------------
targets -set -nocase -filter {name =~ "*A53*#0"}
con
----------------End of Script----------------

12:07:18 INFO  : Launch script is exported to file '/home/benh/Desktop/vitis_workspace/audio_tuner_system/_ide/scripts/systemdebugger_audio_tuner_system_1_standalone.tcl'
12:08:02 INFO  : Disconnected from the channel tcfchan#2.
12:08:02 INFO  : Connected to target on host '127.0.0.1' and port '3121'.
12:08:02 INFO  : Jtag cable 'Xilinx X-MLCC-01 XFL15ZDME5RSA' is selected.
12:08:02 INFO  : 'jtag frequency' command is executed.
12:08:02 INFO  : Sourcing of '/tools/Xilinx/Vitis/2024.1/scripts/vitis/util/zynqmp_utils.tcl' is done.
12:08:02 INFO  : Context for 'APU' is selected.
12:08:03 INFO  : System reset is completed.
12:08:06 INFO  : 'after 3000' command is executed.
12:08:06 INFO  : 'targets -set -filter {jtag_cable_name =~ "Xilinx X-MLCC-01 XFL15ZDME5RSA" && level==0 && jtag_device_ctx=="jsn-X-MLCC-01-XFL15ZDME5RSA-04724093-0"}' command is executed.
12:08:10 INFO  : Device configured successfully with "/home/benh/Desktop/vitis_workspace/audio_tuner/_ide/bitstream/speaker_2_wrapper.bit"
12:08:10 INFO  : Context for 'APU' is selected.
12:08:14 INFO  : Hardware design and registers information is loaded from '/home/benh/Desktop/vitis_workspace/kv260_lab3_platform/export/kv260_lab3_platform/hw/speaker_2_wrapper.xsa'.
12:08:14 INFO  : 'configparams force-mem-access 1' command is executed.
12:08:14 INFO  : Context for 'APU' is selected.
12:08:14 INFO  : Boot mode is read from the target.
12:08:14 INFO  : Context for processor 'psu_cortexa53_0' is selected.
12:08:14 INFO  : Processor reset is completed for 'psu_cortexa53_0'.
12:08:14 INFO  : The application '/home/benh/Desktop/vitis_workspace/kv260_lab3_platform/export/kv260_lab3_platform/sw/kv260_lab3_platform/boot/fsbl.elf' is downloaded to processor 'psu_cortexa53_0'.
12:08:14 INFO  : 'set bp_8_14_fsbl_bp [bpadd -addr &XFsbl_Exit]' command is executed.
12:08:15 INFO  : 'con -block -timeout 60' command is executed.
12:08:15 INFO  : 'bpremove $bp_8_14_fsbl_bp' command is executed.
12:08:15 INFO  : Context for processor 'psu_cortexa53_0' is selected.
12:08:16 INFO  : Processor reset is completed for 'psu_cortexa53_0'.
12:08:16 INFO  : The application '/home/benh/Desktop/vitis_workspace/audio_tuner/Debug/audio_tuner.elf' is downloaded to processor 'psu_cortexa53_0'.
12:08:16 INFO  : 'configparams force-mem-access 0' command is executed.
12:08:16 INFO  : ----------------XSDB Script----------------
connect -url tcp:127.0.0.1:3121
source /tools/Xilinx/Vitis/2024.1/scripts/vitis/util/zynqmp_utils.tcl
targets -set -nocase -filter {name =~"APU*"}
rst -system
after 3000
targets -set -filter {jtag_cable_name =~ "Xilinx X-MLCC-01 XFL15ZDME5RSA" && level==0 && jtag_device_ctx=="jsn-X-MLCC-01-XFL15ZDME5RSA-04724093-0"}
fpga -file /home/benh/Desktop/vitis_workspace/audio_tuner/_ide/bitstream/speaker_2_wrapper.bit
targets -set -nocase -filter {name =~"APU*"}
loadhw -hw /home/benh/Desktop/vitis_workspace/kv260_lab3_platform/export/kv260_lab3_platform/hw/speaker_2_wrapper.xsa -mem-ranges [list {0x80000000 0xbfffffff} {0x400000000 0x5ffffffff} {0x1000000000 0x7fffffffff}] -regs
configparams force-mem-access 1
targets -set -nocase -filter {name =~"APU*"}
set mode [expr [mrd -value 0xFF5E0200] & 0xf]
targets -set -nocase -filter {name =~ "*A53*#0"}
rst -processor
dow /home/benh/Desktop/vitis_workspace/kv260_lab3_platform/export/kv260_lab3_platform/sw/kv260_lab3_platform/boot/fsbl.elf
set bp_8_14_fsbl_bp [bpadd -addr &XFsbl_Exit]
con -block -timeout 60
bpremove $bp_8_14_fsbl_bp
targets -set -nocase -filter {name =~ "*A53*#0"}
rst -processor
dow /home/benh/Desktop/vitis_workspace/audio_tuner/Debug/audio_tuner.elf
configparams force-mem-access 0
----------------End of Script----------------

12:08:16 INFO  : Context for processor 'psu_cortexa53_0' is selected.
12:08:16 INFO  : 'con' command is executed.
12:08:16 INFO  : ----------------XSDB Script (After Launch)----------------
targets -set -nocase -filter {name =~ "*A53*#0"}
con
----------------End of Script----------------

12:08:16 INFO  : Launch script is exported to file '/home/benh/Desktop/vitis_workspace/audio_tuner_system/_ide/scripts/systemdebugger_audio_tuner_system_1_standalone.tcl'
12:12:33 INFO  : Disconnected from the channel tcfchan#3.
12:11:18 DEBUG : Logs will be stored at 'C:/Sadat_files/Academics/Current_Term/COMP3601/Project/project_repo/COMP3601_Project_Audio_tuner/IDE.log'.
12:11:19 INFO  : Launching XSCT server: xsct.bat -n  -interactive C:\Sadat_files\Academics\Current_Term\COMP3601\Project\project_repo\COMP3601_Project_Audio_tuner\temp_xsdb_launch_script.tcl
12:11:19 ERROR : (XSDB Server)'\gnu\microblaze\lin\bin\' is not recognized as an internal or external command,
operable program or batch file.

12:11:19 ERROR : (XSDB Server)'\gnu\microblaze\nt\bin\' is not recognized as an internal or external command,
operable program or batch file.

12:11:19 ERROR : (XSDB Server)'\gnuwin\bin\' is not recognized as an internal or external command,
operable program or batch file.

12:11:25 INFO  : XSCT server has started successfully.
12:11:25 INFO  : Successfully done setting XSCT server connection channel  
12:11:25 INFO  : plnx-install-location is set to ''
12:11:25 INFO  : Successfully done setting workspace for the tool. 
12:11:34 INFO  : Registering command handlers for Vitis TCF services
12:11:34 INFO  : Platform repository initialization has completed.
12:11:40 INFO  : Successfully done query RDI_DATADIR 
12:14:40 INFO  : Result from executing command 'getProjects': kv260_lab3_platform
12:14:48 INFO  : Result from executing command 'getPlatforms': xilinx_zcu102_base_202410_1|C:/Xilinx/Vitis/2024.1/base_platforms/xilinx_zcu102_base_202410_1/xilinx_zcu102_base_202410_1.xpfm;xilinx_zcu102_base_dfx_202410_1|C:/Xilinx/Vitis/2024.1/base_platforms/xilinx_zcu102_base_dfx_202410_1/xilinx_zcu102_base_dfx_202410_1.xpfm;xilinx_zcu104_base_202410_1|C:/Xilinx/Vitis/2024.1/base_platforms/xilinx_zcu104_base_202410_1/xilinx_zcu104_base_202410_1.xpfm
12:15:14 INFO  : Hardware specification for platform project 'kv260_lab3_platform' is updated.
12:16:01 INFO  : Result from executing command 'getProjects': kv260_lab3_platform
12:16:01 INFO  : Result from executing command 'getPlatforms': kv260_lab3_platform|C:/Sadat_files/Academics/Current_Term/COMP3601/Project/project_repo/COMP3601_Project_Audio_tuner/kv260_lab3_platform/export/kv260_lab3_platform/kv260_lab3_platform.xpfm;xilinx_zcu102_base_202410_1|C:/Xilinx/Vitis/2024.1/base_platforms/xilinx_zcu102_base_202410_1/xilinx_zcu102_base_202410_1.xpfm;xilinx_zcu102_base_dfx_202410_1|C:/Xilinx/Vitis/2024.1/base_platforms/xilinx_zcu102_base_dfx_202410_1/xilinx_zcu102_base_dfx_202410_1.xpfm;xilinx_zcu104_base_202410_1|C:/Xilinx/Vitis/2024.1/base_platforms/xilinx_zcu104_base_202410_1/xilinx_zcu104_base_202410_1.xpfm
12:16:24 INFO  : Checking for BSP changes to sync application flags for project 'audio_tuner'...
12:16:31 INFO  : Updating application flags with new BSP settings...
12:16:32 INFO  : Successfully updated application flags for project audio_tuner.
12:17:02 INFO  : Connected to target on host '127.0.0.1' and port '3121'.
12:17:03 INFO  : Jtag cable 'Xilinx X-MLCC-01 XFL15ZDME5RSA' is selected.
12:17:03 INFO  : 'jtag frequency' command is executed.
12:17:03 INFO  : Sourcing of 'C:/Xilinx/Vitis/2024.1/scripts/vitis/util/zynqmp_utils.tcl' is done.
12:17:03 INFO  : Context for 'APU' is selected.
12:17:04 INFO  : System reset is completed.
12:17:07 INFO  : 'after 3000' command is executed.
12:17:07 INFO  : 'targets -set -filter {jtag_cable_name =~ "Xilinx X-MLCC-01 XFL15ZDME5RSA" && level==0 && jtag_device_ctx=="jsn-X-MLCC-01-XFL15ZDME5RSA-04724093-0"}' command is executed.
12:17:12 INFO  : Device configured successfully with "C:/Sadat_files/Academics/Current_Term/COMP3601/Project/project_repo/COMP3601_Project_Audio_tuner/audio_tuner/_ide/bitstream/speaker_2_wrapper.bit"
12:17:12 INFO  : Context for 'APU' is selected.
12:17:12 INFO  : Hardware design and registers information is loaded from 'C:/Sadat_files/Academics/Current_Term/COMP3601/Project/project_repo/COMP3601_Project_Audio_tuner/kv260_lab3_platform/export/kv260_lab3_platform/hw/speaker_2_wrapper.xsa'.
12:17:13 INFO  : 'configparams force-mem-access 1' command is executed.
12:17:13 INFO  : Context for 'APU' is selected.
12:17:13 INFO  : Boot mode is read from the target.
12:17:15 INFO  : Boot mode of the target is set to jtag.
12:17:15 INFO  : Context for processor 'psu_cortexa53_0' is selected.
12:17:15 INFO  : Processor reset is completed for 'psu_cortexa53_0'.
12:17:16 INFO  : The application 'C:/Sadat_files/Academics/Current_Term/COMP3601/Project/project_repo/COMP3601_Project_Audio_tuner/kv260_lab3_platform/export/kv260_lab3_platform/sw/kv260_lab3_platform/boot/fsbl.elf' is downloaded to processor 'psu_cortexa53_0'.
12:17:16 INFO  : 'set bp_17_16_fsbl_bp [bpadd -addr &XFsbl_Exit]' command is executed.
12:17:17 INFO  : 'con -block -timeout 60' command is executed.
12:17:17 INFO  : 'bpremove $bp_17_16_fsbl_bp' command is executed.
12:17:17 INFO  : Context for processor 'psu_cortexa53_0' is selected.
12:17:17 INFO  : Processor reset is completed for 'psu_cortexa53_0'.
12:17:18 ERROR : Memory write error at 0x0. Cortex-A53 #0: EDITR not ready
12:17:18 INFO  : ----------------XSDB Script----------------
connect -url tcp:127.0.0.1:3121
source C:/Xilinx/Vitis/2024.1/scripts/vitis/util/zynqmp_utils.tcl
targets -set -nocase -filter {name =~"APU*"}
rst -system
after 3000
targets -set -filter {jtag_cable_name =~ "Xilinx X-MLCC-01 XFL15ZDME5RSA" && level==0 && jtag_device_ctx=="jsn-X-MLCC-01-XFL15ZDME5RSA-04724093-0"}
fpga -file C:/Sadat_files/Academics/Current_Term/COMP3601/Project/project_repo/COMP3601_Project_Audio_tuner/audio_tuner/_ide/bitstream/speaker_2_wrapper.bit
targets -set -nocase -filter {name =~"APU*"}
loadhw -hw C:/Sadat_files/Academics/Current_Term/COMP3601/Project/project_repo/COMP3601_Project_Audio_tuner/kv260_lab3_platform/export/kv260_lab3_platform/hw/speaker_2_wrapper.xsa -mem-ranges [list {0x80000000 0xbfffffff} {0x400000000 0x5ffffffff} {0x1000000000 0x7fffffffff}] -regs
configparams force-mem-access 1
targets -set -nocase -filter {name =~"APU*"}
set mode [expr [mrd -value 0xFF5E0200] & 0xf]
mask_write 0xFF5E0200 0xf000 0x0100
targets -set -nocase -filter {name =~ "*A53*#0"}
rst -processor
dow C:/Sadat_files/Academics/Current_Term/COMP3601/Project/project_repo/COMP3601_Project_Audio_tuner/kv260_lab3_platform/export/kv260_lab3_platform/sw/kv260_lab3_platform/boot/fsbl.elf
set bp_17_16_fsbl_bp [bpadd -addr &XFsbl_Exit]
con -block -timeout 60
bpremove $bp_17_16_fsbl_bp
targets -set -nocase -filter {name =~ "*A53*#0"}
rst -processor
dow C:/Sadat_files/Academics/Current_Term/COMP3601/Project/project_repo/COMP3601_Project_Audio_tuner/audio_tuner/Debug/audio_tuner.elf
----------------End of Script----------------

12:17:18 ERROR : Memory write error at 0x0. Cortex-A53 #0: EDITR not ready
12:17:54 INFO  : Connected to target on host '127.0.0.1' and port '3121'.
12:17:54 INFO  : Jtag cable 'Xilinx X-MLCC-01 XFL15ZDME5RSA' is selected.
12:17:54 INFO  : 'jtag frequency' command is executed.
12:17:54 INFO  : Sourcing of 'C:/Xilinx/Vitis/2024.1/scripts/vitis/util/zynqmp_utils.tcl' is done.
12:17:54 INFO  : Context for 'APU' is selected.
12:17:54 INFO  : System reset is completed.
12:17:57 INFO  : 'after 3000' command is executed.
12:17:58 INFO  : 'targets -set -filter {jtag_cable_name =~ "Xilinx X-MLCC-01 XFL15ZDME5RSA" && level==0 && jtag_device_ctx=="jsn-X-MLCC-01-XFL15ZDME5RSA-04724093-0"}' command is executed.
12:18:02 INFO  : Device configured successfully with "C:/Sadat_files/Academics/Current_Term/COMP3601/Project/project_repo/COMP3601_Project_Audio_tuner/audio_tuner/_ide/bitstream/speaker_2_wrapper.bit"
12:18:02 INFO  : Context for 'APU' is selected.
12:18:02 INFO  : Hardware design and registers information is loaded from 'C:/Sadat_files/Academics/Current_Term/COMP3601/Project/project_repo/COMP3601_Project_Audio_tuner/kv260_lab3_platform/export/kv260_lab3_platform/hw/speaker_2_wrapper.xsa'.
12:18:02 INFO  : 'configparams force-mem-access 1' command is executed.
12:18:02 INFO  : Context for 'APU' is selected.
12:18:02 INFO  : Boot mode is read from the target.
12:18:02 INFO  : Context for processor 'psu_cortexa53_0' is selected.
12:18:02 INFO  : Processor reset is completed for 'psu_cortexa53_0'.
12:18:03 INFO  : The application 'C:/Sadat_files/Academics/Current_Term/COMP3601/Project/project_repo/COMP3601_Project_Audio_tuner/kv260_lab3_platform/export/kv260_lab3_platform/sw/kv260_lab3_platform/boot/fsbl.elf' is downloaded to processor 'psu_cortexa53_0'.
12:18:03 INFO  : 'set bp_18_3_fsbl_bp [bpadd -addr &XFsbl_Exit]' command is executed.
12:18:03 INFO  : 'con -block -timeout 60' command is executed.
12:18:03 INFO  : 'bpremove $bp_18_3_fsbl_bp' command is executed.
12:18:03 INFO  : Context for processor 'psu_cortexa53_0' is selected.
12:18:03 INFO  : Processor reset is completed for 'psu_cortexa53_0'.
12:18:04 INFO  : The application 'C:/Sadat_files/Academics/Current_Term/COMP3601/Project/project_repo/COMP3601_Project_Audio_tuner/audio_tuner/Debug/audio_tuner.elf' is downloaded to processor 'psu_cortexa53_0'.
12:18:04 INFO  : 'configparams force-mem-access 0' command is executed.
12:18:04 INFO  : ----------------XSDB Script----------------
connect -url tcp:127.0.0.1:3121
source C:/Xilinx/Vitis/2024.1/scripts/vitis/util/zynqmp_utils.tcl
targets -set -nocase -filter {name =~"APU*"}
rst -system
after 3000
targets -set -filter {jtag_cable_name =~ "Xilinx X-MLCC-01 XFL15ZDME5RSA" && level==0 && jtag_device_ctx=="jsn-X-MLCC-01-XFL15ZDME5RSA-04724093-0"}
fpga -file C:/Sadat_files/Academics/Current_Term/COMP3601/Project/project_repo/COMP3601_Project_Audio_tuner/audio_tuner/_ide/bitstream/speaker_2_wrapper.bit
targets -set -nocase -filter {name =~"APU*"}
loadhw -hw C:/Sadat_files/Academics/Current_Term/COMP3601/Project/project_repo/COMP3601_Project_Audio_tuner/kv260_lab3_platform/export/kv260_lab3_platform/hw/speaker_2_wrapper.xsa -mem-ranges [list {0x80000000 0xbfffffff} {0x400000000 0x5ffffffff} {0x1000000000 0x7fffffffff}] -regs
configparams force-mem-access 1
targets -set -nocase -filter {name =~"APU*"}
set mode [expr [mrd -value 0xFF5E0200] & 0xf]
targets -set -nocase -filter {name =~ "*A53*#0"}
rst -processor
dow C:/Sadat_files/Academics/Current_Term/COMP3601/Project/project_repo/COMP3601_Project_Audio_tuner/kv260_lab3_platform/export/kv260_lab3_platform/sw/kv260_lab3_platform/boot/fsbl.elf
set bp_18_3_fsbl_bp [bpadd -addr &XFsbl_Exit]
con -block -timeout 60
bpremove $bp_18_3_fsbl_bp
targets -set -nocase -filter {name =~ "*A53*#0"}
rst -processor
dow C:/Sadat_files/Academics/Current_Term/COMP3601/Project/project_repo/COMP3601_Project_Audio_tuner/audio_tuner/Debug/audio_tuner.elf
configparams force-mem-access 0
----------------End of Script----------------

12:18:05 INFO  : Context for processor 'psu_cortexa53_0' is selected.
12:18:05 INFO  : 'con' command is executed.
12:18:05 INFO  : ----------------XSDB Script (After Launch)----------------
targets -set -nocase -filter {name =~ "*A53*#0"}
con
----------------End of Script----------------

12:18:05 INFO  : Launch script is exported to file 'C:\Sadat_files\Academics\Current_Term\COMP3601\Project\project_repo\COMP3601_Project_Audio_tuner\audio_tuner_system\_ide\scripts\systemdebugger_audio_tuner_system_1_standalone.tcl'
12:20:45 INFO  : Disconnected from the channel tcfchan#4.
12:20:45 INFO  : Connected to target on host '127.0.0.1' and port '3121'.
12:20:46 INFO  : Jtag cable 'Xilinx X-MLCC-01 XFL1ERK0FIC1A' is selected.
12:20:46 INFO  : 'jtag frequency' command is executed.
12:20:46 INFO  : Sourcing of 'C:/Xilinx/Vitis/2024.1/scripts/vitis/util/zynqmp_utils.tcl' is done.
12:20:46 INFO  : Context for 'APU' is selected.
12:20:46 INFO  : System reset is completed.
12:20:50 INFO  : 'after 3000' command is executed.
12:20:50 INFO  : 'targets -set -filter {jtag_cable_name =~ "Xilinx X-MLCC-01 XFL1ERK0FIC1A" && level==0 && jtag_device_ctx=="jsn-X-MLCC-01-XFL1ERK0FIC1A-04724093-0"}' command is executed.
12:20:54 INFO  : Device configured successfully with "C:/Sadat_files/Academics/Current_Term/COMP3601/Project/project_repo/COMP3601_Project_Audio_tuner/audio_tuner/_ide/bitstream/speaker_2_wrapper.bit"
12:20:54 INFO  : Context for 'APU' is selected.
12:20:54 INFO  : Hardware design and registers information is loaded from 'C:/Sadat_files/Academics/Current_Term/COMP3601/Project/project_repo/COMP3601_Project_Audio_tuner/kv260_lab3_platform/export/kv260_lab3_platform/hw/speaker_2_wrapper.xsa'.
12:20:54 INFO  : 'configparams force-mem-access 1' command is executed.
12:20:55 INFO  : Context for 'APU' is selected.
12:20:55 INFO  : Boot mode is read from the target.
12:20:55 INFO  : Context for processor 'psu_cortexa53_0' is selected.
12:20:55 INFO  : Processor reset is completed for 'psu_cortexa53_0'.
12:20:55 INFO  : The application 'C:/Sadat_files/Academics/Current_Term/COMP3601/Project/project_repo/COMP3601_Project_Audio_tuner/kv260_lab3_platform/export/kv260_lab3_platform/sw/kv260_lab3_platform/boot/fsbl.elf' is downloaded to processor 'psu_cortexa53_0'.
12:20:55 INFO  : 'set bp_20_55_fsbl_bp [bpadd -addr &XFsbl_Exit]' command is executed.
12:20:55 INFO  : 'con -block -timeout 60' command is executed.
12:20:55 INFO  : 'bpremove $bp_20_55_fsbl_bp' command is executed.
12:20:56 INFO  : Context for processor 'psu_cortexa53_0' is selected.
12:20:56 INFO  : Processor reset is completed for 'psu_cortexa53_0'.
12:20:57 INFO  : The application 'C:/Sadat_files/Academics/Current_Term/COMP3601/Project/project_repo/COMP3601_Project_Audio_tuner/audio_tuner/Debug/audio_tuner.elf' is downloaded to processor 'psu_cortexa53_0'.
12:20:57 INFO  : 'configparams force-mem-access 0' command is executed.
12:20:57 INFO  : ----------------XSDB Script----------------
connect -url tcp:127.0.0.1:3121
source C:/Xilinx/Vitis/2024.1/scripts/vitis/util/zynqmp_utils.tcl
targets -set -nocase -filter {name =~"APU*"}
rst -system
after 3000
targets -set -filter {jtag_cable_name =~ "Xilinx X-MLCC-01 XFL1ERK0FIC1A" && level==0 && jtag_device_ctx=="jsn-X-MLCC-01-XFL1ERK0FIC1A-04724093-0"}
fpga -file C:/Sadat_files/Academics/Current_Term/COMP3601/Project/project_repo/COMP3601_Project_Audio_tuner/audio_tuner/_ide/bitstream/speaker_2_wrapper.bit
targets -set -nocase -filter {name =~"APU*"}
loadhw -hw C:/Sadat_files/Academics/Current_Term/COMP3601/Project/project_repo/COMP3601_Project_Audio_tuner/kv260_lab3_platform/export/kv260_lab3_platform/hw/speaker_2_wrapper.xsa -mem-ranges [list {0x80000000 0xbfffffff} {0x400000000 0x5ffffffff} {0x1000000000 0x7fffffffff}] -regs
configparams force-mem-access 1
targets -set -nocase -filter {name =~"APU*"}
set mode [expr [mrd -value 0xFF5E0200] & 0xf]
targets -set -nocase -filter {name =~ "*A53*#0"}
rst -processor
dow C:/Sadat_files/Academics/Current_Term/COMP3601/Project/project_repo/COMP3601_Project_Audio_tuner/kv260_lab3_platform/export/kv260_lab3_platform/sw/kv260_lab3_platform/boot/fsbl.elf
set bp_20_55_fsbl_bp [bpadd -addr &XFsbl_Exit]
con -block -timeout 60
bpremove $bp_20_55_fsbl_bp
targets -set -nocase -filter {name =~ "*A53*#0"}
rst -processor
dow C:/Sadat_files/Academics/Current_Term/COMP3601/Project/project_repo/COMP3601_Project_Audio_tuner/audio_tuner/Debug/audio_tuner.elf
configparams force-mem-access 0
----------------End of Script----------------

12:20:57 INFO  : Context for processor 'psu_cortexa53_0' is selected.
12:20:57 INFO  : 'con' command is executed.
12:20:57 INFO  : ----------------XSDB Script (After Launch)----------------
targets -set -nocase -filter {name =~ "*A53*#0"}
con
----------------End of Script----------------

12:20:57 INFO  : Launch script is exported to file 'C:\Sadat_files\Academics\Current_Term\COMP3601\Project\project_repo\COMP3601_Project_Audio_tuner\audio_tuner_system\_ide\scripts\systemdebugger_audio_tuner_system_1_standalone.tcl'
12:26:55 INFO  : Disconnected from the channel tcfchan#5.
12:26:55 INFO  : Connected to target on host '127.0.0.1' and port '3121'.
12:26:55 INFO  : Jtag cable 'Xilinx X-MLCC-01 XFL1ERK0FIC1A' is selected.
12:26:55 INFO  : 'jtag frequency' command is executed.
12:26:55 INFO  : Sourcing of 'C:/Xilinx/Vitis/2024.1/scripts/vitis/util/zynqmp_utils.tcl' is done.
12:26:56 INFO  : Context for 'APU' is selected.
12:26:56 INFO  : System reset is completed.
12:26:59 INFO  : 'after 3000' command is executed.
12:26:59 INFO  : 'targets -set -filter {jtag_cable_name =~ "Xilinx X-MLCC-01 XFL1ERK0FIC1A" && level==0 && jtag_device_ctx=="jsn-X-MLCC-01-XFL1ERK0FIC1A-04724093-0"}' command is executed.
12:27:03 INFO  : Device configured successfully with "C:/Sadat_files/Academics/Current_Term/COMP3601/Project/project_repo/COMP3601_Project_Audio_tuner/audio_tuner/_ide/bitstream/speaker_2_wrapper.bit"
12:27:03 INFO  : Context for 'APU' is selected.
12:27:04 INFO  : Hardware design and registers information is loaded from 'C:/Sadat_files/Academics/Current_Term/COMP3601/Project/project_repo/COMP3601_Project_Audio_tuner/kv260_lab3_platform/export/kv260_lab3_platform/hw/speaker_2_wrapper.xsa'.
12:27:04 INFO  : 'configparams force-mem-access 1' command is executed.
12:27:04 INFO  : Context for 'APU' is selected.
12:27:04 INFO  : Boot mode is read from the target.
12:27:04 INFO  : Context for processor 'psu_cortexa53_0' is selected.
12:27:04 INFO  : Processor reset is completed for 'psu_cortexa53_0'.
12:27:04 INFO  : The application 'C:/Sadat_files/Academics/Current_Term/COMP3601/Project/project_repo/COMP3601_Project_Audio_tuner/kv260_lab3_platform/export/kv260_lab3_platform/sw/kv260_lab3_platform/boot/fsbl.elf' is downloaded to processor 'psu_cortexa53_0'.
12:27:04 INFO  : 'set bp_27_4_fsbl_bp [bpadd -addr &XFsbl_Exit]' command is executed.
12:27:05 INFO  : 'con -block -timeout 60' command is executed.
12:27:05 INFO  : 'bpremove $bp_27_4_fsbl_bp' command is executed.
12:27:05 INFO  : Context for processor 'psu_cortexa53_0' is selected.
12:27:05 INFO  : Processor reset is completed for 'psu_cortexa53_0'.
12:27:06 INFO  : The application 'C:/Sadat_files/Academics/Current_Term/COMP3601/Project/project_repo/COMP3601_Project_Audio_tuner/audio_tuner/Debug/audio_tuner.elf' is downloaded to processor 'psu_cortexa53_0'.
12:27:06 INFO  : 'configparams force-mem-access 0' command is executed.
12:27:06 INFO  : ----------------XSDB Script----------------
connect -url tcp:127.0.0.1:3121
source C:/Xilinx/Vitis/2024.1/scripts/vitis/util/zynqmp_utils.tcl
targets -set -nocase -filter {name =~"APU*"}
rst -system
after 3000
targets -set -filter {jtag_cable_name =~ "Xilinx X-MLCC-01 XFL1ERK0FIC1A" && level==0 && jtag_device_ctx=="jsn-X-MLCC-01-XFL1ERK0FIC1A-04724093-0"}
fpga -file C:/Sadat_files/Academics/Current_Term/COMP3601/Project/project_repo/COMP3601_Project_Audio_tuner/audio_tuner/_ide/bitstream/speaker_2_wrapper.bit
targets -set -nocase -filter {name =~"APU*"}
loadhw -hw C:/Sadat_files/Academics/Current_Term/COMP3601/Project/project_repo/COMP3601_Project_Audio_tuner/kv260_lab3_platform/export/kv260_lab3_platform/hw/speaker_2_wrapper.xsa -mem-ranges [list {0x80000000 0xbfffffff} {0x400000000 0x5ffffffff} {0x1000000000 0x7fffffffff}] -regs
configparams force-mem-access 1
targets -set -nocase -filter {name =~"APU*"}
set mode [expr [mrd -value 0xFF5E0200] & 0xf]
targets -set -nocase -filter {name =~ "*A53*#0"}
rst -processor
dow C:/Sadat_files/Academics/Current_Term/COMP3601/Project/project_repo/COMP3601_Project_Audio_tuner/kv260_lab3_platform/export/kv260_lab3_platform/sw/kv260_lab3_platform/boot/fsbl.elf
set bp_27_4_fsbl_bp [bpadd -addr &XFsbl_Exit]
con -block -timeout 60
bpremove $bp_27_4_fsbl_bp
targets -set -nocase -filter {name =~ "*A53*#0"}
rst -processor
dow C:/Sadat_files/Academics/Current_Term/COMP3601/Project/project_repo/COMP3601_Project_Audio_tuner/audio_tuner/Debug/audio_tuner.elf
configparams force-mem-access 0
----------------End of Script----------------

12:27:06 INFO  : Context for processor 'psu_cortexa53_0' is selected.
12:27:06 INFO  : 'con' command is executed.
12:27:06 INFO  : ----------------XSDB Script (After Launch)----------------
targets -set -nocase -filter {name =~ "*A53*#0"}
con
----------------End of Script----------------

12:27:06 INFO  : Launch script is exported to file 'C:\Sadat_files\Academics\Current_Term\COMP3601\Project\project_repo\COMP3601_Project_Audio_tuner\audio_tuner_system\_ide\scripts\systemdebugger_audio_tuner_system_1_standalone.tcl'
12:32:29 INFO  : Disconnected from the channel tcfchan#6.
12:32:29 INFO  : Connected to target on host '127.0.0.1' and port '3121'.
12:32:30 INFO  : Jtag cable 'Xilinx X-MLCC-01 XFL1ERK0FIC1A' is selected.
12:32:30 INFO  : 'jtag frequency' command is executed.
12:32:30 INFO  : Sourcing of 'C:/Xilinx/Vitis/2024.1/scripts/vitis/util/zynqmp_utils.tcl' is done.
12:32:30 INFO  : Context for 'APU' is selected.
12:32:30 INFO  : System reset is completed.
12:32:33 INFO  : 'after 3000' command is executed.
12:32:33 INFO  : 'targets -set -filter {jtag_cable_name =~ "Xilinx X-MLCC-01 XFL1ERK0FIC1A" && level==0 && jtag_device_ctx=="jsn-X-MLCC-01-XFL1ERK0FIC1A-04724093-0"}' command is executed.
12:32:38 INFO  : Device configured successfully with "C:/Sadat_files/Academics/Current_Term/COMP3601/Project/project_repo/COMP3601_Project_Audio_tuner/audio_tuner/_ide/bitstream/speaker_2_wrapper.bit"
12:32:38 INFO  : Context for 'APU' is selected.
12:32:38 INFO  : Hardware design and registers information is loaded from 'C:/Sadat_files/Academics/Current_Term/COMP3601/Project/project_repo/COMP3601_Project_Audio_tuner/kv260_lab3_platform/export/kv260_lab3_platform/hw/speaker_2_wrapper.xsa'.
12:32:38 INFO  : 'configparams force-mem-access 1' command is executed.
12:32:38 INFO  : Context for 'APU' is selected.
12:32:38 INFO  : Boot mode is read from the target.
12:32:38 INFO  : Context for processor 'psu_cortexa53_0' is selected.
12:32:38 INFO  : Processor reset is completed for 'psu_cortexa53_0'.
12:32:38 INFO  : The application 'C:/Sadat_files/Academics/Current_Term/COMP3601/Project/project_repo/COMP3601_Project_Audio_tuner/kv260_lab3_platform/export/kv260_lab3_platform/sw/kv260_lab3_platform/boot/fsbl.elf' is downloaded to processor 'psu_cortexa53_0'.
12:32:38 INFO  : 'set bp_32_38_fsbl_bp [bpadd -addr &XFsbl_Exit]' command is executed.
12:32:39 INFO  : 'con -block -timeout 60' command is executed.
12:32:39 INFO  : 'bpremove $bp_32_38_fsbl_bp' command is executed.
12:32:39 INFO  : Context for processor 'psu_cortexa53_0' is selected.
12:32:39 INFO  : Processor reset is completed for 'psu_cortexa53_0'.
12:32:40 INFO  : The application 'C:/Sadat_files/Academics/Current_Term/COMP3601/Project/project_repo/COMP3601_Project_Audio_tuner/audio_tuner/Debug/audio_tuner.elf' is downloaded to processor 'psu_cortexa53_0'.
12:32:40 INFO  : 'configparams force-mem-access 0' command is executed.
12:32:40 INFO  : ----------------XSDB Script----------------
connect -url tcp:127.0.0.1:3121
source C:/Xilinx/Vitis/2024.1/scripts/vitis/util/zynqmp_utils.tcl
targets -set -nocase -filter {name =~"APU*"}
rst -system
after 3000
targets -set -filter {jtag_cable_name =~ "Xilinx X-MLCC-01 XFL1ERK0FIC1A" && level==0 && jtag_device_ctx=="jsn-X-MLCC-01-XFL1ERK0FIC1A-04724093-0"}
fpga -file C:/Sadat_files/Academics/Current_Term/COMP3601/Project/project_repo/COMP3601_Project_Audio_tuner/audio_tuner/_ide/bitstream/speaker_2_wrapper.bit
targets -set -nocase -filter {name =~"APU*"}
loadhw -hw C:/Sadat_files/Academics/Current_Term/COMP3601/Project/project_repo/COMP3601_Project_Audio_tuner/kv260_lab3_platform/export/kv260_lab3_platform/hw/speaker_2_wrapper.xsa -mem-ranges [list {0x80000000 0xbfffffff} {0x400000000 0x5ffffffff} {0x1000000000 0x7fffffffff}] -regs
configparams force-mem-access 1
targets -set -nocase -filter {name =~"APU*"}
set mode [expr [mrd -value 0xFF5E0200] & 0xf]
targets -set -nocase -filter {name =~ "*A53*#0"}
rst -processor
dow C:/Sadat_files/Academics/Current_Term/COMP3601/Project/project_repo/COMP3601_Project_Audio_tuner/kv260_lab3_platform/export/kv260_lab3_platform/sw/kv260_lab3_platform/boot/fsbl.elf
set bp_32_38_fsbl_bp [bpadd -addr &XFsbl_Exit]
con -block -timeout 60
bpremove $bp_32_38_fsbl_bp
targets -set -nocase -filter {name =~ "*A53*#0"}
rst -processor
dow C:/Sadat_files/Academics/Current_Term/COMP3601/Project/project_repo/COMP3601_Project_Audio_tuner/audio_tuner/Debug/audio_tuner.elf
configparams force-mem-access 0
----------------End of Script----------------

12:32:40 INFO  : Context for processor 'psu_cortexa53_0' is selected.
12:32:40 INFO  : 'con' command is executed.
12:32:40 INFO  : ----------------XSDB Script (After Launch)----------------
targets -set -nocase -filter {name =~ "*A53*#0"}
con
----------------End of Script----------------

12:32:40 INFO  : Launch script is exported to file 'C:\Sadat_files\Academics\Current_Term\COMP3601\Project\project_repo\COMP3601_Project_Audio_tuner\audio_tuner_system\_ide\scripts\systemdebugger_audio_tuner_system_1_standalone.tcl'
12:36:07 INFO  : Disconnected from the channel tcfchan#7.
12:36:07 INFO  : Connected to target on host '127.0.0.1' and port '3121'.
12:36:08 INFO  : Jtag cable 'Xilinx X-MLCC-01 XFL1ERK0FIC1A' is selected.
12:36:08 INFO  : 'jtag frequency' command is executed.
12:36:08 INFO  : Sourcing of 'C:/Xilinx/Vitis/2024.1/scripts/vitis/util/zynqmp_utils.tcl' is done.
12:36:08 INFO  : Context for 'APU' is selected.
12:36:08 INFO  : System reset is completed.
12:36:11 INFO  : 'after 3000' command is executed.
12:36:11 INFO  : 'targets -set -filter {jtag_cable_name =~ "Xilinx X-MLCC-01 XFL1ERK0FIC1A" && level==0 && jtag_device_ctx=="jsn-X-MLCC-01-XFL1ERK0FIC1A-04724093-0"}' command is executed.
12:36:16 INFO  : Device configured successfully with "C:/Sadat_files/Academics/Current_Term/COMP3601/Project/project_repo/COMP3601_Project_Audio_tuner/audio_tuner/_ide/bitstream/speaker_2_wrapper.bit"
12:36:16 INFO  : Context for 'APU' is selected.
12:36:16 INFO  : Hardware design and registers information is loaded from 'C:/Sadat_files/Academics/Current_Term/COMP3601/Project/project_repo/COMP3601_Project_Audio_tuner/kv260_lab3_platform/export/kv260_lab3_platform/hw/speaker_2_wrapper.xsa'.
12:36:16 INFO  : 'configparams force-mem-access 1' command is executed.
12:36:16 INFO  : Context for 'APU' is selected.
12:36:16 INFO  : Boot mode is read from the target.
12:36:16 INFO  : Context for processor 'psu_cortexa53_0' is selected.
12:36:16 INFO  : Processor reset is completed for 'psu_cortexa53_0'.
12:36:16 INFO  : The application 'C:/Sadat_files/Academics/Current_Term/COMP3601/Project/project_repo/COMP3601_Project_Audio_tuner/kv260_lab3_platform/export/kv260_lab3_platform/sw/kv260_lab3_platform/boot/fsbl.elf' is downloaded to processor 'psu_cortexa53_0'.
12:36:16 INFO  : 'set bp_36_16_fsbl_bp [bpadd -addr &XFsbl_Exit]' command is executed.
12:36:17 INFO  : 'con -block -timeout 60' command is executed.
12:36:17 INFO  : 'bpremove $bp_36_16_fsbl_bp' command is executed.
12:36:17 INFO  : Context for processor 'psu_cortexa53_0' is selected.
12:36:17 INFO  : Processor reset is completed for 'psu_cortexa53_0'.
12:36:18 INFO  : The application 'C:/Sadat_files/Academics/Current_Term/COMP3601/Project/project_repo/COMP3601_Project_Audio_tuner/audio_tuner/Debug/audio_tuner.elf' is downloaded to processor 'psu_cortexa53_0'.
12:36:18 INFO  : 'configparams force-mem-access 0' command is executed.
12:36:18 INFO  : ----------------XSDB Script----------------
connect -url tcp:127.0.0.1:3121
source C:/Xilinx/Vitis/2024.1/scripts/vitis/util/zynqmp_utils.tcl
targets -set -nocase -filter {name =~"APU*"}
rst -system
after 3000
targets -set -filter {jtag_cable_name =~ "Xilinx X-MLCC-01 XFL1ERK0FIC1A" && level==0 && jtag_device_ctx=="jsn-X-MLCC-01-XFL1ERK0FIC1A-04724093-0"}
fpga -file C:/Sadat_files/Academics/Current_Term/COMP3601/Project/project_repo/COMP3601_Project_Audio_tuner/audio_tuner/_ide/bitstream/speaker_2_wrapper.bit
targets -set -nocase -filter {name =~"APU*"}
loadhw -hw C:/Sadat_files/Academics/Current_Term/COMP3601/Project/project_repo/COMP3601_Project_Audio_tuner/kv260_lab3_platform/export/kv260_lab3_platform/hw/speaker_2_wrapper.xsa -mem-ranges [list {0x80000000 0xbfffffff} {0x400000000 0x5ffffffff} {0x1000000000 0x7fffffffff}] -regs
configparams force-mem-access 1
targets -set -nocase -filter {name =~"APU*"}
set mode [expr [mrd -value 0xFF5E0200] & 0xf]
targets -set -nocase -filter {name =~ "*A53*#0"}
rst -processor
dow C:/Sadat_files/Academics/Current_Term/COMP3601/Project/project_repo/COMP3601_Project_Audio_tuner/kv260_lab3_platform/export/kv260_lab3_platform/sw/kv260_lab3_platform/boot/fsbl.elf
set bp_36_16_fsbl_bp [bpadd -addr &XFsbl_Exit]
con -block -timeout 60
bpremove $bp_36_16_fsbl_bp
targets -set -nocase -filter {name =~ "*A53*#0"}
rst -processor
dow C:/Sadat_files/Academics/Current_Term/COMP3601/Project/project_repo/COMP3601_Project_Audio_tuner/audio_tuner/Debug/audio_tuner.elf
configparams force-mem-access 0
----------------End of Script----------------

12:36:18 INFO  : Context for processor 'psu_cortexa53_0' is selected.
12:36:18 INFO  : 'con' command is executed.
12:36:18 INFO  : ----------------XSDB Script (After Launch)----------------
targets -set -nocase -filter {name =~ "*A53*#0"}
con
----------------End of Script----------------

12:36:18 INFO  : Launch script is exported to file 'C:\Sadat_files\Academics\Current_Term\COMP3601\Project\project_repo\COMP3601_Project_Audio_tuner\audio_tuner_system\_ide\scripts\systemdebugger_audio_tuner_system_1_standalone.tcl'
12:42:41 INFO  : Disconnected from the channel tcfchan#8.
