TRACE::2025-11-13.12:59:48::SCWPlatform::Trying to open the hw design at C:/unswworks/workspace/project_plat/hw/v2.0.xsa
TRACE::2025-11-13.12:59:48::SCWPlatform::DSA given C:/unswworks/workspace/project_plat/hw/v2.0.xsa
TRACE::2025-11-13.12:59:48::SCWPlatform::DSA absoulate path C:/unswworks/workspace/project_plat/hw/v2.0.xsa
TRACE::2025-11-13.12:59:49::SCWPlatform::DSA directory C:/unswworks/workspace/project_plat/hw
TRACE::2025-11-13.12:59:49::SCWPlatform:: Platform Path C:/unswworks/workspace/project_plat/hw/v2.0.xsa
TRACE::2025-11-13.12:59:49::SCWPlatform:: Unique name xilinx:kv260_som::0.0
TRACE::2025-11-13.12:59:49::SCWPlatform::Do not have an existing db opened. 
TRACE::2025-11-13.12:59:54::SCWPlatform::Opened new HwDB with name design_1_wrapper_0
TRACE::2025-11-13.12:59:54::SCWWriter::formatted JSON is {
	"platformName":	"project_plat",
	"sprVersion":	"2.0",
	"mode":	"gui",
	"dsaType":	"Fixed",
	"platformDesc":	"project_plat",
	"platHandOff":	"C:/unswworks/COMP3601/COMP3601_Project_Audio_tuner/v2.0.xsa",
	"platIntHandOff":	"<platformDir>/hw/v2.0.xsa",
	"deviceType":	"zynqMP",
	"platIsPrebuiltAutogen":	"false",
	"platIsNoBootBsp":	"false",
	"hasFsblMakeHasChanges":	"false",
	"hasPmufwMakeHasChanges":	"false",
	"platPreBuiltFlag":	false,
	"platformSamplesDir":	""
}
TRACE::2025-11-13.12:59:54::SCWWriter::formatted JSON is {
	"platformName":	"project_plat",
	"sprVersion":	"2.0",
	"mode":	"gui",
	"dsaType":	"Fixed",
	"platformDesc":	"project_plat",
	"platHandOff":	"C:/unswworks/COMP3601/COMP3601_Project_Audio_tuner/v2.0.xsa",
	"platIntHandOff":	"<platformDir>/hw/v2.0.xsa",
	"deviceType":	"zynqMP",
	"platIsPrebuiltAutogen":	"false",
	"platIsNoBootBsp":	"false",
	"hasFsblMakeHasChanges":	"false",
	"hasPmufwMakeHasChanges":	"false",
	"platPreBuiltFlag":	false,
	"platformSamplesDir":	"",
	"platActiveSys":	"project_plat",
	"systems":	[{
			"systemName":	"project_plat",
			"systemDesc":	"project_plat",
			"sysIsBootAutoGen":	"true",
			"systemDispName":	"project_plat"
		}]
}
TRACE::2025-11-13.12:59:54::SCWPlatform::Boot application domains not present, creating them
TRACE::2025-11-13.12:59:54::SCWDomain::checking for install qemu data   : 
TRACE::2025-11-13.12:59:54::SCWDomain:: Using the QEMU Data from install at  : D:/Vivado/Vitis/2024.1/data/emulation/platforms/zynqmp/sw/a53_standalone/qemu/
TRACE::2025-11-13.12:59:54::SCWDomain:: Using the QEMU args  from install at  : D:/Vivado/Vitis/2024.1/data/emulation/platforms/zynqmp/sw/a53_standalone/qemu/qemu_args.txt
TRACE::2025-11-13.12:59:54::SCWDomain:: Using the PMUQEMU args from install at  : D:/Vivado/Vitis/2024.1/data/emulation/platforms/zynqmp/sw/a53_standalone/qemu/pmu_args.txt
TRACE::2025-11-13.12:59:54::SCWPlatform::Trying to open the hw design at C:/unswworks/workspace/project_plat/hw/v2.0.xsa
TRACE::2025-11-13.12:59:54::SCWPlatform::DSA given C:/unswworks/workspace/project_plat/hw/v2.0.xsa
TRACE::2025-11-13.12:59:54::SCWPlatform::DSA absoulate path C:/unswworks/workspace/project_plat/hw/v2.0.xsa
TRACE::2025-11-13.12:59:54::SCWPlatform::DSA directory C:/unswworks/workspace/project_plat/hw
TRACE::2025-11-13.12:59:54::SCWPlatform:: Platform Path C:/unswworks/workspace/project_plat/hw/v2.0.xsa
TRACE::2025-11-13.12:59:54::SCWPlatform:: Unique name xilinx:kv260_som::0.0
TRACE::2025-11-13.12:59:54::SCWPlatform::Trying to set the existing hwdb with name design_1_wrapper_0
TRACE::2025-11-13.12:59:54::SCWPlatform::Opened existing hwdb design_1_wrapper_0
TRACE::2025-11-13.12:59:54::SCWPlatform::Found the Hw Db part of the input DSA
TRACE::2025-11-13.12:59:54::SCWPlatform::Trying to open the hw design at C:/unswworks/workspace/project_plat/hw/v2.0.xsa
TRACE::2025-11-13.12:59:54::SCWPlatform::DSA given C:/unswworks/workspace/project_plat/hw/v2.0.xsa
TRACE::2025-11-13.12:59:54::SCWPlatform::DSA absoulate path C:/unswworks/workspace/project_plat/hw/v2.0.xsa
TRACE::2025-11-13.12:59:54::SCWPlatform::DSA directory C:/unswworks/workspace/project_plat/hw
TRACE::2025-11-13.12:59:54::SCWPlatform:: Platform Path C:/unswworks/workspace/project_plat/hw/v2.0.xsa
TRACE::2025-11-13.12:59:54::SCWPlatform:: Unique name xilinx:kv260_som::0.0
TRACE::2025-11-13.12:59:54::SCWPlatform::Trying to set the existing hwdb with name design_1_wrapper_0
TRACE::2025-11-13.12:59:54::SCWPlatform::Opened existing hwdb design_1_wrapper_0
TRACE::2025-11-13.12:59:54::SCWPlatform::Found the Hw Db part of the input DSA
TRACE::2025-11-13.12:59:54::SCWPlatform::Trying to open the hw design at C:/unswworks/workspace/project_plat/hw/v2.0.xsa
TRACE::2025-11-13.12:59:54::SCWPlatform::DSA given C:/unswworks/workspace/project_plat/hw/v2.0.xsa
TRACE::2025-11-13.12:59:54::SCWPlatform::DSA absoulate path C:/unswworks/workspace/project_plat/hw/v2.0.xsa
TRACE::2025-11-13.12:59:54::SCWPlatform::DSA directory C:/unswworks/workspace/project_plat/hw
TRACE::2025-11-13.12:59:54::SCWPlatform:: Platform Path C:/unswworks/workspace/project_plat/hw/v2.0.xsa
TRACE::2025-11-13.12:59:54::SCWPlatform:: Unique name xilinx:kv260_som::0.0
TRACE::2025-11-13.12:59:54::SCWPlatform::Trying to set the existing hwdb with name design_1_wrapper_0
TRACE::2025-11-13.12:59:54::SCWPlatform::Opened existing hwdb design_1_wrapper_0
TRACE::2025-11-13.12:59:54::SCWPlatform::Found the Hw Db part of the input DSA
TRACE::2025-11-13.12:59:54::SCWPlatform::Boot application domain added for zynqmp_fsbl
TRACE::2025-11-13.12:59:54::SCWPlatform::Generating the sources  .
TRACE::2025-11-13.12:59:54::SCWBDomain::Generating boot domain sources.
TRACE::2025-11-13.12:59:54::SCWBDomain:: Generating the zynqmp_fsbl Application.
TRACE::2025-11-13.12:59:54::SCWPlatform::Trying to open the hw design at C:/unswworks/workspace/project_plat/hw/v2.0.xsa
TRACE::2025-11-13.12:59:54::SCWPlatform::DSA given C:/unswworks/workspace/project_plat/hw/v2.0.xsa
TRACE::2025-11-13.12:59:54::SCWPlatform::DSA absoulate path C:/unswworks/workspace/project_plat/hw/v2.0.xsa
TRACE::2025-11-13.12:59:54::SCWPlatform::DSA directory C:/unswworks/workspace/project_plat/hw
TRACE::2025-11-13.12:59:54::SCWPlatform:: Platform Path C:/unswworks/workspace/project_plat/hw/v2.0.xsa
TRACE::2025-11-13.12:59:54::SCWPlatform:: Unique name xilinx:kv260_som::0.0
TRACE::2025-11-13.12:59:54::SCWPlatform::Trying to set the existing hwdb with name design_1_wrapper_0
TRACE::2025-11-13.12:59:54::SCWPlatform::Opened existing hwdb design_1_wrapper_0
TRACE::2025-11-13.12:59:54::SCWPlatform::Found the Hw Db part of the input DSA
TRACE::2025-11-13.12:59:54::SCWMssOS::Checking the sw design at  C:/unswworks/workspace/project_plat/zynqmp_fsbl/zynqmp_fsbl_bsp/system.mss
TRACE::2025-11-13.12:59:54::SCWMssOS::DEBUG:  swdes dump  
TRACE::2025-11-13.12:59:54::SCWMssOS::No sw design opened at  C:/unswworks/workspace/project_plat/zynqmp_fsbl/zynqmp_fsbl_bsp/system.mss
TRACE::2025-11-13.12:59:54::SCWMssOS::mss does not exists at C:/unswworks/workspace/project_plat/zynqmp_fsbl/zynqmp_fsbl_bsp/system.mss
TRACE::2025-11-13.12:59:54::SCWMssOS::Creating sw design at  C:/unswworks/workspace/project_plat/zynqmp_fsbl/zynqmp_fsbl_bsp/system.mss
TRACE::2025-11-13.12:59:54::SCWMssOS::Adding the swdes entry, created swdb C:/unswworks/workspace/project_plat/zynqmp_fsbl/zynqmp_fsbl_bsp/system.mss with des name C:/unswworks/workspace/project_plat/zynqmp_fsbl/zynqmp_fsbl_bsp/system.mss
TRACE::2025-11-13.12:59:54::SCWMssOS::updating the scw layer changes to swdes at   C:/unswworks/workspace/project_plat/zynqmp_fsbl/zynqmp_fsbl_bsp/system.mss
TRACE::2025-11-13.12:59:54::SCWMssOS::Writing mss at C:/unswworks/workspace/project_plat/zynqmp_fsbl/zynqmp_fsbl_bsp/system.mss
TRACE::2025-11-13.12:59:54::SCWMssOS::Completed writing the mss file at C:/unswworks/workspace/project_plat/zynqmp_fsbl/zynqmp_fsbl_bsp
TRACE::2025-11-13.12:59:54::SCWMssOS::Picking up changes from newly written mss file into SCW Layer. 
TRACE::2025-11-13.12:59:55::SCWMssOS::Updated the changes from newly written mss file into SCW Layer. 
TRACE::2025-11-13.12:59:55::SCWBDomain::Completed writing the mss file at C:/unswworks/workspace/project_plat/zynqmp_fsbl/zynqmp_fsbl_bsp
TRACE::2025-11-13.13:00:24::SCWPlatform::Generating sources Done.
TRACE::2025-11-13.13:00:24::SCWDomain::checking for install qemu data   : 
TRACE::2025-11-13.13:00:24::SCWDomain:: Using the QEMU Data from install at  : D:/Vivado/Vitis/2024.1/data/emulation/platforms/zynqmp/sw/a53_standalone/qemu/
TRACE::2025-11-13.13:00:24::SCWDomain:: Using the QEMU args  from install at  : D:/Vivado/Vitis/2024.1/data/emulation/platforms/zynqmp/sw/a53_standalone/qemu/qemu_args.txt
TRACE::2025-11-13.13:00:24::SCWDomain:: Using the PMUQEMU args from install at  : D:/Vivado/Vitis/2024.1/data/emulation/platforms/zynqmp/sw/a53_standalone/qemu/pmu_args.txt
TRACE::2025-11-13.13:00:24::SCWPlatform::Trying to open the hw design at C:/unswworks/workspace/project_plat/hw/v2.0.xsa
TRACE::2025-11-13.13:00:24::SCWPlatform::DSA given C:/unswworks/workspace/project_plat/hw/v2.0.xsa
TRACE::2025-11-13.13:00:24::SCWPlatform::DSA absoulate path C:/unswworks/workspace/project_plat/hw/v2.0.xsa
TRACE::2025-11-13.13:00:24::SCWPlatform::DSA directory C:/unswworks/workspace/project_plat/hw
TRACE::2025-11-13.13:00:24::SCWPlatform:: Platform Path C:/unswworks/workspace/project_plat/hw/v2.0.xsa
TRACE::2025-11-13.13:00:24::SCWPlatform:: Unique name xilinx:kv260_som::0.0
TRACE::2025-11-13.13:00:24::SCWPlatform::Trying to set the existing hwdb with name design_1_wrapper_0
TRACE::2025-11-13.13:00:24::SCWPlatform::Opened existing hwdb design_1_wrapper_0
TRACE::2025-11-13.13:00:24::SCWPlatform::Found the Hw Db part of the input DSA
TRACE::2025-11-13.13:00:24::SCWPlatform::Boot application domain added for zynqmp_pmufw
TRACE::2025-11-13.13:00:24::SCWPlatform::Generating the sources  .
TRACE::2025-11-13.13:00:24::SCWBDomain::Generating boot domain sources.
TRACE::2025-11-13.13:00:24::SCWBDomain:: Generating the zynqmp_pmufw Application.
TRACE::2025-11-13.13:00:24::SCWPlatform::Trying to open the hw design at C:/unswworks/workspace/project_plat/hw/v2.0.xsa
TRACE::2025-11-13.13:00:24::SCWPlatform::DSA given C:/unswworks/workspace/project_plat/hw/v2.0.xsa
TRACE::2025-11-13.13:00:24::SCWPlatform::DSA absoulate path C:/unswworks/workspace/project_plat/hw/v2.0.xsa
TRACE::2025-11-13.13:00:24::SCWPlatform::DSA directory C:/unswworks/workspace/project_plat/hw
TRACE::2025-11-13.13:00:24::SCWPlatform:: Platform Path C:/unswworks/workspace/project_plat/hw/v2.0.xsa
TRACE::2025-11-13.13:00:24::SCWPlatform:: Unique name xilinx:kv260_som::0.0
TRACE::2025-11-13.13:00:24::SCWPlatform::Trying to set the existing hwdb with name design_1_wrapper_0
TRACE::2025-11-13.13:00:24::SCWPlatform::Opened existing hwdb design_1_wrapper_0
TRACE::2025-11-13.13:00:24::SCWPlatform::Found the Hw Db part of the input DSA
TRACE::2025-11-13.13:00:24::SCWMssOS::Checking the sw design at  C:/unswworks/workspace/project_plat/zynqmp_pmufw/zynqmp_pmufw_bsp/system.mss
TRACE::2025-11-13.13:00:24::SCWMssOS::DEBUG:  swdes dump  
TRACE::2025-11-13.13:00:24::SCWMssOS::No sw design opened at  C:/unswworks/workspace/project_plat/zynqmp_pmufw/zynqmp_pmufw_bsp/system.mss
TRACE::2025-11-13.13:00:24::SCWMssOS::mss does not exists at C:/unswworks/workspace/project_plat/zynqmp_pmufw/zynqmp_pmufw_bsp/system.mss
TRACE::2025-11-13.13:00:24::SCWMssOS::Creating sw design at  C:/unswworks/workspace/project_plat/zynqmp_pmufw/zynqmp_pmufw_bsp/system.mss
TRACE::2025-11-13.13:00:24::SCWMssOS::Adding the swdes entry, created swdb C:/unswworks/workspace/project_plat/zynqmp_pmufw/zynqmp_pmufw_bsp/system.mss with des name C:/unswworks/workspace/project_plat/zynqmp_pmufw/zynqmp_pmufw_bsp/system.mss
TRACE::2025-11-13.13:00:24::SCWMssOS::updating the scw layer changes to swdes at   C:/unswworks/workspace/project_plat/zynqmp_pmufw/zynqmp_pmufw_bsp/system.mss
TRACE::2025-11-13.13:00:24::SCWMssOS::Writing mss at C:/unswworks/workspace/project_plat/zynqmp_pmufw/zynqmp_pmufw_bsp/system.mss
TRACE::2025-11-13.13:00:24::SCWMssOS::Completed writing the mss file at C:/unswworks/workspace/project_plat/zynqmp_pmufw/zynqmp_pmufw_bsp
TRACE::2025-11-13.13:00:24::SCWMssOS::Picking up changes from newly written mss file into SCW Layer. 
TRACE::2025-11-13.13:00:24::SCWMssOS::Updated the changes from newly written mss file into SCW Layer. 
TRACE::2025-11-13.13:00:24::SCWBDomain::Completed writing the mss file at C:/unswworks/workspace/project_plat/zynqmp_pmufw/zynqmp_pmufw_bsp
TRACE::2025-11-13.13:00:30::SCWPlatform::Generating sources Done.
TRACE::2025-11-13.13:00:30::SCWPlatform::Trying to open the hw design at C:/unswworks/workspace/project_plat/hw/v2.0.xsa
TRACE::2025-11-13.13:00:30::SCWPlatform::DSA given C:/unswworks/workspace/project_plat/hw/v2.0.xsa
TRACE::2025-11-13.13:00:30::SCWPlatform::DSA absoulate path C:/unswworks/workspace/project_plat/hw/v2.0.xsa
TRACE::2025-11-13.13:00:30::SCWPlatform::DSA directory C:/unswworks/workspace/project_plat/hw
TRACE::2025-11-13.13:00:30::SCWPlatform:: Platform Path C:/unswworks/workspace/project_plat/hw/v2.0.xsa
TRACE::2025-11-13.13:00:30::SCWPlatform:: Unique name xilinx:kv260_som::0.0
TRACE::2025-11-13.13:00:30::SCWPlatform::Trying to set the existing hwdb with name design_1_wrapper_0
TRACE::2025-11-13.13:00:30::SCWPlatform::Opened existing hwdb design_1_wrapper_0
TRACE::2025-11-13.13:00:30::SCWPlatform::Found the Hw Db part of the input DSA
TRACE::2025-11-13.13:00:30::SCWMssOS::Checking the sw design at  C:/unswworks/workspace/project_plat/zynqmp_fsbl/zynqmp_fsbl_bsp/system.mss
TRACE::2025-11-13.13:00:30::SCWMssOS::DEBUG:  swdes dump  
TRACE::2025-11-13.13:00:30::SCWMssOS::No sw design opened at  C:/unswworks/workspace/project_plat/zynqmp_fsbl/zynqmp_fsbl_bsp/system.mss
TRACE::2025-11-13.13:00:30::SCWMssOS::mss exists loading the mss file  C:/unswworks/workspace/project_plat/zynqmp_fsbl/zynqmp_fsbl_bsp/system.mss
TRACE::2025-11-13.13:00:30::SCWMssOS::Opened the sw design from mss  C:/unswworks/workspace/project_plat/zynqmp_fsbl/zynqmp_fsbl_bsp/system.mss
TRACE::2025-11-13.13:00:30::SCWMssOS::Adding the swdes entry C:/unswworks/workspace/project_plat/zynqmp_fsbl/zynqmp_fsbl_bsp/system.mss with des name system
TRACE::2025-11-13.13:00:30::SCWMssOS::updating the scw layer about changes
TRACE::2025-11-13.13:00:30::SCWMssOS::Opened the sw design.  C:/unswworks/workspace/project_plat/zynqmp_fsbl/zynqmp_fsbl_bsp/system.mss
TRACE::2025-11-13.13:00:30::SCWPlatform::Trying to open the hw design at C:/unswworks/workspace/project_plat/hw/v2.0.xsa
TRACE::2025-11-13.13:00:30::SCWPlatform::DSA given C:/unswworks/workspace/project_plat/hw/v2.0.xsa
TRACE::2025-11-13.13:00:30::SCWPlatform::DSA absoulate path C:/unswworks/workspace/project_plat/hw/v2.0.xsa
TRACE::2025-11-13.13:00:30::SCWPlatform::DSA directory C:/unswworks/workspace/project_plat/hw
TRACE::2025-11-13.13:00:30::SCWPlatform:: Platform Path C:/unswworks/workspace/project_plat/hw/v2.0.xsa
TRACE::2025-11-13.13:00:30::SCWPlatform:: Unique name xilinx:kv260_som::0.0
TRACE::2025-11-13.13:00:30::SCWPlatform::Trying to set the existing hwdb with name design_1_wrapper_0
TRACE::2025-11-13.13:00:30::SCWPlatform::Opened existing hwdb design_1_wrapper_0
TRACE::2025-11-13.13:00:30::SCWPlatform::Found the Hw Db part of the input DSA
TRACE::2025-11-13.13:00:30::SCWMssOS::Checking the sw design at  C:/unswworks/workspace/project_plat/zynqmp_pmufw/zynqmp_pmufw_bsp/system.mss
TRACE::2025-11-13.13:00:30::SCWMssOS::DEBUG:  swdes dump  C:/unswworks/workspace/project_plat/zynqmp_fsbl/zynqmp_fsbl_bsp/system.mss|system||

TRACE::2025-11-13.13:00:30::SCWMssOS::No sw design opened at  C:/unswworks/workspace/project_plat/zynqmp_pmufw/zynqmp_pmufw_bsp/system.mss
TRACE::2025-11-13.13:00:30::SCWMssOS::mss exists loading the mss file  C:/unswworks/workspace/project_plat/zynqmp_pmufw/zynqmp_pmufw_bsp/system.mss
TRACE::2025-11-13.13:00:30::SCWMssOS::Opened the sw design from mss  C:/unswworks/workspace/project_plat/zynqmp_pmufw/zynqmp_pmufw_bsp/system.mss
TRACE::2025-11-13.13:00:30::SCWMssOS::Adding the swdes entry C:/unswworks/workspace/project_plat/zynqmp_pmufw/zynqmp_pmufw_bsp/system.mss with des name system_0
TRACE::2025-11-13.13:00:30::SCWMssOS::updating the scw layer about changes
TRACE::2025-11-13.13:00:30::SCWMssOS::Opened the sw design.  C:/unswworks/workspace/project_plat/zynqmp_pmufw/zynqmp_pmufw_bsp/system.mss
TRACE::2025-11-13.13:00:30::SCWMssOS::Saving the mss changes C:/unswworks/workspace/project_plat/zynqmp_fsbl/zynqmp_fsbl_bsp/system.mss
TRACE::2025-11-13.13:00:30::SCWMssOS::Found a swdesign opened with the mssfile.
TRACE::2025-11-13.13:00:30::SCWMssOS::Completed writemss as part of save.
TRACE::2025-11-13.13:00:30::SCWMssOS::Commit changes completed.
TRACE::2025-11-13.13:00:30::SCWMssOS::Saving the mss changes C:/unswworks/workspace/project_plat/zynqmp_pmufw/zynqmp_pmufw_bsp/system.mss
TRACE::2025-11-13.13:00:30::SCWMssOS::Found a swdesign opened with the mssfile.
TRACE::2025-11-13.13:00:30::SCWMssOS::Completed writemss as part of save.
TRACE::2025-11-13.13:00:30::SCWMssOS::Commit changes completed.
TRACE::2025-11-13.13:00:30::SCWPlatform::Trying to open the hw design at C:/unswworks/workspace/project_plat/hw/v2.0.xsa
TRACE::2025-11-13.13:00:30::SCWPlatform::DSA given C:/unswworks/workspace/project_plat/hw/v2.0.xsa
TRACE::2025-11-13.13:00:30::SCWPlatform::DSA absoulate path C:/unswworks/workspace/project_plat/hw/v2.0.xsa
TRACE::2025-11-13.13:00:30::SCWPlatform::DSA directory C:/unswworks/workspace/project_plat/hw
TRACE::2025-11-13.13:00:30::SCWPlatform:: Platform Path C:/unswworks/workspace/project_plat/hw/v2.0.xsa
TRACE::2025-11-13.13:00:30::SCWPlatform:: Unique name xilinx:kv260_som::0.0
TRACE::2025-11-13.13:00:30::SCWPlatform::Trying to set the existing hwdb with name design_1_wrapper_0
TRACE::2025-11-13.13:00:30::SCWPlatform::Opened existing hwdb design_1_wrapper_0
TRACE::2025-11-13.13:00:30::SCWPlatform::Found the Hw Db part of the input DSA
TRACE::2025-11-13.13:00:30::SCWMssOS::Checking the sw design at  C:/unswworks/workspace/project_plat/zynqmp_fsbl/zynqmp_fsbl_bsp/system.mss
TRACE::2025-11-13.13:00:30::SCWMssOS::DEBUG:  swdes dump  C:/unswworks/workspace/project_plat/zynqmp_fsbl/zynqmp_fsbl_bsp/system.mss|system||
C:/unswworks/workspace/project_plat/zynqmp_pmufw/zynqmp_pmufw_bsp/system.mss|system_0||

TRACE::2025-11-13.13:00:30::SCWMssOS::Sw design exists and opened at  C:/unswworks/workspace/project_plat/zynqmp_fsbl/zynqmp_fsbl_bsp/system.mss
TRACE::2025-11-13.13:00:30::SCWPlatform::Trying to open the hw design at C:/unswworks/workspace/project_plat/hw/v2.0.xsa
TRACE::2025-11-13.13:00:30::SCWPlatform::DSA given C:/unswworks/workspace/project_plat/hw/v2.0.xsa
TRACE::2025-11-13.13:00:30::SCWPlatform::DSA absoulate path C:/unswworks/workspace/project_plat/hw/v2.0.xsa
TRACE::2025-11-13.13:00:30::SCWPlatform::DSA directory C:/unswworks/workspace/project_plat/hw
TRACE::2025-11-13.13:00:30::SCWPlatform:: Platform Path C:/unswworks/workspace/project_plat/hw/v2.0.xsa
TRACE::2025-11-13.13:00:30::SCWPlatform:: Unique name xilinx:kv260_som::0.0
TRACE::2025-11-13.13:00:30::SCWPlatform::Trying to set the existing hwdb with name design_1_wrapper_0
TRACE::2025-11-13.13:00:30::SCWPlatform::Opened existing hwdb design_1_wrapper_0
TRACE::2025-11-13.13:00:30::SCWPlatform::Found the Hw Db part of the input DSA
TRACE::2025-11-13.13:00:30::SCWMssOS::Checking the sw design at  C:/unswworks/workspace/project_plat/zynqmp_fsbl/zynqmp_fsbl_bsp/system.mss
TRACE::2025-11-13.13:00:30::SCWMssOS::DEBUG:  swdes dump  C:/unswworks/workspace/project_plat/zynqmp_fsbl/zynqmp_fsbl_bsp/system.mss|system||
C:/unswworks/workspace/project_plat/zynqmp_pmufw/zynqmp_pmufw_bsp/system.mss|system_0||

TRACE::2025-11-13.13:00:30::SCWMssOS::Sw design exists and opened at  C:/unswworks/workspace/project_plat/zynqmp_fsbl/zynqmp_fsbl_bsp/system.mss
TRACE::2025-11-13.13:00:30::SCWPlatform::Trying to open the hw design at C:/unswworks/workspace/project_plat/hw/v2.0.xsa
TRACE::2025-11-13.13:00:30::SCWPlatform::DSA given C:/unswworks/workspace/project_plat/hw/v2.0.xsa
TRACE::2025-11-13.13:00:30::SCWPlatform::DSA absoulate path C:/unswworks/workspace/project_plat/hw/v2.0.xsa
TRACE::2025-11-13.13:00:30::SCWPlatform::DSA directory C:/unswworks/workspace/project_plat/hw
TRACE::2025-11-13.13:00:30::SCWPlatform:: Platform Path C:/unswworks/workspace/project_plat/hw/v2.0.xsa
TRACE::2025-11-13.13:00:30::SCWPlatform:: Unique name xilinx:kv260_som::0.0
TRACE::2025-11-13.13:00:30::SCWPlatform::Trying to set the existing hwdb with name design_1_wrapper_0
TRACE::2025-11-13.13:00:30::SCWPlatform::Opened existing hwdb design_1_wrapper_0
TRACE::2025-11-13.13:00:30::SCWPlatform::Found the Hw Db part of the input DSA
TRACE::2025-11-13.13:00:30::SCWMssOS::Checking the sw design at  C:/unswworks/workspace/project_plat/zynqmp_fsbl/zynqmp_fsbl_bsp/system.mss
TRACE::2025-11-13.13:00:30::SCWMssOS::DEBUG:  swdes dump  C:/unswworks/workspace/project_plat/zynqmp_fsbl/zynqmp_fsbl_bsp/system.mss|system||
C:/unswworks/workspace/project_plat/zynqmp_pmufw/zynqmp_pmufw_bsp/system.mss|system_0||

TRACE::2025-11-13.13:00:30::SCWMssOS::Sw design exists and opened at  C:/unswworks/workspace/project_plat/zynqmp_fsbl/zynqmp_fsbl_bsp/system.mss
TRACE::2025-11-13.13:00:30::SCWPlatform::Trying to open the hw design at C:/unswworks/workspace/project_plat/hw/v2.0.xsa
TRACE::2025-11-13.13:00:30::SCWPlatform::DSA given C:/unswworks/workspace/project_plat/hw/v2.0.xsa
TRACE::2025-11-13.13:00:30::SCWPlatform::DSA absoulate path C:/unswworks/workspace/project_plat/hw/v2.0.xsa
TRACE::2025-11-13.13:00:30::SCWPlatform::DSA directory C:/unswworks/workspace/project_plat/hw
TRACE::2025-11-13.13:00:30::SCWPlatform:: Platform Path C:/unswworks/workspace/project_plat/hw/v2.0.xsa
TRACE::2025-11-13.13:00:30::SCWPlatform:: Unique name xilinx:kv260_som::0.0
TRACE::2025-11-13.13:00:30::SCWPlatform::Trying to set the existing hwdb with name design_1_wrapper_0
TRACE::2025-11-13.13:00:30::SCWPlatform::Opened existing hwdb design_1_wrapper_0
TRACE::2025-11-13.13:00:30::SCWPlatform::Found the Hw Db part of the input DSA
TRACE::2025-11-13.13:00:30::SCWMssOS::Checking the sw design at  C:/unswworks/workspace/project_plat/zynqmp_pmufw/zynqmp_pmufw_bsp/system.mss
TRACE::2025-11-13.13:00:30::SCWMssOS::DEBUG:  swdes dump  C:/unswworks/workspace/project_plat/zynqmp_fsbl/zynqmp_fsbl_bsp/system.mss|system||
C:/unswworks/workspace/project_plat/zynqmp_pmufw/zynqmp_pmufw_bsp/system.mss|system_0||

TRACE::2025-11-13.13:00:30::SCWMssOS::Sw design exists and opened at  C:/unswworks/workspace/project_plat/zynqmp_pmufw/zynqmp_pmufw_bsp/system.mss
TRACE::2025-11-13.13:00:30::SCWPlatform::Trying to open the hw design at C:/unswworks/workspace/project_plat/hw/v2.0.xsa
TRACE::2025-11-13.13:00:30::SCWPlatform::DSA given C:/unswworks/workspace/project_plat/hw/v2.0.xsa
TRACE::2025-11-13.13:00:30::SCWPlatform::DSA absoulate path C:/unswworks/workspace/project_plat/hw/v2.0.xsa
TRACE::2025-11-13.13:00:30::SCWPlatform::DSA directory C:/unswworks/workspace/project_plat/hw
TRACE::2025-11-13.13:00:30::SCWPlatform:: Platform Path C:/unswworks/workspace/project_plat/hw/v2.0.xsa
TRACE::2025-11-13.13:00:30::SCWPlatform:: Unique name xilinx:kv260_som::0.0
TRACE::2025-11-13.13:00:30::SCWPlatform::Trying to set the existing hwdb with name design_1_wrapper_0
TRACE::2025-11-13.13:00:30::SCWPlatform::Opened existing hwdb design_1_wrapper_0
TRACE::2025-11-13.13:00:30::SCWPlatform::Found the Hw Db part of the input DSA
TRACE::2025-11-13.13:00:30::SCWMssOS::Checking the sw design at  C:/unswworks/workspace/project_plat/zynqmp_pmufw/zynqmp_pmufw_bsp/system.mss
TRACE::2025-11-13.13:00:30::SCWMssOS::DEBUG:  swdes dump  C:/unswworks/workspace/project_plat/zynqmp_fsbl/zynqmp_fsbl_bsp/system.mss|system||
C:/unswworks/workspace/project_plat/zynqmp_pmufw/zynqmp_pmufw_bsp/system.mss|system_0||

TRACE::2025-11-13.13:00:30::SCWMssOS::Sw design exists and opened at  C:/unswworks/workspace/project_plat/zynqmp_pmufw/zynqmp_pmufw_bsp/system.mss
TRACE::2025-11-13.13:00:30::SCWPlatform::Trying to open the hw design at C:/unswworks/workspace/project_plat/hw/v2.0.xsa
TRACE::2025-11-13.13:00:30::SCWPlatform::DSA given C:/unswworks/workspace/project_plat/hw/v2.0.xsa
TRACE::2025-11-13.13:00:30::SCWPlatform::DSA absoulate path C:/unswworks/workspace/project_plat/hw/v2.0.xsa
TRACE::2025-11-13.13:00:30::SCWPlatform::DSA directory C:/unswworks/workspace/project_plat/hw
TRACE::2025-11-13.13:00:30::SCWPlatform:: Platform Path C:/unswworks/workspace/project_plat/hw/v2.0.xsa
TRACE::2025-11-13.13:00:30::SCWPlatform:: Unique name xilinx:kv260_som::0.0
TRACE::2025-11-13.13:00:30::SCWPlatform::Trying to set the existing hwdb with name design_1_wrapper_0
TRACE::2025-11-13.13:00:30::SCWPlatform::Opened existing hwdb design_1_wrapper_0
TRACE::2025-11-13.13:00:30::SCWPlatform::Found the Hw Db part of the input DSA
TRACE::2025-11-13.13:00:30::SCWMssOS::Checking the sw design at  C:/unswworks/workspace/project_plat/zynqmp_pmufw/zynqmp_pmufw_bsp/system.mss
TRACE::2025-11-13.13:00:30::SCWMssOS::DEBUG:  swdes dump  C:/unswworks/workspace/project_plat/zynqmp_fsbl/zynqmp_fsbl_bsp/system.mss|system||
C:/unswworks/workspace/project_plat/zynqmp_pmufw/zynqmp_pmufw_bsp/system.mss|system_0||

TRACE::2025-11-13.13:00:30::SCWMssOS::Sw design exists and opened at  C:/unswworks/workspace/project_plat/zynqmp_pmufw/zynqmp_pmufw_bsp/system.mss
TRACE::2025-11-13.13:00:30::SCWWriter::formatted JSON is {
	"platformName":	"project_plat",
	"sprVersion":	"2.0",
	"mode":	"gui",
	"dsaType":	"Fixed",
	"platformDesc":	"project_plat",
	"platHandOff":	"C:/unswworks/COMP3601/COMP3601_Project_Audio_tuner/v2.0.xsa",
	"platIntHandOff":	"<platformDir>/hw/v2.0.xsa",
	"deviceType":	"zynqMP",
	"platIsPrebuiltAutogen":	"false",
	"platIsNoBootBsp":	"false",
	"platFsblTarget":	"psu_cortexa53_0",
	"hasFsblMakeHasChanges":	"false",
	"hasPmufwMakeHasChanges":	"false",
	"fsblExtraCompilerFlags":	"-MMD -MP      -Wall -fmessage-length=0 -DARMA53_64 -Os -flto -ffat-lto-objects  ",
	"pmufwExtraCompilerFlags":	"-MMD -MP      -mlittle-endian -mxl-barrel-shift -mxl-pattern-compare -mcpu=v9.2 -mxl-soft-mul -Os -flto -ffat-lto-objects  ",
	"platPreBuiltFlag":	false,
	"platformSamplesDir":	"",
	"platActiveSys":	"project_plat",
	"systems":	[{
			"systemName":	"project_plat",
			"systemDesc":	"project_plat",
			"sysIsBootAutoGen":	"true",
			"systemDispName":	"project_plat",
			"sysActiveDom":	"zynqmp_pmufw",
			"sysDefaultDom":	"",
			"domains":	[{
					"domainName":	"zynqmp_fsbl",
					"domainDispName":	"zynqmp_fsbl",
					"domainDesc":	"FSBL Application BSP - Auto Generated.",
					"processors":	"psu_cortexa53_0",
					"os":	"standalone",
					"sdxOs":	"standalone",
					"debugEnable":	"",
					"domRuntimes":	["cpp"],
					"swRepo":	"",
					"mssOsVer":	"9.1",
					"mssFile":	"",
					"md5Digest":	"c840dc5ca3c31eaf7e04acf9165c0038",
					"compatibleApp":	"zynqmp_fsbl",
					"domType":	"bootDomain",
					"arch":	"64-bit",
					"appSettings":	{
						"appCompilerFlags":	"",
						"appLinkerFlags":	""
					},
					"addedLibs":	["xilffs:5.2", "xilsecure:5.3", "xilpm:5.2"],
					"libOptions":	{
						"standalone":	{
							"zynqmp_fsbl_bsp":	"true",
							"libOptionNames":	["zynqmp_fsbl_bsp"]
						},
						"xilffs":	{
							"read_only":	"true",
							"use_mkfs":	"false",
							"libOptionNames":	["read_only", "use_mkfs"]
						},
						"xilsecure":	{
							"tpm_support":	"true",
							"libOptionNames":	["tpm_support"]
						},
						"libsContainingOptions":	["standalone", "xilffs", "xilsecure"]
					},
					"prebuiltLibs":	{
						"prebuiltIncPath":	[],
						"prebuiltLibPath":	[]
					},
					"isolation":	{
					}
				}, {
					"domainName":	"zynqmp_pmufw",
					"domainDispName":	"zynqmp_pmufw",
					"domainDesc":	"PMUFW Application BSP - Auto Generated.",
					"processors":	"psu_pmu_0",
					"os":	"standalone",
					"sdxOs":	"standalone",
					"debugEnable":	"",
					"domRuntimes":	["cpp"],
					"swRepo":	"",
					"mssOsVer":	"9.1",
					"mssFile":	"",
					"md5Digest":	"44b175d2d7d102d21d15df130611c3a1",
					"compatibleApp":	"zynqmp_pmufw",
					"domType":	"bootDomain",
					"arch":	"32-bit",
					"appSettings":	{
						"appCompilerFlags":	"",
						"appLinkerFlags":	""
					},
					"addedLibs":	["xilfpga:6.6", "xilsecure:5.3", "xilskey:7.6"],
					"libOptions":	{
						"psu_pmu_0":	{
							"extra_compiler_flags":	"-g -ffunction-sections -fdata-sections -Wall -Wextra -fno-tree-loop-distribute-patterns  -Os -flto -ffat-lto-objects",
							"libOptionNames":	["extra_compiler_flags"]
						},
						"libsContainingOptions":	["psu_pmu_0"]
					},
					"prebuiltLibs":	{
						"prebuiltIncPath":	[],
						"prebuiltLibPath":	[]
					},
					"isolation":	{
					}
				}]
		}]
}
TRACE::2025-11-13.13:00:30::SCWPlatform::Trying to open the hw design at C:/unswworks/workspace/project_plat/hw/v2.0.xsa
TRACE::2025-11-13.13:00:30::SCWPlatform::DSA given C:/unswworks/workspace/project_plat/hw/v2.0.xsa
TRACE::2025-11-13.13:00:30::SCWPlatform::DSA absoulate path C:/unswworks/workspace/project_plat/hw/v2.0.xsa
TRACE::2025-11-13.13:00:30::SCWPlatform::DSA directory C:/unswworks/workspace/project_plat/hw
TRACE::2025-11-13.13:00:30::SCWPlatform:: Platform Path C:/unswworks/workspace/project_plat/hw/v2.0.xsa
TRACE::2025-11-13.13:00:30::SCWPlatform:: Unique name xilinx:kv260_som::0.0
TRACE::2025-11-13.13:00:30::SCWPlatform::Trying to set the existing hwdb with name design_1_wrapper_0
TRACE::2025-11-13.13:00:30::SCWPlatform::Opened existing hwdb design_1_wrapper_0
TRACE::2025-11-13.13:00:30::SCWPlatform::Found the Hw Db part of the input DSA
TRACE::2025-11-13.13:00:30::SCWPlatform::Trying to open the hw design at C:/unswworks/workspace/project_plat/hw/v2.0.xsa
TRACE::2025-11-13.13:00:30::SCWPlatform::DSA given C:/unswworks/workspace/project_plat/hw/v2.0.xsa
TRACE::2025-11-13.13:00:30::SCWPlatform::DSA absoulate path C:/unswworks/workspace/project_plat/hw/v2.0.xsa
TRACE::2025-11-13.13:00:30::SCWPlatform::DSA directory C:/unswworks/workspace/project_plat/hw
TRACE::2025-11-13.13:00:30::SCWPlatform:: Platform Path C:/unswworks/workspace/project_plat/hw/v2.0.xsa
TRACE::2025-11-13.13:00:30::SCWPlatform:: Unique name xilinx:kv260_som::0.0
TRACE::2025-11-13.13:00:30::SCWPlatform::Trying to set the existing hwdb with name design_1_wrapper_0
TRACE::2025-11-13.13:00:30::SCWPlatform::Opened existing hwdb design_1_wrapper_0
TRACE::2025-11-13.13:00:30::SCWPlatform::Found the Hw Db part of the input DSA
TRACE::2025-11-13.13:00:30::SCWDomain::checking for install qemu data   : 
TRACE::2025-11-13.13:00:30::SCWDomain:: Using the QEMU Data from install at  : D:/Vivado/Vitis/2024.1/data/emulation/platforms/zynqmp/sw/a53_standalone/qemu/
TRACE::2025-11-13.13:00:30::SCWDomain:: Using the QEMU args  from install at  : D:/Vivado/Vitis/2024.1/data/emulation/platforms/zynqmp/sw/a53_standalone/qemu/qemu_args.txt
TRACE::2025-11-13.13:00:30::SCWDomain:: Using the PMUQEMU args from install at  : D:/Vivado/Vitis/2024.1/data/emulation/platforms/zynqmp/sw/a53_standalone/qemu/pmu_args.txt
TRACE::2025-11-13.13:00:30::SCWPlatform::Trying to open the hw design at C:/unswworks/workspace/project_plat/hw/v2.0.xsa
TRACE::2025-11-13.13:00:30::SCWPlatform::DSA given C:/unswworks/workspace/project_plat/hw/v2.0.xsa
TRACE::2025-11-13.13:00:30::SCWPlatform::DSA absoulate path C:/unswworks/workspace/project_plat/hw/v2.0.xsa
TRACE::2025-11-13.13:00:30::SCWPlatform::DSA directory C:/unswworks/workspace/project_plat/hw
TRACE::2025-11-13.13:00:30::SCWPlatform:: Platform Path C:/unswworks/workspace/project_plat/hw/v2.0.xsa
TRACE::2025-11-13.13:00:30::SCWPlatform:: Unique name xilinx:kv260_som::0.0
TRACE::2025-11-13.13:00:30::SCWPlatform::Trying to set the existing hwdb with name design_1_wrapper_0
TRACE::2025-11-13.13:00:30::SCWPlatform::Opened existing hwdb design_1_wrapper_0
TRACE::2025-11-13.13:00:30::SCWPlatform::Found the Hw Db part of the input DSA
TRACE::2025-11-13.13:00:30::SCWPlatform::Trying to open the hw design at C:/unswworks/workspace/project_plat/hw/v2.0.xsa
TRACE::2025-11-13.13:00:30::SCWPlatform::DSA given C:/unswworks/workspace/project_plat/hw/v2.0.xsa
TRACE::2025-11-13.13:00:30::SCWPlatform::DSA absoulate path C:/unswworks/workspace/project_plat/hw/v2.0.xsa
TRACE::2025-11-13.13:00:30::SCWPlatform::DSA directory C:/unswworks/workspace/project_plat/hw
TRACE::2025-11-13.13:00:30::SCWPlatform:: Platform Path C:/unswworks/workspace/project_plat/hw/v2.0.xsa
TRACE::2025-11-13.13:00:30::SCWPlatform:: Unique name xilinx:kv260_som::0.0
TRACE::2025-11-13.13:00:30::SCWPlatform::Trying to set the existing hwdb with name design_1_wrapper_0
TRACE::2025-11-13.13:00:30::SCWPlatform::Opened existing hwdb design_1_wrapper_0
TRACE::2025-11-13.13:00:30::SCWPlatform::Found the Hw Db part of the input DSA
TRACE::2025-11-13.13:00:31::SCWDomain::Qemu Directory name is changed from "" to "qemu"
TRACE::2025-11-13.13:00:31::SCWPlatform::Trying to open the hw design at C:/unswworks/workspace/project_plat/hw/v2.0.xsa
TRACE::2025-11-13.13:00:31::SCWPlatform::DSA given C:/unswworks/workspace/project_plat/hw/v2.0.xsa
TRACE::2025-11-13.13:00:31::SCWPlatform::DSA absoulate path C:/unswworks/workspace/project_plat/hw/v2.0.xsa
TRACE::2025-11-13.13:00:31::SCWPlatform::DSA directory C:/unswworks/workspace/project_plat/hw
TRACE::2025-11-13.13:00:31::SCWPlatform:: Platform Path C:/unswworks/workspace/project_plat/hw/v2.0.xsa
TRACE::2025-11-13.13:00:31::SCWPlatform:: Unique name xilinx:kv260_som::0.0
TRACE::2025-11-13.13:00:31::SCWPlatform::Trying to set the existing hwdb with name design_1_wrapper_0
TRACE::2025-11-13.13:00:31::SCWPlatform::Opened existing hwdb design_1_wrapper_0
TRACE::2025-11-13.13:00:31::SCWPlatform::Found the Hw Db part of the input DSA
TRACE::2025-11-13.13:00:31::SCWMssOS::Checking the sw design at  C:/unswworks/workspace/project_plat/psu_cortexa53_0/standalone_domain/bsp/system.mss
TRACE::2025-11-13.13:00:31::SCWMssOS::DEBUG:  swdes dump  C:/unswworks/workspace/project_plat/zynqmp_fsbl/zynqmp_fsbl_bsp/system.mss|system||
C:/unswworks/workspace/project_plat/zynqmp_pmufw/zynqmp_pmufw_bsp/system.mss|system_0||

TRACE::2025-11-13.13:00:31::SCWMssOS::No sw design opened at  C:/unswworks/workspace/project_plat/psu_cortexa53_0/standalone_domain/bsp/system.mss
TRACE::2025-11-13.13:00:31::SCWMssOS::mss does not exists at C:/unswworks/workspace/project_plat/psu_cortexa53_0/standalone_domain/bsp/system.mss
TRACE::2025-11-13.13:00:31::SCWMssOS::Creating sw design at  C:/unswworks/workspace/project_plat/psu_cortexa53_0/standalone_domain/bsp/system.mss
TRACE::2025-11-13.13:00:31::SCWMssOS::Adding the swdes entry, created swdb C:/unswworks/workspace/project_plat/psu_cortexa53_0/standalone_domain/bsp/system.mss with des name C:/unswworks/workspace/project_plat/psu_cortexa53_0/standalone_domain/bsp/system.mss
TRACE::2025-11-13.13:00:31::SCWMssOS::updating the scw layer changes to swdes at   C:/unswworks/workspace/project_plat/psu_cortexa53_0/standalone_domain/bsp/system.mss
TRACE::2025-11-13.13:00:31::SCWMssOS::Writing mss at C:/unswworks/workspace/project_plat/psu_cortexa53_0/standalone_domain/bsp/system.mss
TRACE::2025-11-13.13:00:31::SCWMssOS::Completed writing the mss file at C:/unswworks/workspace/project_plat/psu_cortexa53_0/standalone_domain/bsp
TRACE::2025-11-13.13:00:31::SCWMssOS::Picking up changes from newly written mss file into SCW Layer. 
TRACE::2025-11-13.13:00:31::SCWMssOS::Updated the changes from newly written mss file into SCW Layer. 
TRACE::2025-11-13.13:00:31::SCWMssOS::Completed writing the mss file at C:/unswworks/workspace/project_plat/psu_cortexa53_0/standalone_domain/bsp
TRACE::2025-11-13.13:00:31::SCWMssOS::Forcing BSP Sources regeneration.
TRACE::2025-11-13.13:00:32::SCWMssOS::Saving the mss changes C:/unswworks/workspace/project_plat/zynqmp_fsbl/zynqmp_fsbl_bsp/system.mss
TRACE::2025-11-13.13:00:32::SCWMssOS::Found a swdesign opened with the mssfile.
TRACE::2025-11-13.13:00:32::SCWMssOS::Completed writemss as part of save.
TRACE::2025-11-13.13:00:32::SCWMssOS::Commit changes completed.
TRACE::2025-11-13.13:00:32::SCWMssOS::Saving the mss changes C:/unswworks/workspace/project_plat/zynqmp_pmufw/zynqmp_pmufw_bsp/system.mss
TRACE::2025-11-13.13:00:32::SCWMssOS::Found a swdesign opened with the mssfile.
TRACE::2025-11-13.13:00:32::SCWMssOS::Completed writemss as part of save.
TRACE::2025-11-13.13:00:32::SCWMssOS::Commit changes completed.
TRACE::2025-11-13.13:00:32::SCWMssOS::Saving the mss changes C:/unswworks/workspace/project_plat/psu_cortexa53_0/standalone_domain/bsp/system.mss
TRACE::2025-11-13.13:00:32::SCWMssOS::Adding the swdes entry, mss present, able to open swdb C:/unswworks/workspace/project_plat/psu_cortexa53_0/standalone_domain/bsp/system.mss with des name system_1
TRACE::2025-11-13.13:00:32::SCWMssOS::Writing the mss file completed C:/unswworks/workspace/project_plat/psu_cortexa53_0/standalone_domain/bsp/system.mss
TRACE::2025-11-13.13:00:32::SCWMssOS::Commit changes completed.
TRACE::2025-11-13.13:00:32::SCWPlatform::Trying to open the hw design at C:/unswworks/workspace/project_plat/hw/v2.0.xsa
TRACE::2025-11-13.13:00:32::SCWPlatform::DSA given C:/unswworks/workspace/project_plat/hw/v2.0.xsa
TRACE::2025-11-13.13:00:32::SCWPlatform::DSA absoulate path C:/unswworks/workspace/project_plat/hw/v2.0.xsa
TRACE::2025-11-13.13:00:32::SCWPlatform::DSA directory C:/unswworks/workspace/project_plat/hw
TRACE::2025-11-13.13:00:32::SCWPlatform:: Platform Path C:/unswworks/workspace/project_plat/hw/v2.0.xsa
TRACE::2025-11-13.13:00:32::SCWPlatform:: Unique name xilinx:kv260_som::0.0
TRACE::2025-11-13.13:00:32::SCWPlatform::Trying to set the existing hwdb with name design_1_wrapper_0
TRACE::2025-11-13.13:00:32::SCWPlatform::Opened existing hwdb design_1_wrapper_0
TRACE::2025-11-13.13:00:32::SCWPlatform::Found the Hw Db part of the input DSA
TRACE::2025-11-13.13:00:32::SCWMssOS::Checking the sw design at  C:/unswworks/workspace/project_plat/zynqmp_fsbl/zynqmp_fsbl_bsp/system.mss
TRACE::2025-11-13.13:00:32::SCWMssOS::DEBUG:  swdes dump  C:/unswworks/workspace/project_plat/psu_cortexa53_0/standalone_domain/bsp/system.mss|system_1||
C:/unswworks/workspace/project_plat/zynqmp_fsbl/zynqmp_fsbl_bsp/system.mss|system||
C:/unswworks/workspace/project_plat/zynqmp_pmufw/zynqmp_pmufw_bsp/system.mss|system_0||

TRACE::2025-11-13.13:00:32::SCWMssOS::Sw design exists and opened at  C:/unswworks/workspace/project_plat/zynqmp_fsbl/zynqmp_fsbl_bsp/system.mss
TRACE::2025-11-13.13:00:32::SCWPlatform::Trying to open the hw design at C:/unswworks/workspace/project_plat/hw/v2.0.xsa
TRACE::2025-11-13.13:00:32::SCWPlatform::DSA given C:/unswworks/workspace/project_plat/hw/v2.0.xsa
TRACE::2025-11-13.13:00:32::SCWPlatform::DSA absoulate path C:/unswworks/workspace/project_plat/hw/v2.0.xsa
TRACE::2025-11-13.13:00:32::SCWPlatform::DSA directory C:/unswworks/workspace/project_plat/hw
TRACE::2025-11-13.13:00:32::SCWPlatform:: Platform Path C:/unswworks/workspace/project_plat/hw/v2.0.xsa
TRACE::2025-11-13.13:00:32::SCWPlatform:: Unique name xilinx:kv260_som::0.0
TRACE::2025-11-13.13:00:32::SCWPlatform::Trying to set the existing hwdb with name design_1_wrapper_0
TRACE::2025-11-13.13:00:32::SCWPlatform::Opened existing hwdb design_1_wrapper_0
TRACE::2025-11-13.13:00:32::SCWPlatform::Found the Hw Db part of the input DSA
TRACE::2025-11-13.13:00:32::SCWMssOS::Checking the sw design at  C:/unswworks/workspace/project_plat/zynqmp_fsbl/zynqmp_fsbl_bsp/system.mss
TRACE::2025-11-13.13:00:32::SCWMssOS::DEBUG:  swdes dump  C:/unswworks/workspace/project_plat/psu_cortexa53_0/standalone_domain/bsp/system.mss|system_1||
C:/unswworks/workspace/project_plat/zynqmp_fsbl/zynqmp_fsbl_bsp/system.mss|system||
C:/unswworks/workspace/project_plat/zynqmp_pmufw/zynqmp_pmufw_bsp/system.mss|system_0||

TRACE::2025-11-13.13:00:32::SCWMssOS::Sw design exists and opened at  C:/unswworks/workspace/project_plat/zynqmp_fsbl/zynqmp_fsbl_bsp/system.mss
TRACE::2025-11-13.13:00:32::SCWPlatform::Trying to open the hw design at C:/unswworks/workspace/project_plat/hw/v2.0.xsa
TRACE::2025-11-13.13:00:32::SCWPlatform::DSA given C:/unswworks/workspace/project_plat/hw/v2.0.xsa
TRACE::2025-11-13.13:00:32::SCWPlatform::DSA absoulate path C:/unswworks/workspace/project_plat/hw/v2.0.xsa
TRACE::2025-11-13.13:00:32::SCWPlatform::DSA directory C:/unswworks/workspace/project_plat/hw
TRACE::2025-11-13.13:00:32::SCWPlatform:: Platform Path C:/unswworks/workspace/project_plat/hw/v2.0.xsa
TRACE::2025-11-13.13:00:32::SCWPlatform:: Unique name xilinx:kv260_som::0.0
TRACE::2025-11-13.13:00:32::SCWPlatform::Trying to set the existing hwdb with name design_1_wrapper_0
TRACE::2025-11-13.13:00:32::SCWPlatform::Opened existing hwdb design_1_wrapper_0
TRACE::2025-11-13.13:00:32::SCWPlatform::Found the Hw Db part of the input DSA
TRACE::2025-11-13.13:00:32::SCWMssOS::Checking the sw design at  C:/unswworks/workspace/project_plat/zynqmp_fsbl/zynqmp_fsbl_bsp/system.mss
TRACE::2025-11-13.13:00:32::SCWMssOS::DEBUG:  swdes dump  C:/unswworks/workspace/project_plat/psu_cortexa53_0/standalone_domain/bsp/system.mss|system_1||
C:/unswworks/workspace/project_plat/zynqmp_fsbl/zynqmp_fsbl_bsp/system.mss|system||
C:/unswworks/workspace/project_plat/zynqmp_pmufw/zynqmp_pmufw_bsp/system.mss|system_0||

TRACE::2025-11-13.13:00:32::SCWMssOS::Sw design exists and opened at  C:/unswworks/workspace/project_plat/zynqmp_fsbl/zynqmp_fsbl_bsp/system.mss
TRACE::2025-11-13.13:00:32::SCWPlatform::Trying to open the hw design at C:/unswworks/workspace/project_plat/hw/v2.0.xsa
TRACE::2025-11-13.13:00:32::SCWPlatform::DSA given C:/unswworks/workspace/project_plat/hw/v2.0.xsa
TRACE::2025-11-13.13:00:32::SCWPlatform::DSA absoulate path C:/unswworks/workspace/project_plat/hw/v2.0.xsa
TRACE::2025-11-13.13:00:32::SCWPlatform::DSA directory C:/unswworks/workspace/project_plat/hw
TRACE::2025-11-13.13:00:32::SCWPlatform:: Platform Path C:/unswworks/workspace/project_plat/hw/v2.0.xsa
TRACE::2025-11-13.13:00:32::SCWPlatform:: Unique name xilinx:kv260_som::0.0
TRACE::2025-11-13.13:00:32::SCWPlatform::Trying to set the existing hwdb with name design_1_wrapper_0
TRACE::2025-11-13.13:00:32::SCWPlatform::Opened existing hwdb design_1_wrapper_0
TRACE::2025-11-13.13:00:32::SCWPlatform::Found the Hw Db part of the input DSA
TRACE::2025-11-13.13:00:32::SCWMssOS::Checking the sw design at  C:/unswworks/workspace/project_plat/zynqmp_pmufw/zynqmp_pmufw_bsp/system.mss
TRACE::2025-11-13.13:00:32::SCWMssOS::DEBUG:  swdes dump  C:/unswworks/workspace/project_plat/psu_cortexa53_0/standalone_domain/bsp/system.mss|system_1||
C:/unswworks/workspace/project_plat/zynqmp_fsbl/zynqmp_fsbl_bsp/system.mss|system||
C:/unswworks/workspace/project_plat/zynqmp_pmufw/zynqmp_pmufw_bsp/system.mss|system_0||

TRACE::2025-11-13.13:00:32::SCWMssOS::Sw design exists and opened at  C:/unswworks/workspace/project_plat/zynqmp_pmufw/zynqmp_pmufw_bsp/system.mss
TRACE::2025-11-13.13:00:32::SCWPlatform::Trying to open the hw design at C:/unswworks/workspace/project_plat/hw/v2.0.xsa
TRACE::2025-11-13.13:00:32::SCWPlatform::DSA given C:/unswworks/workspace/project_plat/hw/v2.0.xsa
TRACE::2025-11-13.13:00:32::SCWPlatform::DSA absoulate path C:/unswworks/workspace/project_plat/hw/v2.0.xsa
TRACE::2025-11-13.13:00:32::SCWPlatform::DSA directory C:/unswworks/workspace/project_plat/hw
TRACE::2025-11-13.13:00:32::SCWPlatform:: Platform Path C:/unswworks/workspace/project_plat/hw/v2.0.xsa
TRACE::2025-11-13.13:00:32::SCWPlatform:: Unique name xilinx:kv260_som::0.0
TRACE::2025-11-13.13:00:32::SCWPlatform::Trying to set the existing hwdb with name design_1_wrapper_0
TRACE::2025-11-13.13:00:32::SCWPlatform::Opened existing hwdb design_1_wrapper_0
TRACE::2025-11-13.13:00:32::SCWPlatform::Found the Hw Db part of the input DSA
TRACE::2025-11-13.13:00:32::SCWMssOS::Checking the sw design at  C:/unswworks/workspace/project_plat/zynqmp_pmufw/zynqmp_pmufw_bsp/system.mss
TRACE::2025-11-13.13:00:32::SCWMssOS::DEBUG:  swdes dump  C:/unswworks/workspace/project_plat/psu_cortexa53_0/standalone_domain/bsp/system.mss|system_1||
C:/unswworks/workspace/project_plat/zynqmp_fsbl/zynqmp_fsbl_bsp/system.mss|system||
C:/unswworks/workspace/project_plat/zynqmp_pmufw/zynqmp_pmufw_bsp/system.mss|system_0||

TRACE::2025-11-13.13:00:32::SCWMssOS::Sw design exists and opened at  C:/unswworks/workspace/project_plat/zynqmp_pmufw/zynqmp_pmufw_bsp/system.mss
TRACE::2025-11-13.13:00:32::SCWPlatform::Trying to open the hw design at C:/unswworks/workspace/project_plat/hw/v2.0.xsa
TRACE::2025-11-13.13:00:32::SCWPlatform::DSA given C:/unswworks/workspace/project_plat/hw/v2.0.xsa
TRACE::2025-11-13.13:00:32::SCWPlatform::DSA absoulate path C:/unswworks/workspace/project_plat/hw/v2.0.xsa
TRACE::2025-11-13.13:00:32::SCWPlatform::DSA directory C:/unswworks/workspace/project_plat/hw
TRACE::2025-11-13.13:00:32::SCWPlatform:: Platform Path C:/unswworks/workspace/project_plat/hw/v2.0.xsa
TRACE::2025-11-13.13:00:32::SCWPlatform:: Unique name xilinx:kv260_som::0.0
TRACE::2025-11-13.13:00:32::SCWPlatform::Trying to set the existing hwdb with name design_1_wrapper_0
TRACE::2025-11-13.13:00:32::SCWPlatform::Opened existing hwdb design_1_wrapper_0
TRACE::2025-11-13.13:00:32::SCWPlatform::Found the Hw Db part of the input DSA
TRACE::2025-11-13.13:00:32::SCWMssOS::Checking the sw design at  C:/unswworks/workspace/project_plat/zynqmp_pmufw/zynqmp_pmufw_bsp/system.mss
TRACE::2025-11-13.13:00:32::SCWMssOS::DEBUG:  swdes dump  C:/unswworks/workspace/project_plat/psu_cortexa53_0/standalone_domain/bsp/system.mss|system_1||
C:/unswworks/workspace/project_plat/zynqmp_fsbl/zynqmp_fsbl_bsp/system.mss|system||
C:/unswworks/workspace/project_plat/zynqmp_pmufw/zynqmp_pmufw_bsp/system.mss|system_0||

TRACE::2025-11-13.13:00:32::SCWMssOS::Sw design exists and opened at  C:/unswworks/workspace/project_plat/zynqmp_pmufw/zynqmp_pmufw_bsp/system.mss
TRACE::2025-11-13.13:00:32::SCWPlatform::Trying to open the hw design at C:/unswworks/workspace/project_plat/hw/v2.0.xsa
TRACE::2025-11-13.13:00:32::SCWPlatform::DSA given C:/unswworks/workspace/project_plat/hw/v2.0.xsa
TRACE::2025-11-13.13:00:32::SCWPlatform::DSA absoulate path C:/unswworks/workspace/project_plat/hw/v2.0.xsa
TRACE::2025-11-13.13:00:32::SCWPlatform::DSA directory C:/unswworks/workspace/project_plat/hw
TRACE::2025-11-13.13:00:32::SCWPlatform:: Platform Path C:/unswworks/workspace/project_plat/hw/v2.0.xsa
TRACE::2025-11-13.13:00:32::SCWPlatform:: Unique name xilinx:kv260_som::0.0
TRACE::2025-11-13.13:00:32::SCWPlatform::Trying to set the existing hwdb with name design_1_wrapper_0
TRACE::2025-11-13.13:00:32::SCWPlatform::Opened existing hwdb design_1_wrapper_0
TRACE::2025-11-13.13:00:32::SCWPlatform::Found the Hw Db part of the input DSA
TRACE::2025-11-13.13:00:32::SCWMssOS::Checking the sw design at  C:/unswworks/workspace/project_plat/psu_cortexa53_0/standalone_domain/bsp/system.mss
TRACE::2025-11-13.13:00:32::SCWMssOS::DEBUG:  swdes dump  C:/unswworks/workspace/project_plat/psu_cortexa53_0/standalone_domain/bsp/system.mss|system_1||
C:/unswworks/workspace/project_plat/zynqmp_fsbl/zynqmp_fsbl_bsp/system.mss|system||
C:/unswworks/workspace/project_plat/zynqmp_pmufw/zynqmp_pmufw_bsp/system.mss|system_0||

TRACE::2025-11-13.13:00:32::SCWMssOS::Sw design exists and opened at  C:/unswworks/workspace/project_plat/psu_cortexa53_0/standalone_domain/bsp/system.mss
TRACE::2025-11-13.13:00:32::SCWPlatform::Trying to open the hw design at C:/unswworks/workspace/project_plat/hw/v2.0.xsa
TRACE::2025-11-13.13:00:32::SCWPlatform::DSA given C:/unswworks/workspace/project_plat/hw/v2.0.xsa
TRACE::2025-11-13.13:00:32::SCWPlatform::DSA absoulate path C:/unswworks/workspace/project_plat/hw/v2.0.xsa
TRACE::2025-11-13.13:00:32::SCWPlatform::DSA directory C:/unswworks/workspace/project_plat/hw
TRACE::2025-11-13.13:00:32::SCWPlatform:: Platform Path C:/unswworks/workspace/project_plat/hw/v2.0.xsa
TRACE::2025-11-13.13:00:32::SCWPlatform:: Unique name xilinx:kv260_som::0.0
TRACE::2025-11-13.13:00:32::SCWPlatform::Trying to set the existing hwdb with name design_1_wrapper_0
TRACE::2025-11-13.13:00:32::SCWPlatform::Opened existing hwdb design_1_wrapper_0
TRACE::2025-11-13.13:00:32::SCWPlatform::Found the Hw Db part of the input DSA
TRACE::2025-11-13.13:00:32::SCWMssOS::Checking the sw design at  C:/unswworks/workspace/project_plat/psu_cortexa53_0/standalone_domain/bsp/system.mss
TRACE::2025-11-13.13:00:32::SCWMssOS::DEBUG:  swdes dump  C:/unswworks/workspace/project_plat/psu_cortexa53_0/standalone_domain/bsp/system.mss|system_1||
C:/unswworks/workspace/project_plat/zynqmp_fsbl/zynqmp_fsbl_bsp/system.mss|system||
C:/unswworks/workspace/project_plat/zynqmp_pmufw/zynqmp_pmufw_bsp/system.mss|system_0||

TRACE::2025-11-13.13:00:32::SCWMssOS::Sw design exists and opened at  C:/unswworks/workspace/project_plat/psu_cortexa53_0/standalone_domain/bsp/system.mss
TRACE::2025-11-13.13:00:32::SCWPlatform::Trying to open the hw design at C:/unswworks/workspace/project_plat/hw/v2.0.xsa
TRACE::2025-11-13.13:00:32::SCWPlatform::DSA given C:/unswworks/workspace/project_plat/hw/v2.0.xsa
TRACE::2025-11-13.13:00:32::SCWPlatform::DSA absoulate path C:/unswworks/workspace/project_plat/hw/v2.0.xsa
TRACE::2025-11-13.13:00:32::SCWPlatform::DSA directory C:/unswworks/workspace/project_plat/hw
TRACE::2025-11-13.13:00:32::SCWPlatform:: Platform Path C:/unswworks/workspace/project_plat/hw/v2.0.xsa
TRACE::2025-11-13.13:00:32::SCWPlatform:: Unique name xilinx:kv260_som::0.0
TRACE::2025-11-13.13:00:32::SCWPlatform::Trying to set the existing hwdb with name design_1_wrapper_0
TRACE::2025-11-13.13:00:32::SCWPlatform::Opened existing hwdb design_1_wrapper_0
TRACE::2025-11-13.13:00:32::SCWPlatform::Found the Hw Db part of the input DSA
TRACE::2025-11-13.13:00:32::SCWMssOS::Checking the sw design at  C:/unswworks/workspace/project_plat/psu_cortexa53_0/standalone_domain/bsp/system.mss
TRACE::2025-11-13.13:00:32::SCWMssOS::DEBUG:  swdes dump  C:/unswworks/workspace/project_plat/psu_cortexa53_0/standalone_domain/bsp/system.mss|system_1||
C:/unswworks/workspace/project_plat/zynqmp_fsbl/zynqmp_fsbl_bsp/system.mss|system||
C:/unswworks/workspace/project_plat/zynqmp_pmufw/zynqmp_pmufw_bsp/system.mss|system_0||

TRACE::2025-11-13.13:00:32::SCWMssOS::Sw design exists and opened at  C:/unswworks/workspace/project_plat/psu_cortexa53_0/standalone_domain/bsp/system.mss
TRACE::2025-11-13.13:00:32::SCWWriter::formatted JSON is {
	"platformName":	"project_plat",
	"sprVersion":	"2.0",
	"mode":	"gui",
	"dsaType":	"Fixed",
	"platformDesc":	"project_plat",
	"platHandOff":	"C:/unswworks/COMP3601/COMP3601_Project_Audio_tuner/v2.0.xsa",
	"platIntHandOff":	"<platformDir>/hw/v2.0.xsa",
	"deviceType":	"zynqMP",
	"platIsPrebuiltAutogen":	"false",
	"platIsNoBootBsp":	"false",
	"platFsblTarget":	"psu_cortexa53_0",
	"hasFsblMakeHasChanges":	"false",
	"hasPmufwMakeHasChanges":	"false",
	"fsblExtraCompilerFlags":	"-MMD -MP      -Wall -fmessage-length=0 -DARMA53_64 -Os -flto -ffat-lto-objects  ",
	"pmufwExtraCompilerFlags":	"-MMD -MP      -mlittle-endian -mxl-barrel-shift -mxl-pattern-compare -mcpu=v9.2 -mxl-soft-mul -Os -flto -ffat-lto-objects  ",
	"platPreBuiltFlag":	false,
	"platformSamplesDir":	"",
	"platActiveSys":	"project_plat",
	"systems":	[{
			"systemName":	"project_plat",
			"systemDesc":	"project_plat",
			"sysIsBootAutoGen":	"true",
			"systemDispName":	"project_plat",
			"sysActiveDom":	"standalone_domain",
			"sysDefaultDom":	"standalone_domain",
			"domains":	[{
					"domainName":	"zynqmp_fsbl",
					"domainDispName":	"zynqmp_fsbl",
					"domainDesc":	"FSBL Application BSP - Auto Generated.",
					"processors":	"psu_cortexa53_0",
					"os":	"standalone",
					"sdxOs":	"standalone",
					"debugEnable":	"",
					"domRuntimes":	["cpp"],
					"swRepo":	"",
					"mssOsVer":	"9.1",
					"mssFile":	"",
					"md5Digest":	"c840dc5ca3c31eaf7e04acf9165c0038",
					"compatibleApp":	"zynqmp_fsbl",
					"domType":	"bootDomain",
					"arch":	"64-bit",
					"appSettings":	{
						"appCompilerFlags":	"",
						"appLinkerFlags":	""
					},
					"addedLibs":	["xilffs:5.2", "xilsecure:5.3", "xilpm:5.2"],
					"libOptions":	{
						"standalone":	{
							"zynqmp_fsbl_bsp":	"true",
							"libOptionNames":	["zynqmp_fsbl_bsp"]
						},
						"xilffs":	{
							"read_only":	"true",
							"use_mkfs":	"false",
							"libOptionNames":	["read_only", "use_mkfs"]
						},
						"xilsecure":	{
							"tpm_support":	"true",
							"libOptionNames":	["tpm_support"]
						},
						"libsContainingOptions":	["standalone", "xilffs", "xilsecure"]
					},
					"prebuiltLibs":	{
						"prebuiltIncPath":	[],
						"prebuiltLibPath":	[]
					},
					"isolation":	{
					}
				}, {
					"domainName":	"zynqmp_pmufw",
					"domainDispName":	"zynqmp_pmufw",
					"domainDesc":	"PMUFW Application BSP - Auto Generated.",
					"processors":	"psu_pmu_0",
					"os":	"standalone",
					"sdxOs":	"standalone",
					"debugEnable":	"",
					"domRuntimes":	["cpp"],
					"swRepo":	"",
					"mssOsVer":	"9.1",
					"mssFile":	"",
					"md5Digest":	"44b175d2d7d102d21d15df130611c3a1",
					"compatibleApp":	"zynqmp_pmufw",
					"domType":	"bootDomain",
					"arch":	"32-bit",
					"appSettings":	{
						"appCompilerFlags":	"",
						"appLinkerFlags":	""
					},
					"addedLibs":	["xilfpga:6.6", "xilsecure:5.3", "xilskey:7.6"],
					"libOptions":	{
						"psu_pmu_0":	{
							"extra_compiler_flags":	"-g -ffunction-sections -fdata-sections -Wall -Wextra -fno-tree-loop-distribute-patterns  -Os -flto -ffat-lto-objects",
							"libOptionNames":	["extra_compiler_flags"]
						},
						"libsContainingOptions":	["psu_pmu_0"]
					},
					"prebuiltLibs":	{
						"prebuiltIncPath":	[],
						"prebuiltLibPath":	[]
					},
					"isolation":	{
					}
				}, {
					"domainName":	"standalone_domain",
					"domainDispName":	"standalone_domain",
					"domainDesc":	"standalone_domain",
					"processors":	"psu_cortexa53_0",
					"os":	"standalone",
					"sdxOs":	"standalone",
					"qemuArgs":	"<platformDir>/resources/project_plat/standalone_domain/qemu_args.txt",
					"qemuData":	"<platformDir>/resources/project_plat/standalone_domain/qemu",
					"pmuQemuArgs":	"<platformDir>/resources/project_plat/standalone_domain/pmu_args.txt",
					"debugEnable":	"False",
					"domRuntimes":	["cpp"],
					"swRepo":	"",
					"mssOsVer":	"9.1",
					"mssFile":	"",
					"md5Digest":	"3d1111e1091d2a5a3256d77dd15cb6e5",
					"compatibleApp":	"",
					"domType":	"mssDomain",
					"arch":	"64-bit",
					"appSettings":	{
						"appCompilerFlags":	"",
						"appLinkerFlags":	""
					},
					"addedLibs":	[],
					"libOptions":	{
						"libsContainingOptions":	[]
					},
					"prebuiltLibs":	{
						"prebuiltIncPath":	[],
						"prebuiltLibPath":	[]
					},
					"isolation":	{
					}
				}]
		}]
}
LOG::2025-11-13.13:00:32::SCWPlatform::Started generating the artifacts platform project_plat
TRACE::2025-11-13.13:00:32::SCWPlatform::Sanity checking of platform is completed
LOG::2025-11-13.13:00:32::SCWPlatform::Started generating the artifacts for system configuration project_plat
LOG::2025-11-13.13:00:32::SCWSystem::Checking the domain zynqmp_fsbl
LOG::2025-11-13.13:00:32::SCWSystem::Doing application build for :  zynqmp_fsbl
TRACE::2025-11-13.13:00:32::SCWBDomain::Not a forced makefile updation, No changes are present. 
TRACE::2025-11-13.13:00:32::SCWDomain::Skipping the build for domain :  zynqmp_fsbl
LOG::2025-11-13.13:00:32::SCWSystem::Checking the domain zynqmp_pmufw
LOG::2025-11-13.13:00:32::SCWSystem::Doing application build for :  zynqmp_pmufw
TRACE::2025-11-13.13:00:32::SCWBDomain::Not a forced makefile updation, No changes are present. 
TRACE::2025-11-13.13:00:32::SCWDomain::Skipping the build for domain :  zynqmp_pmufw
LOG::2025-11-13.13:00:32::SCWSystem::Checking the domain standalone_domain
LOG::2025-11-13.13:00:32::SCWSystem::Not a boot domain 
LOG::2025-11-13.13:00:32::SCWSystem::Started Processing the domain standalone_domain
TRACE::2025-11-13.13:00:32::SCWDomain::Generating domain artifcats
TRACE::2025-11-13.13:00:32::SCWMssOS::Generating standalone artifcats
TRACE::2025-11-13.13:00:32::SCWMssOS::Copying the qemu file from  C:/unswworks/workspace/project_plat/resources/project_plat/standalone_domain/qemu_args.txt To C:/unswworks/workspace/project_plat/export/project_plat/sw/project_plat/qemu/
TRACE::2025-11-13.13:00:32::SCWMssOS::Copying the qemu file from  C:/unswworks/workspace/project_plat/resources/project_plat/standalone_domain/qemu_args.txt To C:/unswworks/workspace/project_plat/export/project_plat/sw/project_plat/qemu/
TRACE::2025-11-13.13:00:32::SCWMssOS::Copying the qemu file from  C:/unswworks/workspace/project_plat/resources/project_plat/standalone_domain/qemu_args.txt To C:/unswworks/workspace/project_plat/export/project_plat/sw/project_plat/standalone_domain/qemu/
TRACE::2025-11-13.13:00:32::SCWMssOS::Copying the qemu file from  C:/unswworks/workspace/project_plat/resources/project_plat/standalone_domain/qemu_args.txt To C:/unswworks/workspace/project_plat/export/project_plat/sw/project_plat/standalone_domain/qemu/
TRACE::2025-11-13.13:00:32::SCWMssOS:: Copying the user libraries. 
TRACE::2025-11-13.13:00:32::SCWPlatform::Trying to open the hw design at C:/unswworks/workspace/project_plat/hw/v2.0.xsa
TRACE::2025-11-13.13:00:32::SCWPlatform::DSA given C:/unswworks/workspace/project_plat/hw/v2.0.xsa
TRACE::2025-11-13.13:00:32::SCWPlatform::DSA absoulate path C:/unswworks/workspace/project_plat/hw/v2.0.xsa
TRACE::2025-11-13.13:00:32::SCWPlatform::DSA directory C:/unswworks/workspace/project_plat/hw
TRACE::2025-11-13.13:00:32::SCWPlatform:: Platform Path C:/unswworks/workspace/project_plat/hw/v2.0.xsa
TRACE::2025-11-13.13:00:32::SCWPlatform:: Unique name xilinx:kv260_som::0.0
TRACE::2025-11-13.13:00:32::SCWPlatform::Trying to set the existing hwdb with name design_1_wrapper_0
TRACE::2025-11-13.13:00:32::SCWPlatform::Opened existing hwdb design_1_wrapper_0
TRACE::2025-11-13.13:00:32::SCWPlatform::Found the Hw Db part of the input DSA
TRACE::2025-11-13.13:00:32::SCWMssOS::Checking the sw design at  C:/unswworks/workspace/project_plat/psu_cortexa53_0/standalone_domain/bsp/system.mss
TRACE::2025-11-13.13:00:32::SCWMssOS::DEBUG:  swdes dump  C:/unswworks/workspace/project_plat/psu_cortexa53_0/standalone_domain/bsp/system.mss|system_1||
C:/unswworks/workspace/project_plat/zynqmp_fsbl/zynqmp_fsbl_bsp/system.mss|system||
C:/unswworks/workspace/project_plat/zynqmp_pmufw/zynqmp_pmufw_bsp/system.mss|system_0||

TRACE::2025-11-13.13:00:32::SCWMssOS::Sw design exists and opened at  C:/unswworks/workspace/project_plat/psu_cortexa53_0/standalone_domain/bsp/system.mss
TRACE::2025-11-13.13:00:32::SCWMssOS::Completed writing the mss file at C:/unswworks/workspace/project_plat/psu_cortexa53_0/standalone_domain/bsp
TRACE::2025-11-13.13:00:32::SCWMssOS::Mss edits present, copying mssfile into export location C:/unswworks/workspace/project_plat/psu_cortexa53_0/standalone_domain/bsp/system.mss
TRACE::2025-11-13.13:00:32::SCWMssOS::bsp generated is upto date with the mss file. Skipping bsp generation.
TRACE::2025-11-13.13:00:32::SCWMssOS::BSP is already built. skipping the bsp build ... 
TRACE::2025-11-13.13:00:32::SCWDomain::Skipping the build for domain :  standalone_domain
TRACE::2025-11-13.13:00:32::SCWMssOS::skipping the bsp build ... 
TRACE::2025-11-13.13:00:32::SCWMssOS::Copying to export directory.
TRACE::2025-11-13.13:00:32::SCWMssOS:: Checking if to create the Supporting Applications
TRACE::2025-11-13.13:00:32::SCWMssOS:: No Linux domain exists, trying to generate FSBL 
TRACE::2025-11-13.13:00:32::SCWMssOS:: Completed Standalone Artifacts creation 
LOG::2025-11-13.13:00:32::SCWSystem::Completed Processing the domain standalone_domain
LOG::2025-11-13.13:00:32::SCWSystem::Completed Processing the sysconfig project_plat
LOG::2025-11-13.13:00:32::SCWPlatform::Completed generating the artifacts for system configuration project_plat
TRACE::2025-11-13.13:00:32::SCWPlatform::Started preparing the platform 
TRACE::2025-11-13.13:00:32::SCWSystem::Writing the bif file for system config project_plat
TRACE::2025-11-13.13:00:32::SCWSystem::dir created 
TRACE::2025-11-13.13:00:32::SCWSystem::Writing the bif 
TRACE::2025-11-13.13:00:32::SCWPlatform::Started writing the spfm file 
TRACE::2025-11-13.13:00:32::SCWPlatform::Started writing the xpfm file 
TRACE::2025-11-13.13:00:32::SCWPlatform::Completed generating the platform
TRACE::2025-11-13.13:00:32::SCWMssOS::Saving the mss changes C:/unswworks/workspace/project_plat/zynqmp_fsbl/zynqmp_fsbl_bsp/system.mss
TRACE::2025-11-13.13:00:32::SCWMssOS::Found a swdesign opened with the mssfile.
TRACE::2025-11-13.13:00:32::SCWMssOS::Completed writemss as part of save.
TRACE::2025-11-13.13:00:32::SCWMssOS::Commit changes completed.
TRACE::2025-11-13.13:00:32::SCWMssOS::Saving the mss changes C:/unswworks/workspace/project_plat/zynqmp_pmufw/zynqmp_pmufw_bsp/system.mss
TRACE::2025-11-13.13:00:32::SCWMssOS::Found a swdesign opened with the mssfile.
TRACE::2025-11-13.13:00:32::SCWMssOS::Completed writemss as part of save.
TRACE::2025-11-13.13:00:32::SCWMssOS::Commit changes completed.
TRACE::2025-11-13.13:00:32::SCWMssOS::Saving the mss changes C:/unswworks/workspace/project_plat/psu_cortexa53_0/standalone_domain/bsp/system.mss
TRACE::2025-11-13.13:00:32::SCWMssOS::Found a swdesign opened with the mssfile.
TRACE::2025-11-13.13:00:32::SCWMssOS::Completed writemss as part of save.
TRACE::2025-11-13.13:00:32::SCWMssOS::Commit changes completed.
TRACE::2025-11-13.13:00:32::SCWPlatform::Trying to open the hw design at C:/unswworks/workspace/project_plat/hw/v2.0.xsa
TRACE::2025-11-13.13:00:32::SCWPlatform::DSA given C:/unswworks/workspace/project_plat/hw/v2.0.xsa
TRACE::2025-11-13.13:00:32::SCWPlatform::DSA absoulate path C:/unswworks/workspace/project_plat/hw/v2.0.xsa
TRACE::2025-11-13.13:00:32::SCWPlatform::DSA directory C:/unswworks/workspace/project_plat/hw
TRACE::2025-11-13.13:00:32::SCWPlatform:: Platform Path C:/unswworks/workspace/project_plat/hw/v2.0.xsa
TRACE::2025-11-13.13:00:32::SCWPlatform:: Unique name xilinx:kv260_som::0.0
TRACE::2025-11-13.13:00:32::SCWPlatform::Trying to set the existing hwdb with name design_1_wrapper_0
TRACE::2025-11-13.13:00:32::SCWPlatform::Opened existing hwdb design_1_wrapper_0
TRACE::2025-11-13.13:00:32::SCWPlatform::Found the Hw Db part of the input DSA
TRACE::2025-11-13.13:00:32::SCWMssOS::Checking the sw design at  C:/unswworks/workspace/project_plat/zynqmp_fsbl/zynqmp_fsbl_bsp/system.mss
TRACE::2025-11-13.13:00:32::SCWMssOS::DEBUG:  swdes dump  C:/unswworks/workspace/project_plat/psu_cortexa53_0/standalone_domain/bsp/system.mss|system_1||
C:/unswworks/workspace/project_plat/zynqmp_fsbl/zynqmp_fsbl_bsp/system.mss|system||
C:/unswworks/workspace/project_plat/zynqmp_pmufw/zynqmp_pmufw_bsp/system.mss|system_0||

TRACE::2025-11-13.13:00:32::SCWMssOS::Sw design exists and opened at  C:/unswworks/workspace/project_plat/zynqmp_fsbl/zynqmp_fsbl_bsp/system.mss
TRACE::2025-11-13.13:00:32::SCWPlatform::Trying to open the hw design at C:/unswworks/workspace/project_plat/hw/v2.0.xsa
TRACE::2025-11-13.13:00:32::SCWPlatform::DSA given C:/unswworks/workspace/project_plat/hw/v2.0.xsa
TRACE::2025-11-13.13:00:32::SCWPlatform::DSA absoulate path C:/unswworks/workspace/project_plat/hw/v2.0.xsa
TRACE::2025-11-13.13:00:32::SCWPlatform::DSA directory C:/unswworks/workspace/project_plat/hw
TRACE::2025-11-13.13:00:32::SCWPlatform:: Platform Path C:/unswworks/workspace/project_plat/hw/v2.0.xsa
TRACE::2025-11-13.13:00:32::SCWPlatform:: Unique name xilinx:kv260_som::0.0
TRACE::2025-11-13.13:00:32::SCWPlatform::Trying to set the existing hwdb with name design_1_wrapper_0
TRACE::2025-11-13.13:00:32::SCWPlatform::Opened existing hwdb design_1_wrapper_0
TRACE::2025-11-13.13:00:32::SCWPlatform::Found the Hw Db part of the input DSA
TRACE::2025-11-13.13:00:32::SCWMssOS::Checking the sw design at  C:/unswworks/workspace/project_plat/zynqmp_fsbl/zynqmp_fsbl_bsp/system.mss
TRACE::2025-11-13.13:00:32::SCWMssOS::DEBUG:  swdes dump  C:/unswworks/workspace/project_plat/psu_cortexa53_0/standalone_domain/bsp/system.mss|system_1||
C:/unswworks/workspace/project_plat/zynqmp_fsbl/zynqmp_fsbl_bsp/system.mss|system||
C:/unswworks/workspace/project_plat/zynqmp_pmufw/zynqmp_pmufw_bsp/system.mss|system_0||

TRACE::2025-11-13.13:00:32::SCWMssOS::Sw design exists and opened at  C:/unswworks/workspace/project_plat/zynqmp_fsbl/zynqmp_fsbl_bsp/system.mss
TRACE::2025-11-13.13:00:32::SCWPlatform::Trying to open the hw design at C:/unswworks/workspace/project_plat/hw/v2.0.xsa
TRACE::2025-11-13.13:00:32::SCWPlatform::DSA given C:/unswworks/workspace/project_plat/hw/v2.0.xsa
TRACE::2025-11-13.13:00:32::SCWPlatform::DSA absoulate path C:/unswworks/workspace/project_plat/hw/v2.0.xsa
TRACE::2025-11-13.13:00:32::SCWPlatform::DSA directory C:/unswworks/workspace/project_plat/hw
TRACE::2025-11-13.13:00:32::SCWPlatform:: Platform Path C:/unswworks/workspace/project_plat/hw/v2.0.xsa
TRACE::2025-11-13.13:00:32::SCWPlatform:: Unique name xilinx:kv260_som::0.0
TRACE::2025-11-13.13:00:32::SCWPlatform::Trying to set the existing hwdb with name design_1_wrapper_0
TRACE::2025-11-13.13:00:32::SCWPlatform::Opened existing hwdb design_1_wrapper_0
TRACE::2025-11-13.13:00:32::SCWPlatform::Found the Hw Db part of the input DSA
TRACE::2025-11-13.13:00:32::SCWMssOS::Checking the sw design at  C:/unswworks/workspace/project_plat/zynqmp_fsbl/zynqmp_fsbl_bsp/system.mss
TRACE::2025-11-13.13:00:32::SCWMssOS::DEBUG:  swdes dump  C:/unswworks/workspace/project_plat/psu_cortexa53_0/standalone_domain/bsp/system.mss|system_1||
C:/unswworks/workspace/project_plat/zynqmp_fsbl/zynqmp_fsbl_bsp/system.mss|system||
C:/unswworks/workspace/project_plat/zynqmp_pmufw/zynqmp_pmufw_bsp/system.mss|system_0||

TRACE::2025-11-13.13:00:32::SCWMssOS::Sw design exists and opened at  C:/unswworks/workspace/project_plat/zynqmp_fsbl/zynqmp_fsbl_bsp/system.mss
TRACE::2025-11-13.13:00:32::SCWPlatform::Trying to open the hw design at C:/unswworks/workspace/project_plat/hw/v2.0.xsa
TRACE::2025-11-13.13:00:32::SCWPlatform::DSA given C:/unswworks/workspace/project_plat/hw/v2.0.xsa
TRACE::2025-11-13.13:00:32::SCWPlatform::DSA absoulate path C:/unswworks/workspace/project_plat/hw/v2.0.xsa
TRACE::2025-11-13.13:00:32::SCWPlatform::DSA directory C:/unswworks/workspace/project_plat/hw
TRACE::2025-11-13.13:00:32::SCWPlatform:: Platform Path C:/unswworks/workspace/project_plat/hw/v2.0.xsa
TRACE::2025-11-13.13:00:32::SCWPlatform:: Unique name xilinx:kv260_som::0.0
TRACE::2025-11-13.13:00:32::SCWPlatform::Trying to set the existing hwdb with name design_1_wrapper_0
TRACE::2025-11-13.13:00:32::SCWPlatform::Opened existing hwdb design_1_wrapper_0
TRACE::2025-11-13.13:00:32::SCWPlatform::Found the Hw Db part of the input DSA
TRACE::2025-11-13.13:00:32::SCWMssOS::Checking the sw design at  C:/unswworks/workspace/project_plat/zynqmp_pmufw/zynqmp_pmufw_bsp/system.mss
TRACE::2025-11-13.13:00:32::SCWMssOS::DEBUG:  swdes dump  C:/unswworks/workspace/project_plat/psu_cortexa53_0/standalone_domain/bsp/system.mss|system_1||
C:/unswworks/workspace/project_plat/zynqmp_fsbl/zynqmp_fsbl_bsp/system.mss|system||
C:/unswworks/workspace/project_plat/zynqmp_pmufw/zynqmp_pmufw_bsp/system.mss|system_0||

TRACE::2025-11-13.13:00:32::SCWMssOS::Sw design exists and opened at  C:/unswworks/workspace/project_plat/zynqmp_pmufw/zynqmp_pmufw_bsp/system.mss
TRACE::2025-11-13.13:00:32::SCWPlatform::Trying to open the hw design at C:/unswworks/workspace/project_plat/hw/v2.0.xsa
TRACE::2025-11-13.13:00:32::SCWPlatform::DSA given C:/unswworks/workspace/project_plat/hw/v2.0.xsa
TRACE::2025-11-13.13:00:32::SCWPlatform::DSA absoulate path C:/unswworks/workspace/project_plat/hw/v2.0.xsa
TRACE::2025-11-13.13:00:32::SCWPlatform::DSA directory C:/unswworks/workspace/project_plat/hw
TRACE::2025-11-13.13:00:32::SCWPlatform:: Platform Path C:/unswworks/workspace/project_plat/hw/v2.0.xsa
TRACE::2025-11-13.13:00:32::SCWPlatform:: Unique name xilinx:kv260_som::0.0
TRACE::2025-11-13.13:00:32::SCWPlatform::Trying to set the existing hwdb with name design_1_wrapper_0
TRACE::2025-11-13.13:00:32::SCWPlatform::Opened existing hwdb design_1_wrapper_0
TRACE::2025-11-13.13:00:32::SCWPlatform::Found the Hw Db part of the input DSA
TRACE::2025-11-13.13:00:32::SCWMssOS::Checking the sw design at  C:/unswworks/workspace/project_plat/zynqmp_pmufw/zynqmp_pmufw_bsp/system.mss
TRACE::2025-11-13.13:00:32::SCWMssOS::DEBUG:  swdes dump  C:/unswworks/workspace/project_plat/psu_cortexa53_0/standalone_domain/bsp/system.mss|system_1||
C:/unswworks/workspace/project_plat/zynqmp_fsbl/zynqmp_fsbl_bsp/system.mss|system||
C:/unswworks/workspace/project_plat/zynqmp_pmufw/zynqmp_pmufw_bsp/system.mss|system_0||

TRACE::2025-11-13.13:00:32::SCWMssOS::Sw design exists and opened at  C:/unswworks/workspace/project_plat/zynqmp_pmufw/zynqmp_pmufw_bsp/system.mss
TRACE::2025-11-13.13:00:32::SCWPlatform::Trying to open the hw design at C:/unswworks/workspace/project_plat/hw/v2.0.xsa
TRACE::2025-11-13.13:00:32::SCWPlatform::DSA given C:/unswworks/workspace/project_plat/hw/v2.0.xsa
TRACE::2025-11-13.13:00:32::SCWPlatform::DSA absoulate path C:/unswworks/workspace/project_plat/hw/v2.0.xsa
TRACE::2025-11-13.13:00:32::SCWPlatform::DSA directory C:/unswworks/workspace/project_plat/hw
TRACE::2025-11-13.13:00:32::SCWPlatform:: Platform Path C:/unswworks/workspace/project_plat/hw/v2.0.xsa
TRACE::2025-11-13.13:00:32::SCWPlatform:: Unique name xilinx:kv260_som::0.0
TRACE::2025-11-13.13:00:32::SCWPlatform::Trying to set the existing hwdb with name design_1_wrapper_0
TRACE::2025-11-13.13:00:32::SCWPlatform::Opened existing hwdb design_1_wrapper_0
TRACE::2025-11-13.13:00:32::SCWPlatform::Found the Hw Db part of the input DSA
TRACE::2025-11-13.13:00:32::SCWMssOS::Checking the sw design at  C:/unswworks/workspace/project_plat/zynqmp_pmufw/zynqmp_pmufw_bsp/system.mss
TRACE::2025-11-13.13:00:32::SCWMssOS::DEBUG:  swdes dump  C:/unswworks/workspace/project_plat/psu_cortexa53_0/standalone_domain/bsp/system.mss|system_1||
C:/unswworks/workspace/project_plat/zynqmp_fsbl/zynqmp_fsbl_bsp/system.mss|system||
C:/unswworks/workspace/project_plat/zynqmp_pmufw/zynqmp_pmufw_bsp/system.mss|system_0||

TRACE::2025-11-13.13:00:32::SCWMssOS::Sw design exists and opened at  C:/unswworks/workspace/project_plat/zynqmp_pmufw/zynqmp_pmufw_bsp/system.mss
TRACE::2025-11-13.13:00:32::SCWPlatform::Trying to open the hw design at C:/unswworks/workspace/project_plat/hw/v2.0.xsa
TRACE::2025-11-13.13:00:32::SCWPlatform::DSA given C:/unswworks/workspace/project_plat/hw/v2.0.xsa
TRACE::2025-11-13.13:00:32::SCWPlatform::DSA absoulate path C:/unswworks/workspace/project_plat/hw/v2.0.xsa
TRACE::2025-11-13.13:00:32::SCWPlatform::DSA directory C:/unswworks/workspace/project_plat/hw
TRACE::2025-11-13.13:00:32::SCWPlatform:: Platform Path C:/unswworks/workspace/project_plat/hw/v2.0.xsa
TRACE::2025-11-13.13:00:32::SCWPlatform:: Unique name xilinx:kv260_som::0.0
TRACE::2025-11-13.13:00:32::SCWPlatform::Trying to set the existing hwdb with name design_1_wrapper_0
TRACE::2025-11-13.13:00:32::SCWPlatform::Opened existing hwdb design_1_wrapper_0
TRACE::2025-11-13.13:00:32::SCWPlatform::Found the Hw Db part of the input DSA
TRACE::2025-11-13.13:00:32::SCWMssOS::Checking the sw design at  C:/unswworks/workspace/project_plat/psu_cortexa53_0/standalone_domain/bsp/system.mss
TRACE::2025-11-13.13:00:32::SCWMssOS::DEBUG:  swdes dump  C:/unswworks/workspace/project_plat/psu_cortexa53_0/standalone_domain/bsp/system.mss|system_1||
C:/unswworks/workspace/project_plat/zynqmp_fsbl/zynqmp_fsbl_bsp/system.mss|system||
C:/unswworks/workspace/project_plat/zynqmp_pmufw/zynqmp_pmufw_bsp/system.mss|system_0||

TRACE::2025-11-13.13:00:32::SCWMssOS::Sw design exists and opened at  C:/unswworks/workspace/project_plat/psu_cortexa53_0/standalone_domain/bsp/system.mss
TRACE::2025-11-13.13:00:32::SCWPlatform::Trying to open the hw design at C:/unswworks/workspace/project_plat/hw/v2.0.xsa
TRACE::2025-11-13.13:00:32::SCWPlatform::DSA given C:/unswworks/workspace/project_plat/hw/v2.0.xsa
TRACE::2025-11-13.13:00:32::SCWPlatform::DSA absoulate path C:/unswworks/workspace/project_plat/hw/v2.0.xsa
TRACE::2025-11-13.13:00:32::SCWPlatform::DSA directory C:/unswworks/workspace/project_plat/hw
TRACE::2025-11-13.13:00:32::SCWPlatform:: Platform Path C:/unswworks/workspace/project_plat/hw/v2.0.xsa
TRACE::2025-11-13.13:00:32::SCWPlatform:: Unique name xilinx:kv260_som::0.0
TRACE::2025-11-13.13:00:32::SCWPlatform::Trying to set the existing hwdb with name design_1_wrapper_0
TRACE::2025-11-13.13:00:32::SCWPlatform::Opened existing hwdb design_1_wrapper_0
TRACE::2025-11-13.13:00:32::SCWPlatform::Found the Hw Db part of the input DSA
TRACE::2025-11-13.13:00:32::SCWMssOS::Checking the sw design at  C:/unswworks/workspace/project_plat/psu_cortexa53_0/standalone_domain/bsp/system.mss
TRACE::2025-11-13.13:00:32::SCWMssOS::DEBUG:  swdes dump  C:/unswworks/workspace/project_plat/psu_cortexa53_0/standalone_domain/bsp/system.mss|system_1||
C:/unswworks/workspace/project_plat/zynqmp_fsbl/zynqmp_fsbl_bsp/system.mss|system||
C:/unswworks/workspace/project_plat/zynqmp_pmufw/zynqmp_pmufw_bsp/system.mss|system_0||

TRACE::2025-11-13.13:00:32::SCWMssOS::Sw design exists and opened at  C:/unswworks/workspace/project_plat/psu_cortexa53_0/standalone_domain/bsp/system.mss
TRACE::2025-11-13.13:00:32::SCWPlatform::Trying to open the hw design at C:/unswworks/workspace/project_plat/hw/v2.0.xsa
TRACE::2025-11-13.13:00:32::SCWPlatform::DSA given C:/unswworks/workspace/project_plat/hw/v2.0.xsa
TRACE::2025-11-13.13:00:32::SCWPlatform::DSA absoulate path C:/unswworks/workspace/project_plat/hw/v2.0.xsa
TRACE::2025-11-13.13:00:32::SCWPlatform::DSA directory C:/unswworks/workspace/project_plat/hw
TRACE::2025-11-13.13:00:32::SCWPlatform:: Platform Path C:/unswworks/workspace/project_plat/hw/v2.0.xsa
TRACE::2025-11-13.13:00:32::SCWPlatform:: Unique name xilinx:kv260_som::0.0
TRACE::2025-11-13.13:00:32::SCWPlatform::Trying to set the existing hwdb with name design_1_wrapper_0
TRACE::2025-11-13.13:00:32::SCWPlatform::Opened existing hwdb design_1_wrapper_0
TRACE::2025-11-13.13:00:32::SCWPlatform::Found the Hw Db part of the input DSA
TRACE::2025-11-13.13:00:32::SCWMssOS::Checking the sw design at  C:/unswworks/workspace/project_plat/psu_cortexa53_0/standalone_domain/bsp/system.mss
TRACE::2025-11-13.13:00:32::SCWMssOS::DEBUG:  swdes dump  C:/unswworks/workspace/project_plat/psu_cortexa53_0/standalone_domain/bsp/system.mss|system_1||
C:/unswworks/workspace/project_plat/zynqmp_fsbl/zynqmp_fsbl_bsp/system.mss|system||
C:/unswworks/workspace/project_plat/zynqmp_pmufw/zynqmp_pmufw_bsp/system.mss|system_0||

TRACE::2025-11-13.13:00:32::SCWMssOS::Sw design exists and opened at  C:/unswworks/workspace/project_plat/psu_cortexa53_0/standalone_domain/bsp/system.mss
TRACE::2025-11-13.13:00:32::SCWWriter::formatted JSON is {
	"platformName":	"project_plat",
	"sprVersion":	"2.0",
	"mode":	"gui",
	"dsaType":	"Fixed",
	"platformDesc":	"project_plat",
	"platHandOff":	"C:/unswworks/COMP3601/COMP3601_Project_Audio_tuner/v2.0.xsa",
	"platIntHandOff":	"<platformDir>/hw/v2.0.xsa",
	"deviceType":	"zynqMP",
	"platIsPrebuiltAutogen":	"false",
	"platIsNoBootBsp":	"false",
	"platFsblTarget":	"psu_cortexa53_0",
	"hasFsblMakeHasChanges":	"false",
	"hasPmufwMakeHasChanges":	"false",
	"fsblExtraCompilerFlags":	"-MMD -MP      -Wall -fmessage-length=0 -DARMA53_64 -Os -flto -ffat-lto-objects  ",
	"pmufwExtraCompilerFlags":	"-MMD -MP      -mlittle-endian -mxl-barrel-shift -mxl-pattern-compare -mcpu=v9.2 -mxl-soft-mul -Os -flto -ffat-lto-objects  ",
	"platPreBuiltFlag":	false,
	"platformSamplesDir":	"",
	"platActiveSys":	"project_plat",
	"systems":	[{
			"systemName":	"project_plat",
			"systemDesc":	"project_plat",
			"sysIsBootAutoGen":	"true",
			"systemDispName":	"project_plat",
			"sysActiveDom":	"standalone_domain",
			"sysDefaultDom":	"standalone_domain",
			"domains":	[{
					"domainName":	"zynqmp_fsbl",
					"domainDispName":	"zynqmp_fsbl",
					"domainDesc":	"FSBL Application BSP - Auto Generated.",
					"processors":	"psu_cortexa53_0",
					"os":	"standalone",
					"sdxOs":	"standalone",
					"debugEnable":	"",
					"domRuntimes":	["cpp"],
					"swRepo":	"",
					"mssOsVer":	"9.1",
					"mssFile":	"",
					"md5Digest":	"c840dc5ca3c31eaf7e04acf9165c0038",
					"compatibleApp":	"zynqmp_fsbl",
					"domType":	"bootDomain",
					"arch":	"64-bit",
					"appSettings":	{
						"appCompilerFlags":	"",
						"appLinkerFlags":	""
					},
					"addedLibs":	["xilffs:5.2", "xilsecure:5.3", "xilpm:5.2"],
					"libOptions":	{
						"standalone":	{
							"zynqmp_fsbl_bsp":	"true",
							"libOptionNames":	["zynqmp_fsbl_bsp"]
						},
						"xilffs":	{
							"read_only":	"true",
							"use_mkfs":	"false",
							"libOptionNames":	["read_only", "use_mkfs"]
						},
						"xilsecure":	{
							"tpm_support":	"true",
							"libOptionNames":	["tpm_support"]
						},
						"libsContainingOptions":	["standalone", "xilffs", "xilsecure"]
					},
					"prebuiltLibs":	{
						"prebuiltIncPath":	[],
						"prebuiltLibPath":	[]
					},
					"isolation":	{
					}
				}, {
					"domainName":	"zynqmp_pmufw",
					"domainDispName":	"zynqmp_pmufw",
					"domainDesc":	"PMUFW Application BSP - Auto Generated.",
					"processors":	"psu_pmu_0",
					"os":	"standalone",
					"sdxOs":	"standalone",
					"debugEnable":	"",
					"domRuntimes":	["cpp"],
					"swRepo":	"",
					"mssOsVer":	"9.1",
					"mssFile":	"",
					"md5Digest":	"44b175d2d7d102d21d15df130611c3a1",
					"compatibleApp":	"zynqmp_pmufw",
					"domType":	"bootDomain",
					"arch":	"32-bit",
					"appSettings":	{
						"appCompilerFlags":	"",
						"appLinkerFlags":	""
					},
					"addedLibs":	["xilfpga:6.6", "xilsecure:5.3", "xilskey:7.6"],
					"libOptions":	{
						"psu_pmu_0":	{
							"extra_compiler_flags":	"-g -ffunction-sections -fdata-sections -Wall -Wextra -fno-tree-loop-distribute-patterns  -Os -flto -ffat-lto-objects",
							"libOptionNames":	["extra_compiler_flags"]
						},
						"libsContainingOptions":	["psu_pmu_0"]
					},
					"prebuiltLibs":	{
						"prebuiltIncPath":	[],
						"prebuiltLibPath":	[]
					},
					"isolation":	{
					}
				}, {
					"domainName":	"standalone_domain",
					"domainDispName":	"standalone_domain",
					"domainDesc":	"standalone_domain",
					"processors":	"psu_cortexa53_0",
					"os":	"standalone",
					"sdxOs":	"standalone",
					"qemuArgs":	"<platformDir>/resources/project_plat/standalone_domain/qemu_args.txt",
					"qemuData":	"<platformDir>/resources/project_plat/standalone_domain/qemu",
					"pmuQemuArgs":	"<platformDir>/resources/project_plat/standalone_domain/pmu_args.txt",
					"debugEnable":	"False",
					"domRuntimes":	["cpp"],
					"swRepo":	"",
					"mssOsVer":	"9.1",
					"mssFile":	"",
					"md5Digest":	"3d1111e1091d2a5a3256d77dd15cb6e5",
					"compatibleApp":	"",
					"domType":	"mssDomain",
					"arch":	"64-bit",
					"appSettings":	{
						"appCompilerFlags":	"",
						"appLinkerFlags":	""
					},
					"addedLibs":	[],
					"libOptions":	{
						"libsContainingOptions":	[]
					},
					"prebuiltLibs":	{
						"prebuiltIncPath":	[],
						"prebuiltLibPath":	[]
					},
					"isolation":	{
					}
				}]
		}]
}
KEYINFO::2025-11-13.13:00:32::SCWPlatform::updated the xpfm file.
TRACE::2025-11-13.13:00:33::SCWPlatform::Trying to open the hw design at C:/unswworks/workspace/project_plat/hw/v2.0.xsa
TRACE::2025-11-13.13:00:33::SCWPlatform::DSA given C:/unswworks/workspace/project_plat/hw/v2.0.xsa
TRACE::2025-11-13.13:00:33::SCWPlatform::DSA absoulate path C:/unswworks/workspace/project_plat/hw/v2.0.xsa
TRACE::2025-11-13.13:00:33::SCWPlatform::DSA directory C:/unswworks/workspace/project_plat/hw
TRACE::2025-11-13.13:00:33::SCWPlatform:: Platform Path C:/unswworks/workspace/project_plat/hw/v2.0.xsa
TRACE::2025-11-13.13:00:33::SCWPlatform:: Unique name xilinx:kv260_som::0.0
TRACE::2025-11-13.13:00:33::SCWPlatform::Trying to set the existing hwdb with name design_1_wrapper_0
TRACE::2025-11-13.13:00:33::SCWPlatform::Opened existing hwdb design_1_wrapper_0
TRACE::2025-11-13.13:00:33::SCWPlatform::Found the Hw Db part of the input DSA
TRACE::2025-11-13.13:00:33::SCWMssOS::Checking the sw design at  C:/unswworks/workspace/project_plat/psu_cortexa53_0/standalone_domain/bsp/system.mss
TRACE::2025-11-13.13:00:33::SCWMssOS::DEBUG:  swdes dump  C:/unswworks/workspace/project_plat/psu_cortexa53_0/standalone_domain/bsp/system.mss|system_1||
C:/unswworks/workspace/project_plat/zynqmp_fsbl/zynqmp_fsbl_bsp/system.mss|system||
C:/unswworks/workspace/project_plat/zynqmp_pmufw/zynqmp_pmufw_bsp/system.mss|system_0||

TRACE::2025-11-13.13:00:33::SCWMssOS::Sw design exists and opened at  C:/unswworks/workspace/project_plat/psu_cortexa53_0/standalone_domain/bsp/system.mss
TRACE::2025-11-13.13:00:33::SCWMssOS::Saving the mss changes C:/unswworks/workspace/project_plat/zynqmp_fsbl/zynqmp_fsbl_bsp/system.mss
TRACE::2025-11-13.13:00:33::SCWMssOS::Found a swdesign opened with the mssfile.
TRACE::2025-11-13.13:00:33::SCWMssOS::Completed writemss as part of save.
TRACE::2025-11-13.13:00:33::SCWMssOS::Commit changes completed.
TRACE::2025-11-13.13:00:33::SCWMssOS::Saving the mss changes C:/unswworks/workspace/project_plat/zynqmp_pmufw/zynqmp_pmufw_bsp/system.mss
TRACE::2025-11-13.13:00:33::SCWMssOS::Found a swdesign opened with the mssfile.
TRACE::2025-11-13.13:00:33::SCWMssOS::Completed writemss as part of save.
TRACE::2025-11-13.13:00:33::SCWMssOS::Commit changes completed.
TRACE::2025-11-13.13:00:33::SCWMssOS::Saving the mss changes C:/unswworks/workspace/project_plat/psu_cortexa53_0/standalone_domain/bsp/system.mss
TRACE::2025-11-13.13:00:33::SCWMssOS::Found a swdesign opened with the mssfile.
TRACE::2025-11-13.13:00:33::SCWMssOS::Completed writemss as part of save.
TRACE::2025-11-13.13:00:33::SCWMssOS::Commit changes completed.
TRACE::2025-11-13.13:00:33::SCWPlatform::Trying to open the hw design at C:/unswworks/workspace/project_plat/hw/v2.0.xsa
TRACE::2025-11-13.13:00:33::SCWPlatform::DSA given C:/unswworks/workspace/project_plat/hw/v2.0.xsa
TRACE::2025-11-13.13:00:33::SCWPlatform::DSA absoulate path C:/unswworks/workspace/project_plat/hw/v2.0.xsa
TRACE::2025-11-13.13:00:33::SCWPlatform::DSA directory C:/unswworks/workspace/project_plat/hw
TRACE::2025-11-13.13:00:33::SCWPlatform:: Platform Path C:/unswworks/workspace/project_plat/hw/v2.0.xsa
TRACE::2025-11-13.13:00:33::SCWPlatform:: Unique name xilinx:kv260_som::0.0
TRACE::2025-11-13.13:00:33::SCWPlatform::Trying to set the existing hwdb with name design_1_wrapper_0
TRACE::2025-11-13.13:00:33::SCWPlatform::Opened existing hwdb design_1_wrapper_0
TRACE::2025-11-13.13:00:33::SCWPlatform::Found the Hw Db part of the input DSA
TRACE::2025-11-13.13:00:33::SCWMssOS::Checking the sw design at  C:/unswworks/workspace/project_plat/zynqmp_fsbl/zynqmp_fsbl_bsp/system.mss
TRACE::2025-11-13.13:00:33::SCWMssOS::DEBUG:  swdes dump  C:/unswworks/workspace/project_plat/psu_cortexa53_0/standalone_domain/bsp/system.mss|system_1||
C:/unswworks/workspace/project_plat/zynqmp_fsbl/zynqmp_fsbl_bsp/system.mss|system||
C:/unswworks/workspace/project_plat/zynqmp_pmufw/zynqmp_pmufw_bsp/system.mss|system_0||

TRACE::2025-11-13.13:00:33::SCWMssOS::Sw design exists and opened at  C:/unswworks/workspace/project_plat/zynqmp_fsbl/zynqmp_fsbl_bsp/system.mss
TRACE::2025-11-13.13:00:33::SCWPlatform::Trying to open the hw design at C:/unswworks/workspace/project_plat/hw/v2.0.xsa
TRACE::2025-11-13.13:00:33::SCWPlatform::DSA given C:/unswworks/workspace/project_plat/hw/v2.0.xsa
TRACE::2025-11-13.13:00:33::SCWPlatform::DSA absoulate path C:/unswworks/workspace/project_plat/hw/v2.0.xsa
TRACE::2025-11-13.13:00:33::SCWPlatform::DSA directory C:/unswworks/workspace/project_plat/hw
TRACE::2025-11-13.13:00:33::SCWPlatform:: Platform Path C:/unswworks/workspace/project_plat/hw/v2.0.xsa
TRACE::2025-11-13.13:00:33::SCWPlatform:: Unique name xilinx:kv260_som::0.0
TRACE::2025-11-13.13:00:33::SCWPlatform::Trying to set the existing hwdb with name design_1_wrapper_0
TRACE::2025-11-13.13:00:33::SCWPlatform::Opened existing hwdb design_1_wrapper_0
TRACE::2025-11-13.13:00:33::SCWPlatform::Found the Hw Db part of the input DSA
TRACE::2025-11-13.13:00:33::SCWMssOS::Checking the sw design at  C:/unswworks/workspace/project_plat/zynqmp_fsbl/zynqmp_fsbl_bsp/system.mss
TRACE::2025-11-13.13:00:33::SCWMssOS::DEBUG:  swdes dump  C:/unswworks/workspace/project_plat/psu_cortexa53_0/standalone_domain/bsp/system.mss|system_1||
C:/unswworks/workspace/project_plat/zynqmp_fsbl/zynqmp_fsbl_bsp/system.mss|system||
C:/unswworks/workspace/project_plat/zynqmp_pmufw/zynqmp_pmufw_bsp/system.mss|system_0||

TRACE::2025-11-13.13:00:33::SCWMssOS::Sw design exists and opened at  C:/unswworks/workspace/project_plat/zynqmp_fsbl/zynqmp_fsbl_bsp/system.mss
TRACE::2025-11-13.13:00:33::SCWPlatform::Trying to open the hw design at C:/unswworks/workspace/project_plat/hw/v2.0.xsa
TRACE::2025-11-13.13:00:33::SCWPlatform::DSA given C:/unswworks/workspace/project_plat/hw/v2.0.xsa
TRACE::2025-11-13.13:00:33::SCWPlatform::DSA absoulate path C:/unswworks/workspace/project_plat/hw/v2.0.xsa
TRACE::2025-11-13.13:00:33::SCWPlatform::DSA directory C:/unswworks/workspace/project_plat/hw
TRACE::2025-11-13.13:00:33::SCWPlatform:: Platform Path C:/unswworks/workspace/project_plat/hw/v2.0.xsa
TRACE::2025-11-13.13:00:33::SCWPlatform:: Unique name xilinx:kv260_som::0.0
TRACE::2025-11-13.13:00:33::SCWPlatform::Trying to set the existing hwdb with name design_1_wrapper_0
TRACE::2025-11-13.13:00:33::SCWPlatform::Opened existing hwdb design_1_wrapper_0
TRACE::2025-11-13.13:00:33::SCWPlatform::Found the Hw Db part of the input DSA
TRACE::2025-11-13.13:00:33::SCWMssOS::Checking the sw design at  C:/unswworks/workspace/project_plat/zynqmp_fsbl/zynqmp_fsbl_bsp/system.mss
TRACE::2025-11-13.13:00:33::SCWMssOS::DEBUG:  swdes dump  C:/unswworks/workspace/project_plat/psu_cortexa53_0/standalone_domain/bsp/system.mss|system_1||
C:/unswworks/workspace/project_plat/zynqmp_fsbl/zynqmp_fsbl_bsp/system.mss|system||
C:/unswworks/workspace/project_plat/zynqmp_pmufw/zynqmp_pmufw_bsp/system.mss|system_0||

TRACE::2025-11-13.13:00:33::SCWMssOS::Sw design exists and opened at  C:/unswworks/workspace/project_plat/zynqmp_fsbl/zynqmp_fsbl_bsp/system.mss
TRACE::2025-11-13.13:00:33::SCWPlatform::Trying to open the hw design at C:/unswworks/workspace/project_plat/hw/v2.0.xsa
TRACE::2025-11-13.13:00:33::SCWPlatform::DSA given C:/unswworks/workspace/project_plat/hw/v2.0.xsa
TRACE::2025-11-13.13:00:33::SCWPlatform::DSA absoulate path C:/unswworks/workspace/project_plat/hw/v2.0.xsa
TRACE::2025-11-13.13:00:33::SCWPlatform::DSA directory C:/unswworks/workspace/project_plat/hw
TRACE::2025-11-13.13:00:33::SCWPlatform:: Platform Path C:/unswworks/workspace/project_plat/hw/v2.0.xsa
TRACE::2025-11-13.13:00:33::SCWPlatform:: Unique name xilinx:kv260_som::0.0
TRACE::2025-11-13.13:00:33::SCWPlatform::Trying to set the existing hwdb with name design_1_wrapper_0
TRACE::2025-11-13.13:00:33::SCWPlatform::Opened existing hwdb design_1_wrapper_0
TRACE::2025-11-13.13:00:33::SCWPlatform::Found the Hw Db part of the input DSA
TRACE::2025-11-13.13:00:33::SCWMssOS::Checking the sw design at  C:/unswworks/workspace/project_plat/zynqmp_pmufw/zynqmp_pmufw_bsp/system.mss
TRACE::2025-11-13.13:00:33::SCWMssOS::DEBUG:  swdes dump  C:/unswworks/workspace/project_plat/psu_cortexa53_0/standalone_domain/bsp/system.mss|system_1||
C:/unswworks/workspace/project_plat/zynqmp_fsbl/zynqmp_fsbl_bsp/system.mss|system||
C:/unswworks/workspace/project_plat/zynqmp_pmufw/zynqmp_pmufw_bsp/system.mss|system_0||

TRACE::2025-11-13.13:00:33::SCWMssOS::Sw design exists and opened at  C:/unswworks/workspace/project_plat/zynqmp_pmufw/zynqmp_pmufw_bsp/system.mss
TRACE::2025-11-13.13:00:33::SCWPlatform::Trying to open the hw design at C:/unswworks/workspace/project_plat/hw/v2.0.xsa
TRACE::2025-11-13.13:00:33::SCWPlatform::DSA given C:/unswworks/workspace/project_plat/hw/v2.0.xsa
TRACE::2025-11-13.13:00:33::SCWPlatform::DSA absoulate path C:/unswworks/workspace/project_plat/hw/v2.0.xsa
TRACE::2025-11-13.13:00:33::SCWPlatform::DSA directory C:/unswworks/workspace/project_plat/hw
TRACE::2025-11-13.13:00:33::SCWPlatform:: Platform Path C:/unswworks/workspace/project_plat/hw/v2.0.xsa
TRACE::2025-11-13.13:00:33::SCWPlatform:: Unique name xilinx:kv260_som::0.0
TRACE::2025-11-13.13:00:33::SCWPlatform::Trying to set the existing hwdb with name design_1_wrapper_0
TRACE::2025-11-13.13:00:33::SCWPlatform::Opened existing hwdb design_1_wrapper_0
TRACE::2025-11-13.13:00:33::SCWPlatform::Found the Hw Db part of the input DSA
TRACE::2025-11-13.13:00:33::SCWMssOS::Checking the sw design at  C:/unswworks/workspace/project_plat/zynqmp_pmufw/zynqmp_pmufw_bsp/system.mss
TRACE::2025-11-13.13:00:33::SCWMssOS::DEBUG:  swdes dump  C:/unswworks/workspace/project_plat/psu_cortexa53_0/standalone_domain/bsp/system.mss|system_1||
C:/unswworks/workspace/project_plat/zynqmp_fsbl/zynqmp_fsbl_bsp/system.mss|system||
C:/unswworks/workspace/project_plat/zynqmp_pmufw/zynqmp_pmufw_bsp/system.mss|system_0||

TRACE::2025-11-13.13:00:33::SCWMssOS::Sw design exists and opened at  C:/unswworks/workspace/project_plat/zynqmp_pmufw/zynqmp_pmufw_bsp/system.mss
TRACE::2025-11-13.13:00:33::SCWPlatform::Trying to open the hw design at C:/unswworks/workspace/project_plat/hw/v2.0.xsa
TRACE::2025-11-13.13:00:33::SCWPlatform::DSA given C:/unswworks/workspace/project_plat/hw/v2.0.xsa
TRACE::2025-11-13.13:00:33::SCWPlatform::DSA absoulate path C:/unswworks/workspace/project_plat/hw/v2.0.xsa
TRACE::2025-11-13.13:00:33::SCWPlatform::DSA directory C:/unswworks/workspace/project_plat/hw
TRACE::2025-11-13.13:00:33::SCWPlatform:: Platform Path C:/unswworks/workspace/project_plat/hw/v2.0.xsa
TRACE::2025-11-13.13:00:33::SCWPlatform:: Unique name xilinx:kv260_som::0.0
TRACE::2025-11-13.13:00:33::SCWPlatform::Trying to set the existing hwdb with name design_1_wrapper_0
TRACE::2025-11-13.13:00:33::SCWPlatform::Opened existing hwdb design_1_wrapper_0
TRACE::2025-11-13.13:00:33::SCWPlatform::Found the Hw Db part of the input DSA
TRACE::2025-11-13.13:00:33::SCWMssOS::Checking the sw design at  C:/unswworks/workspace/project_plat/zynqmp_pmufw/zynqmp_pmufw_bsp/system.mss
TRACE::2025-11-13.13:00:33::SCWMssOS::DEBUG:  swdes dump  C:/unswworks/workspace/project_plat/psu_cortexa53_0/standalone_domain/bsp/system.mss|system_1||
C:/unswworks/workspace/project_plat/zynqmp_fsbl/zynqmp_fsbl_bsp/system.mss|system||
C:/unswworks/workspace/project_plat/zynqmp_pmufw/zynqmp_pmufw_bsp/system.mss|system_0||

TRACE::2025-11-13.13:00:33::SCWMssOS::Sw design exists and opened at  C:/unswworks/workspace/project_plat/zynqmp_pmufw/zynqmp_pmufw_bsp/system.mss
TRACE::2025-11-13.13:00:33::SCWPlatform::Trying to open the hw design at C:/unswworks/workspace/project_plat/hw/v2.0.xsa
TRACE::2025-11-13.13:00:33::SCWPlatform::DSA given C:/unswworks/workspace/project_plat/hw/v2.0.xsa
TRACE::2025-11-13.13:00:33::SCWPlatform::DSA absoulate path C:/unswworks/workspace/project_plat/hw/v2.0.xsa
TRACE::2025-11-13.13:00:33::SCWPlatform::DSA directory C:/unswworks/workspace/project_plat/hw
TRACE::2025-11-13.13:00:33::SCWPlatform:: Platform Path C:/unswworks/workspace/project_plat/hw/v2.0.xsa
TRACE::2025-11-13.13:00:33::SCWPlatform:: Unique name xilinx:kv260_som::0.0
TRACE::2025-11-13.13:00:33::SCWPlatform::Trying to set the existing hwdb with name design_1_wrapper_0
TRACE::2025-11-13.13:00:33::SCWPlatform::Opened existing hwdb design_1_wrapper_0
TRACE::2025-11-13.13:00:33::SCWPlatform::Found the Hw Db part of the input DSA
TRACE::2025-11-13.13:00:33::SCWMssOS::Checking the sw design at  C:/unswworks/workspace/project_plat/psu_cortexa53_0/standalone_domain/bsp/system.mss
TRACE::2025-11-13.13:00:33::SCWMssOS::DEBUG:  swdes dump  C:/unswworks/workspace/project_plat/psu_cortexa53_0/standalone_domain/bsp/system.mss|system_1||
C:/unswworks/workspace/project_plat/zynqmp_fsbl/zynqmp_fsbl_bsp/system.mss|system||
C:/unswworks/workspace/project_plat/zynqmp_pmufw/zynqmp_pmufw_bsp/system.mss|system_0||

TRACE::2025-11-13.13:00:33::SCWMssOS::Sw design exists and opened at  C:/unswworks/workspace/project_plat/psu_cortexa53_0/standalone_domain/bsp/system.mss
TRACE::2025-11-13.13:00:33::SCWPlatform::Trying to open the hw design at C:/unswworks/workspace/project_plat/hw/v2.0.xsa
TRACE::2025-11-13.13:00:33::SCWPlatform::DSA given C:/unswworks/workspace/project_plat/hw/v2.0.xsa
TRACE::2025-11-13.13:00:33::SCWPlatform::DSA absoulate path C:/unswworks/workspace/project_plat/hw/v2.0.xsa
TRACE::2025-11-13.13:00:33::SCWPlatform::DSA directory C:/unswworks/workspace/project_plat/hw
TRACE::2025-11-13.13:00:33::SCWPlatform:: Platform Path C:/unswworks/workspace/project_plat/hw/v2.0.xsa
TRACE::2025-11-13.13:00:33::SCWPlatform:: Unique name xilinx:kv260_som::0.0
TRACE::2025-11-13.13:00:33::SCWPlatform::Trying to set the existing hwdb with name design_1_wrapper_0
TRACE::2025-11-13.13:00:33::SCWPlatform::Opened existing hwdb design_1_wrapper_0
TRACE::2025-11-13.13:00:33::SCWPlatform::Found the Hw Db part of the input DSA
TRACE::2025-11-13.13:00:33::SCWMssOS::Checking the sw design at  C:/unswworks/workspace/project_plat/psu_cortexa53_0/standalone_domain/bsp/system.mss
TRACE::2025-11-13.13:00:33::SCWMssOS::DEBUG:  swdes dump  C:/unswworks/workspace/project_plat/psu_cortexa53_0/standalone_domain/bsp/system.mss|system_1||
C:/unswworks/workspace/project_plat/zynqmp_fsbl/zynqmp_fsbl_bsp/system.mss|system||
C:/unswworks/workspace/project_plat/zynqmp_pmufw/zynqmp_pmufw_bsp/system.mss|system_0||

TRACE::2025-11-13.13:00:33::SCWMssOS::Sw design exists and opened at  C:/unswworks/workspace/project_plat/psu_cortexa53_0/standalone_domain/bsp/system.mss
TRACE::2025-11-13.13:00:33::SCWPlatform::Trying to open the hw design at C:/unswworks/workspace/project_plat/hw/v2.0.xsa
TRACE::2025-11-13.13:00:33::SCWPlatform::DSA given C:/unswworks/workspace/project_plat/hw/v2.0.xsa
TRACE::2025-11-13.13:00:33::SCWPlatform::DSA absoulate path C:/unswworks/workspace/project_plat/hw/v2.0.xsa
TRACE::2025-11-13.13:00:33::SCWPlatform::DSA directory C:/unswworks/workspace/project_plat/hw
TRACE::2025-11-13.13:00:33::SCWPlatform:: Platform Path C:/unswworks/workspace/project_plat/hw/v2.0.xsa
TRACE::2025-11-13.13:00:33::SCWPlatform:: Unique name xilinx:kv260_som::0.0
TRACE::2025-11-13.13:00:33::SCWPlatform::Trying to set the existing hwdb with name design_1_wrapper_0
TRACE::2025-11-13.13:00:33::SCWPlatform::Opened existing hwdb design_1_wrapper_0
TRACE::2025-11-13.13:00:33::SCWPlatform::Found the Hw Db part of the input DSA
TRACE::2025-11-13.13:00:33::SCWMssOS::Checking the sw design at  C:/unswworks/workspace/project_plat/psu_cortexa53_0/standalone_domain/bsp/system.mss
TRACE::2025-11-13.13:00:33::SCWMssOS::DEBUG:  swdes dump  C:/unswworks/workspace/project_plat/psu_cortexa53_0/standalone_domain/bsp/system.mss|system_1||
C:/unswworks/workspace/project_plat/zynqmp_fsbl/zynqmp_fsbl_bsp/system.mss|system||
C:/unswworks/workspace/project_plat/zynqmp_pmufw/zynqmp_pmufw_bsp/system.mss|system_0||

TRACE::2025-11-13.13:00:33::SCWMssOS::Sw design exists and opened at  C:/unswworks/workspace/project_plat/psu_cortexa53_0/standalone_domain/bsp/system.mss
TRACE::2025-11-13.13:00:33::SCWWriter::formatted JSON is {
	"platformName":	"project_plat",
	"sprVersion":	"2.0",
	"mode":	"gui",
	"dsaType":	"Fixed",
	"platformDesc":	"project_plat",
	"platHandOff":	"C:/unswworks/COMP3601/COMP3601_Project_Audio_tuner/v2.0.xsa",
	"platIntHandOff":	"<platformDir>/hw/v2.0.xsa",
	"deviceType":	"zynqMP",
	"platIsPrebuiltAutogen":	"false",
	"platIsNoBootBsp":	"false",
	"platFsblTarget":	"psu_cortexa53_0",
	"hasFsblMakeHasChanges":	"false",
	"hasPmufwMakeHasChanges":	"false",
	"fsblExtraCompilerFlags":	"-MMD -MP      -Wall -fmessage-length=0 -DARMA53_64 -Os -flto -ffat-lto-objects  ",
	"pmufwExtraCompilerFlags":	"-MMD -MP      -mlittle-endian -mxl-barrel-shift -mxl-pattern-compare -mcpu=v9.2 -mxl-soft-mul -Os -flto -ffat-lto-objects  ",
	"platPreBuiltFlag":	false,
	"platformSamplesDir":	"",
	"platActiveSys":	"project_plat",
	"systems":	[{
			"systemName":	"project_plat",
			"systemDesc":	"project_plat",
			"sysIsBootAutoGen":	"true",
			"systemDispName":	"project_plat",
			"sysActiveDom":	"standalone_domain",
			"sysDefaultDom":	"standalone_domain",
			"domains":	[{
					"domainName":	"zynqmp_fsbl",
					"domainDispName":	"zynqmp_fsbl",
					"domainDesc":	"FSBL Application BSP - Auto Generated.",
					"processors":	"psu_cortexa53_0",
					"os":	"standalone",
					"sdxOs":	"standalone",
					"debugEnable":	"",
					"domRuntimes":	["cpp"],
					"swRepo":	"",
					"mssOsVer":	"9.1",
					"mssFile":	"",
					"md5Digest":	"c840dc5ca3c31eaf7e04acf9165c0038",
					"compatibleApp":	"zynqmp_fsbl",
					"domType":	"bootDomain",
					"arch":	"64-bit",
					"appSettings":	{
						"appCompilerFlags":	"",
						"appLinkerFlags":	""
					},
					"addedLibs":	["xilffs:5.2", "xilsecure:5.3", "xilpm:5.2"],
					"libOptions":	{
						"standalone":	{
							"zynqmp_fsbl_bsp":	"true",
							"libOptionNames":	["zynqmp_fsbl_bsp"]
						},
						"xilffs":	{
							"read_only":	"true",
							"use_mkfs":	"false",
							"libOptionNames":	["read_only", "use_mkfs"]
						},
						"xilsecure":	{
							"tpm_support":	"true",
							"libOptionNames":	["tpm_support"]
						},
						"libsContainingOptions":	["standalone", "xilffs", "xilsecure"]
					},
					"prebuiltLibs":	{
						"prebuiltIncPath":	[],
						"prebuiltLibPath":	[]
					},
					"isolation":	{
					}
				}, {
					"domainName":	"zynqmp_pmufw",
					"domainDispName":	"zynqmp_pmufw",
					"domainDesc":	"PMUFW Application BSP - Auto Generated.",
					"processors":	"psu_pmu_0",
					"os":	"standalone",
					"sdxOs":	"standalone",
					"debugEnable":	"",
					"domRuntimes":	["cpp"],
					"swRepo":	"",
					"mssOsVer":	"9.1",
					"mssFile":	"",
					"md5Digest":	"44b175d2d7d102d21d15df130611c3a1",
					"compatibleApp":	"zynqmp_pmufw",
					"domType":	"bootDomain",
					"arch":	"32-bit",
					"appSettings":	{
						"appCompilerFlags":	"",
						"appLinkerFlags":	""
					},
					"addedLibs":	["xilfpga:6.6", "xilsecure:5.3", "xilskey:7.6"],
					"libOptions":	{
						"psu_pmu_0":	{
							"extra_compiler_flags":	"-g -ffunction-sections -fdata-sections -Wall -Wextra -fno-tree-loop-distribute-patterns  -Os -flto -ffat-lto-objects",
							"libOptionNames":	["extra_compiler_flags"]
						},
						"libsContainingOptions":	["psu_pmu_0"]
					},
					"prebuiltLibs":	{
						"prebuiltIncPath":	[],
						"prebuiltLibPath":	[]
					},
					"isolation":	{
					}
				}, {
					"domainName":	"standalone_domain",
					"domainDispName":	"standalone_domain",
					"domainDesc":	"standalone_domain",
					"processors":	"psu_cortexa53_0",
					"os":	"standalone",
					"sdxOs":	"standalone",
					"qemuArgs":	"<platformDir>/resources/project_plat/standalone_domain/qemu_args.txt",
					"qemuData":	"<platformDir>/resources/project_plat/standalone_domain/qemu",
					"pmuQemuArgs":	"<platformDir>/resources/project_plat/standalone_domain/pmu_args.txt",
					"debugEnable":	"False",
					"domRuntimes":	["cpp"],
					"swRepo":	"",
					"mssOsVer":	"9.1",
					"mssFile":	"",
					"md5Digest":	"3d1111e1091d2a5a3256d77dd15cb6e5",
					"compatibleApp":	"",
					"domType":	"mssDomain",
					"arch":	"64-bit",
					"appSettings":	{
						"appCompilerFlags":	"",
						"appLinkerFlags":	""
					},
					"addedLibs":	[],
					"libOptions":	{
						"libsContainingOptions":	[]
					},
					"prebuiltLibs":	{
						"prebuiltIncPath":	[],
						"prebuiltLibPath":	[]
					},
					"isolation":	{
					}
				}]
		}]
}
TRACE::2025-11-13.13:00:33::SCWPlatform::Trying to open the hw design at C:/unswworks/workspace/project_plat/hw/v2.0.xsa
TRACE::2025-11-13.13:00:33::SCWPlatform::DSA given C:/unswworks/workspace/project_plat/hw/v2.0.xsa
TRACE::2025-11-13.13:00:33::SCWPlatform::DSA absoulate path C:/unswworks/workspace/project_plat/hw/v2.0.xsa
TRACE::2025-11-13.13:00:33::SCWPlatform::DSA directory C:/unswworks/workspace/project_plat/hw
TRACE::2025-11-13.13:00:33::SCWPlatform:: Platform Path C:/unswworks/workspace/project_plat/hw/v2.0.xsa
TRACE::2025-11-13.13:00:33::SCWPlatform:: Unique name xilinx:kv260_som::0.0
TRACE::2025-11-13.13:00:33::SCWPlatform::Trying to set the existing hwdb with name design_1_wrapper_0
TRACE::2025-11-13.13:00:33::SCWPlatform::Opened existing hwdb design_1_wrapper_0
TRACE::2025-11-13.13:00:33::SCWPlatform::Found the Hw Db part of the input DSA
TRACE::2025-11-13.13:00:33::SCWMssOS::Checking the sw design at  C:/unswworks/workspace/project_plat/psu_cortexa53_0/standalone_domain/bsp/system.mss
TRACE::2025-11-13.13:00:33::SCWMssOS::DEBUG:  swdes dump  C:/unswworks/workspace/project_plat/psu_cortexa53_0/standalone_domain/bsp/system.mss|system_1||
C:/unswworks/workspace/project_plat/zynqmp_fsbl/zynqmp_fsbl_bsp/system.mss|system||
C:/unswworks/workspace/project_plat/zynqmp_pmufw/zynqmp_pmufw_bsp/system.mss|system_0||

TRACE::2025-11-13.13:00:33::SCWMssOS::Sw design exists and opened at  C:/unswworks/workspace/project_plat/psu_cortexa53_0/standalone_domain/bsp/system.mss
TRACE::2025-11-13.13:00:33::SCWPlatform::Trying to open the hw design at C:/unswworks/workspace/project_plat/hw/v2.0.xsa
TRACE::2025-11-13.13:00:33::SCWPlatform::DSA given C:/unswworks/workspace/project_plat/hw/v2.0.xsa
TRACE::2025-11-13.13:00:33::SCWPlatform::DSA absoulate path C:/unswworks/workspace/project_plat/hw/v2.0.xsa
TRACE::2025-11-13.13:00:33::SCWPlatform::DSA directory C:/unswworks/workspace/project_plat/hw
TRACE::2025-11-13.13:00:33::SCWPlatform:: Platform Path C:/unswworks/workspace/project_plat/hw/v2.0.xsa
TRACE::2025-11-13.13:00:33::SCWPlatform:: Unique name xilinx:kv260_som::0.0
TRACE::2025-11-13.13:00:33::SCWPlatform::Trying to set the existing hwdb with name design_1_wrapper_0
TRACE::2025-11-13.13:00:33::SCWPlatform::Opened existing hwdb design_1_wrapper_0
TRACE::2025-11-13.13:00:33::SCWPlatform::Found the Hw Db part of the input DSA
TRACE::2025-11-13.13:00:33::SCWMssOS::Checking the sw design at  C:/unswworks/workspace/project_plat/psu_cortexa53_0/standalone_domain/bsp/system.mss
TRACE::2025-11-13.13:00:33::SCWMssOS::DEBUG:  swdes dump  C:/unswworks/workspace/project_plat/psu_cortexa53_0/standalone_domain/bsp/system.mss|system_1||
C:/unswworks/workspace/project_plat/zynqmp_fsbl/zynqmp_fsbl_bsp/system.mss|system||
C:/unswworks/workspace/project_plat/zynqmp_pmufw/zynqmp_pmufw_bsp/system.mss|system_0||

TRACE::2025-11-13.13:00:33::SCWMssOS::Sw design exists and opened at  C:/unswworks/workspace/project_plat/psu_cortexa53_0/standalone_domain/bsp/system.mss
TRACE::2025-11-13.13:00:33::SCWPlatform::Trying to open the hw design at C:/unswworks/workspace/project_plat/hw/v2.0.xsa
TRACE::2025-11-13.13:00:33::SCWPlatform::DSA given C:/unswworks/workspace/project_plat/hw/v2.0.xsa
TRACE::2025-11-13.13:00:33::SCWPlatform::DSA absoulate path C:/unswworks/workspace/project_plat/hw/v2.0.xsa
TRACE::2025-11-13.13:00:33::SCWPlatform::DSA directory C:/unswworks/workspace/project_plat/hw
TRACE::2025-11-13.13:00:33::SCWPlatform:: Platform Path C:/unswworks/workspace/project_plat/hw/v2.0.xsa
TRACE::2025-11-13.13:00:33::SCWPlatform:: Unique name xilinx:kv260_som::0.0
TRACE::2025-11-13.13:00:33::SCWPlatform::Trying to set the existing hwdb with name design_1_wrapper_0
TRACE::2025-11-13.13:00:33::SCWPlatform::Opened existing hwdb design_1_wrapper_0
TRACE::2025-11-13.13:00:33::SCWPlatform::Found the Hw Db part of the input DSA
TRACE::2025-11-13.13:00:33::SCWMssOS::Checking the sw design at  C:/unswworks/workspace/project_plat/psu_cortexa53_0/standalone_domain/bsp/system.mss
TRACE::2025-11-13.13:00:33::SCWMssOS::DEBUG:  swdes dump  C:/unswworks/workspace/project_plat/psu_cortexa53_0/standalone_domain/bsp/system.mss|system_1||
C:/unswworks/workspace/project_plat/zynqmp_fsbl/zynqmp_fsbl_bsp/system.mss|system||
C:/unswworks/workspace/project_plat/zynqmp_pmufw/zynqmp_pmufw_bsp/system.mss|system_0||

TRACE::2025-11-13.13:00:33::SCWMssOS::Sw design exists and opened at  C:/unswworks/workspace/project_plat/psu_cortexa53_0/standalone_domain/bsp/system.mss
TRACE::2025-11-13.13:00:33::SCWMssOS::Saving the mss changes C:/unswworks/workspace/project_plat/zynqmp_fsbl/zynqmp_fsbl_bsp/system.mss
TRACE::2025-11-13.13:00:33::SCWMssOS::Found a swdesign opened with the mssfile.
TRACE::2025-11-13.13:00:33::SCWMssOS::Completed writemss as part of save.
TRACE::2025-11-13.13:00:33::SCWMssOS::Commit changes completed.
TRACE::2025-11-13.13:00:33::SCWMssOS::Saving the mss changes C:/unswworks/workspace/project_plat/zynqmp_pmufw/zynqmp_pmufw_bsp/system.mss
TRACE::2025-11-13.13:00:33::SCWMssOS::Found a swdesign opened with the mssfile.
TRACE::2025-11-13.13:00:33::SCWMssOS::Completed writemss as part of save.
TRACE::2025-11-13.13:00:33::SCWMssOS::Commit changes completed.
TRACE::2025-11-13.13:00:33::SCWMssOS::Saving the mss changes C:/unswworks/workspace/project_plat/psu_cortexa53_0/standalone_domain/bsp/system.mss
TRACE::2025-11-13.13:00:33::SCWMssOS::Found a swdesign opened with the mssfile.
TRACE::2025-11-13.13:00:33::SCWMssOS::Completed writemss as part of save.
TRACE::2025-11-13.13:00:33::SCWMssOS::Commit changes completed.
TRACE::2025-11-13.13:00:33::SCWPlatform::Trying to open the hw design at C:/unswworks/workspace/project_plat/hw/v2.0.xsa
TRACE::2025-11-13.13:00:33::SCWPlatform::DSA given C:/unswworks/workspace/project_plat/hw/v2.0.xsa
TRACE::2025-11-13.13:00:33::SCWPlatform::DSA absoulate path C:/unswworks/workspace/project_plat/hw/v2.0.xsa
TRACE::2025-11-13.13:00:33::SCWPlatform::DSA directory C:/unswworks/workspace/project_plat/hw
TRACE::2025-11-13.13:00:33::SCWPlatform:: Platform Path C:/unswworks/workspace/project_plat/hw/v2.0.xsa
TRACE::2025-11-13.13:00:33::SCWPlatform:: Unique name xilinx:kv260_som::0.0
TRACE::2025-11-13.13:00:33::SCWPlatform::Trying to set the existing hwdb with name design_1_wrapper_0
TRACE::2025-11-13.13:00:33::SCWPlatform::Opened existing hwdb design_1_wrapper_0
TRACE::2025-11-13.13:00:33::SCWPlatform::Found the Hw Db part of the input DSA
TRACE::2025-11-13.13:00:33::SCWMssOS::Checking the sw design at  C:/unswworks/workspace/project_plat/zynqmp_fsbl/zynqmp_fsbl_bsp/system.mss
TRACE::2025-11-13.13:00:33::SCWMssOS::DEBUG:  swdes dump  C:/unswworks/workspace/project_plat/psu_cortexa53_0/standalone_domain/bsp/system.mss|system_1||
C:/unswworks/workspace/project_plat/zynqmp_fsbl/zynqmp_fsbl_bsp/system.mss|system||
C:/unswworks/workspace/project_plat/zynqmp_pmufw/zynqmp_pmufw_bsp/system.mss|system_0||

TRACE::2025-11-13.13:00:33::SCWMssOS::Sw design exists and opened at  C:/unswworks/workspace/project_plat/zynqmp_fsbl/zynqmp_fsbl_bsp/system.mss
TRACE::2025-11-13.13:00:33::SCWPlatform::Trying to open the hw design at C:/unswworks/workspace/project_plat/hw/v2.0.xsa
TRACE::2025-11-13.13:00:33::SCWPlatform::DSA given C:/unswworks/workspace/project_plat/hw/v2.0.xsa
TRACE::2025-11-13.13:00:33::SCWPlatform::DSA absoulate path C:/unswworks/workspace/project_plat/hw/v2.0.xsa
TRACE::2025-11-13.13:00:33::SCWPlatform::DSA directory C:/unswworks/workspace/project_plat/hw
TRACE::2025-11-13.13:00:33::SCWPlatform:: Platform Path C:/unswworks/workspace/project_plat/hw/v2.0.xsa
TRACE::2025-11-13.13:00:33::SCWPlatform:: Unique name xilinx:kv260_som::0.0
TRACE::2025-11-13.13:00:33::SCWPlatform::Trying to set the existing hwdb with name design_1_wrapper_0
TRACE::2025-11-13.13:00:33::SCWPlatform::Opened existing hwdb design_1_wrapper_0
TRACE::2025-11-13.13:00:33::SCWPlatform::Found the Hw Db part of the input DSA
TRACE::2025-11-13.13:00:33::SCWMssOS::Checking the sw design at  C:/unswworks/workspace/project_plat/zynqmp_fsbl/zynqmp_fsbl_bsp/system.mss
TRACE::2025-11-13.13:00:33::SCWMssOS::DEBUG:  swdes dump  C:/unswworks/workspace/project_plat/psu_cortexa53_0/standalone_domain/bsp/system.mss|system_1||
C:/unswworks/workspace/project_plat/zynqmp_fsbl/zynqmp_fsbl_bsp/system.mss|system||
C:/unswworks/workspace/project_plat/zynqmp_pmufw/zynqmp_pmufw_bsp/system.mss|system_0||

TRACE::2025-11-13.13:00:33::SCWMssOS::Sw design exists and opened at  C:/unswworks/workspace/project_plat/zynqmp_fsbl/zynqmp_fsbl_bsp/system.mss
TRACE::2025-11-13.13:00:33::SCWPlatform::Trying to open the hw design at C:/unswworks/workspace/project_plat/hw/v2.0.xsa
TRACE::2025-11-13.13:00:33::SCWPlatform::DSA given C:/unswworks/workspace/project_plat/hw/v2.0.xsa
TRACE::2025-11-13.13:00:33::SCWPlatform::DSA absoulate path C:/unswworks/workspace/project_plat/hw/v2.0.xsa
TRACE::2025-11-13.13:00:33::SCWPlatform::DSA directory C:/unswworks/workspace/project_plat/hw
TRACE::2025-11-13.13:00:33::SCWPlatform:: Platform Path C:/unswworks/workspace/project_plat/hw/v2.0.xsa
TRACE::2025-11-13.13:00:33::SCWPlatform:: Unique name xilinx:kv260_som::0.0
TRACE::2025-11-13.13:00:33::SCWPlatform::Trying to set the existing hwdb with name design_1_wrapper_0
TRACE::2025-11-13.13:00:33::SCWPlatform::Opened existing hwdb design_1_wrapper_0
TRACE::2025-11-13.13:00:33::SCWPlatform::Found the Hw Db part of the input DSA
TRACE::2025-11-13.13:00:33::SCWMssOS::Checking the sw design at  C:/unswworks/workspace/project_plat/zynqmp_fsbl/zynqmp_fsbl_bsp/system.mss
TRACE::2025-11-13.13:00:33::SCWMssOS::DEBUG:  swdes dump  C:/unswworks/workspace/project_plat/psu_cortexa53_0/standalone_domain/bsp/system.mss|system_1||
C:/unswworks/workspace/project_plat/zynqmp_fsbl/zynqmp_fsbl_bsp/system.mss|system||
C:/unswworks/workspace/project_plat/zynqmp_pmufw/zynqmp_pmufw_bsp/system.mss|system_0||

TRACE::2025-11-13.13:00:33::SCWMssOS::Sw design exists and opened at  C:/unswworks/workspace/project_plat/zynqmp_fsbl/zynqmp_fsbl_bsp/system.mss
TRACE::2025-11-13.13:00:33::SCWPlatform::Trying to open the hw design at C:/unswworks/workspace/project_plat/hw/v2.0.xsa
TRACE::2025-11-13.13:00:33::SCWPlatform::DSA given C:/unswworks/workspace/project_plat/hw/v2.0.xsa
TRACE::2025-11-13.13:00:33::SCWPlatform::DSA absoulate path C:/unswworks/workspace/project_plat/hw/v2.0.xsa
TRACE::2025-11-13.13:00:33::SCWPlatform::DSA directory C:/unswworks/workspace/project_plat/hw
TRACE::2025-11-13.13:00:33::SCWPlatform:: Platform Path C:/unswworks/workspace/project_plat/hw/v2.0.xsa
TRACE::2025-11-13.13:00:33::SCWPlatform:: Unique name xilinx:kv260_som::0.0
TRACE::2025-11-13.13:00:33::SCWPlatform::Trying to set the existing hwdb with name design_1_wrapper_0
TRACE::2025-11-13.13:00:33::SCWPlatform::Opened existing hwdb design_1_wrapper_0
TRACE::2025-11-13.13:00:33::SCWPlatform::Found the Hw Db part of the input DSA
TRACE::2025-11-13.13:00:33::SCWMssOS::Checking the sw design at  C:/unswworks/workspace/project_plat/zynqmp_pmufw/zynqmp_pmufw_bsp/system.mss
TRACE::2025-11-13.13:00:33::SCWMssOS::DEBUG:  swdes dump  C:/unswworks/workspace/project_plat/psu_cortexa53_0/standalone_domain/bsp/system.mss|system_1||
C:/unswworks/workspace/project_plat/zynqmp_fsbl/zynqmp_fsbl_bsp/system.mss|system||
C:/unswworks/workspace/project_plat/zynqmp_pmufw/zynqmp_pmufw_bsp/system.mss|system_0||

TRACE::2025-11-13.13:00:33::SCWMssOS::Sw design exists and opened at  C:/unswworks/workspace/project_plat/zynqmp_pmufw/zynqmp_pmufw_bsp/system.mss
TRACE::2025-11-13.13:00:33::SCWPlatform::Trying to open the hw design at C:/unswworks/workspace/project_plat/hw/v2.0.xsa
TRACE::2025-11-13.13:00:33::SCWPlatform::DSA given C:/unswworks/workspace/project_plat/hw/v2.0.xsa
TRACE::2025-11-13.13:00:33::SCWPlatform::DSA absoulate path C:/unswworks/workspace/project_plat/hw/v2.0.xsa
TRACE::2025-11-13.13:00:33::SCWPlatform::DSA directory C:/unswworks/workspace/project_plat/hw
TRACE::2025-11-13.13:00:33::SCWPlatform:: Platform Path C:/unswworks/workspace/project_plat/hw/v2.0.xsa
TRACE::2025-11-13.13:00:33::SCWPlatform:: Unique name xilinx:kv260_som::0.0
TRACE::2025-11-13.13:00:33::SCWPlatform::Trying to set the existing hwdb with name design_1_wrapper_0
TRACE::2025-11-13.13:00:33::SCWPlatform::Opened existing hwdb design_1_wrapper_0
TRACE::2025-11-13.13:00:33::SCWPlatform::Found the Hw Db part of the input DSA
TRACE::2025-11-13.13:00:33::SCWMssOS::Checking the sw design at  C:/unswworks/workspace/project_plat/zynqmp_pmufw/zynqmp_pmufw_bsp/system.mss
TRACE::2025-11-13.13:00:33::SCWMssOS::DEBUG:  swdes dump  C:/unswworks/workspace/project_plat/psu_cortexa53_0/standalone_domain/bsp/system.mss|system_1||
C:/unswworks/workspace/project_plat/zynqmp_fsbl/zynqmp_fsbl_bsp/system.mss|system||
C:/unswworks/workspace/project_plat/zynqmp_pmufw/zynqmp_pmufw_bsp/system.mss|system_0||

TRACE::2025-11-13.13:00:33::SCWMssOS::Sw design exists and opened at  C:/unswworks/workspace/project_plat/zynqmp_pmufw/zynqmp_pmufw_bsp/system.mss
TRACE::2025-11-13.13:00:33::SCWPlatform::Trying to open the hw design at C:/unswworks/workspace/project_plat/hw/v2.0.xsa
TRACE::2025-11-13.13:00:33::SCWPlatform::DSA given C:/unswworks/workspace/project_plat/hw/v2.0.xsa
TRACE::2025-11-13.13:00:33::SCWPlatform::DSA absoulate path C:/unswworks/workspace/project_plat/hw/v2.0.xsa
TRACE::2025-11-13.13:00:33::SCWPlatform::DSA directory C:/unswworks/workspace/project_plat/hw
TRACE::2025-11-13.13:00:33::SCWPlatform:: Platform Path C:/unswworks/workspace/project_plat/hw/v2.0.xsa
TRACE::2025-11-13.13:00:33::SCWPlatform:: Unique name xilinx:kv260_som::0.0
TRACE::2025-11-13.13:00:33::SCWPlatform::Trying to set the existing hwdb with name design_1_wrapper_0
TRACE::2025-11-13.13:00:33::SCWPlatform::Opened existing hwdb design_1_wrapper_0
TRACE::2025-11-13.13:00:33::SCWPlatform::Found the Hw Db part of the input DSA
TRACE::2025-11-13.13:00:33::SCWMssOS::Checking the sw design at  C:/unswworks/workspace/project_plat/zynqmp_pmufw/zynqmp_pmufw_bsp/system.mss
TRACE::2025-11-13.13:00:33::SCWMssOS::DEBUG:  swdes dump  C:/unswworks/workspace/project_plat/psu_cortexa53_0/standalone_domain/bsp/system.mss|system_1||
C:/unswworks/workspace/project_plat/zynqmp_fsbl/zynqmp_fsbl_bsp/system.mss|system||
C:/unswworks/workspace/project_plat/zynqmp_pmufw/zynqmp_pmufw_bsp/system.mss|system_0||

TRACE::2025-11-13.13:00:33::SCWMssOS::Sw design exists and opened at  C:/unswworks/workspace/project_plat/zynqmp_pmufw/zynqmp_pmufw_bsp/system.mss
TRACE::2025-11-13.13:00:33::SCWPlatform::Trying to open the hw design at C:/unswworks/workspace/project_plat/hw/v2.0.xsa
TRACE::2025-11-13.13:00:33::SCWPlatform::DSA given C:/unswworks/workspace/project_plat/hw/v2.0.xsa
TRACE::2025-11-13.13:00:33::SCWPlatform::DSA absoulate path C:/unswworks/workspace/project_plat/hw/v2.0.xsa
TRACE::2025-11-13.13:00:33::SCWPlatform::DSA directory C:/unswworks/workspace/project_plat/hw
TRACE::2025-11-13.13:00:33::SCWPlatform:: Platform Path C:/unswworks/workspace/project_plat/hw/v2.0.xsa
TRACE::2025-11-13.13:00:33::SCWPlatform:: Unique name xilinx:kv260_som::0.0
TRACE::2025-11-13.13:00:33::SCWPlatform::Trying to set the existing hwdb with name design_1_wrapper_0
TRACE::2025-11-13.13:00:33::SCWPlatform::Opened existing hwdb design_1_wrapper_0
TRACE::2025-11-13.13:00:33::SCWPlatform::Found the Hw Db part of the input DSA
TRACE::2025-11-13.13:00:33::SCWMssOS::Checking the sw design at  C:/unswworks/workspace/project_plat/psu_cortexa53_0/standalone_domain/bsp/system.mss
TRACE::2025-11-13.13:00:33::SCWMssOS::DEBUG:  swdes dump  C:/unswworks/workspace/project_plat/psu_cortexa53_0/standalone_domain/bsp/system.mss|system_1||
C:/unswworks/workspace/project_plat/zynqmp_fsbl/zynqmp_fsbl_bsp/system.mss|system||
C:/unswworks/workspace/project_plat/zynqmp_pmufw/zynqmp_pmufw_bsp/system.mss|system_0||

TRACE::2025-11-13.13:00:33::SCWMssOS::Sw design exists and opened at  C:/unswworks/workspace/project_plat/psu_cortexa53_0/standalone_domain/bsp/system.mss
TRACE::2025-11-13.13:00:33::SCWPlatform::Trying to open the hw design at C:/unswworks/workspace/project_plat/hw/v2.0.xsa
TRACE::2025-11-13.13:00:33::SCWPlatform::DSA given C:/unswworks/workspace/project_plat/hw/v2.0.xsa
TRACE::2025-11-13.13:00:33::SCWPlatform::DSA absoulate path C:/unswworks/workspace/project_plat/hw/v2.0.xsa
TRACE::2025-11-13.13:00:33::SCWPlatform::DSA directory C:/unswworks/workspace/project_plat/hw
TRACE::2025-11-13.13:00:33::SCWPlatform:: Platform Path C:/unswworks/workspace/project_plat/hw/v2.0.xsa
TRACE::2025-11-13.13:00:33::SCWPlatform:: Unique name xilinx:kv260_som::0.0
TRACE::2025-11-13.13:00:33::SCWPlatform::Trying to set the existing hwdb with name design_1_wrapper_0
TRACE::2025-11-13.13:00:33::SCWPlatform::Opened existing hwdb design_1_wrapper_0
TRACE::2025-11-13.13:00:33::SCWPlatform::Found the Hw Db part of the input DSA
TRACE::2025-11-13.13:00:33::SCWMssOS::Checking the sw design at  C:/unswworks/workspace/project_plat/psu_cortexa53_0/standalone_domain/bsp/system.mss
TRACE::2025-11-13.13:00:33::SCWMssOS::DEBUG:  swdes dump  C:/unswworks/workspace/project_plat/psu_cortexa53_0/standalone_domain/bsp/system.mss|system_1||
C:/unswworks/workspace/project_plat/zynqmp_fsbl/zynqmp_fsbl_bsp/system.mss|system||
C:/unswworks/workspace/project_plat/zynqmp_pmufw/zynqmp_pmufw_bsp/system.mss|system_0||

TRACE::2025-11-13.13:00:33::SCWMssOS::Sw design exists and opened at  C:/unswworks/workspace/project_plat/psu_cortexa53_0/standalone_domain/bsp/system.mss
TRACE::2025-11-13.13:00:33::SCWPlatform::Trying to open the hw design at C:/unswworks/workspace/project_plat/hw/v2.0.xsa
TRACE::2025-11-13.13:00:33::SCWPlatform::DSA given C:/unswworks/workspace/project_plat/hw/v2.0.xsa
TRACE::2025-11-13.13:00:33::SCWPlatform::DSA absoulate path C:/unswworks/workspace/project_plat/hw/v2.0.xsa
TRACE::2025-11-13.13:00:33::SCWPlatform::DSA directory C:/unswworks/workspace/project_plat/hw
TRACE::2025-11-13.13:00:33::SCWPlatform:: Platform Path C:/unswworks/workspace/project_plat/hw/v2.0.xsa
TRACE::2025-11-13.13:00:33::SCWPlatform:: Unique name xilinx:kv260_som::0.0
TRACE::2025-11-13.13:00:33::SCWPlatform::Trying to set the existing hwdb with name design_1_wrapper_0
TRACE::2025-11-13.13:00:33::SCWPlatform::Opened existing hwdb design_1_wrapper_0
TRACE::2025-11-13.13:00:33::SCWPlatform::Found the Hw Db part of the input DSA
TRACE::2025-11-13.13:00:33::SCWMssOS::Checking the sw design at  C:/unswworks/workspace/project_plat/psu_cortexa53_0/standalone_domain/bsp/system.mss
TRACE::2025-11-13.13:00:33::SCWMssOS::DEBUG:  swdes dump  C:/unswworks/workspace/project_plat/psu_cortexa53_0/standalone_domain/bsp/system.mss|system_1||
C:/unswworks/workspace/project_plat/zynqmp_fsbl/zynqmp_fsbl_bsp/system.mss|system||
C:/unswworks/workspace/project_plat/zynqmp_pmufw/zynqmp_pmufw_bsp/system.mss|system_0||

TRACE::2025-11-13.13:00:33::SCWMssOS::Sw design exists and opened at  C:/unswworks/workspace/project_plat/psu_cortexa53_0/standalone_domain/bsp/system.mss
TRACE::2025-11-13.13:00:33::SCWWriter::formatted JSON is {
	"platformName":	"project_plat",
	"sprVersion":	"2.0",
	"mode":	"gui",
	"dsaType":	"Fixed",
	"platformDesc":	"project_plat",
	"platHandOff":	"C:/unswworks/COMP3601/COMP3601_Project_Audio_tuner/v2.0.xsa",
	"platIntHandOff":	"<platformDir>/hw/v2.0.xsa",
	"deviceType":	"zynqMP",
	"platIsPrebuiltAutogen":	"false",
	"platIsNoBootBsp":	"false",
	"platFsblTarget":	"psu_cortexa53_0",
	"hasFsblMakeHasChanges":	"false",
	"hasPmufwMakeHasChanges":	"false",
	"fsblExtraCompilerFlags":	"-MMD -MP      -Wall -fmessage-length=0 -DARMA53_64 -Os -flto -ffat-lto-objects  ",
	"pmufwExtraCompilerFlags":	"-MMD -MP      -mlittle-endian -mxl-barrel-shift -mxl-pattern-compare -mcpu=v9.2 -mxl-soft-mul -Os -flto -ffat-lto-objects  ",
	"platPreBuiltFlag":	false,
	"platformSamplesDir":	"",
	"platActiveSys":	"project_plat",
	"systems":	[{
			"systemName":	"project_plat",
			"systemDesc":	"project_plat",
			"sysIsBootAutoGen":	"true",
			"systemDispName":	"project_plat",
			"sysActiveDom":	"standalone_domain",
			"sysDefaultDom":	"standalone_domain",
			"domains":	[{
					"domainName":	"zynqmp_fsbl",
					"domainDispName":	"zynqmp_fsbl",
					"domainDesc":	"FSBL Application BSP - Auto Generated.",
					"processors":	"psu_cortexa53_0",
					"os":	"standalone",
					"sdxOs":	"standalone",
					"debugEnable":	"",
					"domRuntimes":	["cpp"],
					"swRepo":	"",
					"mssOsVer":	"9.1",
					"mssFile":	"",
					"md5Digest":	"c840dc5ca3c31eaf7e04acf9165c0038",
					"compatibleApp":	"zynqmp_fsbl",
					"domType":	"bootDomain",
					"arch":	"64-bit",
					"appSettings":	{
						"appCompilerFlags":	"",
						"appLinkerFlags":	""
					},
					"addedLibs":	["xilffs:5.2", "xilsecure:5.3", "xilpm:5.2"],
					"libOptions":	{
						"standalone":	{
							"zynqmp_fsbl_bsp":	"true",
							"libOptionNames":	["zynqmp_fsbl_bsp"]
						},
						"xilffs":	{
							"read_only":	"true",
							"use_mkfs":	"false",
							"libOptionNames":	["read_only", "use_mkfs"]
						},
						"xilsecure":	{
							"tpm_support":	"true",
							"libOptionNames":	["tpm_support"]
						},
						"libsContainingOptions":	["standalone", "xilffs", "xilsecure"]
					},
					"prebuiltLibs":	{
						"prebuiltIncPath":	[],
						"prebuiltLibPath":	[]
					},
					"isolation":	{
					}
				}, {
					"domainName":	"zynqmp_pmufw",
					"domainDispName":	"zynqmp_pmufw",
					"domainDesc":	"PMUFW Application BSP - Auto Generated.",
					"processors":	"psu_pmu_0",
					"os":	"standalone",
					"sdxOs":	"standalone",
					"debugEnable":	"",
					"domRuntimes":	["cpp"],
					"swRepo":	"",
					"mssOsVer":	"9.1",
					"mssFile":	"",
					"md5Digest":	"44b175d2d7d102d21d15df130611c3a1",
					"compatibleApp":	"zynqmp_pmufw",
					"domType":	"bootDomain",
					"arch":	"32-bit",
					"appSettings":	{
						"appCompilerFlags":	"",
						"appLinkerFlags":	""
					},
					"addedLibs":	["xilfpga:6.6", "xilsecure:5.3", "xilskey:7.6"],
					"libOptions":	{
						"psu_pmu_0":	{
							"extra_compiler_flags":	"-g -ffunction-sections -fdata-sections -Wall -Wextra -fno-tree-loop-distribute-patterns  -Os -flto -ffat-lto-objects",
							"libOptionNames":	["extra_compiler_flags"]
						},
						"libsContainingOptions":	["psu_pmu_0"]
					},
					"prebuiltLibs":	{
						"prebuiltIncPath":	[],
						"prebuiltLibPath":	[]
					},
					"isolation":	{
					}
				}, {
					"domainName":	"standalone_domain",
					"domainDispName":	"standalone on psu_cortexa53_0",
					"domainDesc":	"standalone_domain",
					"processors":	"psu_cortexa53_0",
					"os":	"standalone",
					"sdxOs":	"standalone",
					"qemuArgs":	"<platformDir>/resources/project_plat/standalone_domain/qemu_args.txt",
					"qemuData":	"<platformDir>/resources/project_plat/standalone_domain/qemu",
					"pmuQemuArgs":	"<platformDir>/resources/project_plat/standalone_domain/pmu_args.txt",
					"debugEnable":	"False",
					"domRuntimes":	["cpp"],
					"swRepo":	"",
					"mssOsVer":	"9.1",
					"mssFile":	"",
					"md5Digest":	"3d1111e1091d2a5a3256d77dd15cb6e5",
					"compatibleApp":	"",
					"domType":	"mssDomain",
					"arch":	"64-bit",
					"appSettings":	{
						"appCompilerFlags":	"",
						"appLinkerFlags":	""
					},
					"addedLibs":	[],
					"libOptions":	{
						"libsContainingOptions":	[]
					},
					"prebuiltLibs":	{
						"prebuiltIncPath":	[],
						"prebuiltLibPath":	[]
					},
					"isolation":	{
					}
				}]
		}]
}
TRACE::2025-11-13.13:00:33::SCWMssOS::Saving the mss changes C:/unswworks/workspace/project_plat/zynqmp_fsbl/zynqmp_fsbl_bsp/system.mss
TRACE::2025-11-13.13:00:33::SCWMssOS::Found a swdesign opened with the mssfile.
TRACE::2025-11-13.13:00:33::SCWMssOS::Completed writemss as part of save.
TRACE::2025-11-13.13:00:33::SCWMssOS::Commit changes completed.
TRACE::2025-11-13.13:00:33::SCWMssOS::Saving the mss changes C:/unswworks/workspace/project_plat/zynqmp_pmufw/zynqmp_pmufw_bsp/system.mss
TRACE::2025-11-13.13:00:33::SCWMssOS::Found a swdesign opened with the mssfile.
TRACE::2025-11-13.13:00:33::SCWMssOS::Completed writemss as part of save.
TRACE::2025-11-13.13:00:33::SCWMssOS::Commit changes completed.
TRACE::2025-11-13.13:00:33::SCWMssOS::Saving the mss changes C:/unswworks/workspace/project_plat/psu_cortexa53_0/standalone_domain/bsp/system.mss
TRACE::2025-11-13.13:00:33::SCWMssOS::Found a swdesign opened with the mssfile.
TRACE::2025-11-13.13:00:33::SCWMssOS::Completed writemss as part of save.
TRACE::2025-11-13.13:00:33::SCWMssOS::Commit changes completed.
TRACE::2025-11-13.13:00:33::SCWPlatform::Trying to open the hw design at C:/unswworks/workspace/project_plat/hw/v2.0.xsa
TRACE::2025-11-13.13:00:33::SCWPlatform::DSA given C:/unswworks/workspace/project_plat/hw/v2.0.xsa
TRACE::2025-11-13.13:00:33::SCWPlatform::DSA absoulate path C:/unswworks/workspace/project_plat/hw/v2.0.xsa
TRACE::2025-11-13.13:00:33::SCWPlatform::DSA directory C:/unswworks/workspace/project_plat/hw
TRACE::2025-11-13.13:00:33::SCWPlatform:: Platform Path C:/unswworks/workspace/project_plat/hw/v2.0.xsa
TRACE::2025-11-13.13:00:33::SCWPlatform:: Unique name xilinx:kv260_som::0.0
TRACE::2025-11-13.13:00:33::SCWPlatform::Trying to set the existing hwdb with name design_1_wrapper_0
TRACE::2025-11-13.13:00:33::SCWPlatform::Opened existing hwdb design_1_wrapper_0
TRACE::2025-11-13.13:00:33::SCWPlatform::Found the Hw Db part of the input DSA
TRACE::2025-11-13.13:00:33::SCWMssOS::Checking the sw design at  C:/unswworks/workspace/project_plat/zynqmp_fsbl/zynqmp_fsbl_bsp/system.mss
TRACE::2025-11-13.13:00:33::SCWMssOS::DEBUG:  swdes dump  C:/unswworks/workspace/project_plat/psu_cortexa53_0/standalone_domain/bsp/system.mss|system_1||
C:/unswworks/workspace/project_plat/zynqmp_fsbl/zynqmp_fsbl_bsp/system.mss|system||
C:/unswworks/workspace/project_plat/zynqmp_pmufw/zynqmp_pmufw_bsp/system.mss|system_0||

TRACE::2025-11-13.13:00:33::SCWMssOS::Sw design exists and opened at  C:/unswworks/workspace/project_plat/zynqmp_fsbl/zynqmp_fsbl_bsp/system.mss
TRACE::2025-11-13.13:00:33::SCWPlatform::Trying to open the hw design at C:/unswworks/workspace/project_plat/hw/v2.0.xsa
TRACE::2025-11-13.13:00:33::SCWPlatform::DSA given C:/unswworks/workspace/project_plat/hw/v2.0.xsa
TRACE::2025-11-13.13:00:33::SCWPlatform::DSA absoulate path C:/unswworks/workspace/project_plat/hw/v2.0.xsa
TRACE::2025-11-13.13:00:33::SCWPlatform::DSA directory C:/unswworks/workspace/project_plat/hw
TRACE::2025-11-13.13:00:33::SCWPlatform:: Platform Path C:/unswworks/workspace/project_plat/hw/v2.0.xsa
TRACE::2025-11-13.13:00:33::SCWPlatform:: Unique name xilinx:kv260_som::0.0
TRACE::2025-11-13.13:00:33::SCWPlatform::Trying to set the existing hwdb with name design_1_wrapper_0
TRACE::2025-11-13.13:00:33::SCWPlatform::Opened existing hwdb design_1_wrapper_0
TRACE::2025-11-13.13:00:33::SCWPlatform::Found the Hw Db part of the input DSA
TRACE::2025-11-13.13:00:33::SCWMssOS::Checking the sw design at  C:/unswworks/workspace/project_plat/zynqmp_fsbl/zynqmp_fsbl_bsp/system.mss
TRACE::2025-11-13.13:00:33::SCWMssOS::DEBUG:  swdes dump  C:/unswworks/workspace/project_plat/psu_cortexa53_0/standalone_domain/bsp/system.mss|system_1||
C:/unswworks/workspace/project_plat/zynqmp_fsbl/zynqmp_fsbl_bsp/system.mss|system||
C:/unswworks/workspace/project_plat/zynqmp_pmufw/zynqmp_pmufw_bsp/system.mss|system_0||

TRACE::2025-11-13.13:00:33::SCWMssOS::Sw design exists and opened at  C:/unswworks/workspace/project_plat/zynqmp_fsbl/zynqmp_fsbl_bsp/system.mss
TRACE::2025-11-13.13:00:33::SCWPlatform::Trying to open the hw design at C:/unswworks/workspace/project_plat/hw/v2.0.xsa
TRACE::2025-11-13.13:00:33::SCWPlatform::DSA given C:/unswworks/workspace/project_plat/hw/v2.0.xsa
TRACE::2025-11-13.13:00:33::SCWPlatform::DSA absoulate path C:/unswworks/workspace/project_plat/hw/v2.0.xsa
TRACE::2025-11-13.13:00:33::SCWPlatform::DSA directory C:/unswworks/workspace/project_plat/hw
TRACE::2025-11-13.13:00:33::SCWPlatform:: Platform Path C:/unswworks/workspace/project_plat/hw/v2.0.xsa
TRACE::2025-11-13.13:00:33::SCWPlatform:: Unique name xilinx:kv260_som::0.0
TRACE::2025-11-13.13:00:33::SCWPlatform::Trying to set the existing hwdb with name design_1_wrapper_0
TRACE::2025-11-13.13:00:33::SCWPlatform::Opened existing hwdb design_1_wrapper_0
TRACE::2025-11-13.13:00:33::SCWPlatform::Found the Hw Db part of the input DSA
TRACE::2025-11-13.13:00:33::SCWMssOS::Checking the sw design at  C:/unswworks/workspace/project_plat/zynqmp_fsbl/zynqmp_fsbl_bsp/system.mss
TRACE::2025-11-13.13:00:33::SCWMssOS::DEBUG:  swdes dump  C:/unswworks/workspace/project_plat/psu_cortexa53_0/standalone_domain/bsp/system.mss|system_1||
C:/unswworks/workspace/project_plat/zynqmp_fsbl/zynqmp_fsbl_bsp/system.mss|system||
C:/unswworks/workspace/project_plat/zynqmp_pmufw/zynqmp_pmufw_bsp/system.mss|system_0||

TRACE::2025-11-13.13:00:33::SCWMssOS::Sw design exists and opened at  C:/unswworks/workspace/project_plat/zynqmp_fsbl/zynqmp_fsbl_bsp/system.mss
TRACE::2025-11-13.13:00:33::SCWPlatform::Trying to open the hw design at C:/unswworks/workspace/project_plat/hw/v2.0.xsa
TRACE::2025-11-13.13:00:33::SCWPlatform::DSA given C:/unswworks/workspace/project_plat/hw/v2.0.xsa
TRACE::2025-11-13.13:00:33::SCWPlatform::DSA absoulate path C:/unswworks/workspace/project_plat/hw/v2.0.xsa
TRACE::2025-11-13.13:00:33::SCWPlatform::DSA directory C:/unswworks/workspace/project_plat/hw
TRACE::2025-11-13.13:00:33::SCWPlatform:: Platform Path C:/unswworks/workspace/project_plat/hw/v2.0.xsa
TRACE::2025-11-13.13:00:33::SCWPlatform:: Unique name xilinx:kv260_som::0.0
TRACE::2025-11-13.13:00:33::SCWPlatform::Trying to set the existing hwdb with name design_1_wrapper_0
TRACE::2025-11-13.13:00:33::SCWPlatform::Opened existing hwdb design_1_wrapper_0
TRACE::2025-11-13.13:00:33::SCWPlatform::Found the Hw Db part of the input DSA
TRACE::2025-11-13.13:00:33::SCWMssOS::Checking the sw design at  C:/unswworks/workspace/project_plat/zynqmp_pmufw/zynqmp_pmufw_bsp/system.mss
TRACE::2025-11-13.13:00:33::SCWMssOS::DEBUG:  swdes dump  C:/unswworks/workspace/project_plat/psu_cortexa53_0/standalone_domain/bsp/system.mss|system_1||
C:/unswworks/workspace/project_plat/zynqmp_fsbl/zynqmp_fsbl_bsp/system.mss|system||
C:/unswworks/workspace/project_plat/zynqmp_pmufw/zynqmp_pmufw_bsp/system.mss|system_0||

TRACE::2025-11-13.13:00:33::SCWMssOS::Sw design exists and opened at  C:/unswworks/workspace/project_plat/zynqmp_pmufw/zynqmp_pmufw_bsp/system.mss
TRACE::2025-11-13.13:00:33::SCWPlatform::Trying to open the hw design at C:/unswworks/workspace/project_plat/hw/v2.0.xsa
TRACE::2025-11-13.13:00:33::SCWPlatform::DSA given C:/unswworks/workspace/project_plat/hw/v2.0.xsa
TRACE::2025-11-13.13:00:33::SCWPlatform::DSA absoulate path C:/unswworks/workspace/project_plat/hw/v2.0.xsa
TRACE::2025-11-13.13:00:33::SCWPlatform::DSA directory C:/unswworks/workspace/project_plat/hw
TRACE::2025-11-13.13:00:33::SCWPlatform:: Platform Path C:/unswworks/workspace/project_plat/hw/v2.0.xsa
TRACE::2025-11-13.13:00:33::SCWPlatform:: Unique name xilinx:kv260_som::0.0
TRACE::2025-11-13.13:00:33::SCWPlatform::Trying to set the existing hwdb with name design_1_wrapper_0
TRACE::2025-11-13.13:00:33::SCWPlatform::Opened existing hwdb design_1_wrapper_0
TRACE::2025-11-13.13:00:33::SCWPlatform::Found the Hw Db part of the input DSA
TRACE::2025-11-13.13:00:33::SCWMssOS::Checking the sw design at  C:/unswworks/workspace/project_plat/zynqmp_pmufw/zynqmp_pmufw_bsp/system.mss
TRACE::2025-11-13.13:00:33::SCWMssOS::DEBUG:  swdes dump  C:/unswworks/workspace/project_plat/psu_cortexa53_0/standalone_domain/bsp/system.mss|system_1||
C:/unswworks/workspace/project_plat/zynqmp_fsbl/zynqmp_fsbl_bsp/system.mss|system||
C:/unswworks/workspace/project_plat/zynqmp_pmufw/zynqmp_pmufw_bsp/system.mss|system_0||

TRACE::2025-11-13.13:00:33::SCWMssOS::Sw design exists and opened at  C:/unswworks/workspace/project_plat/zynqmp_pmufw/zynqmp_pmufw_bsp/system.mss
TRACE::2025-11-13.13:00:33::SCWPlatform::Trying to open the hw design at C:/unswworks/workspace/project_plat/hw/v2.0.xsa
TRACE::2025-11-13.13:00:33::SCWPlatform::DSA given C:/unswworks/workspace/project_plat/hw/v2.0.xsa
TRACE::2025-11-13.13:00:33::SCWPlatform::DSA absoulate path C:/unswworks/workspace/project_plat/hw/v2.0.xsa
TRACE::2025-11-13.13:00:33::SCWPlatform::DSA directory C:/unswworks/workspace/project_plat/hw
TRACE::2025-11-13.13:00:33::SCWPlatform:: Platform Path C:/unswworks/workspace/project_plat/hw/v2.0.xsa
TRACE::2025-11-13.13:00:33::SCWPlatform:: Unique name xilinx:kv260_som::0.0
TRACE::2025-11-13.13:00:33::SCWPlatform::Trying to set the existing hwdb with name design_1_wrapper_0
TRACE::2025-11-13.13:00:33::SCWPlatform::Opened existing hwdb design_1_wrapper_0
TRACE::2025-11-13.13:00:33::SCWPlatform::Found the Hw Db part of the input DSA
TRACE::2025-11-13.13:00:33::SCWMssOS::Checking the sw design at  C:/unswworks/workspace/project_plat/zynqmp_pmufw/zynqmp_pmufw_bsp/system.mss
TRACE::2025-11-13.13:00:33::SCWMssOS::DEBUG:  swdes dump  C:/unswworks/workspace/project_plat/psu_cortexa53_0/standalone_domain/bsp/system.mss|system_1||
C:/unswworks/workspace/project_plat/zynqmp_fsbl/zynqmp_fsbl_bsp/system.mss|system||
C:/unswworks/workspace/project_plat/zynqmp_pmufw/zynqmp_pmufw_bsp/system.mss|system_0||

TRACE::2025-11-13.13:00:33::SCWMssOS::Sw design exists and opened at  C:/unswworks/workspace/project_plat/zynqmp_pmufw/zynqmp_pmufw_bsp/system.mss
TRACE::2025-11-13.13:00:33::SCWPlatform::Trying to open the hw design at C:/unswworks/workspace/project_plat/hw/v2.0.xsa
TRACE::2025-11-13.13:00:33::SCWPlatform::DSA given C:/unswworks/workspace/project_plat/hw/v2.0.xsa
TRACE::2025-11-13.13:00:33::SCWPlatform::DSA absoulate path C:/unswworks/workspace/project_plat/hw/v2.0.xsa
TRACE::2025-11-13.13:00:33::SCWPlatform::DSA directory C:/unswworks/workspace/project_plat/hw
TRACE::2025-11-13.13:00:33::SCWPlatform:: Platform Path C:/unswworks/workspace/project_plat/hw/v2.0.xsa
TRACE::2025-11-13.13:00:33::SCWPlatform:: Unique name xilinx:kv260_som::0.0
TRACE::2025-11-13.13:00:33::SCWPlatform::Trying to set the existing hwdb with name design_1_wrapper_0
TRACE::2025-11-13.13:00:33::SCWPlatform::Opened existing hwdb design_1_wrapper_0
TRACE::2025-11-13.13:00:33::SCWPlatform::Found the Hw Db part of the input DSA
TRACE::2025-11-13.13:00:33::SCWMssOS::Checking the sw design at  C:/unswworks/workspace/project_plat/psu_cortexa53_0/standalone_domain/bsp/system.mss
TRACE::2025-11-13.13:00:33::SCWMssOS::DEBUG:  swdes dump  C:/unswworks/workspace/project_plat/psu_cortexa53_0/standalone_domain/bsp/system.mss|system_1||
C:/unswworks/workspace/project_plat/zynqmp_fsbl/zynqmp_fsbl_bsp/system.mss|system||
C:/unswworks/workspace/project_plat/zynqmp_pmufw/zynqmp_pmufw_bsp/system.mss|system_0||

TRACE::2025-11-13.13:00:33::SCWMssOS::Sw design exists and opened at  C:/unswworks/workspace/project_plat/psu_cortexa53_0/standalone_domain/bsp/system.mss
TRACE::2025-11-13.13:00:33::SCWPlatform::Trying to open the hw design at C:/unswworks/workspace/project_plat/hw/v2.0.xsa
TRACE::2025-11-13.13:00:33::SCWPlatform::DSA given C:/unswworks/workspace/project_plat/hw/v2.0.xsa
TRACE::2025-11-13.13:00:33::SCWPlatform::DSA absoulate path C:/unswworks/workspace/project_plat/hw/v2.0.xsa
TRACE::2025-11-13.13:00:33::SCWPlatform::DSA directory C:/unswworks/workspace/project_plat/hw
TRACE::2025-11-13.13:00:33::SCWPlatform:: Platform Path C:/unswworks/workspace/project_plat/hw/v2.0.xsa
TRACE::2025-11-13.13:00:33::SCWPlatform:: Unique name xilinx:kv260_som::0.0
TRACE::2025-11-13.13:00:33::SCWPlatform::Trying to set the existing hwdb with name design_1_wrapper_0
TRACE::2025-11-13.13:00:33::SCWPlatform::Opened existing hwdb design_1_wrapper_0
TRACE::2025-11-13.13:00:33::SCWPlatform::Found the Hw Db part of the input DSA
TRACE::2025-11-13.13:00:33::SCWMssOS::Checking the sw design at  C:/unswworks/workspace/project_plat/psu_cortexa53_0/standalone_domain/bsp/system.mss
TRACE::2025-11-13.13:00:33::SCWMssOS::DEBUG:  swdes dump  C:/unswworks/workspace/project_plat/psu_cortexa53_0/standalone_domain/bsp/system.mss|system_1||
C:/unswworks/workspace/project_plat/zynqmp_fsbl/zynqmp_fsbl_bsp/system.mss|system||
C:/unswworks/workspace/project_plat/zynqmp_pmufw/zynqmp_pmufw_bsp/system.mss|system_0||

TRACE::2025-11-13.13:00:33::SCWMssOS::Sw design exists and opened at  C:/unswworks/workspace/project_plat/psu_cortexa53_0/standalone_domain/bsp/system.mss
TRACE::2025-11-13.13:00:33::SCWPlatform::Trying to open the hw design at C:/unswworks/workspace/project_plat/hw/v2.0.xsa
TRACE::2025-11-13.13:00:33::SCWPlatform::DSA given C:/unswworks/workspace/project_plat/hw/v2.0.xsa
TRACE::2025-11-13.13:00:33::SCWPlatform::DSA absoulate path C:/unswworks/workspace/project_plat/hw/v2.0.xsa
TRACE::2025-11-13.13:00:33::SCWPlatform::DSA directory C:/unswworks/workspace/project_plat/hw
TRACE::2025-11-13.13:00:33::SCWPlatform:: Platform Path C:/unswworks/workspace/project_plat/hw/v2.0.xsa
TRACE::2025-11-13.13:00:33::SCWPlatform:: Unique name xilinx:kv260_som::0.0
TRACE::2025-11-13.13:00:33::SCWPlatform::Trying to set the existing hwdb with name design_1_wrapper_0
TRACE::2025-11-13.13:00:33::SCWPlatform::Opened existing hwdb design_1_wrapper_0
TRACE::2025-11-13.13:00:33::SCWPlatform::Found the Hw Db part of the input DSA
TRACE::2025-11-13.13:00:33::SCWMssOS::Checking the sw design at  C:/unswworks/workspace/project_plat/psu_cortexa53_0/standalone_domain/bsp/system.mss
TRACE::2025-11-13.13:00:33::SCWMssOS::DEBUG:  swdes dump  C:/unswworks/workspace/project_plat/psu_cortexa53_0/standalone_domain/bsp/system.mss|system_1||
C:/unswworks/workspace/project_plat/zynqmp_fsbl/zynqmp_fsbl_bsp/system.mss|system||
C:/unswworks/workspace/project_plat/zynqmp_pmufw/zynqmp_pmufw_bsp/system.mss|system_0||

TRACE::2025-11-13.13:00:33::SCWMssOS::Sw design exists and opened at  C:/unswworks/workspace/project_plat/psu_cortexa53_0/standalone_domain/bsp/system.mss
TRACE::2025-11-13.13:00:33::SCWWriter::formatted JSON is {
	"platformName":	"project_plat",
	"sprVersion":	"2.0",
	"mode":	"gui",
	"dsaType":	"Fixed",
	"platformDesc":	"project_plat",
	"platHandOff":	"C:/unswworks/COMP3601/COMP3601_Project_Audio_tuner/v2.0.xsa",
	"platIntHandOff":	"<platformDir>/hw/v2.0.xsa",
	"deviceType":	"zynqMP",
	"platIsPrebuiltAutogen":	"false",
	"platIsNoBootBsp":	"false",
	"platFsblTarget":	"psu_cortexa53_0",
	"hasFsblMakeHasChanges":	"false",
	"hasPmufwMakeHasChanges":	"false",
	"fsblExtraCompilerFlags":	"-MMD -MP      -Wall -fmessage-length=0 -DARMA53_64 -Os -flto -ffat-lto-objects  ",
	"pmufwExtraCompilerFlags":	"-MMD -MP      -mlittle-endian -mxl-barrel-shift -mxl-pattern-compare -mcpu=v9.2 -mxl-soft-mul -Os -flto -ffat-lto-objects  ",
	"platPreBuiltFlag":	false,
	"platformSamplesDir":	"",
	"platActiveSys":	"project_plat",
	"systems":	[{
			"systemName":	"project_plat",
			"systemDesc":	"project_plat",
			"sysIsBootAutoGen":	"true",
			"systemDispName":	"project_plat",
			"sysActiveDom":	"standalone_domain",
			"sysDefaultDom":	"standalone_domain",
			"domains":	[{
					"domainName":	"zynqmp_fsbl",
					"domainDispName":	"zynqmp_fsbl",
					"domainDesc":	"FSBL Application BSP - Auto Generated.",
					"processors":	"psu_cortexa53_0",
					"os":	"standalone",
					"sdxOs":	"standalone",
					"debugEnable":	"",
					"domRuntimes":	["cpp"],
					"swRepo":	"",
					"mssOsVer":	"9.1",
					"mssFile":	"",
					"md5Digest":	"c840dc5ca3c31eaf7e04acf9165c0038",
					"compatibleApp":	"zynqmp_fsbl",
					"domType":	"bootDomain",
					"arch":	"64-bit",
					"appSettings":	{
						"appCompilerFlags":	"",
						"appLinkerFlags":	""
					},
					"addedLibs":	["xilffs:5.2", "xilsecure:5.3", "xilpm:5.2"],
					"libOptions":	{
						"standalone":	{
							"zynqmp_fsbl_bsp":	"true",
							"libOptionNames":	["zynqmp_fsbl_bsp"]
						},
						"xilffs":	{
							"read_only":	"true",
							"use_mkfs":	"false",
							"libOptionNames":	["read_only", "use_mkfs"]
						},
						"xilsecure":	{
							"tpm_support":	"true",
							"libOptionNames":	["tpm_support"]
						},
						"libsContainingOptions":	["standalone", "xilffs", "xilsecure"]
					},
					"prebuiltLibs":	{
						"prebuiltIncPath":	[],
						"prebuiltLibPath":	[]
					},
					"isolation":	{
					}
				}, {
					"domainName":	"zynqmp_pmufw",
					"domainDispName":	"zynqmp_pmufw",
					"domainDesc":	"PMUFW Application BSP - Auto Generated.",
					"processors":	"psu_pmu_0",
					"os":	"standalone",
					"sdxOs":	"standalone",
					"debugEnable":	"",
					"domRuntimes":	["cpp"],
					"swRepo":	"",
					"mssOsVer":	"9.1",
					"mssFile":	"",
					"md5Digest":	"44b175d2d7d102d21d15df130611c3a1",
					"compatibleApp":	"zynqmp_pmufw",
					"domType":	"bootDomain",
					"arch":	"32-bit",
					"appSettings":	{
						"appCompilerFlags":	"",
						"appLinkerFlags":	""
					},
					"addedLibs":	["xilfpga:6.6", "xilsecure:5.3", "xilskey:7.6"],
					"libOptions":	{
						"psu_pmu_0":	{
							"extra_compiler_flags":	"-g -ffunction-sections -fdata-sections -Wall -Wextra -fno-tree-loop-distribute-patterns  -Os -flto -ffat-lto-objects",
							"libOptionNames":	["extra_compiler_flags"]
						},
						"libsContainingOptions":	["psu_pmu_0"]
					},
					"prebuiltLibs":	{
						"prebuiltIncPath":	[],
						"prebuiltLibPath":	[]
					},
					"isolation":	{
					}
				}, {
					"domainName":	"standalone_domain",
					"domainDispName":	"standalone on psu_cortexa53_0",
					"domainDesc":	"standalone_domain",
					"processors":	"psu_cortexa53_0",
					"os":	"standalone",
					"sdxOs":	"standalone",
					"qemuArgs":	"<platformDir>/resources/project_plat/standalone_domain/qemu_args.txt",
					"qemuData":	"<platformDir>/resources/project_plat/standalone_domain/qemu",
					"pmuQemuArgs":	"<platformDir>/resources/project_plat/standalone_domain/pmu_args.txt",
					"debugEnable":	"False",
					"domRuntimes":	["cpp"],
					"swRepo":	"",
					"mssOsVer":	"9.1",
					"mssFile":	"",
					"md5Digest":	"3d1111e1091d2a5a3256d77dd15cb6e5",
					"compatibleApp":	"",
					"domType":	"mssDomain",
					"arch":	"64-bit",
					"appSettings":	{
						"appCompilerFlags":	"",
						"appLinkerFlags":	""
					},
					"addedLibs":	[],
					"libOptions":	{
						"libsContainingOptions":	[]
					},
					"prebuiltLibs":	{
						"prebuiltIncPath":	[],
						"prebuiltLibPath":	[]
					},
					"isolation":	{
					}
				}]
		}]
}
TRACE::2025-11-13.13:00:34::SCWPlatform::Clearing the existing platform
TRACE::2025-11-13.13:00:34::SCWSystem::Clearing the existing sysconfig
TRACE::2025-11-13.13:00:34::SCWBDomain::clearing the fsbl build
TRACE::2025-11-13.13:00:34::SCWMssOS::Removing the swdes entry for  C:/unswworks/workspace/project_plat/zynqmp_fsbl/zynqmp_fsbl_bsp/system.mss
TRACE::2025-11-13.13:00:34::SCWBDomain::clearing the pmufw build
TRACE::2025-11-13.13:00:34::SCWMssOS::Removing the swdes entry for  C:/unswworks/workspace/project_plat/zynqmp_pmufw/zynqmp_pmufw_bsp/system.mss
TRACE::2025-11-13.13:00:34::SCWMssOS::Removing the swdes entry for  C:/unswworks/workspace/project_plat/psu_cortexa53_0/standalone_domain/bsp/system.mss
TRACE::2025-11-13.13:00:34::SCWSystem::Clearing the domains completed.
TRACE::2025-11-13.13:00:34::SCWPlatform::Clearing the opened hw db.
TRACE::2025-11-13.13:00:34::SCWPlatform::DSA given C:/unswworks/workspace/project_plat/hw/v2.0.xsa
TRACE::2025-11-13.13:00:34::SCWPlatform::DSA absoulate path C:/unswworks/workspace/project_plat/hw/v2.0.xsa
TRACE::2025-11-13.13:00:34::SCWPlatform:: Platform location is C:/unswworks/workspace/project_plat/hw
TRACE::2025-11-13.13:00:34::SCWPlatform:: Platform Path C:/unswworks/workspace/project_plat/hw/v2.0.xsa
TRACE::2025-11-13.13:00:34::SCWPlatform:: Unique name xilinx:kv260_som::0.0
TRACE::2025-11-13.13:00:34::SCWPlatform::Removing the HwDB with name C:/unswworks/workspace/project_plat/hw/v2.0.xsa
TRACE::2025-11-13.13:00:34::SCWPlatform::Trying to open the hw design at C:/unswworks/workspace/project_plat/hw/v2.0.xsa
TRACE::2025-11-13.13:00:34::SCWPlatform::DSA given C:/unswworks/workspace/project_plat/hw/v2.0.xsa
TRACE::2025-11-13.13:00:34::SCWPlatform::DSA absoulate path C:/unswworks/workspace/project_plat/hw/v2.0.xsa
TRACE::2025-11-13.13:00:34::SCWPlatform::DSA directory C:/unswworks/workspace/project_plat/hw
TRACE::2025-11-13.13:00:34::SCWPlatform:: Platform Path C:/unswworks/workspace/project_plat/hw/v2.0.xsa
TRACE::2025-11-13.13:00:34::SCWPlatform:: Unique name xilinx:kv260_som::0.0
TRACE::2025-11-13.13:00:34::SCWPlatform::Do not have an existing db opened. 
TRACE::2025-11-13.13:00:38::SCWPlatform::Opened new HwDB with name design_1_wrapper_1
TRACE::2025-11-13.13:00:38::SCWReader::Active system found as  project_plat
TRACE::2025-11-13.13:00:38::SCWReader::Handling sysconfig project_plat
TRACE::2025-11-13.13:00:38::SCWDomain::checking for install qemu data   : 
TRACE::2025-11-13.13:00:38::SCWDomain:: Using the QEMU Data from install at  : D:/Vivado/Vitis/2024.1/data/emulation/platforms/zynqmp/sw/a53_standalone/qemu/
TRACE::2025-11-13.13:00:38::SCWDomain:: Using the QEMU args  from install at  : D:/Vivado/Vitis/2024.1/data/emulation/platforms/zynqmp/sw/a53_standalone/qemu/qemu_args.txt
TRACE::2025-11-13.13:00:38::SCWDomain:: Using the PMUQEMU args from install at  : D:/Vivado/Vitis/2024.1/data/emulation/platforms/zynqmp/sw/a53_standalone/qemu/pmu_args.txt
TRACE::2025-11-13.13:00:38::SCWPlatform::Trying to open the hw design at C:/unswworks/workspace/project_plat/hw/v2.0.xsa
TRACE::2025-11-13.13:00:38::SCWPlatform::DSA given C:/unswworks/workspace/project_plat/hw/v2.0.xsa
TRACE::2025-11-13.13:00:38::SCWPlatform::DSA absoulate path C:/unswworks/workspace/project_plat/hw/v2.0.xsa
TRACE::2025-11-13.13:00:38::SCWPlatform::DSA directory C:/unswworks/workspace/project_plat/hw
TRACE::2025-11-13.13:00:38::SCWPlatform:: Platform Path C:/unswworks/workspace/project_plat/hw/v2.0.xsa
TRACE::2025-11-13.13:00:38::SCWPlatform:: Unique name xilinx:kv260_som::0.0
TRACE::2025-11-13.13:00:38::SCWPlatform::Trying to set the existing hwdb with name design_1_wrapper_1
TRACE::2025-11-13.13:00:38::SCWPlatform::Opened existing hwdb design_1_wrapper_1
TRACE::2025-11-13.13:00:38::SCWPlatform::Found the Hw Db part of the input DSA
TRACE::2025-11-13.13:00:38::SCWPlatform::Trying to open the hw design at C:/unswworks/workspace/project_plat/hw/v2.0.xsa
TRACE::2025-11-13.13:00:38::SCWPlatform::DSA given C:/unswworks/workspace/project_plat/hw/v2.0.xsa
TRACE::2025-11-13.13:00:38::SCWPlatform::DSA absoulate path C:/unswworks/workspace/project_plat/hw/v2.0.xsa
TRACE::2025-11-13.13:00:38::SCWPlatform::DSA directory C:/unswworks/workspace/project_plat/hw
TRACE::2025-11-13.13:00:38::SCWPlatform:: Platform Path C:/unswworks/workspace/project_plat/hw/v2.0.xsa
TRACE::2025-11-13.13:00:38::SCWPlatform:: Unique name xilinx:kv260_som::0.0
TRACE::2025-11-13.13:00:38::SCWPlatform::Trying to set the existing hwdb with name design_1_wrapper_1
TRACE::2025-11-13.13:00:38::SCWPlatform::Opened existing hwdb design_1_wrapper_1
TRACE::2025-11-13.13:00:38::SCWPlatform::Found the Hw Db part of the input DSA
TRACE::2025-11-13.13:00:38::SCWPlatform::Trying to open the hw design at C:/unswworks/workspace/project_plat/hw/v2.0.xsa
TRACE::2025-11-13.13:00:38::SCWPlatform::DSA given C:/unswworks/workspace/project_plat/hw/v2.0.xsa
TRACE::2025-11-13.13:00:38::SCWPlatform::DSA absoulate path C:/unswworks/workspace/project_plat/hw/v2.0.xsa
TRACE::2025-11-13.13:00:38::SCWPlatform::DSA directory C:/unswworks/workspace/project_plat/hw
TRACE::2025-11-13.13:00:38::SCWPlatform:: Platform Path C:/unswworks/workspace/project_plat/hw/v2.0.xsa
TRACE::2025-11-13.13:00:38::SCWPlatform:: Unique name xilinx:kv260_som::0.0
TRACE::2025-11-13.13:00:38::SCWPlatform::Trying to set the existing hwdb with name design_1_wrapper_1
TRACE::2025-11-13.13:00:38::SCWPlatform::Opened existing hwdb design_1_wrapper_1
TRACE::2025-11-13.13:00:38::SCWPlatform::Found the Hw Db part of the input DSA
TRACE::2025-11-13.13:00:38::SCWReader::Boot application domain added for zynqmp_fsbl
TRACE::2025-11-13.13:00:38::SCWPlatform::Trying to open the hw design at C:/unswworks/workspace/project_plat/hw/v2.0.xsa
TRACE::2025-11-13.13:00:38::SCWPlatform::DSA given C:/unswworks/workspace/project_plat/hw/v2.0.xsa
TRACE::2025-11-13.13:00:38::SCWPlatform::DSA absoulate path C:/unswworks/workspace/project_plat/hw/v2.0.xsa
TRACE::2025-11-13.13:00:38::SCWPlatform::DSA directory C:/unswworks/workspace/project_plat/hw
TRACE::2025-11-13.13:00:38::SCWPlatform:: Platform Path C:/unswworks/workspace/project_plat/hw/v2.0.xsa
TRACE::2025-11-13.13:00:38::SCWPlatform:: Unique name xilinx:kv260_som::0.0
TRACE::2025-11-13.13:00:38::SCWPlatform::Trying to set the existing hwdb with name design_1_wrapper_1
TRACE::2025-11-13.13:00:38::SCWPlatform::Opened existing hwdb design_1_wrapper_1
TRACE::2025-11-13.13:00:38::SCWPlatform::Found the Hw Db part of the input DSA
TRACE::2025-11-13.13:00:38::SCWMssOS::Checking the sw design at  C:/unswworks/workspace/project_plat/zynqmp_fsbl/zynqmp_fsbl_bsp/system.mss
TRACE::2025-11-13.13:00:38::SCWMssOS::DEBUG:  swdes dump  
TRACE::2025-11-13.13:00:38::SCWMssOS::No sw design opened at  C:/unswworks/workspace/project_plat/zynqmp_fsbl/zynqmp_fsbl_bsp/system.mss
TRACE::2025-11-13.13:00:38::SCWMssOS::mss exists loading the mss file  C:/unswworks/workspace/project_plat/zynqmp_fsbl/zynqmp_fsbl_bsp/system.mss
TRACE::2025-11-13.13:00:38::SCWMssOS::Opened the sw design from mss  C:/unswworks/workspace/project_plat/zynqmp_fsbl/zynqmp_fsbl_bsp/system.mss
TRACE::2025-11-13.13:00:38::SCWMssOS::Adding the swdes entry C:/unswworks/workspace/project_plat/zynqmp_fsbl/zynqmp_fsbl_bsp/system.mss with des name system
TRACE::2025-11-13.13:00:38::SCWMssOS::updating the scw layer about changes
TRACE::2025-11-13.13:00:39::SCWMssOS::Opened the sw design.  C:/unswworks/workspace/project_plat/zynqmp_fsbl/zynqmp_fsbl_bsp/system.mss
TRACE::2025-11-13.13:00:39::SCWPlatform::Trying to open the hw design at C:/unswworks/workspace/project_plat/hw/v2.0.xsa
TRACE::2025-11-13.13:00:39::SCWPlatform::DSA given C:/unswworks/workspace/project_plat/hw/v2.0.xsa
TRACE::2025-11-13.13:00:39::SCWPlatform::DSA absoulate path C:/unswworks/workspace/project_plat/hw/v2.0.xsa
TRACE::2025-11-13.13:00:39::SCWPlatform::DSA directory C:/unswworks/workspace/project_plat/hw
TRACE::2025-11-13.13:00:39::SCWPlatform:: Platform Path C:/unswworks/workspace/project_plat/hw/v2.0.xsa
TRACE::2025-11-13.13:00:39::SCWPlatform:: Unique name xilinx:kv260_som::0.0
TRACE::2025-11-13.13:00:39::SCWPlatform::Trying to set the existing hwdb with name design_1_wrapper_1
TRACE::2025-11-13.13:00:39::SCWPlatform::Opened existing hwdb design_1_wrapper_1
TRACE::2025-11-13.13:00:39::SCWPlatform::Found the Hw Db part of the input DSA
TRACE::2025-11-13.13:00:39::SCWMssOS::Checking the sw design at  C:/unswworks/workspace/project_plat/zynqmp_fsbl/zynqmp_fsbl_bsp/system.mss
TRACE::2025-11-13.13:00:39::SCWMssOS::DEBUG:  swdes dump  C:/unswworks/workspace/project_plat/zynqmp_fsbl/zynqmp_fsbl_bsp/system.mss|system||

TRACE::2025-11-13.13:00:39::SCWMssOS::Sw design exists and opened at  C:/unswworks/workspace/project_plat/zynqmp_fsbl/zynqmp_fsbl_bsp/system.mss
TRACE::2025-11-13.13:00:39::SCWMssOS:: library already available in sw design:  xilffs:5.2
TRACE::2025-11-13.13:00:39::SCWPlatform::Trying to open the hw design at C:/unswworks/workspace/project_plat/hw/v2.0.xsa
TRACE::2025-11-13.13:00:39::SCWPlatform::DSA given C:/unswworks/workspace/project_plat/hw/v2.0.xsa
TRACE::2025-11-13.13:00:39::SCWPlatform::DSA absoulate path C:/unswworks/workspace/project_plat/hw/v2.0.xsa
TRACE::2025-11-13.13:00:39::SCWPlatform::DSA directory C:/unswworks/workspace/project_plat/hw
TRACE::2025-11-13.13:00:39::SCWPlatform:: Platform Path C:/unswworks/workspace/project_plat/hw/v2.0.xsa
TRACE::2025-11-13.13:00:39::SCWPlatform:: Unique name xilinx:kv260_som::0.0
TRACE::2025-11-13.13:00:39::SCWPlatform::Trying to set the existing hwdb with name design_1_wrapper_1
TRACE::2025-11-13.13:00:39::SCWPlatform::Opened existing hwdb design_1_wrapper_1
TRACE::2025-11-13.13:00:39::SCWPlatform::Found the Hw Db part of the input DSA
TRACE::2025-11-13.13:00:39::SCWMssOS::Checking the sw design at  C:/unswworks/workspace/project_plat/zynqmp_fsbl/zynqmp_fsbl_bsp/system.mss
TRACE::2025-11-13.13:00:39::SCWMssOS::DEBUG:  swdes dump  C:/unswworks/workspace/project_plat/zynqmp_fsbl/zynqmp_fsbl_bsp/system.mss|system||

TRACE::2025-11-13.13:00:39::SCWMssOS::Sw design exists and opened at  C:/unswworks/workspace/project_plat/zynqmp_fsbl/zynqmp_fsbl_bsp/system.mss
TRACE::2025-11-13.13:00:39::SCWMssOS:: library already available in sw design:  xilsecure:5.3
TRACE::2025-11-13.13:00:39::SCWPlatform::Trying to open the hw design at C:/unswworks/workspace/project_plat/hw/v2.0.xsa
TRACE::2025-11-13.13:00:39::SCWPlatform::DSA given C:/unswworks/workspace/project_plat/hw/v2.0.xsa
TRACE::2025-11-13.13:00:39::SCWPlatform::DSA absoulate path C:/unswworks/workspace/project_plat/hw/v2.0.xsa
TRACE::2025-11-13.13:00:39::SCWPlatform::DSA directory C:/unswworks/workspace/project_plat/hw
TRACE::2025-11-13.13:00:39::SCWPlatform:: Platform Path C:/unswworks/workspace/project_plat/hw/v2.0.xsa
TRACE::2025-11-13.13:00:39::SCWPlatform:: Unique name xilinx:kv260_som::0.0
TRACE::2025-11-13.13:00:39::SCWPlatform::Trying to set the existing hwdb with name design_1_wrapper_1
TRACE::2025-11-13.13:00:39::SCWPlatform::Opened existing hwdb design_1_wrapper_1
TRACE::2025-11-13.13:00:39::SCWPlatform::Found the Hw Db part of the input DSA
TRACE::2025-11-13.13:00:39::SCWMssOS::Checking the sw design at  C:/unswworks/workspace/project_plat/zynqmp_fsbl/zynqmp_fsbl_bsp/system.mss
TRACE::2025-11-13.13:00:39::SCWMssOS::DEBUG:  swdes dump  C:/unswworks/workspace/project_plat/zynqmp_fsbl/zynqmp_fsbl_bsp/system.mss|system||

TRACE::2025-11-13.13:00:39::SCWMssOS::Sw design exists and opened at  C:/unswworks/workspace/project_plat/zynqmp_fsbl/zynqmp_fsbl_bsp/system.mss
TRACE::2025-11-13.13:00:39::SCWMssOS:: library already available in sw design:  xilpm:5.2
TRACE::2025-11-13.13:00:39::SCWPlatform::Trying to open the hw design at C:/unswworks/workspace/project_plat/hw/v2.0.xsa
TRACE::2025-11-13.13:00:39::SCWPlatform::DSA given C:/unswworks/workspace/project_plat/hw/v2.0.xsa
TRACE::2025-11-13.13:00:39::SCWPlatform::DSA absoulate path C:/unswworks/workspace/project_plat/hw/v2.0.xsa
TRACE::2025-11-13.13:00:39::SCWPlatform::DSA directory C:/unswworks/workspace/project_plat/hw
TRACE::2025-11-13.13:00:39::SCWPlatform:: Platform Path C:/unswworks/workspace/project_plat/hw/v2.0.xsa
TRACE::2025-11-13.13:00:39::SCWPlatform:: Unique name xilinx:kv260_som::0.0
TRACE::2025-11-13.13:00:39::SCWPlatform::Trying to set the existing hwdb with name design_1_wrapper_1
TRACE::2025-11-13.13:00:39::SCWPlatform::Opened existing hwdb design_1_wrapper_1
TRACE::2025-11-13.13:00:39::SCWPlatform::Found the Hw Db part of the input DSA
TRACE::2025-11-13.13:00:39::SCWMssOS::Checking the sw design at  C:/unswworks/workspace/project_plat/zynqmp_fsbl/zynqmp_fsbl_bsp/system.mss
TRACE::2025-11-13.13:00:39::SCWMssOS::DEBUG:  swdes dump  C:/unswworks/workspace/project_plat/zynqmp_fsbl/zynqmp_fsbl_bsp/system.mss|system||

TRACE::2025-11-13.13:00:39::SCWMssOS::Sw design exists and opened at  C:/unswworks/workspace/project_plat/zynqmp_fsbl/zynqmp_fsbl_bsp/system.mss
TRACE::2025-11-13.13:00:39::SCWPlatform::Trying to open the hw design at C:/unswworks/workspace/project_plat/hw/v2.0.xsa
TRACE::2025-11-13.13:00:39::SCWPlatform::DSA given C:/unswworks/workspace/project_plat/hw/v2.0.xsa
TRACE::2025-11-13.13:00:39::SCWPlatform::DSA absoulate path C:/unswworks/workspace/project_plat/hw/v2.0.xsa
TRACE::2025-11-13.13:00:39::SCWPlatform::DSA directory C:/unswworks/workspace/project_plat/hw
TRACE::2025-11-13.13:00:39::SCWPlatform:: Platform Path C:/unswworks/workspace/project_plat/hw/v2.0.xsa
TRACE::2025-11-13.13:00:39::SCWPlatform:: Unique name xilinx:kv260_som::0.0
TRACE::2025-11-13.13:00:39::SCWPlatform::Trying to set the existing hwdb with name design_1_wrapper_1
TRACE::2025-11-13.13:00:39::SCWPlatform::Opened existing hwdb design_1_wrapper_1
TRACE::2025-11-13.13:00:39::SCWPlatform::Found the Hw Db part of the input DSA
TRACE::2025-11-13.13:00:39::SCWMssOS::Checking the sw design at  C:/unswworks/workspace/project_plat/zynqmp_fsbl/zynqmp_fsbl_bsp/system.mss
TRACE::2025-11-13.13:00:39::SCWMssOS::DEBUG:  swdes dump  C:/unswworks/workspace/project_plat/zynqmp_fsbl/zynqmp_fsbl_bsp/system.mss|system||

TRACE::2025-11-13.13:00:39::SCWMssOS::Sw design exists and opened at  C:/unswworks/workspace/project_plat/zynqmp_fsbl/zynqmp_fsbl_bsp/system.mss
TRACE::2025-11-13.13:00:39::SCWPlatform::Trying to open the hw design at C:/unswworks/workspace/project_plat/hw/v2.0.xsa
TRACE::2025-11-13.13:00:39::SCWPlatform::DSA given C:/unswworks/workspace/project_plat/hw/v2.0.xsa
TRACE::2025-11-13.13:00:39::SCWPlatform::DSA absoulate path C:/unswworks/workspace/project_plat/hw/v2.0.xsa
TRACE::2025-11-13.13:00:39::SCWPlatform::DSA directory C:/unswworks/workspace/project_plat/hw
TRACE::2025-11-13.13:00:39::SCWPlatform:: Platform Path C:/unswworks/workspace/project_plat/hw/v2.0.xsa
TRACE::2025-11-13.13:00:39::SCWPlatform:: Unique name xilinx:kv260_som::0.0
TRACE::2025-11-13.13:00:39::SCWPlatform::Trying to set the existing hwdb with name design_1_wrapper_1
TRACE::2025-11-13.13:00:39::SCWPlatform::Opened existing hwdb design_1_wrapper_1
TRACE::2025-11-13.13:00:39::SCWPlatform::Found the Hw Db part of the input DSA
TRACE::2025-11-13.13:00:39::SCWMssOS::Checking the sw design at  C:/unswworks/workspace/project_plat/zynqmp_fsbl/zynqmp_fsbl_bsp/system.mss
TRACE::2025-11-13.13:00:39::SCWMssOS::DEBUG:  swdes dump  C:/unswworks/workspace/project_plat/zynqmp_fsbl/zynqmp_fsbl_bsp/system.mss|system||

TRACE::2025-11-13.13:00:39::SCWMssOS::Sw design exists and opened at  C:/unswworks/workspace/project_plat/zynqmp_fsbl/zynqmp_fsbl_bsp/system.mss
TRACE::2025-11-13.13:00:39::SCWPlatform::Trying to open the hw design at C:/unswworks/workspace/project_plat/hw/v2.0.xsa
TRACE::2025-11-13.13:00:39::SCWPlatform::DSA given C:/unswworks/workspace/project_plat/hw/v2.0.xsa
TRACE::2025-11-13.13:00:39::SCWPlatform::DSA absoulate path C:/unswworks/workspace/project_plat/hw/v2.0.xsa
TRACE::2025-11-13.13:00:39::SCWPlatform::DSA directory C:/unswworks/workspace/project_plat/hw
TRACE::2025-11-13.13:00:39::SCWPlatform:: Platform Path C:/unswworks/workspace/project_plat/hw/v2.0.xsa
TRACE::2025-11-13.13:00:39::SCWPlatform:: Unique name xilinx:kv260_som::0.0
TRACE::2025-11-13.13:00:39::SCWPlatform::Trying to set the existing hwdb with name design_1_wrapper_1
TRACE::2025-11-13.13:00:39::SCWPlatform::Opened existing hwdb design_1_wrapper_1
TRACE::2025-11-13.13:00:39::SCWPlatform::Found the Hw Db part of the input DSA
TRACE::2025-11-13.13:00:39::SCWMssOS::Checking the sw design at  C:/unswworks/workspace/project_plat/zynqmp_fsbl/zynqmp_fsbl_bsp/system.mss
TRACE::2025-11-13.13:00:39::SCWMssOS::DEBUG:  swdes dump  C:/unswworks/workspace/project_plat/zynqmp_fsbl/zynqmp_fsbl_bsp/system.mss|system||

TRACE::2025-11-13.13:00:39::SCWMssOS::Sw design exists and opened at  C:/unswworks/workspace/project_plat/zynqmp_fsbl/zynqmp_fsbl_bsp/system.mss
TRACE::2025-11-13.13:00:39::SCWPlatform::Trying to open the hw design at C:/unswworks/workspace/project_plat/hw/v2.0.xsa
TRACE::2025-11-13.13:00:39::SCWPlatform::DSA given C:/unswworks/workspace/project_plat/hw/v2.0.xsa
TRACE::2025-11-13.13:00:39::SCWPlatform::DSA absoulate path C:/unswworks/workspace/project_plat/hw/v2.0.xsa
TRACE::2025-11-13.13:00:39::SCWPlatform::DSA directory C:/unswworks/workspace/project_plat/hw
TRACE::2025-11-13.13:00:39::SCWPlatform:: Platform Path C:/unswworks/workspace/project_plat/hw/v2.0.xsa
TRACE::2025-11-13.13:00:39::SCWPlatform:: Unique name xilinx:kv260_som::0.0
TRACE::2025-11-13.13:00:39::SCWPlatform::Trying to set the existing hwdb with name design_1_wrapper_1
TRACE::2025-11-13.13:00:39::SCWPlatform::Opened existing hwdb design_1_wrapper_1
TRACE::2025-11-13.13:00:39::SCWPlatform::Found the Hw Db part of the input DSA
TRACE::2025-11-13.13:00:39::SCWMssOS::Checking the sw design at  C:/unswworks/workspace/project_plat/zynqmp_fsbl/zynqmp_fsbl_bsp/system.mss
TRACE::2025-11-13.13:00:39::SCWMssOS::DEBUG:  swdes dump  C:/unswworks/workspace/project_plat/zynqmp_fsbl/zynqmp_fsbl_bsp/system.mss|system||

TRACE::2025-11-13.13:00:39::SCWMssOS::Sw design exists and opened at  C:/unswworks/workspace/project_plat/zynqmp_fsbl/zynqmp_fsbl_bsp/system.mss
TRACE::2025-11-13.13:00:39::SCWPlatform::Trying to open the hw design at C:/unswworks/workspace/project_plat/hw/v2.0.xsa
TRACE::2025-11-13.13:00:39::SCWPlatform::DSA given C:/unswworks/workspace/project_plat/hw/v2.0.xsa
TRACE::2025-11-13.13:00:39::SCWPlatform::DSA absoulate path C:/unswworks/workspace/project_plat/hw/v2.0.xsa
TRACE::2025-11-13.13:00:39::SCWPlatform::DSA directory C:/unswworks/workspace/project_plat/hw
TRACE::2025-11-13.13:00:39::SCWPlatform:: Platform Path C:/unswworks/workspace/project_plat/hw/v2.0.xsa
TRACE::2025-11-13.13:00:39::SCWPlatform:: Unique name xilinx:kv260_som::0.0
TRACE::2025-11-13.13:00:39::SCWPlatform::Trying to set the existing hwdb with name design_1_wrapper_1
TRACE::2025-11-13.13:00:39::SCWPlatform::Opened existing hwdb design_1_wrapper_1
TRACE::2025-11-13.13:00:39::SCWPlatform::Found the Hw Db part of the input DSA
TRACE::2025-11-13.13:00:39::SCWMssOS::Checking the sw design at  C:/unswworks/workspace/project_plat/zynqmp_fsbl/zynqmp_fsbl_bsp/system.mss
TRACE::2025-11-13.13:00:39::SCWMssOS::DEBUG:  swdes dump  C:/unswworks/workspace/project_plat/zynqmp_fsbl/zynqmp_fsbl_bsp/system.mss|system||

TRACE::2025-11-13.13:00:39::SCWMssOS::Sw design exists and opened at  C:/unswworks/workspace/project_plat/zynqmp_fsbl/zynqmp_fsbl_bsp/system.mss
TRACE::2025-11-13.13:00:39::SCWPlatform::Trying to open the hw design at C:/unswworks/workspace/project_plat/hw/v2.0.xsa
TRACE::2025-11-13.13:00:39::SCWPlatform::DSA given C:/unswworks/workspace/project_plat/hw/v2.0.xsa
TRACE::2025-11-13.13:00:39::SCWPlatform::DSA absoulate path C:/unswworks/workspace/project_plat/hw/v2.0.xsa
TRACE::2025-11-13.13:00:39::SCWPlatform::DSA directory C:/unswworks/workspace/project_plat/hw
TRACE::2025-11-13.13:00:39::SCWPlatform:: Platform Path C:/unswworks/workspace/project_plat/hw/v2.0.xsa
TRACE::2025-11-13.13:00:39::SCWPlatform:: Unique name xilinx:kv260_som::0.0
TRACE::2025-11-13.13:00:39::SCWPlatform::Trying to set the existing hwdb with name design_1_wrapper_1
TRACE::2025-11-13.13:00:39::SCWPlatform::Opened existing hwdb design_1_wrapper_1
TRACE::2025-11-13.13:00:39::SCWPlatform::Found the Hw Db part of the input DSA
TRACE::2025-11-13.13:00:39::SCWMssOS::Checking the sw design at  C:/unswworks/workspace/project_plat/zynqmp_fsbl/zynqmp_fsbl_bsp/system.mss
TRACE::2025-11-13.13:00:39::SCWMssOS::DEBUG:  swdes dump  C:/unswworks/workspace/project_plat/zynqmp_fsbl/zynqmp_fsbl_bsp/system.mss|system||

TRACE::2025-11-13.13:00:39::SCWMssOS::Sw design exists and opened at  C:/unswworks/workspace/project_plat/zynqmp_fsbl/zynqmp_fsbl_bsp/system.mss
TRACE::2025-11-13.13:00:39::SCWPlatform::Trying to open the hw design at C:/unswworks/workspace/project_plat/hw/v2.0.xsa
TRACE::2025-11-13.13:00:39::SCWPlatform::DSA given C:/unswworks/workspace/project_plat/hw/v2.0.xsa
TRACE::2025-11-13.13:00:39::SCWPlatform::DSA absoulate path C:/unswworks/workspace/project_plat/hw/v2.0.xsa
TRACE::2025-11-13.13:00:39::SCWPlatform::DSA directory C:/unswworks/workspace/project_plat/hw
TRACE::2025-11-13.13:00:39::SCWPlatform:: Platform Path C:/unswworks/workspace/project_plat/hw/v2.0.xsa
TRACE::2025-11-13.13:00:39::SCWPlatform:: Unique name xilinx:kv260_som::0.0
TRACE::2025-11-13.13:00:39::SCWPlatform::Trying to set the existing hwdb with name design_1_wrapper_1
TRACE::2025-11-13.13:00:39::SCWPlatform::Opened existing hwdb design_1_wrapper_1
TRACE::2025-11-13.13:00:39::SCWPlatform::Found the Hw Db part of the input DSA
TRACE::2025-11-13.13:00:39::SCWMssOS::Checking the sw design at  C:/unswworks/workspace/project_plat/zynqmp_fsbl/zynqmp_fsbl_bsp/system.mss
TRACE::2025-11-13.13:00:39::SCWMssOS::DEBUG:  swdes dump  C:/unswworks/workspace/project_plat/zynqmp_fsbl/zynqmp_fsbl_bsp/system.mss|system||

TRACE::2025-11-13.13:00:39::SCWMssOS::Sw design exists and opened at  C:/unswworks/workspace/project_plat/zynqmp_fsbl/zynqmp_fsbl_bsp/system.mss
TRACE::2025-11-13.13:00:39::SCWMssOS::Saving the mss changes C:/unswworks/workspace/project_plat/zynqmp_fsbl/zynqmp_fsbl_bsp/system.mss
TRACE::2025-11-13.13:00:39::SCWMssOS::Found a swdesign opened with the mssfile.
TRACE::2025-11-13.13:00:39::SCWMssOS::Completed writemss as part of save.
TRACE::2025-11-13.13:00:39::SCWMssOS::Commit changes completed.
TRACE::2025-11-13.13:00:39::SCWReader::Adding prebuilt librarypaths as   
TRACE::2025-11-13.13:00:39::SCWReader::Adding prebuilt incpaths  as   
TRACE::2025-11-13.13:00:39::SCWPlatform::Trying to open the hw design at C:/unswworks/workspace/project_plat/hw/v2.0.xsa
TRACE::2025-11-13.13:00:39::SCWPlatform::DSA given C:/unswworks/workspace/project_plat/hw/v2.0.xsa
TRACE::2025-11-13.13:00:39::SCWPlatform::DSA absoulate path C:/unswworks/workspace/project_plat/hw/v2.0.xsa
TRACE::2025-11-13.13:00:39::SCWPlatform::DSA directory C:/unswworks/workspace/project_plat/hw
TRACE::2025-11-13.13:00:39::SCWPlatform:: Platform Path C:/unswworks/workspace/project_plat/hw/v2.0.xsa
TRACE::2025-11-13.13:00:39::SCWPlatform:: Unique name xilinx:kv260_som::0.0
TRACE::2025-11-13.13:00:39::SCWPlatform::Trying to set the existing hwdb with name design_1_wrapper_1
TRACE::2025-11-13.13:00:39::SCWPlatform::Opened existing hwdb design_1_wrapper_1
TRACE::2025-11-13.13:00:39::SCWPlatform::Found the Hw Db part of the input DSA
TRACE::2025-11-13.13:00:39::SCWMssOS::Checking the sw design at  C:/unswworks/workspace/project_plat/zynqmp_fsbl/zynqmp_fsbl_bsp/system.mss
TRACE::2025-11-13.13:00:39::SCWMssOS::DEBUG:  swdes dump  C:/unswworks/workspace/project_plat/zynqmp_fsbl/zynqmp_fsbl_bsp/system.mss|system||

TRACE::2025-11-13.13:00:39::SCWMssOS::Sw design exists and opened at  C:/unswworks/workspace/project_plat/zynqmp_fsbl/zynqmp_fsbl_bsp/system.mss
TRACE::2025-11-13.13:00:39::SCWReader::No isolation master present  
TRACE::2025-11-13.13:00:39::SCWDomain::checking for install qemu data   : 
TRACE::2025-11-13.13:00:39::SCWDomain:: Using the QEMU Data from install at  : D:/Vivado/Vitis/2024.1/data/emulation/platforms/zynqmp/sw/a53_standalone/qemu/
TRACE::2025-11-13.13:00:39::SCWDomain:: Using the QEMU args  from install at  : D:/Vivado/Vitis/2024.1/data/emulation/platforms/zynqmp/sw/a53_standalone/qemu/qemu_args.txt
TRACE::2025-11-13.13:00:39::SCWDomain:: Using the PMUQEMU args from install at  : D:/Vivado/Vitis/2024.1/data/emulation/platforms/zynqmp/sw/a53_standalone/qemu/pmu_args.txt
TRACE::2025-11-13.13:00:39::SCWPlatform::Trying to open the hw design at C:/unswworks/workspace/project_plat/hw/v2.0.xsa
TRACE::2025-11-13.13:00:39::SCWPlatform::DSA given C:/unswworks/workspace/project_plat/hw/v2.0.xsa
TRACE::2025-11-13.13:00:39::SCWPlatform::DSA absoulate path C:/unswworks/workspace/project_plat/hw/v2.0.xsa
TRACE::2025-11-13.13:00:39::SCWPlatform::DSA directory C:/unswworks/workspace/project_plat/hw
TRACE::2025-11-13.13:00:39::SCWPlatform:: Platform Path C:/unswworks/workspace/project_plat/hw/v2.0.xsa
TRACE::2025-11-13.13:00:39::SCWPlatform:: Unique name xilinx:kv260_som::0.0
TRACE::2025-11-13.13:00:39::SCWPlatform::Trying to set the existing hwdb with name design_1_wrapper_1
TRACE::2025-11-13.13:00:39::SCWPlatform::Opened existing hwdb design_1_wrapper_1
TRACE::2025-11-13.13:00:39::SCWPlatform::Found the Hw Db part of the input DSA
TRACE::2025-11-13.13:00:39::SCWReader::Boot application domain added for zynqmp_pmufw
TRACE::2025-11-13.13:00:39::SCWPlatform::Trying to open the hw design at C:/unswworks/workspace/project_plat/hw/v2.0.xsa
TRACE::2025-11-13.13:00:39::SCWPlatform::DSA given C:/unswworks/workspace/project_plat/hw/v2.0.xsa
TRACE::2025-11-13.13:00:39::SCWPlatform::DSA absoulate path C:/unswworks/workspace/project_plat/hw/v2.0.xsa
TRACE::2025-11-13.13:00:39::SCWPlatform::DSA directory C:/unswworks/workspace/project_plat/hw
TRACE::2025-11-13.13:00:39::SCWPlatform:: Platform Path C:/unswworks/workspace/project_plat/hw/v2.0.xsa
TRACE::2025-11-13.13:00:39::SCWPlatform:: Unique name xilinx:kv260_som::0.0
TRACE::2025-11-13.13:00:39::SCWPlatform::Trying to set the existing hwdb with name design_1_wrapper_1
TRACE::2025-11-13.13:00:39::SCWPlatform::Opened existing hwdb design_1_wrapper_1
TRACE::2025-11-13.13:00:39::SCWPlatform::Found the Hw Db part of the input DSA
TRACE::2025-11-13.13:00:39::SCWMssOS::Checking the sw design at  C:/unswworks/workspace/project_plat/zynqmp_pmufw/zynqmp_pmufw_bsp/system.mss
TRACE::2025-11-13.13:00:39::SCWMssOS::DEBUG:  swdes dump  C:/unswworks/workspace/project_plat/zynqmp_fsbl/zynqmp_fsbl_bsp/system.mss|system||

TRACE::2025-11-13.13:00:39::SCWMssOS::No sw design opened at  C:/unswworks/workspace/project_plat/zynqmp_pmufw/zynqmp_pmufw_bsp/system.mss
TRACE::2025-11-13.13:00:39::SCWMssOS::mss exists loading the mss file  C:/unswworks/workspace/project_plat/zynqmp_pmufw/zynqmp_pmufw_bsp/system.mss
TRACE::2025-11-13.13:00:39::SCWMssOS::Opened the sw design from mss  C:/unswworks/workspace/project_plat/zynqmp_pmufw/zynqmp_pmufw_bsp/system.mss
TRACE::2025-11-13.13:00:39::SCWMssOS::Adding the swdes entry C:/unswworks/workspace/project_plat/zynqmp_pmufw/zynqmp_pmufw_bsp/system.mss with des name system_0
TRACE::2025-11-13.13:00:39::SCWMssOS::updating the scw layer about changes
TRACE::2025-11-13.13:00:39::SCWMssOS::Opened the sw design.  C:/unswworks/workspace/project_plat/zynqmp_pmufw/zynqmp_pmufw_bsp/system.mss
TRACE::2025-11-13.13:00:39::SCWPlatform::Trying to open the hw design at C:/unswworks/workspace/project_plat/hw/v2.0.xsa
TRACE::2025-11-13.13:00:39::SCWPlatform::DSA given C:/unswworks/workspace/project_plat/hw/v2.0.xsa
TRACE::2025-11-13.13:00:39::SCWPlatform::DSA absoulate path C:/unswworks/workspace/project_plat/hw/v2.0.xsa
TRACE::2025-11-13.13:00:39::SCWPlatform::DSA directory C:/unswworks/workspace/project_plat/hw
TRACE::2025-11-13.13:00:39::SCWPlatform:: Platform Path C:/unswworks/workspace/project_plat/hw/v2.0.xsa
TRACE::2025-11-13.13:00:39::SCWPlatform:: Unique name xilinx:kv260_som::0.0
TRACE::2025-11-13.13:00:39::SCWPlatform::Trying to set the existing hwdb with name design_1_wrapper_1
TRACE::2025-11-13.13:00:39::SCWPlatform::Opened existing hwdb design_1_wrapper_1
TRACE::2025-11-13.13:00:39::SCWPlatform::Found the Hw Db part of the input DSA
TRACE::2025-11-13.13:00:39::SCWMssOS::Checking the sw design at  C:/unswworks/workspace/project_plat/zynqmp_pmufw/zynqmp_pmufw_bsp/system.mss
TRACE::2025-11-13.13:00:39::SCWMssOS::DEBUG:  swdes dump  C:/unswworks/workspace/project_plat/zynqmp_fsbl/zynqmp_fsbl_bsp/system.mss|system||
C:/unswworks/workspace/project_plat/zynqmp_pmufw/zynqmp_pmufw_bsp/system.mss|system_0||

TRACE::2025-11-13.13:00:39::SCWMssOS::Sw design exists and opened at  C:/unswworks/workspace/project_plat/zynqmp_pmufw/zynqmp_pmufw_bsp/system.mss
TRACE::2025-11-13.13:00:39::SCWMssOS:: library already available in sw design:  xilfpga:6.6
TRACE::2025-11-13.13:00:39::SCWPlatform::Trying to open the hw design at C:/unswworks/workspace/project_plat/hw/v2.0.xsa
TRACE::2025-11-13.13:00:39::SCWPlatform::DSA given C:/unswworks/workspace/project_plat/hw/v2.0.xsa
TRACE::2025-11-13.13:00:39::SCWPlatform::DSA absoulate path C:/unswworks/workspace/project_plat/hw/v2.0.xsa
TRACE::2025-11-13.13:00:39::SCWPlatform::DSA directory C:/unswworks/workspace/project_plat/hw
TRACE::2025-11-13.13:00:39::SCWPlatform:: Platform Path C:/unswworks/workspace/project_plat/hw/v2.0.xsa
TRACE::2025-11-13.13:00:39::SCWPlatform:: Unique name xilinx:kv260_som::0.0
TRACE::2025-11-13.13:00:39::SCWPlatform::Trying to set the existing hwdb with name design_1_wrapper_1
TRACE::2025-11-13.13:00:39::SCWPlatform::Opened existing hwdb design_1_wrapper_1
TRACE::2025-11-13.13:00:39::SCWPlatform::Found the Hw Db part of the input DSA
TRACE::2025-11-13.13:00:39::SCWMssOS::Checking the sw design at  C:/unswworks/workspace/project_plat/zynqmp_pmufw/zynqmp_pmufw_bsp/system.mss
TRACE::2025-11-13.13:00:39::SCWMssOS::DEBUG:  swdes dump  C:/unswworks/workspace/project_plat/zynqmp_fsbl/zynqmp_fsbl_bsp/system.mss|system||
C:/unswworks/workspace/project_plat/zynqmp_pmufw/zynqmp_pmufw_bsp/system.mss|system_0||

TRACE::2025-11-13.13:00:39::SCWMssOS::Sw design exists and opened at  C:/unswworks/workspace/project_plat/zynqmp_pmufw/zynqmp_pmufw_bsp/system.mss
TRACE::2025-11-13.13:00:39::SCWMssOS:: library already available in sw design:  xilsecure:5.3
TRACE::2025-11-13.13:00:39::SCWPlatform::Trying to open the hw design at C:/unswworks/workspace/project_plat/hw/v2.0.xsa
TRACE::2025-11-13.13:00:39::SCWPlatform::DSA given C:/unswworks/workspace/project_plat/hw/v2.0.xsa
TRACE::2025-11-13.13:00:39::SCWPlatform::DSA absoulate path C:/unswworks/workspace/project_plat/hw/v2.0.xsa
TRACE::2025-11-13.13:00:39::SCWPlatform::DSA directory C:/unswworks/workspace/project_plat/hw
TRACE::2025-11-13.13:00:39::SCWPlatform:: Platform Path C:/unswworks/workspace/project_plat/hw/v2.0.xsa
TRACE::2025-11-13.13:00:39::SCWPlatform:: Unique name xilinx:kv260_som::0.0
TRACE::2025-11-13.13:00:39::SCWPlatform::Trying to set the existing hwdb with name design_1_wrapper_1
TRACE::2025-11-13.13:00:39::SCWPlatform::Opened existing hwdb design_1_wrapper_1
TRACE::2025-11-13.13:00:39::SCWPlatform::Found the Hw Db part of the input DSA
TRACE::2025-11-13.13:00:39::SCWMssOS::Checking the sw design at  C:/unswworks/workspace/project_plat/zynqmp_pmufw/zynqmp_pmufw_bsp/system.mss
TRACE::2025-11-13.13:00:39::SCWMssOS::DEBUG:  swdes dump  C:/unswworks/workspace/project_plat/zynqmp_fsbl/zynqmp_fsbl_bsp/system.mss|system||
C:/unswworks/workspace/project_plat/zynqmp_pmufw/zynqmp_pmufw_bsp/system.mss|system_0||

TRACE::2025-11-13.13:00:39::SCWMssOS::Sw design exists and opened at  C:/unswworks/workspace/project_plat/zynqmp_pmufw/zynqmp_pmufw_bsp/system.mss
TRACE::2025-11-13.13:00:39::SCWMssOS:: library already available in sw design:  xilskey:7.6
TRACE::2025-11-13.13:00:39::SCWPlatform::Trying to open the hw design at C:/unswworks/workspace/project_plat/hw/v2.0.xsa
TRACE::2025-11-13.13:00:39::SCWPlatform::DSA given C:/unswworks/workspace/project_plat/hw/v2.0.xsa
TRACE::2025-11-13.13:00:39::SCWPlatform::DSA absoulate path C:/unswworks/workspace/project_plat/hw/v2.0.xsa
TRACE::2025-11-13.13:00:39::SCWPlatform::DSA directory C:/unswworks/workspace/project_plat/hw
TRACE::2025-11-13.13:00:39::SCWPlatform:: Platform Path C:/unswworks/workspace/project_plat/hw/v2.0.xsa
TRACE::2025-11-13.13:00:39::SCWPlatform:: Unique name xilinx:kv260_som::0.0
TRACE::2025-11-13.13:00:39::SCWPlatform::Trying to set the existing hwdb with name design_1_wrapper_1
TRACE::2025-11-13.13:00:39::SCWPlatform::Opened existing hwdb design_1_wrapper_1
TRACE::2025-11-13.13:00:39::SCWPlatform::Found the Hw Db part of the input DSA
TRACE::2025-11-13.13:00:39::SCWMssOS::Checking the sw design at  C:/unswworks/workspace/project_plat/zynqmp_pmufw/zynqmp_pmufw_bsp/system.mss
TRACE::2025-11-13.13:00:39::SCWMssOS::DEBUG:  swdes dump  C:/unswworks/workspace/project_plat/zynqmp_fsbl/zynqmp_fsbl_bsp/system.mss|system||
C:/unswworks/workspace/project_plat/zynqmp_pmufw/zynqmp_pmufw_bsp/system.mss|system_0||

TRACE::2025-11-13.13:00:39::SCWMssOS::Sw design exists and opened at  C:/unswworks/workspace/project_plat/zynqmp_pmufw/zynqmp_pmufw_bsp/system.mss
TRACE::2025-11-13.13:00:39::SCWPlatform::Trying to open the hw design at C:/unswworks/workspace/project_plat/hw/v2.0.xsa
TRACE::2025-11-13.13:00:39::SCWPlatform::DSA given C:/unswworks/workspace/project_plat/hw/v2.0.xsa
TRACE::2025-11-13.13:00:39::SCWPlatform::DSA absoulate path C:/unswworks/workspace/project_plat/hw/v2.0.xsa
TRACE::2025-11-13.13:00:39::SCWPlatform::DSA directory C:/unswworks/workspace/project_plat/hw
TRACE::2025-11-13.13:00:39::SCWPlatform:: Platform Path C:/unswworks/workspace/project_plat/hw/v2.0.xsa
TRACE::2025-11-13.13:00:39::SCWPlatform:: Unique name xilinx:kv260_som::0.0
TRACE::2025-11-13.13:00:39::SCWPlatform::Trying to set the existing hwdb with name design_1_wrapper_1
TRACE::2025-11-13.13:00:39::SCWPlatform::Opened existing hwdb design_1_wrapper_1
TRACE::2025-11-13.13:00:39::SCWPlatform::Found the Hw Db part of the input DSA
TRACE::2025-11-13.13:00:39::SCWMssOS::Checking the sw design at  C:/unswworks/workspace/project_plat/zynqmp_pmufw/zynqmp_pmufw_bsp/system.mss
TRACE::2025-11-13.13:00:39::SCWMssOS::DEBUG:  swdes dump  C:/unswworks/workspace/project_plat/zynqmp_fsbl/zynqmp_fsbl_bsp/system.mss|system||
C:/unswworks/workspace/project_plat/zynqmp_pmufw/zynqmp_pmufw_bsp/system.mss|system_0||

TRACE::2025-11-13.13:00:39::SCWMssOS::Sw design exists and opened at  C:/unswworks/workspace/project_plat/zynqmp_pmufw/zynqmp_pmufw_bsp/system.mss
TRACE::2025-11-13.13:00:39::SCWMssOS::Saving the mss changes C:/unswworks/workspace/project_plat/zynqmp_pmufw/zynqmp_pmufw_bsp/system.mss
TRACE::2025-11-13.13:00:39::SCWMssOS::Found a swdesign opened with the mssfile.
TRACE::2025-11-13.13:00:39::SCWMssOS::Completed writemss as part of save.
TRACE::2025-11-13.13:00:39::SCWMssOS::Commit changes completed.
TRACE::2025-11-13.13:00:39::SCWReader::Adding prebuilt librarypaths as   
TRACE::2025-11-13.13:00:39::SCWReader::Adding prebuilt incpaths  as   
TRACE::2025-11-13.13:00:39::SCWPlatform::Trying to open the hw design at C:/unswworks/workspace/project_plat/hw/v2.0.xsa
TRACE::2025-11-13.13:00:39::SCWPlatform::DSA given C:/unswworks/workspace/project_plat/hw/v2.0.xsa
TRACE::2025-11-13.13:00:39::SCWPlatform::DSA absoulate path C:/unswworks/workspace/project_plat/hw/v2.0.xsa
TRACE::2025-11-13.13:00:39::SCWPlatform::DSA directory C:/unswworks/workspace/project_plat/hw
TRACE::2025-11-13.13:00:39::SCWPlatform:: Platform Path C:/unswworks/workspace/project_plat/hw/v2.0.xsa
TRACE::2025-11-13.13:00:39::SCWPlatform:: Unique name xilinx:kv260_som::0.0
TRACE::2025-11-13.13:00:39::SCWPlatform::Trying to set the existing hwdb with name design_1_wrapper_1
TRACE::2025-11-13.13:00:39::SCWPlatform::Opened existing hwdb design_1_wrapper_1
TRACE::2025-11-13.13:00:39::SCWPlatform::Found the Hw Db part of the input DSA
TRACE::2025-11-13.13:00:39::SCWMssOS::Checking the sw design at  C:/unswworks/workspace/project_plat/zynqmp_pmufw/zynqmp_pmufw_bsp/system.mss
TRACE::2025-11-13.13:00:39::SCWMssOS::DEBUG:  swdes dump  C:/unswworks/workspace/project_plat/zynqmp_fsbl/zynqmp_fsbl_bsp/system.mss|system||
C:/unswworks/workspace/project_plat/zynqmp_pmufw/zynqmp_pmufw_bsp/system.mss|system_0||

TRACE::2025-11-13.13:00:39::SCWMssOS::Sw design exists and opened at  C:/unswworks/workspace/project_plat/zynqmp_pmufw/zynqmp_pmufw_bsp/system.mss
TRACE::2025-11-13.13:00:39::SCWReader::No isolation master present  
TRACE::2025-11-13.13:00:39::SCWDomain::checking for install qemu data   : 
TRACE::2025-11-13.13:00:39::SCWDomain:: Using the QEMU Data from install at  : D:/Vivado/Vitis/2024.1/data/emulation/platforms/zynqmp/sw/a53_standalone/qemu/
TRACE::2025-11-13.13:00:39::SCWDomain:: Using the QEMU args  from install at  : D:/Vivado/Vitis/2024.1/data/emulation/platforms/zynqmp/sw/a53_standalone/qemu/qemu_args.txt
TRACE::2025-11-13.13:00:39::SCWDomain:: Using the PMUQEMU args from install at  : D:/Vivado/Vitis/2024.1/data/emulation/platforms/zynqmp/sw/a53_standalone/qemu/pmu_args.txt
TRACE::2025-11-13.13:00:39::SCWPlatform::Trying to open the hw design at C:/unswworks/workspace/project_plat/hw/v2.0.xsa
TRACE::2025-11-13.13:00:39::SCWPlatform::DSA given C:/unswworks/workspace/project_plat/hw/v2.0.xsa
TRACE::2025-11-13.13:00:39::SCWPlatform::DSA absoulate path C:/unswworks/workspace/project_plat/hw/v2.0.xsa
TRACE::2025-11-13.13:00:39::SCWPlatform::DSA directory C:/unswworks/workspace/project_plat/hw
TRACE::2025-11-13.13:00:39::SCWPlatform:: Platform Path C:/unswworks/workspace/project_plat/hw/v2.0.xsa
TRACE::2025-11-13.13:00:39::SCWPlatform:: Unique name xilinx:kv260_som::0.0
TRACE::2025-11-13.13:00:39::SCWPlatform::Trying to set the existing hwdb with name design_1_wrapper_1
TRACE::2025-11-13.13:00:39::SCWPlatform::Opened existing hwdb design_1_wrapper_1
TRACE::2025-11-13.13:00:39::SCWPlatform::Found the Hw Db part of the input DSA
TRACE::2025-11-13.13:00:39::SCWPlatform::Trying to open the hw design at C:/unswworks/workspace/project_plat/hw/v2.0.xsa
TRACE::2025-11-13.13:00:39::SCWPlatform::DSA given C:/unswworks/workspace/project_plat/hw/v2.0.xsa
TRACE::2025-11-13.13:00:39::SCWPlatform::DSA absoulate path C:/unswworks/workspace/project_plat/hw/v2.0.xsa
TRACE::2025-11-13.13:00:39::SCWPlatform::DSA directory C:/unswworks/workspace/project_plat/hw
TRACE::2025-11-13.13:00:39::SCWPlatform:: Platform Path C:/unswworks/workspace/project_plat/hw/v2.0.xsa
TRACE::2025-11-13.13:00:39::SCWPlatform:: Unique name xilinx:kv260_som::0.0
TRACE::2025-11-13.13:00:39::SCWPlatform::Trying to set the existing hwdb with name design_1_wrapper_1
TRACE::2025-11-13.13:00:39::SCWPlatform::Opened existing hwdb design_1_wrapper_1
TRACE::2025-11-13.13:00:39::SCWPlatform::Found the Hw Db part of the input DSA
TRACE::2025-11-13.13:00:39::SCWPlatform::Trying to open the hw design at C:/unswworks/workspace/project_plat/hw/v2.0.xsa
TRACE::2025-11-13.13:00:39::SCWPlatform::DSA given C:/unswworks/workspace/project_plat/hw/v2.0.xsa
TRACE::2025-11-13.13:00:39::SCWPlatform::DSA absoulate path C:/unswworks/workspace/project_plat/hw/v2.0.xsa
TRACE::2025-11-13.13:00:39::SCWPlatform::DSA directory C:/unswworks/workspace/project_plat/hw
TRACE::2025-11-13.13:00:39::SCWPlatform:: Platform Path C:/unswworks/workspace/project_plat/hw/v2.0.xsa
TRACE::2025-11-13.13:00:39::SCWPlatform:: Unique name xilinx:kv260_som::0.0
TRACE::2025-11-13.13:00:39::SCWPlatform::Trying to set the existing hwdb with name design_1_wrapper_1
TRACE::2025-11-13.13:00:39::SCWPlatform::Opened existing hwdb design_1_wrapper_1
TRACE::2025-11-13.13:00:39::SCWPlatform::Found the Hw Db part of the input DSA
TRACE::2025-11-13.13:00:39::SCWMssOS::Checking the sw design at  C:/unswworks/workspace/project_plat/psu_cortexa53_0/standalone_domain/bsp/system.mss
TRACE::2025-11-13.13:00:39::SCWMssOS::DEBUG:  swdes dump  C:/unswworks/workspace/project_plat/zynqmp_fsbl/zynqmp_fsbl_bsp/system.mss|system||
C:/unswworks/workspace/project_plat/zynqmp_pmufw/zynqmp_pmufw_bsp/system.mss|system_0||

TRACE::2025-11-13.13:00:39::SCWMssOS::No sw design opened at  C:/unswworks/workspace/project_plat/psu_cortexa53_0/standalone_domain/bsp/system.mss
TRACE::2025-11-13.13:00:39::SCWMssOS::mss exists loading the mss file  C:/unswworks/workspace/project_plat/psu_cortexa53_0/standalone_domain/bsp/system.mss
TRACE::2025-11-13.13:00:39::SCWMssOS::Opened the sw design from mss  C:/unswworks/workspace/project_plat/psu_cortexa53_0/standalone_domain/bsp/system.mss
TRACE::2025-11-13.13:00:39::SCWMssOS::Adding the swdes entry C:/unswworks/workspace/project_plat/psu_cortexa53_0/standalone_domain/bsp/system.mss with des name system_1
TRACE::2025-11-13.13:00:39::SCWMssOS::updating the scw layer about changes
TRACE::2025-11-13.13:00:39::SCWMssOS::Opened the sw design.  C:/unswworks/workspace/project_plat/psu_cortexa53_0/standalone_domain/bsp/system.mss
TRACE::2025-11-13.13:00:39::SCWMssOS::Saving the mss changes C:/unswworks/workspace/project_plat/psu_cortexa53_0/standalone_domain/bsp/system.mss
TRACE::2025-11-13.13:00:39::SCWMssOS::Found a swdesign opened with the mssfile.
TRACE::2025-11-13.13:00:39::SCWMssOS::Completed writemss as part of save.
TRACE::2025-11-13.13:00:39::SCWMssOS::Commit changes completed.
TRACE::2025-11-13.13:00:39::SCWReader::Adding prebuilt librarypaths as   
TRACE::2025-11-13.13:00:39::SCWReader::Adding prebuilt incpaths  as   
TRACE::2025-11-13.13:00:39::SCWPlatform::Trying to open the hw design at C:/unswworks/workspace/project_plat/hw/v2.0.xsa
TRACE::2025-11-13.13:00:39::SCWPlatform::DSA given C:/unswworks/workspace/project_plat/hw/v2.0.xsa
TRACE::2025-11-13.13:00:39::SCWPlatform::DSA absoulate path C:/unswworks/workspace/project_plat/hw/v2.0.xsa
TRACE::2025-11-13.13:00:39::SCWPlatform::DSA directory C:/unswworks/workspace/project_plat/hw
TRACE::2025-11-13.13:00:39::SCWPlatform:: Platform Path C:/unswworks/workspace/project_plat/hw/v2.0.xsa
TRACE::2025-11-13.13:00:39::SCWPlatform:: Unique name xilinx:kv260_som::0.0
TRACE::2025-11-13.13:00:39::SCWPlatform::Trying to set the existing hwdb with name design_1_wrapper_1
TRACE::2025-11-13.13:00:39::SCWPlatform::Opened existing hwdb design_1_wrapper_1
TRACE::2025-11-13.13:00:39::SCWPlatform::Found the Hw Db part of the input DSA
TRACE::2025-11-13.13:00:39::SCWMssOS::Checking the sw design at  C:/unswworks/workspace/project_plat/psu_cortexa53_0/standalone_domain/bsp/system.mss
TRACE::2025-11-13.13:00:39::SCWMssOS::DEBUG:  swdes dump  C:/unswworks/workspace/project_plat/psu_cortexa53_0/standalone_domain/bsp/system.mss|system_1||
C:/unswworks/workspace/project_plat/zynqmp_fsbl/zynqmp_fsbl_bsp/system.mss|system||
C:/unswworks/workspace/project_plat/zynqmp_pmufw/zynqmp_pmufw_bsp/system.mss|system_0||

TRACE::2025-11-13.13:00:39::SCWMssOS::Sw design exists and opened at  C:/unswworks/workspace/project_plat/psu_cortexa53_0/standalone_domain/bsp/system.mss
TRACE::2025-11-13.13:00:39::SCWReader::No isolation master present  
LOG::2025-11-13.13:00:53::SCWPlatform::Started generating the artifacts platform project_plat
TRACE::2025-11-13.13:00:53::SCWPlatform::Sanity checking of platform is completed
LOG::2025-11-13.13:00:53::SCWPlatform::Started generating the artifacts for system configuration project_plat
LOG::2025-11-13.13:00:53::SCWSystem::Checking the domain zynqmp_fsbl
LOG::2025-11-13.13:00:53::SCWSystem::Doing application build for :  zynqmp_fsbl
TRACE::2025-11-13.13:00:53::SCWBDomain::Not a forced makefile updation, No changes are present. 
TRACE::2025-11-13.13:00:53::SCWDomain::Building the domain as part of full build :  zynqmp_fsbl
TRACE::2025-11-13.13:00:53::SCWPlatform::Trying to open the hw design at C:/unswworks/workspace/project_plat/hw/v2.0.xsa
TRACE::2025-11-13.13:00:53::SCWPlatform::DSA given C:/unswworks/workspace/project_plat/hw/v2.0.xsa
TRACE::2025-11-13.13:00:53::SCWPlatform::DSA absoulate path C:/unswworks/workspace/project_plat/hw/v2.0.xsa
TRACE::2025-11-13.13:00:53::SCWPlatform::DSA directory C:/unswworks/workspace/project_plat/hw
TRACE::2025-11-13.13:00:53::SCWPlatform:: Platform Path C:/unswworks/workspace/project_plat/hw/v2.0.xsa
TRACE::2025-11-13.13:00:53::SCWPlatform:: Unique name xilinx:kv260_som::0.0
TRACE::2025-11-13.13:00:53::SCWPlatform::Trying to set the existing hwdb with name design_1_wrapper_1
TRACE::2025-11-13.13:00:53::SCWPlatform::Opened existing hwdb design_1_wrapper_1
TRACE::2025-11-13.13:00:53::SCWPlatform::Found the Hw Db part of the input DSA
TRACE::2025-11-13.13:00:53::SCWMssOS::Checking the sw design at  C:/unswworks/workspace/project_plat/zynqmp_fsbl/zynqmp_fsbl_bsp/system.mss
TRACE::2025-11-13.13:00:53::SCWMssOS::DEBUG:  swdes dump  C:/unswworks/workspace/project_plat/psu_cortexa53_0/standalone_domain/bsp/system.mss|system_1||
C:/unswworks/workspace/project_plat/zynqmp_fsbl/zynqmp_fsbl_bsp/system.mss|system||
C:/unswworks/workspace/project_plat/zynqmp_pmufw/zynqmp_pmufw_bsp/system.mss|system_0||

TRACE::2025-11-13.13:00:53::SCWMssOS::Sw design exists and opened at  C:/unswworks/workspace/project_plat/zynqmp_fsbl/zynqmp_fsbl_bsp/system.mss
TRACE::2025-11-13.13:00:53::SCWBDomain::Completed writing the mss file at C:/unswworks/workspace/project_plat/zynqmp_fsbl/zynqmp_fsbl_bsp
TRACE::2025-11-13.13:00:53::SCWBDomain::bsp generated is upto date with the mss file. Skipping bsp generation.
TRACE::2025-11-13.13:00:53::SCWBDomain::Not a forced makefile updation, No changes are present. 
TRACE::2025-11-13.13:00:53::SCWBDomain::System Command Ran  C:&  cd  C:/unswworks/workspace/project_plat/zynqmp_fsbl& make -C  zynqmp_fsbl_bsp & make 
TRACE::2025-11-13.13:00:53::SCWBDomain::make: Entering directory 'C:/unswworks/workspace/project_plat/zynqmp_fsbl/zynqmp_fsbl_bsp'

TRACE::2025-11-13.13:00:53::SCWBDomain::make --no-print-directory seq_libs

TRACE::2025-11-13.13:00:53::SCWBDomain::"Running Make include in psu_cortexa53_0/libsrc/axidma_v9_18/src"

TRACE::2025-11-13.13:00:53::SCWBDomain::make -C psu_cortexa53_0/libsrc/axidma_v9_18/src -s include  "SHELL=CMD" "COMPILER=aarch64-none-elf-gcc" "ASSEMBLER=aarch64-none
TRACE::2025-11-13.13:00:53::SCWBDomain::-elf-as" "ARCHIVER=aarch64-none-elf-ar" "COMPILER_FLAGS=  -c" "EXTRA_COMPILER_FLAGS=-g -Wall -Wextra -fno-tree-loop-distribute-
TRACE::2025-11-13.13:00:53::SCWBDomain::patterns -Os -flto -ffat-lto-objects"

TRACE::2025-11-13.13:00:54::SCWBDomain::"Running Make include in psu_cortexa53_0/libsrc/axipmon_v6_11/src"

TRACE::2025-11-13.13:00:54::SCWBDomain::make -C psu_cortexa53_0/libsrc/axipmon_v6_11/src -s include  "SHELL=CMD" "COMPILER=aarch64-none-elf-gcc" "ASSEMBLER=aarch64-non
TRACE::2025-11-13.13:00:54::SCWBDomain::e-elf-as" "ARCHIVER=aarch64-none-elf-ar" "COMPILER_FLAGS=  -c" "EXTRA_COMPILER_FLAGS=-g -Wall -Wextra -fno-tree-loop-distribute
TRACE::2025-11-13.13:00:54::SCWBDomain::-patterns -Os -flto -ffat-lto-objects"

TRACE::2025-11-13.13:00:54::SCWBDomain::"Running Make include in psu_cortexa53_0/libsrc/clockps_v1_6/src"

TRACE::2025-11-13.13:00:54::SCWBDomain::make -C psu_cortexa53_0/libsrc/clockps_v1_6/src -s include  "SHELL=CMD" "COMPILER=aarch64-none-elf-gcc" "ASSEMBLER=aarch64-none
TRACE::2025-11-13.13:00:54::SCWBDomain::-elf-as" "ARCHIVER=aarch64-none-elf-ar" "COMPILER_FLAGS=  -c" "EXTRA_COMPILER_FLAGS=-g -Wall -Wextra -fno-tree-loop-distribute-
TRACE::2025-11-13.13:00:54::SCWBDomain::patterns -Os -flto -ffat-lto-objects"

TRACE::2025-11-13.13:00:54::SCWBDomain::"Running Make include in psu_cortexa53_0/libsrc/coresightps_dcc_v1_10/src"

TRACE::2025-11-13.13:00:54::SCWBDomain::make -C psu_cortexa53_0/libsrc/coresightps_dcc_v1_10/src -s include  "SHELL=CMD" "COMPILER=aarch64-none-elf-gcc" "ASSEMBLER=aar
TRACE::2025-11-13.13:00:54::SCWBDomain::ch64-none-elf-as" "ARCHIVER=aarch64-none-elf-ar" "COMPILER_FLAGS=  -c" "EXTRA_COMPILER_FLAGS=-g -Wall -Wextra -fno-tree-loop-di
TRACE::2025-11-13.13:00:54::SCWBDomain::stribute-patterns -Os -flto -ffat-lto-objects"

TRACE::2025-11-13.13:00:54::SCWBDomain::"Running Make include in psu_cortexa53_0/libsrc/cpu_cortexa53_v2_1/src"

TRACE::2025-11-13.13:00:54::SCWBDomain::make -C psu_cortexa53_0/libsrc/cpu_cortexa53_v2_1/src -s include  "SHELL=CMD" "COMPILER=aarch64-none-elf-gcc" "ASSEMBLER=aarch6
TRACE::2025-11-13.13:00:54::SCWBDomain::4-none-elf-as" "ARCHIVER=aarch64-none-elf-ar" "COMPILER_FLAGS=  -c" "EXTRA_COMPILER_FLAGS=-g -Wall -Wextra -fno-tree-loop-distr
TRACE::2025-11-13.13:00:54::SCWBDomain::ibute-patterns -Os -flto -ffat-lto-objects"

TRACE::2025-11-13.13:00:54::SCWBDomain::"Running Make include in psu_cortexa53_0/libsrc/csudma_v1_15/src"

TRACE::2025-11-13.13:00:54::SCWBDomain::make -C psu_cortexa53_0/libsrc/csudma_v1_15/src -s include  "SHELL=CMD" "COMPILER=aarch64-none-elf-gcc" "ASSEMBLER=aarch64-none
TRACE::2025-11-13.13:00:54::SCWBDomain::-elf-as" "ARCHIVER=aarch64-none-elf-ar" "COMPILER_FLAGS=  -c" "EXTRA_COMPILER_FLAGS=-g -Wall -Wextra -fno-tree-loop-distribute-
TRACE::2025-11-13.13:00:54::SCWBDomain::patterns -Os -flto -ffat-lto-objects"

TRACE::2025-11-13.13:00:54::SCWBDomain::"Running Make include in psu_cortexa53_0/libsrc/ddrcpsu_v1_6/src"

TRACE::2025-11-13.13:00:54::SCWBDomain::make -C psu_cortexa53_0/libsrc/ddrcpsu_v1_6/src -s include  "SHELL=CMD" "COMPILER=aarch64-none-elf-gcc" "ASSEMBLER=aarch64-none
TRACE::2025-11-13.13:00:54::SCWBDomain::-elf-as" "ARCHIVER=aarch64-none-elf-ar" "COMPILER_FLAGS=  -c" "EXTRA_COMPILER_FLAGS=-g -Wall -Wextra -fno-tree-loop-distribute-
TRACE::2025-11-13.13:00:54::SCWBDomain::patterns -Os -flto -ffat-lto-objects"

TRACE::2025-11-13.13:00:54::SCWBDomain::"Running Make include in psu_cortexa53_0/libsrc/gpiops_v3_13/src"

TRACE::2025-11-13.13:00:54::SCWBDomain::make -C psu_cortexa53_0/libsrc/gpiops_v3_13/src -s include  "SHELL=CMD" "COMPILER=aarch64-none-elf-gcc" "ASSEMBLER=aarch64-none
TRACE::2025-11-13.13:00:54::SCWBDomain::-elf-as" "ARCHIVER=aarch64-none-elf-ar" "COMPILER_FLAGS=  -c" "EXTRA_COMPILER_FLAGS=-g -Wall -Wextra -fno-tree-loop-distribute-
TRACE::2025-11-13.13:00:54::SCWBDomain::patterns -Os -flto -ffat-lto-objects"

TRACE::2025-11-13.13:00:54::SCWBDomain::"Running Make include in psu_cortexa53_0/libsrc/gpio_v4_11/src"

TRACE::2025-11-13.13:00:54::SCWBDomain::make -C psu_cortexa53_0/libsrc/gpio_v4_11/src -s include  "SHELL=CMD" "COMPILER=aarch64-none-elf-gcc" "ASSEMBLER=aarch64-none-e
TRACE::2025-11-13.13:00:54::SCWBDomain::lf-as" "ARCHIVER=aarch64-none-elf-ar" "COMPILER_FLAGS=  -c" "EXTRA_COMPILER_FLAGS=-g -Wall -Wextra -fno-tree-loop-distribute-pa
TRACE::2025-11-13.13:00:54::SCWBDomain::tterns -Os -flto -ffat-lto-objects"

TRACE::2025-11-13.13:00:54::SCWBDomain::"Running Make include in psu_cortexa53_0/libsrc/iicps_v3_19/src"

TRACE::2025-11-13.13:00:54::SCWBDomain::make -C psu_cortexa53_0/libsrc/iicps_v3_19/src -s include  "SHELL=CMD" "COMPILER=aarch64-none-elf-gcc" "ASSEMBLER=aarch64-none-
TRACE::2025-11-13.13:00:54::SCWBDomain::elf-as" "ARCHIVER=aarch64-none-elf-ar" "COMPILER_FLAGS=  -c" "EXTRA_COMPILER_FLAGS=-g -Wall -Wextra -fno-tree-loop-distribute-p
TRACE::2025-11-13.13:00:54::SCWBDomain::atterns -Os -flto -ffat-lto-objects"

TRACE::2025-11-13.13:00:54::SCWBDomain::"Running Make include in psu_cortexa53_0/libsrc/ipipsu_v2_15/src"

TRACE::2025-11-13.13:00:54::SCWBDomain::make -C psu_cortexa53_0/libsrc/ipipsu_v2_15/src -s include  "SHELL=CMD" "COMPILER=aarch64-none-elf-gcc" "ASSEMBLER=aarch64-none
TRACE::2025-11-13.13:00:54::SCWBDomain::-elf-as" "ARCHIVER=aarch64-none-elf-ar" "COMPILER_FLAGS=  -c" "EXTRA_COMPILER_FLAGS=-g -Wall -Wextra -fno-tree-loop-distribute-
TRACE::2025-11-13.13:00:54::SCWBDomain::patterns -Os -flto -ffat-lto-objects"

TRACE::2025-11-13.13:00:54::SCWBDomain::"Running Make include in psu_cortexa53_0/libsrc/qspipsu_v1_19/src"

TRACE::2025-11-13.13:00:54::SCWBDomain::make -C psu_cortexa53_0/libsrc/qspipsu_v1_19/src -s include  "SHELL=CMD" "COMPILER=aarch64-none-elf-gcc" "ASSEMBLER=aarch64-non
TRACE::2025-11-13.13:00:54::SCWBDomain::e-elf-as" "ARCHIVER=aarch64-none-elf-ar" "COMPILER_FLAGS=  -c" "EXTRA_COMPILER_FLAGS=-g -Wall -Wextra -fno-tree-loop-distribute
TRACE::2025-11-13.13:00:54::SCWBDomain::-patterns -Os -flto -ffat-lto-objects"

TRACE::2025-11-13.13:00:54::SCWBDomain::"Running Make include in psu_cortexa53_0/libsrc/resetps_v1_7/src"

TRACE::2025-11-13.13:00:54::SCWBDomain::make -C psu_cortexa53_0/libsrc/resetps_v1_7/src -s include  "SHELL=CMD" "COMPILER=aarch64-none-elf-gcc" "ASSEMBLER=aarch64-none
TRACE::2025-11-13.13:00:54::SCWBDomain::-elf-as" "ARCHIVER=aarch64-none-elf-ar" "COMPILER_FLAGS=  -c" "EXTRA_COMPILER_FLAGS=-g -Wall -Wextra -fno-tree-loop-distribute-
TRACE::2025-11-13.13:00:54::SCWBDomain::patterns -Os -flto -ffat-lto-objects"

TRACE::2025-11-13.13:00:55::SCWBDomain::"Running Make include in psu_cortexa53_0/libsrc/rtcpsu_v1_14/src"

TRACE::2025-11-13.13:00:55::SCWBDomain::make -C psu_cortexa53_0/libsrc/rtcpsu_v1_14/src -s include  "SHELL=CMD" "COMPILER=aarch64-none-elf-gcc" "ASSEMBLER=aarch64-none
TRACE::2025-11-13.13:00:55::SCWBDomain::-elf-as" "ARCHIVER=aarch64-none-elf-ar" "COMPILER_FLAGS=  -c" "EXTRA_COMPILER_FLAGS=-g -Wall -Wextra -fno-tree-loop-distribute-
TRACE::2025-11-13.13:00:55::SCWBDomain::patterns -Os -flto -ffat-lto-objects"

TRACE::2025-11-13.13:00:55::SCWBDomain::"Running Make include in psu_cortexa53_0/libsrc/scugic_v5_3/src"

TRACE::2025-11-13.13:00:55::SCWBDomain::make -C psu_cortexa53_0/libsrc/scugic_v5_3/src -s include  "SHELL=CMD" "COMPILER=aarch64-none-elf-gcc" "ASSEMBLER=aarch64-none-
TRACE::2025-11-13.13:00:55::SCWBDomain::elf-as" "ARCHIVER=aarch64-none-elf-ar" "COMPILER_FLAGS=  -c" "EXTRA_COMPILER_FLAGS=-g -Wall -Wextra -fno-tree-loop-distribute-p
TRACE::2025-11-13.13:00:55::SCWBDomain::atterns -Os -flto -ffat-lto-objects"

TRACE::2025-11-13.13:00:55::SCWBDomain::"Running Make include in psu_cortexa53_0/libsrc/sdps_v4_3/src"

TRACE::2025-11-13.13:00:55::SCWBDomain::make -C psu_cortexa53_0/libsrc/sdps_v4_3/src -s include  "SHELL=CMD" "COMPILER=aarch64-none-elf-gcc" "ASSEMBLER=aarch64-none-el
TRACE::2025-11-13.13:00:55::SCWBDomain::f-as" "ARCHIVER=aarch64-none-elf-ar" "COMPILER_FLAGS=  -c" "EXTRA_COMPILER_FLAGS=-g -Wall -Wextra -fno-tree-loop-distribute-pat
TRACE::2025-11-13.13:00:55::SCWBDomain::terns -Os -flto -ffat-lto-objects"

TRACE::2025-11-13.13:00:55::SCWBDomain::"Running Make include in psu_cortexa53_0/libsrc/spips_v3_10/src"

TRACE::2025-11-13.13:00:55::SCWBDomain::make -C psu_cortexa53_0/libsrc/spips_v3_10/src -s include  "SHELL=CMD" "COMPILER=aarch64-none-elf-gcc" "ASSEMBLER=aarch64-none-
TRACE::2025-11-13.13:00:55::SCWBDomain::elf-as" "ARCHIVER=aarch64-none-elf-ar" "COMPILER_FLAGS=  -c" "EXTRA_COMPILER_FLAGS=-g -Wall -Wextra -fno-tree-loop-distribute-p
TRACE::2025-11-13.13:00:55::SCWBDomain::atterns -Os -flto -ffat-lto-objects"

TRACE::2025-11-13.13:00:55::SCWBDomain::"Running Make include in psu_cortexa53_0/libsrc/standalone_v9_1/src"

TRACE::2025-11-13.13:00:55::SCWBDomain::make -C psu_cortexa53_0/libsrc/standalone_v9_1/src -s include  "SHELL=CMD" "COMPILER=aarch64-none-elf-gcc" "ASSEMBLER=aarch64-n
TRACE::2025-11-13.13:00:55::SCWBDomain::one-elf-as" "ARCHIVER=aarch64-none-elf-ar" "COMPILER_FLAGS=  -c" "EXTRA_COMPILER_FLAGS=-g -Wall -Wextra -fno-tree-loop-distribu
TRACE::2025-11-13.13:00:55::SCWBDomain::te-patterns -Os -flto -ffat-lto-objects"

TRACE::2025-11-13.13:00:56::SCWBDomain::"Running Make include in psu_cortexa53_0/libsrc/sysmonpsu_v2_10/src"

TRACE::2025-11-13.13:00:56::SCWBDomain::make -C psu_cortexa53_0/libsrc/sysmonpsu_v2_10/src -s include  "SHELL=CMD" "COMPILER=aarch64-none-elf-gcc" "ASSEMBLER=aarch64-n
TRACE::2025-11-13.13:00:56::SCWBDomain::one-elf-as" "ARCHIVER=aarch64-none-elf-ar" "COMPILER_FLAGS=  -c" "EXTRA_COMPILER_FLAGS=-g -Wall -Wextra -fno-tree-loop-distribu
TRACE::2025-11-13.13:00:56::SCWBDomain::te-patterns -Os -flto -ffat-lto-objects"

TRACE::2025-11-13.13:00:56::SCWBDomain::"Running Make include in psu_cortexa53_0/libsrc/ttcps_v3_19/src"

TRACE::2025-11-13.13:00:56::SCWBDomain::make -C psu_cortexa53_0/libsrc/ttcps_v3_19/src -s include  "SHELL=CMD" "COMPILER=aarch64-none-elf-gcc" "ASSEMBLER=aarch64-none-
TRACE::2025-11-13.13:00:56::SCWBDomain::elf-as" "ARCHIVER=aarch64-none-elf-ar" "COMPILER_FLAGS=  -c" "EXTRA_COMPILER_FLAGS=-g -Wall -Wextra -fno-tree-loop-distribute-p
TRACE::2025-11-13.13:00:56::SCWBDomain::atterns -Os -flto -ffat-lto-objects"

TRACE::2025-11-13.13:00:56::SCWBDomain::"Running Make include in psu_cortexa53_0/libsrc/uartps_v3_14/src"

TRACE::2025-11-13.13:00:56::SCWBDomain::make -C psu_cortexa53_0/libsrc/uartps_v3_14/src -s include  "SHELL=CMD" "COMPILER=aarch64-none-elf-gcc" "ASSEMBLER=aarch64-none
TRACE::2025-11-13.13:00:56::SCWBDomain::-elf-as" "ARCHIVER=aarch64-none-elf-ar" "COMPILER_FLAGS=  -c" "EXTRA_COMPILER_FLAGS=-g -Wall -Wextra -fno-tree-loop-distribute-
TRACE::2025-11-13.13:00:56::SCWBDomain::patterns -Os -flto -ffat-lto-objects"

TRACE::2025-11-13.13:00:56::SCWBDomain::"Running Make include in psu_cortexa53_0/libsrc/wdtps_v3_7/src"

TRACE::2025-11-13.13:00:56::SCWBDomain::make -C psu_cortexa53_0/libsrc/wdtps_v3_7/src -s include  "SHELL=CMD" "COMPILER=aarch64-none-elf-gcc" "ASSEMBLER=aarch64-none-e
TRACE::2025-11-13.13:00:56::SCWBDomain::lf-as" "ARCHIVER=aarch64-none-elf-ar" "COMPILER_FLAGS=  -c" "EXTRA_COMPILER_FLAGS=-g -Wall -Wextra -fno-tree-loop-distribute-pa
TRACE::2025-11-13.13:00:56::SCWBDomain::tterns -Os -flto -ffat-lto-objects"

TRACE::2025-11-13.13:00:56::SCWBDomain::"Running Make include in psu_cortexa53_0/libsrc/xilffs_v5_2/src"

TRACE::2025-11-13.13:00:56::SCWBDomain::make -C psu_cortexa53_0/libsrc/xilffs_v5_2/src -s include  "SHELL=CMD" "COMPILER=aarch64-none-elf-gcc" "ASSEMBLER=aarch64-none-
TRACE::2025-11-13.13:00:56::SCWBDomain::elf-as" "ARCHIVER=aarch64-none-elf-ar" "COMPILER_FLAGS=  -c" "EXTRA_COMPILER_FLAGS=-g -Wall -Wextra -fno-tree-loop-distribute-p
TRACE::2025-11-13.13:00:56::SCWBDomain::atterns -Os -flto -ffat-lto-objects"

TRACE::2025-11-13.13:00:56::SCWBDomain::"Running Make include in psu_cortexa53_0/libsrc/xilpm_v5_2/src"

TRACE::2025-11-13.13:00:56::SCWBDomain::make -C psu_cortexa53_0/libsrc/xilpm_v5_2/src -s include  "SHELL=CMD" "COMPILER=aarch64-none-elf-gcc" "ASSEMBLER=aarch64-none-e
TRACE::2025-11-13.13:00:56::SCWBDomain::lf-as" "ARCHIVER=aarch64-none-elf-ar" "COMPILER_FLAGS=  -c" "EXTRA_COMPILER_FLAGS=-g -Wall -Wextra -fno-tree-loop-distribute-pa
TRACE::2025-11-13.13:00:56::SCWBDomain::tterns -Os -flto -ffat-lto-objects"

TRACE::2025-11-13.13:00:56::SCWBDomain::"Include files for this library have already been copied."

TRACE::2025-11-13.13:00:56::SCWBDomain::"Running Make include in psu_cortexa53_0/libsrc/xilsecure_v5_3/src"

TRACE::2025-11-13.13:00:56::SCWBDomain::make -C psu_cortexa53_0/libsrc/xilsecure_v5_3/src -s include  "SHELL=CMD" "COMPILER=aarch64-none-elf-gcc" "ASSEMBLER=aarch64-no
TRACE::2025-11-13.13:00:56::SCWBDomain::ne-elf-as" "ARCHIVER=aarch64-none-elf-ar" "COMPILER_FLAGS=  -c" "EXTRA_COMPILER_FLAGS=-g -Wall -Wextra -fno-tree-loop-distribut
TRACE::2025-11-13.13:00:56::SCWBDomain::e-patterns -Os -flto -ffat-lto-objects"

TRACE::2025-11-13.13:00:56::SCWBDomain::"Running Make include in psu_cortexa53_0/libsrc/zdma_v1_18/src"

TRACE::2025-11-13.13:00:56::SCWBDomain::make -C psu_cortexa53_0/libsrc/zdma_v1_18/src -s include  "SHELL=CMD" "COMPILER=aarch64-none-elf-gcc" "ASSEMBLER=aarch64-none-e
TRACE::2025-11-13.13:00:56::SCWBDomain::lf-as" "ARCHIVER=aarch64-none-elf-ar" "COMPILER_FLAGS=  -c" "EXTRA_COMPILER_FLAGS=-g -Wall -Wextra -fno-tree-loop-distribute-pa
TRACE::2025-11-13.13:00:56::SCWBDomain::tterns -Os -flto -ffat-lto-objects"

TRACE::2025-11-13.13:00:56::SCWBDomain::"Running Make libs in psu_cortexa53_0/libsrc/xilpm_v5_2/src"

TRACE::2025-11-13.13:00:56::SCWBDomain::make -C psu_cortexa53_0/libsrc/xilpm_v5_2/src -s libs  "SHELL=CMD" "COMPILER=aarch64-none-elf-gcc" "ASSEMBLER=aarch64-none-elf-
TRACE::2025-11-13.13:00:56::SCWBDomain::as" "ARCHIVER=aarch64-none-elf-ar" "COMPILER_FLAGS=  -c" "EXTRA_COMPILER_FLAGS=-g -Wall -Wextra -fno-tree-loop-distribute-patte
TRACE::2025-11-13.13:00:56::SCWBDomain::rns -Os -flto -ffat-lto-objects"

TRACE::2025-11-13.13:00:56::SCWBDomain::"Compiling xilpm library"

TRACE::2025-11-13.13:01:01::SCWBDomain::"Running Make libs in psu_cortexa53_0/libsrc/xilsecure_v5_3/src"

TRACE::2025-11-13.13:01:01::SCWBDomain::make -C psu_cortexa53_0/libsrc/xilsecure_v5_3/src -s libs  "SHELL=CMD" "COMPILER=aarch64-none-elf-gcc" "ASSEMBLER=aarch64-none-
TRACE::2025-11-13.13:01:01::SCWBDomain::elf-as" "ARCHIVER=aarch64-none-elf-ar" "COMPILER_FLAGS=  -c" "EXTRA_COMPILER_FLAGS=-g -Wall -Wextra -fno-tree-loop-distribute-p
TRACE::2025-11-13.13:01:01::SCWBDomain::atterns -Os -flto -ffat-lto-objects"

TRACE::2025-11-13.13:01:01::SCWBDomain::"Compiling XilSecure Library"

TRACE::2025-11-13.13:01:02::SCWBDomain::'Finished building libraries sequentially.'

TRACE::2025-11-13.13:01:02::SCWBDomain::make -j 10 --no-print-directory par_libs

TRACE::2025-11-13.13:01:02::SCWBDomain::"Running Make include in psu_cortexa53_0/libsrc/axidma_v9_18/src"

TRACE::2025-11-13.13:01:02::SCWBDomain::make -C psu_cortexa53_0/libsrc/axidma_v9_18/src -s include  "SHELL=CMD" "COMPILER=aarch64-none-elf-gcc" "ASSEMBLER=aarch64-none
TRACE::2025-11-13.13:01:02::SCWBDomain::-elf-as" "ARCHIVER=aarch64-none-elf-ar" "COMPILER_FLAGS=  -c" "EXTRA_COMPILER_FLAGS=-g -Wall -Wextra -fno-tree-loop-distribute-
TRACE::2025-11-13.13:01:02::SCWBDomain::patterns -Os -flto -ffat-lto-objects"

TRACE::2025-11-13.13:01:02::SCWBDomain::"Running Make include in psu_cortexa53_0/libsrc/axipmon_v6_11/src"

TRACE::2025-11-13.13:01:02::SCWBDomain::make -C psu_cortexa53_0/libsrc/axipmon_v6_11/src -s include  "SHELL=CMD" "COMPILER=aarch64-none-elf-gcc" "ASSEMBLER=aarch64-non
TRACE::2025-11-13.13:01:02::SCWBDomain::e-elf-as" "ARCHIVER=aarch64-none-elf-ar" "COMPILER_FLAGS=  -c" "EXTRA_COMPILER_FLAGS=-g -Wall -Wextra -fno-tree-loop-distribute
TRACE::2025-11-13.13:01:02::SCWBDomain::-patterns -Os -flto -ffat-lto-objects"

TRACE::2025-11-13.13:01:02::SCWBDomain::"Running Make include in psu_cortexa53_0/libsrc/clockps_v1_6/src"

TRACE::2025-11-13.13:01:02::SCWBDomain::make -C psu_cortexa53_0/libsrc/clockps_v1_6/src -s include  "SHELL=CMD" "COMPILER=aarch64-none-elf-gcc" "ASSEMBLER=aarch64-none
TRACE::2025-11-13.13:01:02::SCWBDomain::-elf-as" "ARCHIVER=aarch64-none-elf-ar" "COMPILER_FLAGS=  -c" "EXTRA_COMPILER_FLAGS=-g -Wall -Wextra -fno-tree-loop-distribute-
TRACE::2025-11-13.13:01:02::SCWBDomain::patterns -Os -flto -ffat-lto-objects"

TRACE::2025-11-13.13:01:02::SCWBDomain::"Running Make include in psu_cortexa53_0/libsrc/coresightps_dcc_v1_10/src"

TRACE::2025-11-13.13:01:02::SCWBDomain::make -C psu_cortexa53_0/libsrc/coresightps_dcc_v1_10/src -s include  "SHELL=CMD" "COMPILER=aarch64-none-elf-gcc" "ASSEMBLER=aar
TRACE::2025-11-13.13:01:02::SCWBDomain::ch64-none-elf-as" "ARCHIVER=aarch64-none-elf-ar" "COMPILER_FLAGS=  -c" "EXTRA_COMPILER_FLAGS=-g -Wall -Wextra -fno-tree-loop-di
TRACE::2025-11-13.13:01:02::SCWBDomain::stribute-patterns -Os -flto -ffat-lto-objects"

TRACE::2025-11-13.13:01:02::SCWBDomain::"Running Make include in psu_cortexa53_0/libsrc/cpu_cortexa53_v2_1/src"

TRACE::2025-11-13.13:01:02::SCWBDomain::make -C psu_cortexa53_0/libsrc/cpu_cortexa53_v2_1/src -s include  "SHELL=CMD" "COMPILER=aarch64-none-elf-gcc" "ASSEMBLER=aarch6
TRACE::2025-11-13.13:01:02::SCWBDomain::4-none-elf-as" "ARCHIVER=aarch64-none-elf-ar" "COMPILER_FLAGS=  -c" "EXTRA_COMPILER_FLAGS=-g -Wall -Wextra -fno-tree-loop-distr
TRACE::2025-11-13.13:01:02::SCWBDomain::ibute-patterns -Os -flto -ffat-lto-objects"

TRACE::2025-11-13.13:01:02::SCWBDomain::"Running Make include in psu_cortexa53_0/libsrc/csudma_v1_15/src"

TRACE::2025-11-13.13:01:02::SCWBDomain::make -C psu_cortexa53_0/libsrc/csudma_v1_15/src -s include  "SHELL=CMD" "COMPILER=aarch64-none-elf-gcc" "ASSEMBLER=aarch64-none
TRACE::2025-11-13.13:01:02::SCWBDomain::-elf-as" "ARCHIVER=aarch64-none-elf-ar" "COMPILER_FLAGS=  -c" "EXTRA_COMPILER_FLAGS=-g -Wall -Wextra -fno-tree-loop-distribute-
TRACE::2025-11-13.13:01:02::SCWBDomain::patterns -Os -flto -ffat-lto-objects"

TRACE::2025-11-13.13:01:02::SCWBDomain::"Running Make include in psu_cortexa53_0/libsrc/ddrcpsu_v1_6/src"

TRACE::2025-11-13.13:01:02::SCWBDomain::make -C psu_cortexa53_0/libsrc/ddrcpsu_v1_6/src -s include  "SHELL=CMD" "COMPILER=aarch64-none-elf-gcc" "ASSEMBLER=aarch64-none
TRACE::2025-11-13.13:01:02::SCWBDomain::-elf-as" "ARCHIVER=aarch64-none-elf-ar" "COMPILER_FLAGS=  -c" "EXTRA_COMPILER_FLAGS=-g -Wall -Wextra -fno-tree-loop-distribute-
TRACE::2025-11-13.13:01:02::SCWBDomain::patterns -Os -flto -ffat-lto-objects"

TRACE::2025-11-13.13:01:02::SCWBDomain::"Running Make include in psu_cortexa53_0/libsrc/gpiops_v3_13/src"

TRACE::2025-11-13.13:01:02::SCWBDomain::make -C psu_cortexa53_0/libsrc/gpiops_v3_13/src -s include  "SHELL=CMD" "COMPILER=aarch64-none-elf-gcc" "ASSEMBLER=aarch64-none
TRACE::2025-11-13.13:01:02::SCWBDomain::-elf-as" "ARCHIVER=aarch64-none-elf-ar" "COMPILER_FLAGS=  -c" "EXTRA_COMPILER_FLAGS=-g -Wall -Wextra -fno-tree-loop-distribute-
TRACE::2025-11-13.13:01:02::SCWBDomain::patterns -Os -flto -ffat-lto-objects"

TRACE::2025-11-13.13:01:02::SCWBDomain::"Running Make include in psu_cortexa53_0/libsrc/gpio_v4_11/src"

TRACE::2025-11-13.13:01:02::SCWBDomain::make -C psu_cortexa53_0/libsrc/gpio_v4_11/src -s include  "SHELL=CMD" "COMPILER=aarch64-none-elf-gcc" "ASSEMBLER=aarch64-none-e
TRACE::2025-11-13.13:01:02::SCWBDomain::lf-as" "ARCHIVER=aarch64-none-elf-ar" "COMPILER_FLAGS=  -c" "EXTRA_COMPILER_FLAGS=-g -Wall -Wextra -fno-tree-loop-distribute-pa
TRACE::2025-11-13.13:01:02::SCWBDomain::tterns -Os -flto -ffat-lto-objects"

TRACE::2025-11-13.13:01:02::SCWBDomain::"Running Make include in psu_cortexa53_0/libsrc/iicps_v3_19/src"

TRACE::2025-11-13.13:01:02::SCWBDomain::make -C psu_cortexa53_0/libsrc/iicps_v3_19/src -s include  "SHELL=CMD" "COMPILER=aarch64-none-elf-gcc" "ASSEMBLER=aarch64-none-
TRACE::2025-11-13.13:01:02::SCWBDomain::elf-as" "ARCHIVER=aarch64-none-elf-ar" "COMPILER_FLAGS=  -c" "EXTRA_COMPILER_FLAGS=-g -Wall -Wextra -fno-tree-loop-distribute-p
TRACE::2025-11-13.13:01:02::SCWBDomain::atterns -Os -flto -ffat-lto-objects"

TRACE::2025-11-13.13:01:02::SCWBDomain::"Running Make include in psu_cortexa53_0/libsrc/ipipsu_v2_15/src"

TRACE::2025-11-13.13:01:02::SCWBDomain::make -C psu_cortexa53_0/libsrc/ipipsu_v2_15/src -s include  "SHELL=CMD" "COMPILER=aarch64-none-elf-gcc" "ASSEMBLER=aarch64-none
TRACE::2025-11-13.13:01:02::SCWBDomain::-elf-as" "ARCHIVER=aarch64-none-elf-ar" "COMPILER_FLAGS=  -c" "EXTRA_COMPILER_FLAGS=-g -Wall -Wextra -fno-tree-loop-distribute-
TRACE::2025-11-13.13:01:02::SCWBDomain::patterns -Os -flto -ffat-lto-objects"

TRACE::2025-11-13.13:01:02::SCWBDomain::"Running Make include in psu_cortexa53_0/libsrc/qspipsu_v1_19/src"

TRACE::2025-11-13.13:01:02::SCWBDomain::make -C psu_cortexa53_0/libsrc/qspipsu_v1_19/src -s include  "SHELL=CMD" "COMPILER=aarch64-none-elf-gcc" "ASSEMBLER=aarch64-non
TRACE::2025-11-13.13:01:02::SCWBDomain::e-elf-as" "ARCHIVER=aarch64-none-elf-ar" "COMPILER_FLAGS=  -c" "EXTRA_COMPILER_FLAGS=-g -Wall -Wextra -fno-tree-loop-distribute
TRACE::2025-11-13.13:01:02::SCWBDomain::-patterns -Os -flto -ffat-lto-objects"

TRACE::2025-11-13.13:01:02::SCWBDomain::"Running Make include in psu_cortexa53_0/libsrc/resetps_v1_7/src"

TRACE::2025-11-13.13:01:02::SCWBDomain::make -C psu_cortexa53_0/libsrc/resetps_v1_7/src -s include  "SHELL=CMD" "COMPILER=aarch64-none-elf-gcc" "ASSEMBLER=aarch64-none
TRACE::2025-11-13.13:01:02::SCWBDomain::-elf-as" "ARCHIVER=aarch64-none-elf-ar" "COMPILER_FLAGS=  -c" "EXTRA_COMPILER_FLAGS=-g -Wall -Wextra -fno-tree-loop-distribute-
TRACE::2025-11-13.13:01:02::SCWBDomain::patterns -Os -flto -ffat-lto-objects"

TRACE::2025-11-13.13:01:02::SCWBDomain::"Running Make include in psu_cortexa53_0/libsrc/rtcpsu_v1_14/src"

TRACE::2025-11-13.13:01:02::SCWBDomain::make -C psu_cortexa53_0/libsrc/rtcpsu_v1_14/src -s include  "SHELL=CMD" "COMPILER=aarch64-none-elf-gcc" "ASSEMBLER=aarch64-none
TRACE::2025-11-13.13:01:02::SCWBDomain::-elf-as" "ARCHIVER=aarch64-none-elf-ar" "COMPILER_FLAGS=  -c" "EXTRA_COMPILER_FLAGS=-g -Wall -Wextra -fno-tree-loop-distribute-
TRACE::2025-11-13.13:01:02::SCWBDomain::patterns -Os -flto -ffat-lto-objects"

TRACE::2025-11-13.13:01:02::SCWBDomain::"Running Make include in psu_cortexa53_0/libsrc/scugic_v5_3/src"

TRACE::2025-11-13.13:01:02::SCWBDomain::make -C psu_cortexa53_0/libsrc/scugic_v5_3/src -s include  "SHELL=CMD" "COMPILER=aarch64-none-elf-gcc" "ASSEMBLER=aarch64-none-
TRACE::2025-11-13.13:01:02::SCWBDomain::elf-as" "ARCHIVER=aarch64-none-elf-ar" "COMPILER_FLAGS=  -c" "EXTRA_COMPILER_FLAGS=-g -Wall -Wextra -fno-tree-loop-distribute-p
TRACE::2025-11-13.13:01:02::SCWBDomain::atterns -Os -flto -ffat-lto-objects"

TRACE::2025-11-13.13:01:02::SCWBDomain::"Running Make include in psu_cortexa53_0/libsrc/sdps_v4_3/src"

TRACE::2025-11-13.13:01:02::SCWBDomain::make -C psu_cortexa53_0/libsrc/sdps_v4_3/src -s include  "SHELL=CMD" "COMPILER=aarch64-none-elf-gcc" "ASSEMBLER=aarch64-none-el
TRACE::2025-11-13.13:01:02::SCWBDomain::f-as" "ARCHIVER=aarch64-none-elf-ar" "COMPILER_FLAGS=  -c" "EXTRA_COMPILER_FLAGS=-g -Wall -Wextra -fno-tree-loop-distribute-pat
TRACE::2025-11-13.13:01:02::SCWBDomain::terns -Os -flto -ffat-lto-objects"

TRACE::2025-11-13.13:01:02::SCWBDomain::"Running Make include in psu_cortexa53_0/libsrc/spips_v3_10/src"

TRACE::2025-11-13.13:01:02::SCWBDomain::make -C psu_cortexa53_0/libsrc/spips_v3_10/src -s include  "SHELL=CMD" "COMPILER=aarch64-none-elf-gcc" "ASSEMBLER=aarch64-none-
TRACE::2025-11-13.13:01:02::SCWBDomain::elf-as" "ARCHIVER=aarch64-none-elf-ar" "COMPILER_FLAGS=  -c" "EXTRA_COMPILER_FLAGS=-g -Wall -Wextra -fno-tree-loop-distribute-p
TRACE::2025-11-13.13:01:02::SCWBDomain::atterns -Os -flto -ffat-lto-objects"

TRACE::2025-11-13.13:01:02::SCWBDomain::"Running Make include in psu_cortexa53_0/libsrc/standalone_v9_1/src"

TRACE::2025-11-13.13:01:02::SCWBDomain::make -C psu_cortexa53_0/libsrc/standalone_v9_1/src -s include  "SHELL=CMD" "COMPILER=aarch64-none-elf-gcc" "ASSEMBLER=aarch64-n
TRACE::2025-11-13.13:01:02::SCWBDomain::one-elf-as" "ARCHIVER=aarch64-none-elf-ar" "COMPILER_FLAGS=  -c" "EXTRA_COMPILER_FLAGS=-g -Wall -Wextra -fno-tree-loop-distribu
TRACE::2025-11-13.13:01:02::SCWBDomain::te-patterns -Os -flto -ffat-lto-objects"

TRACE::2025-11-13.13:01:02::SCWBDomain::"Running Make include in psu_cortexa53_0/libsrc/sysmonpsu_v2_10/src"

TRACE::2025-11-13.13:01:02::SCWBDomain::make -C psu_cortexa53_0/libsrc/sysmonpsu_v2_10/src -s include  "SHELL=CMD" "COMPILER=aarch64-none-elf-gcc" "ASSEMBLER=aarch64-n
TRACE::2025-11-13.13:01:02::SCWBDomain::one-elf-as" "ARCHIVER=aarch64-none-elf-ar" "COMPILER_FLAGS=  -c" "EXTRA_COMPILER_FLAGS=-g -Wall -Wextra -fno-tree-loop-distribu
TRACE::2025-11-13.13:01:02::SCWBDomain::te-patterns -Os -flto -ffat-lto-objects"

TRACE::2025-11-13.13:01:02::SCWBDomain::"Running Make include in psu_cortexa53_0/libsrc/ttcps_v3_19/src"

TRACE::2025-11-13.13:01:02::SCWBDomain::make -C psu_cortexa53_0/libsrc/ttcps_v3_19/src -s include  "SHELL=CMD" "COMPILER=aarch64-none-elf-gcc" "ASSEMBLER=aarch64-none-
TRACE::2025-11-13.13:01:02::SCWBDomain::elf-as" "ARCHIVER=aarch64-none-elf-ar" "COMPILER_FLAGS=  -c" "EXTRA_COMPILER_FLAGS=-g -Wall -Wextra -fno-tree-loop-distribute-p
TRACE::2025-11-13.13:01:02::SCWBDomain::atterns -Os -flto -ffat-lto-objects"

TRACE::2025-11-13.13:01:02::SCWBDomain::"Running Make include in psu_cortexa53_0/libsrc/uartps_v3_14/src"

TRACE::2025-11-13.13:01:02::SCWBDomain::make -C psu_cortexa53_0/libsrc/uartps_v3_14/src -s include  "SHELL=CMD" "COMPILER=aarch64-none-elf-gcc" "ASSEMBLER=aarch64-none
TRACE::2025-11-13.13:01:02::SCWBDomain::-elf-as" "ARCHIVER=aarch64-none-elf-ar" "COMPILER_FLAGS=  -c" "EXTRA_COMPILER_FLAGS=-g -Wall -Wextra -fno-tree-loop-distribute-
TRACE::2025-11-13.13:01:02::SCWBDomain::patterns -Os -flto -ffat-lto-objects"

TRACE::2025-11-13.13:01:02::SCWBDomain::"Running Make include in psu_cortexa53_0/libsrc/wdtps_v3_7/src"

TRACE::2025-11-13.13:01:02::SCWBDomain::make -C psu_cortexa53_0/libsrc/wdtps_v3_7/src -s include  "SHELL=CMD" "COMPILER=aarch64-none-elf-gcc" "ASSEMBLER=aarch64-none-e
TRACE::2025-11-13.13:01:02::SCWBDomain::lf-as" "ARCHIVER=aarch64-none-elf-ar" "COMPILER_FLAGS=  -c" "EXTRA_COMPILER_FLAGS=-g -Wall -Wextra -fno-tree-loop-distribute-pa
TRACE::2025-11-13.13:01:02::SCWBDomain::tterns -Os -flto -ffat-lto-objects"

TRACE::2025-11-13.13:01:02::SCWBDomain::"Running Make include in psu_cortexa53_0/libsrc/xilffs_v5_2/src"

TRACE::2025-11-13.13:01:02::SCWBDomain::make -C psu_cortexa53_0/libsrc/xilffs_v5_2/src -s include  "SHELL=CMD" "COMPILER=aarch64-none-elf-gcc" "ASSEMBLER=aarch64-none-
TRACE::2025-11-13.13:01:02::SCWBDomain::elf-as" "ARCHIVER=aarch64-none-elf-ar" "COMPILER_FLAGS=  -c" "EXTRA_COMPILER_FLAGS=-g -Wall -Wextra -fno-tree-loop-distribute-p
TRACE::2025-11-13.13:01:02::SCWBDomain::atterns -Os -flto -ffat-lto-objects"

TRACE::2025-11-13.13:01:02::SCWBDomain::"Running Make include in psu_cortexa53_0/libsrc/xilpm_v5_2/src"

TRACE::2025-11-13.13:01:02::SCWBDomain::make -C psu_cortexa53_0/libsrc/xilpm_v5_2/src -s include  "SHELL=CMD" "COMPILER=aarch64-none-elf-gcc" "ASSEMBLER=aarch64-none-e
TRACE::2025-11-13.13:01:02::SCWBDomain::lf-as" "ARCHIVER=aarch64-none-elf-ar" "COMPILER_FLAGS=  -c" "EXTRA_COMPILER_FLAGS=-g -Wall -Wextra -fno-tree-loop-distribute-pa
TRACE::2025-11-13.13:01:02::SCWBDomain::tterns -Os -flto -ffat-lto-objects"

TRACE::2025-11-13.13:01:02::SCWBDomain::"Running Make include in psu_cortexa53_0/libsrc/xilsecure_v5_3/src"

TRACE::2025-11-13.13:01:02::SCWBDomain::make -C psu_cortexa53_0/libsrc/xilsecure_v5_3/src -s include  "SHELL=CMD" "COMPILER=aarch64-none-elf-gcc" "ASSEMBLER=aarch64-no
TRACE::2025-11-13.13:01:02::SCWBDomain::ne-elf-as" "ARCHIVER=aarch64-none-elf-ar" "COMPILER_FLAGS=  -c" "EXTRA_COMPILER_FLAGS=-g -Wall -Wextra -fno-tree-loop-distribut
TRACE::2025-11-13.13:01:02::SCWBDomain::e-patterns -Os -flto -ffat-lto-objects"

TRACE::2025-11-13.13:01:02::SCWBDomain::"Running Make include in psu_cortexa53_0/libsrc/zdma_v1_18/src"

TRACE::2025-11-13.13:01:02::SCWBDomain::make -C psu_cortexa53_0/libsrc/zdma_v1_18/src -s include  "SHELL=CMD" "COMPILER=aarch64-none-elf-gcc" "ASSEMBLER=aarch64-none-e
TRACE::2025-11-13.13:01:02::SCWBDomain::lf-as" "ARCHIVER=aarch64-none-elf-ar" "COMPILER_FLAGS=  -c" "EXTRA_COMPILER_FLAGS=-g -Wall -Wextra -fno-tree-loop-distribute-pa
TRACE::2025-11-13.13:01:02::SCWBDomain::tterns -Os -flto -ffat-lto-objects"

TRACE::2025-11-13.13:01:02::SCWBDomain::"Include files for this library have already been copied."

TRACE::2025-11-13.13:01:02::SCWBDomain::"Running Make libs in psu_cortexa53_0/libsrc/axidma_v9_18/src"

TRACE::2025-11-13.13:01:02::SCWBDomain::make -C psu_cortexa53_0/libsrc/axidma_v9_18/src -s libs  "SHELL=CMD" "COMPILER=aarch64-none-elf-gcc" "ASSEMBLER=aarch64-none-el
TRACE::2025-11-13.13:01:02::SCWBDomain::f-as" "ARCHIVER=aarch64-none-elf-ar" "COMPILER_FLAGS=  -c" "EXTRA_COMPILER_FLAGS=-g -Wall -Wextra -fno-tree-loop-distribute-pat
TRACE::2025-11-13.13:01:02::SCWBDomain::terns -Os -flto -ffat-lto-objects"

TRACE::2025-11-13.13:01:02::SCWBDomain::"Running Make libs in psu_cortexa53_0/libsrc/axipmon_v6_11/src"

TRACE::2025-11-13.13:01:03::SCWBDomain::make -C psu_cortexa53_0/libsrc/axipmon_v6_11/src -s libs  "SHELL=CMD" "COMPILER=aarch64-none-elf-gcc" "ASSEMBLER=aarch64-none-e
TRACE::2025-11-13.13:01:03::SCWBDomain::lf-as" "ARCHIVER=aarch64-none-elf-ar" "COMPILER_FLAGS=  -c" "EXTRA_COMPILER_FLAGS=-g -Wall -Wextra -fno-tree-loop-distribute-pa
TRACE::2025-11-13.13:01:03::SCWBDomain::tterns -Os -flto -ffat-lto-objects"

TRACE::2025-11-13.13:01:03::SCWBDomain::"Running Make libs in psu_cortexa53_0/libsrc/clockps_v1_6/src"

TRACE::2025-11-13.13:01:03::SCWBDomain::make -C psu_cortexa53_0/libsrc/clockps_v1_6/src -s libs  "SHELL=CMD" "COMPILER=aarch64-none-elf-gcc" "ASSEMBLER=aarch64-none-el
TRACE::2025-11-13.13:01:03::SCWBDomain::f-as" "ARCHIVER=aarch64-none-elf-ar" "COMPILER_FLAGS=  -c" "EXTRA_COMPILER_FLAGS=-g -Wall -Wextra -fno-tree-loop-distribute-pat
TRACE::2025-11-13.13:01:03::SCWBDomain::terns -Os -flto -ffat-lto-objects"

TRACE::2025-11-13.13:01:03::SCWBDomain::"Running Make libs in psu_cortexa53_0/libsrc/coresightps_dcc_v1_10/src"

TRACE::2025-11-13.13:01:03::SCWBDomain::make -C psu_cortexa53_0/libsrc/coresightps_dcc_v1_10/src -s libs  "SHELL=CMD" "COMPILER=aarch64-none-elf-gcc" "ASSEMBLER=aarch6
TRACE::2025-11-13.13:01:03::SCWBDomain::4-none-elf-as" "ARCHIVER=aarch64-none-elf-ar" "COMPILER_FLAGS=  -c" "EXTRA_COMPILER_FLAGS=-g -Wall -Wextra -fno-tree-loop-distr
TRACE::2025-11-13.13:01:03::SCWBDomain::ibute-patterns -Os -flto -ffat-lto-objects"

TRACE::2025-11-13.13:01:03::SCWBDomain::"Running Make libs in psu_cortexa53_0/libsrc/cpu_cortexa53_v2_1/src"

TRACE::2025-11-13.13:01:03::SCWBDomain::make -C psu_cortexa53_0/libsrc/cpu_cortexa53_v2_1/src -s libs  "SHELL=CMD" "COMPILER=aarch64-none-elf-gcc" "ASSEMBLER=aarch64-n
TRACE::2025-11-13.13:01:03::SCWBDomain::one-elf-as" "ARCHIVER=aarch64-none-elf-ar" "COMPILER_FLAGS=  -c" "EXTRA_COMPILER_FLAGS=-g -Wall -Wextra -fno-tree-loop-distribu
TRACE::2025-11-13.13:01:03::SCWBDomain::te-patterns -Os -flto -ffat-lto-objects"

TRACE::2025-11-13.13:01:03::SCWBDomain::"Running Make libs in psu_cortexa53_0/libsrc/csudma_v1_15/src"

TRACE::2025-11-13.13:01:03::SCWBDomain::make -C psu_cortexa53_0/libsrc/csudma_v1_15/src -s libs  "SHELL=CMD" "COMPILER=aarch64-none-elf-gcc" "ASSEMBLER=aarch64-none-el
TRACE::2025-11-13.13:01:03::SCWBDomain::f-as" "ARCHIVER=aarch64-none-elf-ar" "COMPILER_FLAGS=  -c" "EXTRA_COMPILER_FLAGS=-g -Wall -Wextra -fno-tree-loop-distribute-pat
TRACE::2025-11-13.13:01:03::SCWBDomain::terns -Os -flto -ffat-lto-objects"

TRACE::2025-11-13.13:01:03::SCWBDomain::"Running Make libs in psu_cortexa53_0/libsrc/ddrcpsu_v1_6/src"

TRACE::2025-11-13.13:01:03::SCWBDomain::make -C psu_cortexa53_0/libsrc/ddrcpsu_v1_6/src -s libs  "SHELL=CMD" "COMPILER=aarch64-none-elf-gcc" "ASSEMBLER=aarch64-none-el
TRACE::2025-11-13.13:01:03::SCWBDomain::f-as" "ARCHIVER=aarch64-none-elf-ar" "COMPILER_FLAGS=  -c" "EXTRA_COMPILER_FLAGS=-g -Wall -Wextra -fno-tree-loop-distribute-pat
TRACE::2025-11-13.13:01:03::SCWBDomain::terns -Os -flto -ffat-lto-objects"

TRACE::2025-11-13.13:01:03::SCWBDomain::"Running Make libs in psu_cortexa53_0/libsrc/gpiops_v3_13/src"

TRACE::2025-11-13.13:01:03::SCWBDomain::make -C psu_cortexa53_0/libsrc/gpiops_v3_13/src -s libs  "SHELL=CMD" "COMPILER=aarch64-none-elf-gcc" "ASSEMBLER=aarch64-none-el
TRACE::2025-11-13.13:01:03::SCWBDomain::f-as" "ARCHIVER=aarch64-none-elf-ar" "COMPILER_FLAGS=  -c" "EXTRA_COMPILER_FLAGS=-g -Wall -Wextra -fno-tree-loop-distribute-pat
TRACE::2025-11-13.13:01:03::SCWBDomain::terns -Os -flto -ffat-lto-objects"

TRACE::2025-11-13.13:01:03::SCWBDomain::"Running Make libs in psu_cortexa53_0/libsrc/gpio_v4_11/src"

TRACE::2025-11-13.13:01:03::SCWBDomain::make -C psu_cortexa53_0/libsrc/gpio_v4_11/src -s libs  "SHELL=CMD" "COMPILER=aarch64-none-elf-gcc" "ASSEMBLER=aarch64-none-elf-
TRACE::2025-11-13.13:01:03::SCWBDomain::as" "ARCHIVER=aarch64-none-elf-ar" "COMPILER_FLAGS=  -c" "EXTRA_COMPILER_FLAGS=-g -Wall -Wextra -fno-tree-loop-distribute-patte
TRACE::2025-11-13.13:01:03::SCWBDomain::rns -Os -flto -ffat-lto-objects"

TRACE::2025-11-13.13:01:03::SCWBDomain::"Running Make libs in psu_cortexa53_0/libsrc/iicps_v3_19/src"

TRACE::2025-11-13.13:01:03::SCWBDomain::make -C psu_cortexa53_0/libsrc/iicps_v3_19/src -s libs  "SHELL=CMD" "COMPILER=aarch64-none-elf-gcc" "ASSEMBLER=aarch64-none-elf
TRACE::2025-11-13.13:01:03::SCWBDomain::-as" "ARCHIVER=aarch64-none-elf-ar" "COMPILER_FLAGS=  -c" "EXTRA_COMPILER_FLAGS=-g -Wall -Wextra -fno-tree-loop-distribute-patt
TRACE::2025-11-13.13:01:03::SCWBDomain::erns -Os -flto -ffat-lto-objects"

TRACE::2025-11-13.13:01:03::SCWBDomain::"Running Make libs in psu_cortexa53_0/libsrc/ipipsu_v2_15/src"

TRACE::2025-11-13.13:01:03::SCWBDomain::make -C psu_cortexa53_0/libsrc/ipipsu_v2_15/src -s libs  "SHELL=CMD" "COMPILER=aarch64-none-elf-gcc" "ASSEMBLER=aarch64-none-el
TRACE::2025-11-13.13:01:03::SCWBDomain::f-as" "ARCHIVER=aarch64-none-elf-ar" "COMPILER_FLAGS=  -c" "EXTRA_COMPILER_FLAGS=-g -Wall -Wextra -fno-tree-loop-distribute-pat
TRACE::2025-11-13.13:01:03::SCWBDomain::terns -Os -flto -ffat-lto-objects"

TRACE::2025-11-13.13:01:03::SCWBDomain::"Running Make libs in psu_cortexa53_0/libsrc/qspipsu_v1_19/src"

TRACE::2025-11-13.13:01:03::SCWBDomain::make -C psu_cortexa53_0/libsrc/qspipsu_v1_19/src -s libs  "SHELL=CMD" "COMPILER=aarch64-none-elf-gcc" "ASSEMBLER=aarch64-none-e
TRACE::2025-11-13.13:01:03::SCWBDomain::lf-as" "ARCHIVER=aarch64-none-elf-ar" "COMPILER_FLAGS=  -c" "EXTRA_COMPILER_FLAGS=-g -Wall -Wextra -fno-tree-loop-distribute-pa
TRACE::2025-11-13.13:01:03::SCWBDomain::tterns -Os -flto -ffat-lto-objects"

TRACE::2025-11-13.13:01:03::SCWBDomain::"Running Make libs in psu_cortexa53_0/libsrc/resetps_v1_7/src"

TRACE::2025-11-13.13:01:03::SCWBDomain::make -C psu_cortexa53_0/libsrc/resetps_v1_7/src -s libs  "SHELL=CMD" "COMPILER=aarch64-none-elf-gcc" "ASSEMBLER=aarch64-none-el
TRACE::2025-11-13.13:01:03::SCWBDomain::f-as" "ARCHIVER=aarch64-none-elf-ar" "COMPILER_FLAGS=  -c" "EXTRA_COMPILER_FLAGS=-g -Wall -Wextra -fno-tree-loop-distribute-pat
TRACE::2025-11-13.13:01:03::SCWBDomain::terns -Os -flto -ffat-lto-objects"

TRACE::2025-11-13.13:01:04::SCWBDomain::"Running Make libs in psu_cortexa53_0/libsrc/rtcpsu_v1_14/src"

TRACE::2025-11-13.13:01:04::SCWBDomain::make -C psu_cortexa53_0/libsrc/rtcpsu_v1_14/src -s libs  "SHELL=CMD" "COMPILER=aarch64-none-elf-gcc" "ASSEMBLER=aarch64-none-el
TRACE::2025-11-13.13:01:04::SCWBDomain::f-as" "ARCHIVER=aarch64-none-elf-ar" "COMPILER_FLAGS=  -c" "EXTRA_COMPILER_FLAGS=-g -Wall -Wextra -fno-tree-loop-distribute-pat
TRACE::2025-11-13.13:01:04::SCWBDomain::terns -Os -flto -ffat-lto-objects"

TRACE::2025-11-13.13:01:04::SCWBDomain::"Running Make libs in psu_cortexa53_0/libsrc/scugic_v5_3/src"

TRACE::2025-11-13.13:01:04::SCWBDomain::make -C psu_cortexa53_0/libsrc/scugic_v5_3/src -s libs  "SHELL=CMD" "COMPILER=aarch64-none-elf-gcc" "ASSEMBLER=aarch64-none-elf
TRACE::2025-11-13.13:01:04::SCWBDomain::-as" "ARCHIVER=aarch64-none-elf-ar" "COMPILER_FLAGS=  -c" "EXTRA_COMPILER_FLAGS=-g -Wall -Wextra -fno-tree-loop-distribute-patt
TRACE::2025-11-13.13:01:04::SCWBDomain::erns -Os -flto -ffat-lto-objects"

TRACE::2025-11-13.13:01:04::SCWBDomain::"Running Make libs in psu_cortexa53_0/libsrc/sdps_v4_3/src"

TRACE::2025-11-13.13:01:04::SCWBDomain::make -C psu_cortexa53_0/libsrc/sdps_v4_3/src -s libs  "SHELL=CMD" "COMPILER=aarch64-none-elf-gcc" "ASSEMBLER=aarch64-none-elf-a
TRACE::2025-11-13.13:01:04::SCWBDomain::s" "ARCHIVER=aarch64-none-elf-ar" "COMPILER_FLAGS=  -c" "EXTRA_COMPILER_FLAGS=-g -Wall -Wextra -fno-tree-loop-distribute-patter
TRACE::2025-11-13.13:01:04::SCWBDomain::ns -Os -flto -ffat-lto-objects"

TRACE::2025-11-13.13:01:04::SCWBDomain::"Running Make libs in psu_cortexa53_0/libsrc/spips_v3_10/src"

TRACE::2025-11-13.13:01:04::SCWBDomain::make -C psu_cortexa53_0/libsrc/spips_v3_10/src -s libs  "SHELL=CMD" "COMPILER=aarch64-none-elf-gcc" "ASSEMBLER=aarch64-none-elf
TRACE::2025-11-13.13:01:04::SCWBDomain::-as" "ARCHIVER=aarch64-none-elf-ar" "COMPILER_FLAGS=  -c" "EXTRA_COMPILER_FLAGS=-g -Wall -Wextra -fno-tree-loop-distribute-patt
TRACE::2025-11-13.13:01:04::SCWBDomain::erns -Os -flto -ffat-lto-objects"

TRACE::2025-11-13.13:01:04::SCWBDomain::"Running Make libs in psu_cortexa53_0/libsrc/standalone_v9_1/src"

TRACE::2025-11-13.13:01:04::SCWBDomain::make -C psu_cortexa53_0/libsrc/standalone_v9_1/src -s libs  "SHELL=CMD" "COMPILER=aarch64-none-elf-gcc" "ASSEMBLER=aarch64-none
TRACE::2025-11-13.13:01:04::SCWBDomain::-elf-as" "ARCHIVER=aarch64-none-elf-ar" "COMPILER_FLAGS=  -c" "EXTRA_COMPILER_FLAGS=-g -Wall -Wextra -fno-tree-loop-distribute-
TRACE::2025-11-13.13:01:04::SCWBDomain::patterns -Os -flto -ffat-lto-objects"

TRACE::2025-11-13.13:01:04::SCWBDomain::"Running Make libs in psu_cortexa53_0/libsrc/sysmonpsu_v2_10/src"

TRACE::2025-11-13.13:01:04::SCWBDomain::make -C psu_cortexa53_0/libsrc/sysmonpsu_v2_10/src -s libs  "SHELL=CMD" "COMPILER=aarch64-none-elf-gcc" "ASSEMBLER=aarch64-none
TRACE::2025-11-13.13:01:04::SCWBDomain::-elf-as" "ARCHIVER=aarch64-none-elf-ar" "COMPILER_FLAGS=  -c" "EXTRA_COMPILER_FLAGS=-g -Wall -Wextra -fno-tree-loop-distribute-
TRACE::2025-11-13.13:01:04::SCWBDomain::patterns -Os -flto -ffat-lto-objects"

TRACE::2025-11-13.13:01:04::SCWBDomain::"Running Make libs in psu_cortexa53_0/libsrc/ttcps_v3_19/src"

TRACE::2025-11-13.13:01:04::SCWBDomain::make -C psu_cortexa53_0/libsrc/ttcps_v3_19/src -s libs  "SHELL=CMD" "COMPILER=aarch64-none-elf-gcc" "ASSEMBLER=aarch64-none-elf
TRACE::2025-11-13.13:01:04::SCWBDomain::-as" "ARCHIVER=aarch64-none-elf-ar" "COMPILER_FLAGS=  -c" "EXTRA_COMPILER_FLAGS=-g -Wall -Wextra -fno-tree-loop-distribute-patt
TRACE::2025-11-13.13:01:04::SCWBDomain::erns -Os -flto -ffat-lto-objects"

TRACE::2025-11-13.13:01:04::SCWBDomain::"Running Make libs in psu_cortexa53_0/libsrc/uartps_v3_14/src"

TRACE::2025-11-13.13:01:04::SCWBDomain::make -C psu_cortexa53_0/libsrc/uartps_v3_14/src -s libs  "SHELL=CMD" "COMPILER=aarch64-none-elf-gcc" "ASSEMBLER=aarch64-none-el
TRACE::2025-11-13.13:01:04::SCWBDomain::f-as" "ARCHIVER=aarch64-none-elf-ar" "COMPILER_FLAGS=  -c" "EXTRA_COMPILER_FLAGS=-g -Wall -Wextra -fno-tree-loop-distribute-pat
TRACE::2025-11-13.13:01:04::SCWBDomain::terns -Os -flto -ffat-lto-objects"

TRACE::2025-11-13.13:01:05::SCWBDomain::"Running Make libs in psu_cortexa53_0/libsrc/wdtps_v3_7/src"

TRACE::2025-11-13.13:01:05::SCWBDomain::make -C psu_cortexa53_0/libsrc/wdtps_v3_7/src -s libs  "SHELL=CMD" "COMPILER=aarch64-none-elf-gcc" "ASSEMBLER=aarch64-none-elf-
TRACE::2025-11-13.13:01:05::SCWBDomain::as" "ARCHIVER=aarch64-none-elf-ar" "COMPILER_FLAGS=  -c" "EXTRA_COMPILER_FLAGS=-g -Wall -Wextra -fno-tree-loop-distribute-patte
TRACE::2025-11-13.13:01:05::SCWBDomain::rns -Os -flto -ffat-lto-objects"

TRACE::2025-11-13.13:01:05::SCWBDomain::"Running Make libs in psu_cortexa53_0/libsrc/xilffs_v5_2/src"

TRACE::2025-11-13.13:01:05::SCWBDomain::make -C psu_cortexa53_0/libsrc/xilffs_v5_2/src -s libs  "SHELL=CMD" "COMPILER=aarch64-none-elf-gcc" "ASSEMBLER=aarch64-none-elf
TRACE::2025-11-13.13:01:05::SCWBDomain::-as" "ARCHIVER=aarch64-none-elf-ar" "COMPILER_FLAGS=  -c" "EXTRA_COMPILER_FLAGS=-g -Wall -Wextra -fno-tree-loop-distribute-patt
TRACE::2025-11-13.13:01:05::SCWBDomain::erns -Os -flto -ffat-lto-objects"

TRACE::2025-11-13.13:01:05::SCWBDomain::"Running Make libs in psu_cortexa53_0/libsrc/zdma_v1_18/src"

TRACE::2025-11-13.13:01:05::SCWBDomain::make -C psu_cortexa53_0/libsrc/zdma_v1_18/src -s libs  "SHELL=CMD" "COMPILER=aarch64-none-elf-gcc" "ASSEMBLER=aarch64-none-elf-
TRACE::2025-11-13.13:01:05::SCWBDomain::as" "ARCHIVER=aarch64-none-elf-ar" "COMPILER_FLAGS=  -c" "EXTRA_COMPILER_FLAGS=-g -Wall -Wextra -fno-tree-loop-distribute-patte
TRACE::2025-11-13.13:01:05::SCWBDomain::rns -Os -flto -ffat-lto-objects"

TRACE::2025-11-13.13:01:06::SCWBDomain::'Finished building libraries parallelly.'

TRACE::2025-11-13.13:01:06::SCWBDomain::make --no-print-directory archive

TRACE::2025-11-13.13:01:06::SCWBDomain::aarch64-none-elf-ar -r  psu_cortexa53_0/lib/libxil.a psu_cortexa53_0/lib/_exit.o psu_cortexa53_0/lib/_open.o psu_cortexa53_0/li
TRACE::2025-11-13.13:01:06::SCWBDomain::b/_sbrk.o psu_cortexa53_0/lib/abort.o psu_cortexa53_0/lib/asm_vectors.o psu_cortexa53_0/lib/boot.o psu_cortexa53_0/lib/close.o 
TRACE::2025-11-13.13:01:06::SCWBDomain::psu_cortexa53_0/lib/cpputest_time.o psu_cortexa53_0/lib/errno.o psu_cortexa53_0/lib/fcntl.o psu_cortexa53_0/lib/fstat.o psu_cor
TRACE::2025-11-13.13:01:06::SCWBDomain::texa53_0/lib/getentropy.o psu_cortexa53_0/lib/getpid.o psu_cortexa53_0/lib/inbyte.o psu_cortexa53_0/lib/initialise_monitor_hand
TRACE::2025-11-13.13:01:06::SCWBDomain::les.o psu_cortexa53_0/lib/isatty.o psu_cortexa53_0/lib/kill.o psu_cortexa53_0/lib/lseek.o psu_cortexa53_0/lib/open.o psu_cortex
TRACE::2025-11-13.13:01:06::SCWBDomain::a53_0/lib/outbyte.o psu_cortexa53_0/lib/print.o psu_cortexa53_0/lib/putnum.o psu_cortexa53_0/lib/read.o psu_cortexa53_0/lib/sbr
TRACE::2025-11-13.13:01:06::SCWBDomain::k.o psu_cortexa53_0/lib/sleep.o psu_cortexa53_0/lib/time.o psu_cortexa53_0/lib/translation_table.o psu_cortexa53_0/lib/unlink.o
TRACE::2025-11-13.13:01:06::SCWBDomain:: psu_cortexa53_0/lib/vectors.o psu_cortexa53_0/lib/write.o psu_cortexa53_0/lib/xaxidma.o psu_cortexa53_0/lib/xaxidma_bd.o psu_c
TRACE::2025-11-13.13:01:06::SCWBDomain::ortexa53_0/lib/xaxidma_bdring.o psu_cortexa53_0/lib/xaxidma_g.o psu_cortexa53_0/lib/xaxidma_selftest.o psu_cortexa53_0/lib/xaxi
TRACE::2025-11-13.13:01:06::SCWBDomain::dma_sinit.o psu_cortexa53_0/lib/xaxipmon.o psu_cortexa53_0/lib/xaxipmon_g.o psu_cortexa53_0/lib/xaxipmon_selftest.o psu_cortexa
TRACE::2025-11-13.13:01:06::SCWBDomain::53_0/lib/xaxipmon_sinit.o psu_cortexa53_0/lib/xclockps.o psu_cortexa53_0/lib/xclockps_divider.o psu_cortexa53_0/lib/xclockps_fi
TRACE::2025-11-13.13:01:06::SCWBDomain::xedfactor.o psu_cortexa53_0/lib/xclockps_g.o psu_cortexa53_0/lib/xclockps_gate.o psu_cortexa53_0/lib/xclockps_mux.o psu_cortexa
TRACE::2025-11-13.13:01:06::SCWBDomain::53_0/lib/xclockps_pll.o psu_cortexa53_0/lib/xclockps_sinit.o psu_cortexa53_0/lib/xcoresightpsdcc.o psu_cortexa53_0/lib/xcsudma.
TRACE::2025-11-13.13:01:06::SCWBDomain::o psu_cortexa53_0/lib/xcsudma_g.o psu_cortexa53_0/lib/xcsudma_intr.o psu_cortexa53_0/lib/xcsudma_selftest.o psu_cortexa53_0/lib
TRACE::2025-11-13.13:01:06::SCWBDomain::/xcsudma_sinit.o psu_cortexa53_0/lib/xddrcpsu.o psu_cortexa53_0/lib/xddrcpsu_sinit.o psu_cortexa53_0/lib/xgpio.o psu_cortexa53_
TRACE::2025-11-13.13:01:06::SCWBDomain::0/lib/xgpio_extra.o psu_cortexa53_0/lib/xgpio_g.o psu_cortexa53_0/lib/xgpio_intr.o psu_cortexa53_0/lib/xgpio_selftest.o psu_cor
TRACE::2025-11-13.13:01:06::SCWBDomain::texa53_0/lib/xgpio_sinit.o psu_cortexa53_0/lib/xgpiops.o psu_cortexa53_0/lib/xgpiops_g.o psu_cortexa53_0/lib/xgpiops_hw.o psu_c
TRACE::2025-11-13.13:01:06::SCWBDomain::ortexa53_0/lib/xgpiops_intr.o psu_cortexa53_0/lib/xgpiops_selftest.o psu_cortexa53_0/lib/xgpiops_sinit.o psu_cortexa53_0/lib/xi
TRACE::2025-11-13.13:01:06::SCWBDomain::icps.o psu_cortexa53_0/lib/xiicps_g.o psu_cortexa53_0/lib/xiicps_hw.o psu_cortexa53_0/lib/xiicps_intr.o psu_cortexa53_0/lib/xii
TRACE::2025-11-13.13:01:06::SCWBDomain::cps_master.o psu_cortexa53_0/lib/xiicps_options.o psu_cortexa53_0/lib/xiicps_selftest.o psu_cortexa53_0/lib/xiicps_sinit.o psu_
TRACE::2025-11-13.13:01:06::SCWBDomain::cortexa53_0/lib/xiicps_slave.o psu_cortexa53_0/lib/xiicps_xfer.o psu_cortexa53_0/lib/xil-crt0.o psu_cortexa53_0/lib/xil_assert.
TRACE::2025-11-13.13:01:06::SCWBDomain::o psu_cortexa53_0/lib/xil_cache.o psu_cortexa53_0/lib/xil_clocking.o psu_cortexa53_0/lib/xil_exception.o psu_cortexa53_0/lib/xi
TRACE::2025-11-13.13:01:06::SCWBDomain::l_mem.o psu_cortexa53_0/lib/xil_mmu.o psu_cortexa53_0/lib/xil_printf.o psu_cortexa53_0/lib/xil_sleepcommon.o psu_cortexa53_0/li
TRACE::2025-11-13.13:01:06::SCWBDomain::b/xil_sleeptimer.o psu_cortexa53_0/lib/xil_smc.o psu_cortexa53_0/lib/xil_spinlock.o psu_cortexa53_0/lib/xil_testcache.o psu_cor
TRACE::2025-11-13.13:01:06::SCWBDomain::texa53_0/lib/xil_testio.o psu_cortexa53_0/lib/xil_testmem.o psu_cortexa53_0/lib/xil_util.o psu_cortexa53_0/lib/xinterrupt_wrap.
TRACE::2025-11-13.13:01:06::SCWBDomain::o psu_cortexa53_0/lib/xipipsu.o psu_cortexa53_0/lib/xipipsu_buf.o psu_cortexa53_0/lib/xipipsu_g.o psu_cortexa53_0/lib/xipipsu_h
TRACE::2025-11-13.13:01:06::SCWBDomain::elper.o psu_cortexa53_0/lib/xipipsu_sinit.o psu_cortexa53_0/lib/xplatform_info.o psu_cortexa53_0/lib/xpm_counter.o psu_cortexa5
TRACE::2025-11-13.13:01:06::SCWBDomain::3_0/lib/xpm_init.o psu_cortexa53_0/lib/xqspipsu.o psu_cortexa53_0/lib/xqspipsu_control.o psu_cortexa53_0/lib/xqspipsu_g.o psu_c
TRACE::2025-11-13.13:01:06::SCWBDomain::ortexa53_0/lib/xqspipsu_hw.o psu_cortexa53_0/lib/xqspipsu_options.o psu_cortexa53_0/lib/xqspipsu_sinit.o psu_cortexa53_0/lib/xq
TRACE::2025-11-13.13:01:06::SCWBDomain::spipsu_xfer.o psu_cortexa53_0/lib/xresetps.o psu_cortexa53_0/lib/xresetps_g.o psu_cortexa53_0/lib/xresetps_sinit.o psu_cortexa5
TRACE::2025-11-13.13:01:06::SCWBDomain::3_0/lib/xrtcpsu.o psu_cortexa53_0/lib/xrtcpsu_g.o psu_cortexa53_0/lib/xrtcpsu_intr.o psu_cortexa53_0/lib/xrtcpsu_selftest.o psu
TRACE::2025-11-13.13:01:06::SCWBDomain::_cortexa53_0/lib/xrtcpsu_sinit.o psu_cortexa53_0/lib/xscugic.o psu_cortexa53_0/lib/xscugic_g.o psu_cortexa53_0/lib/xscugic_hw.o
TRACE::2025-11-13.13:01:06::SCWBDomain:: psu_cortexa53_0/lib/xscugic_intr.o psu_cortexa53_0/lib/xscugic_selftest.o psu_cortexa53_0/lib/xscugic_sinit.o psu_cortexa53_0/
TRACE::2025-11-13.13:01:06::SCWBDomain::lib/xsdps.o psu_cortexa53_0/lib/xsdps_card.o psu_cortexa53_0/lib/xsdps_g.o psu_cortexa53_0/lib/xsdps_host.o psu_cortexa53_0/lib
TRACE::2025-11-13.13:01:06::SCWBDomain::/xsdps_options.o psu_cortexa53_0/lib/xsdps_sinit.o psu_cortexa53_0/lib/xspips.o psu_cortexa53_0/lib/xspips_g.o psu_cortexa53_0/
TRACE::2025-11-13.13:01:06::SCWBDomain::lib/xspips_hw.o psu_cortexa53_0/lib/xspips_options.o psu_cortexa53_0/lib/xspips_selftest.o psu_cortexa53_0/lib/xspips_sinit.o p
TRACE::2025-11-13.13:01:06::SCWBDomain::su_cortexa53_0/lib/xsysmonpsu.o psu_cortexa53_0/lib/xsysmonpsu_g.o psu_cortexa53_0/lib/xsysmonpsu_intr.o psu_cortexa53_0/lib/xs
TRACE::2025-11-13.13:01:06::SCWBDomain::ysmonpsu_selftest.o psu_cortexa53_0/lib/xsysmonpsu_sinit.o psu_cortexa53_0/lib/xtime_l.o psu_cortexa53_0/lib/xttcps.o psu_corte
TRACE::2025-11-13.13:01:06::SCWBDomain::xa53_0/lib/xttcps_g.o psu_cortexa53_0/lib/xttcps_options.o psu_cortexa53_0/lib/xttcps_selftest.o psu_cortexa53_0/lib/xttcps_sin
TRACE::2025-11-13.13:01:06::SCWBDomain::it.o psu_cortexa53_0/lib/xuartps.o psu_cortexa53_0/lib/xuartps_g.o psu_cortexa53_0/lib/xuartps_hw.o psu_cortexa53_0/lib/xuartps
TRACE::2025-11-13.13:01:06::SCWBDomain::_intr.o psu_cortexa53_0/lib/xuartps_options.o psu_cortexa53_0/lib/xuartps_selftest.o psu_cortexa53_0/lib/xuartps_sinit.o psu_co
TRACE::2025-11-13.13:01:06::SCWBDomain::rtexa53_0/lib/xwdtps.o psu_cortexa53_0/lib/xwdtps_g.o psu_cortexa53_0/lib/xwdtps_selftest.o psu_cortexa53_0/lib/xwdtps_sinit.o 
TRACE::2025-11-13.13:01:06::SCWBDomain::psu_cortexa53_0/lib/xzdma.o psu_cortexa53_0/lib/xzdma_g.o psu_cortexa53_0/lib/xzdma_intr.o psu_cortexa53_0/lib/xzdma_selftest.o
TRACE::2025-11-13.13:01:06::SCWBDomain:: psu_cortexa53_0/lib/xzdma_sinit.o

TRACE::2025-11-13.13:01:06::SCWBDomain::'Finished building libraries'

TRACE::2025-11-13.13:01:06::SCWBDomain::make: Leaving directory 'C:/unswworks/workspace/project_plat/zynqmp_fsbl/zynqmp_fsbl_bsp'

TRACE::2025-11-13.13:01:06::SCWBDomain::aarch64-none-elf-gcc  -c -MMD -MP      -Wall -fmessage-length=0 -DARMA53_64 -Os -flto -ffat-lto-objects   -c xfsbl_qspi.c -o xf
TRACE::2025-11-13.13:01:06::SCWBDomain::sbl_qspi.o -Izynqmp_fsbl_bsp/psu_cortexa53_0/include -I.

TRACE::2025-11-13.13:01:06::SCWBDomain::aarch64-none-elf-gcc  -c -MMD -MP      -Wall -fmessage-length=0 -DARMA53_64 -Os -flto -ffat-lto-objects   -c xfsbl_csu_dma.c -o
TRACE::2025-11-13.13:01:06::SCWBDomain:: xfsbl_csu_dma.o -Izynqmp_fsbl_bsp/psu_cortexa53_0/include -I.

TRACE::2025-11-13.13:01:06::SCWBDomain::aarch64-none-elf-gcc  -c -MMD -MP      -Wall -fmessage-length=0 -DARMA53_64 -Os -flto -ffat-lto-objects   -c xfsbl_nand.c -o xf
TRACE::2025-11-13.13:01:06::SCWBDomain::sbl_nand.o -Izynqmp_fsbl_bsp/psu_cortexa53_0/include -I.

TRACE::2025-11-13.13:01:07::SCWBDomain::aarch64-none-elf-gcc  -c -MMD -MP      -Wall -fmessage-length=0 -DARMA53_64 -Os -flto -ffat-lto-objects   -c xfsbl_sd.c -o xfsb
TRACE::2025-11-13.13:01:07::SCWBDomain::l_sd.o -Izynqmp_fsbl_bsp/psu_cortexa53_0/include -I.

TRACE::2025-11-13.13:01:07::SCWBDomain::aarch64-none-elf-gcc  -c -MMD -MP      -Wall -fmessage-length=0 -DARMA53_64 -Os -flto -ffat-lto-objects   -c xfsbl_rsa_sha.c -o
TRACE::2025-11-13.13:01:07::SCWBDomain:: xfsbl_rsa_sha.o -Izynqmp_fsbl_bsp/psu_cortexa53_0/include -I.

TRACE::2025-11-13.13:01:07::SCWBDomain::aarch64-none-elf-gcc  -c -MMD -MP      -Wall -fmessage-length=0 -DARMA53_64 -Os -flto -ffat-lto-objects   -c xfsbl_usb.c -o xfs
TRACE::2025-11-13.13:01:07::SCWBDomain::bl_usb.o -Izynqmp_fsbl_bsp/psu_cortexa53_0/include -I.

TRACE::2025-11-13.13:01:07::SCWBDomain::aarch64-none-elf-gcc  -c -MMD -MP      -Wall -fmessage-length=0 -DARMA53_64 -Os -flto -ffat-lto-objects   -c xfsbl_hooks.c -o x
TRACE::2025-11-13.13:01:07::SCWBDomain::fsbl_hooks.o -Izynqmp_fsbl_bsp/psu_cortexa53_0/include -I.

TRACE::2025-11-13.13:01:07::SCWBDomain::aarch64-none-elf-gcc  -c -MMD -MP      -Wall -fmessage-length=0 -DARMA53_64 -Os -flto -ffat-lto-objects   -c xfsbl_main.c -o xf
TRACE::2025-11-13.13:01:07::SCWBDomain::sbl_main.o -Izynqmp_fsbl_bsp/psu_cortexa53_0/include -I.

TRACE::2025-11-13.13:01:07::SCWBDomain::aarch64-none-elf-gcc  -c -MMD -MP      -Wall -fmessage-length=0 -DARMA53_64 -Os -flto -ffat-lto-objects   -c xfsbl_dfu_util.c -
TRACE::2025-11-13.13:01:07::SCWBDomain::o xfsbl_dfu_util.o -Izynqmp_fsbl_bsp/psu_cortexa53_0/include -I.

TRACE::2025-11-13.13:01:07::SCWBDomain::aarch64-none-elf-gcc  -c -MMD -MP      -Wall -fmessage-length=0 -DARMA53_64 -Os -flto -ffat-lto-objects   -c xfsbl_partition_lo
TRACE::2025-11-13.13:01:07::SCWBDomain::ad.c -o xfsbl_partition_load.o -Izynqmp_fsbl_bsp/psu_cortexa53_0/include -I.

TRACE::2025-11-13.13:01:07::SCWBDomain::aarch64-none-elf-gcc  -c -MMD -MP      -Wall -fmessage-length=0 -DARMA53_64 -Os -flto -ffat-lto-objects   -c xfsbl_tpm.c -o xfs
TRACE::2025-11-13.13:01:07::SCWBDomain::bl_tpm.o -Izynqmp_fsbl_bsp/psu_cortexa53_0/include -I.

TRACE::2025-11-13.13:01:07::SCWBDomain::aarch64-none-elf-gcc  -c -MMD -MP      -Wall -fmessage-length=0 -DARMA53_64 -Os -flto -ffat-lto-objects   -c xfsbl_initializati
TRACE::2025-11-13.13:01:07::SCWBDomain::on.c -o xfsbl_initialization.o -Izynqmp_fsbl_bsp/psu_cortexa53_0/include -I.

TRACE::2025-11-13.13:01:07::SCWBDomain::aarch64-none-elf-gcc  -c -MMD -MP      -Wall -fmessage-length=0 -DARMA53_64 -Os -flto -ffat-lto-objects   -c xfsbl_ddr_init.c -
TRACE::2025-11-13.13:01:07::SCWBDomain::o xfsbl_ddr_init.o -Izynqmp_fsbl_bsp/psu_cortexa53_0/include -I.

TRACE::2025-11-13.13:01:07::SCWBDomain::aarch64-none-elf-gcc  -c -MMD -MP      -Wall -fmessage-length=0 -DARMA53_64 -Os -flto -ffat-lto-objects   -c xfsbl_handoff.c -o
TRACE::2025-11-13.13:01:07::SCWBDomain:: xfsbl_handoff.o -Izynqmp_fsbl_bsp/psu_cortexa53_0/include -I.

TRACE::2025-11-13.13:01:07::SCWBDomain::aarch64-none-elf-gcc  -c -MMD -MP      -Wall -fmessage-length=0 -DARMA53_64 -Os -flto -ffat-lto-objects   -c psu_init.c -o psu_
TRACE::2025-11-13.13:01:07::SCWBDomain::init.o -Izynqmp_fsbl_bsp/psu_cortexa53_0/include -I.

TRACE::2025-11-13.13:01:08::SCWBDomain::aarch64-none-elf-gcc  -c -MMD -MP      -Wall -fmessage-length=0 -DARMA53_64 -Os -flto -ffat-lto-objects   -c xfsbl_board.c -o x
TRACE::2025-11-13.13:01:08::SCWBDomain::fsbl_board.o -Izynqmp_fsbl_bsp/psu_cortexa53_0/include -I.

TRACE::2025-11-13.13:01:08::SCWBDomain::aarch64-none-elf-gcc  -c -MMD -MP      -Wall -fmessage-length=0 -DARMA53_64 -Os -flto -ffat-lto-objects   -c xfsbl_misc_drivers
TRACE::2025-11-13.13:01:08::SCWBDomain::.c -o xfsbl_misc_drivers.o -Izynqmp_fsbl_bsp/psu_cortexa53_0/include -I.

TRACE::2025-11-13.13:01:08::SCWBDomain::aarch64-none-elf-gcc  -c -MMD -MP      -Wall -fmessage-length=0 -DARMA53_64 -Os -flto -ffat-lto-objects   -c xfsbl_bs.c -o xfsb
TRACE::2025-11-13.13:01:08::SCWBDomain::l_bs.o -Izynqmp_fsbl_bsp/psu_cortexa53_0/include -I.

TRACE::2025-11-13.13:01:08::SCWBDomain::aarch64-none-elf-gcc  -c -MMD -MP      -Wall -fmessage-length=0 -DARMA53_64 -Os -flto -ffat-lto-objects   -c xfsbl_tpm_util.c -
TRACE::2025-11-13.13:01:08::SCWBDomain::o xfsbl_tpm_util.o -Izynqmp_fsbl_bsp/psu_cortexa53_0/include -I.

TRACE::2025-11-13.13:01:08::SCWBDomain::aarch64-none-elf-gcc  -c -MMD -MP      -Wall -fmessage-length=0 -DARMA53_64 -Os -flto -ffat-lto-objects   -c xfsbl_plpartition_
TRACE::2025-11-13.13:01:08::SCWBDomain::valid.c -o xfsbl_plpartition_valid.o -Izynqmp_fsbl_bsp/psu_cortexa53_0/include -I.

TRACE::2025-11-13.13:01:08::SCWBDomain::aarch64-none-elf-gcc  -c -MMD -MP      -Wall -fmessage-length=0 -DARMA53_64 -Os -flto -ffat-lto-objects   -c xfsbl_image_header
TRACE::2025-11-13.13:01:08::SCWBDomain::.c -o xfsbl_image_header.o -Izynqmp_fsbl_bsp/psu_cortexa53_0/include -I.

TRACE::2025-11-13.13:01:08::SCWBDomain::aarch64-none-elf-gcc  -c -MMD -MP      -Wall -fmessage-length=0 -DARMA53_64 -Os -flto -ffat-lto-objects   -c xfsbl_misc.c -o xf
TRACE::2025-11-13.13:01:08::SCWBDomain::sbl_misc.o -Izynqmp_fsbl_bsp/psu_cortexa53_0/include -I.

TRACE::2025-11-13.13:01:08::SCWBDomain::aarch64-none-elf-gcc  -c -MMD -MP      -Wall -fmessage-length=0 -DARMA53_64 -Os -flto -ffat-lto-objects   -c xfsbl_authenticati
TRACE::2025-11-13.13:01:08::SCWBDomain::on.c -o xfsbl_authentication.o -Izynqmp_fsbl_bsp/psu_cortexa53_0/include -I.

TRACE::2025-11-13.13:01:08::SCWBDomain::aarch64-none-elf-gcc  -c -MMD -MP      -Wall -fmessage-length=0 -DARMA53_64 -Os -flto -ffat-lto-objects   -c xfsbl_translation_
TRACE::2025-11-13.13:01:08::SCWBDomain::table.S -o xfsbl_translation_table.o -Izynqmp_fsbl_bsp/psu_cortexa53_0/include -I.

TRACE::2025-11-13.13:01:08::SCWBDomain::aarch64-none-elf-gcc  -c -MMD -MP      -Wall -fmessage-length=0 -DARMA53_64 -Os -flto -ffat-lto-objects   -c xfsbl_exit.S -o xf
TRACE::2025-11-13.13:01:08::SCWBDomain::sbl_exit.o -Izynqmp_fsbl_bsp/psu_cortexa53_0/include -I.

TRACE::2025-11-13.13:01:08::SCWBDomain::aarch64-none-elf-gcc -o fsbl_a53.elf psu_init.o xfsbl_authentication.o xfsbl_board.o xfsbl_bs.o xfsbl_csu_dma.o xfsbl_ddr_init.
TRACE::2025-11-13.13:01:08::SCWBDomain::o xfsbl_dfu_util.o xfsbl_exit.o xfsbl_handoff.o xfsbl_hooks.o xfsbl_image_header.o xfsbl_initialization.o xfsbl_main.o xfsbl_mi
TRACE::2025-11-13.13:01:08::SCWBDomain::sc.o xfsbl_misc_drivers.o xfsbl_nand.o xfsbl_partition_load.o xfsbl_plpartition_valid.o xfsbl_qspi.o xfsbl_rsa_sha.o xfsbl_sd.o
TRACE::2025-11-13.13:01:08::SCWBDomain:: xfsbl_tpm.o xfsbl_tpm_util.o xfsbl_translation_table.o xfsbl_usb.o -MMD -MP      -Wall -fmessage-length=0 -DARMA53_64 -Os -flt
TRACE::2025-11-13.13:01:08::SCWBDomain::o -ffat-lto-objects    -Wl,--start-group,-lxil,-lgcc,-lc,--end-group -Wl,--start-group,-lxilffs,-lxil,-lgcc,-lc,--end-group -Wl
TRACE::2025-11-13.13:01:08::SCWBDomain::,--start-group,-lxilsecure,-lxil,-lgcc,-lc,--end-group -Wl,--start-group,-lxilpm,-lxil,-lgcc,-lc,--end-group                   
TRACE::2025-11-13.13:01:08::SCWBDomain::                                                                                  -n  -Wl,--gc-sections -Lzynqmp_fsbl_bsp/psu_c
TRACE::2025-11-13.13:01:08::SCWBDomain::ortexa53_0/lib -Tlscript.ld

LOG::2025-11-13.13:01:12::SCWSystem::Checking the domain zynqmp_pmufw
LOG::2025-11-13.13:01:12::SCWSystem::Doing application build for :  zynqmp_pmufw
TRACE::2025-11-13.13:01:12::SCWBDomain::Not a forced makefile updation, No changes are present. 
TRACE::2025-11-13.13:01:12::SCWDomain::Building the domain as part of full build :  zynqmp_pmufw
TRACE::2025-11-13.13:01:12::SCWPlatform::Trying to open the hw design at C:/unswworks/workspace/project_plat/hw/v2.0.xsa
TRACE::2025-11-13.13:01:12::SCWPlatform::DSA given C:/unswworks/workspace/project_plat/hw/v2.0.xsa
TRACE::2025-11-13.13:01:12::SCWPlatform::DSA absoulate path C:/unswworks/workspace/project_plat/hw/v2.0.xsa
TRACE::2025-11-13.13:01:12::SCWPlatform::DSA directory C:/unswworks/workspace/project_plat/hw
TRACE::2025-11-13.13:01:12::SCWPlatform:: Platform Path C:/unswworks/workspace/project_plat/hw/v2.0.xsa
TRACE::2025-11-13.13:01:12::SCWPlatform:: Unique name xilinx:kv260_som::0.0
TRACE::2025-11-13.13:01:12::SCWPlatform::Trying to set the existing hwdb with name design_1_wrapper_1
TRACE::2025-11-13.13:01:12::SCWPlatform::Opened existing hwdb design_1_wrapper_1
TRACE::2025-11-13.13:01:12::SCWPlatform::Found the Hw Db part of the input DSA
TRACE::2025-11-13.13:01:12::SCWMssOS::Checking the sw design at  C:/unswworks/workspace/project_plat/zynqmp_pmufw/zynqmp_pmufw_bsp/system.mss
TRACE::2025-11-13.13:01:12::SCWMssOS::DEBUG:  swdes dump  C:/unswworks/workspace/project_plat/psu_cortexa53_0/standalone_domain/bsp/system.mss|system_1||
C:/unswworks/workspace/project_plat/zynqmp_fsbl/zynqmp_fsbl_bsp/system.mss|system||
C:/unswworks/workspace/project_plat/zynqmp_pmufw/zynqmp_pmufw_bsp/system.mss|system_0||

TRACE::2025-11-13.13:01:12::SCWMssOS::Sw design exists and opened at  C:/unswworks/workspace/project_plat/zynqmp_pmufw/zynqmp_pmufw_bsp/system.mss
TRACE::2025-11-13.13:01:12::SCWBDomain::Completed writing the mss file at C:/unswworks/workspace/project_plat/zynqmp_pmufw/zynqmp_pmufw_bsp
TRACE::2025-11-13.13:01:12::SCWBDomain::bsp generated is upto date with the mss file. Skipping bsp generation.
TRACE::2025-11-13.13:01:12::SCWBDomain::Not a forced makefile updation, No changes are present. 
TRACE::2025-11-13.13:01:12::SCWBDomain::System Command Ran  C:&  cd  C:/unswworks/workspace/project_plat/zynqmp_pmufw& make -C  zynqmp_pmufw_bsp & make 
TRACE::2025-11-13.13:01:12::SCWBDomain::make: Entering directory 'C:/unswworks/workspace/project_plat/zynqmp_pmufw/zynqmp_pmufw_bsp'

TRACE::2025-11-13.13:01:12::SCWBDomain::make --no-print-directory seq_libs

TRACE::2025-11-13.13:01:12::SCWBDomain::"Running Make include in psu_pmu_0/libsrc/axidma_v9_18/src"

TRACE::2025-11-13.13:01:12::SCWBDomain::make -C psu_pmu_0/libsrc/axidma_v9_18/src -s include  "SHELL=CMD" "COMPILER=mb-gcc" "ASSEMBLER=mb-as" "ARCHIVER=mb-ar" "COMPILE
TRACE::2025-11-13.13:01:12::SCWBDomain::R_FLAGS=  -O2 -c -mcpu=v9.2 -mlittle-endian -mxl-barrel-shift -mxl-pattern-compare -mxl-soft-mul" "EXTRA_COMPILER_FLAGS=-g -ffu
TRACE::2025-11-13.13:01:12::SCWBDomain::nction-sections -fdata-sections -Wall -Wextra -fno-tree-loop-distribute-patterns  -Os -flto -ffat-lto-objects"

TRACE::2025-11-13.13:01:12::SCWBDomain::"Running Make include in psu_pmu_0/libsrc/axipmon_v6_11/src"

TRACE::2025-11-13.13:01:12::SCWBDomain::make -C psu_pmu_0/libsrc/axipmon_v6_11/src -s include  "SHELL=CMD" "COMPILER=mb-gcc" "ASSEMBLER=mb-as" "ARCHIVER=mb-ar" "COMPIL
TRACE::2025-11-13.13:01:12::SCWBDomain::ER_FLAGS=  -O2 -c -mcpu=v9.2 -mlittle-endian -mxl-barrel-shift -mxl-pattern-compare -mxl-soft-mul" "EXTRA_COMPILER_FLAGS=-g -ff
TRACE::2025-11-13.13:01:12::SCWBDomain::unction-sections -fdata-sections -Wall -Wextra -fno-tree-loop-distribute-patterns  -Os -flto -ffat-lto-objects"

TRACE::2025-11-13.13:01:12::SCWBDomain::"Running Make include in psu_pmu_0/libsrc/clockps_v1_6/src"

TRACE::2025-11-13.13:01:12::SCWBDomain::make -C psu_pmu_0/libsrc/clockps_v1_6/src -s include  "SHELL=CMD" "COMPILER=mb-gcc" "ASSEMBLER=mb-as" "ARCHIVER=mb-ar" "COMPILE
TRACE::2025-11-13.13:01:12::SCWBDomain::R_FLAGS=  -O2 -c -mcpu=v9.2 -mlittle-endian -mxl-barrel-shift -mxl-pattern-compare -mxl-soft-mul" "EXTRA_COMPILER_FLAGS=-g -ffu
TRACE::2025-11-13.13:01:12::SCWBDomain::nction-sections -fdata-sections -Wall -Wextra -fno-tree-loop-distribute-patterns  -Os -flto -ffat-lto-objects"

TRACE::2025-11-13.13:01:12::SCWBDomain::"Running Make include in psu_pmu_0/libsrc/cpu_v2_18/src"

TRACE::2025-11-13.13:01:12::SCWBDomain::make -C psu_pmu_0/libsrc/cpu_v2_18/src -s include  "SHELL=CMD" "COMPILER=mb-gcc" "ASSEMBLER=mb-as" "ARCHIVER=mb-ar" "COMPILER_F
TRACE::2025-11-13.13:01:12::SCWBDomain::LAGS=  -O2 -c -mcpu=v9.2 -mlittle-endian -mxl-barrel-shift -mxl-pattern-compare -mxl-soft-mul" "EXTRA_COMPILER_FLAGS=-g -ffunct
TRACE::2025-11-13.13:01:12::SCWBDomain::ion-sections -fdata-sections -Wall -Wextra -fno-tree-loop-distribute-patterns  -Os -flto -ffat-lto-objects"

TRACE::2025-11-13.13:01:12::SCWBDomain::"Running Make include in psu_pmu_0/libsrc/csudma_v1_15/src"

TRACE::2025-11-13.13:01:12::SCWBDomain::make -C psu_pmu_0/libsrc/csudma_v1_15/src -s include  "SHELL=CMD" "COMPILER=mb-gcc" "ASSEMBLER=mb-as" "ARCHIVER=mb-ar" "COMPILE
TRACE::2025-11-13.13:01:12::SCWBDomain::R_FLAGS=  -O2 -c -mcpu=v9.2 -mlittle-endian -mxl-barrel-shift -mxl-pattern-compare -mxl-soft-mul" "EXTRA_COMPILER_FLAGS=-g -ffu
TRACE::2025-11-13.13:01:12::SCWBDomain::nction-sections -fdata-sections -Wall -Wextra -fno-tree-loop-distribute-patterns  -Os -flto -ffat-lto-objects"

TRACE::2025-11-13.13:01:12::SCWBDomain::"Running Make include in psu_pmu_0/libsrc/ddrcpsu_v1_6/src"

TRACE::2025-11-13.13:01:12::SCWBDomain::make -C psu_pmu_0/libsrc/ddrcpsu_v1_6/src -s include  "SHELL=CMD" "COMPILER=mb-gcc" "ASSEMBLER=mb-as" "ARCHIVER=mb-ar" "COMPILE
TRACE::2025-11-13.13:01:12::SCWBDomain::R_FLAGS=  -O2 -c -mcpu=v9.2 -mlittle-endian -mxl-barrel-shift -mxl-pattern-compare -mxl-soft-mul" "EXTRA_COMPILER_FLAGS=-g -ffu
TRACE::2025-11-13.13:01:12::SCWBDomain::nction-sections -fdata-sections -Wall -Wextra -fno-tree-loop-distribute-patterns  -Os -flto -ffat-lto-objects"

TRACE::2025-11-13.13:01:12::SCWBDomain::"Running Make include in psu_pmu_0/libsrc/gpiops_v3_13/src"

TRACE::2025-11-13.13:01:12::SCWBDomain::make -C psu_pmu_0/libsrc/gpiops_v3_13/src -s include  "SHELL=CMD" "COMPILER=mb-gcc" "ASSEMBLER=mb-as" "ARCHIVER=mb-ar" "COMPILE
TRACE::2025-11-13.13:01:12::SCWBDomain::R_FLAGS=  -O2 -c -mcpu=v9.2 -mlittle-endian -mxl-barrel-shift -mxl-pattern-compare -mxl-soft-mul" "EXTRA_COMPILER_FLAGS=-g -ffu
TRACE::2025-11-13.13:01:12::SCWBDomain::nction-sections -fdata-sections -Wall -Wextra -fno-tree-loop-distribute-patterns  -Os -flto -ffat-lto-objects"

TRACE::2025-11-13.13:01:12::SCWBDomain::"Running Make include in psu_pmu_0/libsrc/gpio_v4_11/src"

TRACE::2025-11-13.13:01:12::SCWBDomain::make -C psu_pmu_0/libsrc/gpio_v4_11/src -s include  "SHELL=CMD" "COMPILER=mb-gcc" "ASSEMBLER=mb-as" "ARCHIVER=mb-ar" "COMPILER_
TRACE::2025-11-13.13:01:12::SCWBDomain::FLAGS=  -O2 -c -mcpu=v9.2 -mlittle-endian -mxl-barrel-shift -mxl-pattern-compare -mxl-soft-mul" "EXTRA_COMPILER_FLAGS=-g -ffunc
TRACE::2025-11-13.13:01:12::SCWBDomain::tion-sections -fdata-sections -Wall -Wextra -fno-tree-loop-distribute-patterns  -Os -flto -ffat-lto-objects"

TRACE::2025-11-13.13:01:12::SCWBDomain::"Running Make include in psu_pmu_0/libsrc/iicps_v3_19/src"

TRACE::2025-11-13.13:01:12::SCWBDomain::make -C psu_pmu_0/libsrc/iicps_v3_19/src -s include  "SHELL=CMD" "COMPILER=mb-gcc" "ASSEMBLER=mb-as" "ARCHIVER=mb-ar" "COMPILER
TRACE::2025-11-13.13:01:12::SCWBDomain::_FLAGS=  -O2 -c -mcpu=v9.2 -mlittle-endian -mxl-barrel-shift -mxl-pattern-compare -mxl-soft-mul" "EXTRA_COMPILER_FLAGS=-g -ffun
TRACE::2025-11-13.13:01:12::SCWBDomain::ction-sections -fdata-sections -Wall -Wextra -fno-tree-loop-distribute-patterns  -Os -flto -ffat-lto-objects"

TRACE::2025-11-13.13:01:12::SCWBDomain::"Running Make include in psu_pmu_0/libsrc/ipipsu_v2_15/src"

TRACE::2025-11-13.13:01:12::SCWBDomain::make -C psu_pmu_0/libsrc/ipipsu_v2_15/src -s include  "SHELL=CMD" "COMPILER=mb-gcc" "ASSEMBLER=mb-as" "ARCHIVER=mb-ar" "COMPILE
TRACE::2025-11-13.13:01:12::SCWBDomain::R_FLAGS=  -O2 -c -mcpu=v9.2 -mlittle-endian -mxl-barrel-shift -mxl-pattern-compare -mxl-soft-mul" "EXTRA_COMPILER_FLAGS=-g -ffu
TRACE::2025-11-13.13:01:12::SCWBDomain::nction-sections -fdata-sections -Wall -Wextra -fno-tree-loop-distribute-patterns  -Os -flto -ffat-lto-objects"

TRACE::2025-11-13.13:01:13::SCWBDomain::"Running Make include in psu_pmu_0/libsrc/qspipsu_v1_19/src"

TRACE::2025-11-13.13:01:13::SCWBDomain::make -C psu_pmu_0/libsrc/qspipsu_v1_19/src -s include  "SHELL=CMD" "COMPILER=mb-gcc" "ASSEMBLER=mb-as" "ARCHIVER=mb-ar" "COMPIL
TRACE::2025-11-13.13:01:13::SCWBDomain::ER_FLAGS=  -O2 -c -mcpu=v9.2 -mlittle-endian -mxl-barrel-shift -mxl-pattern-compare -mxl-soft-mul" "EXTRA_COMPILER_FLAGS=-g -ff
TRACE::2025-11-13.13:01:13::SCWBDomain::unction-sections -fdata-sections -Wall -Wextra -fno-tree-loop-distribute-patterns  -Os -flto -ffat-lto-objects"

TRACE::2025-11-13.13:01:13::SCWBDomain::"Running Make include in psu_pmu_0/libsrc/resetps_v1_7/src"

TRACE::2025-11-13.13:01:13::SCWBDomain::make -C psu_pmu_0/libsrc/resetps_v1_7/src -s include  "SHELL=CMD" "COMPILER=mb-gcc" "ASSEMBLER=mb-as" "ARCHIVER=mb-ar" "COMPILE
TRACE::2025-11-13.13:01:13::SCWBDomain::R_FLAGS=  -O2 -c -mcpu=v9.2 -mlittle-endian -mxl-barrel-shift -mxl-pattern-compare -mxl-soft-mul" "EXTRA_COMPILER_FLAGS=-g -ffu
TRACE::2025-11-13.13:01:13::SCWBDomain::nction-sections -fdata-sections -Wall -Wextra -fno-tree-loop-distribute-patterns  -Os -flto -ffat-lto-objects"

TRACE::2025-11-13.13:01:13::SCWBDomain::"Running Make include in psu_pmu_0/libsrc/rtcpsu_v1_14/src"

TRACE::2025-11-13.13:01:13::SCWBDomain::make -C psu_pmu_0/libsrc/rtcpsu_v1_14/src -s include  "SHELL=CMD" "COMPILER=mb-gcc" "ASSEMBLER=mb-as" "ARCHIVER=mb-ar" "COMPILE
TRACE::2025-11-13.13:01:13::SCWBDomain::R_FLAGS=  -O2 -c -mcpu=v9.2 -mlittle-endian -mxl-barrel-shift -mxl-pattern-compare -mxl-soft-mul" "EXTRA_COMPILER_FLAGS=-g -ffu
TRACE::2025-11-13.13:01:13::SCWBDomain::nction-sections -fdata-sections -Wall -Wextra -fno-tree-loop-distribute-patterns  -Os -flto -ffat-lto-objects"

TRACE::2025-11-13.13:01:13::SCWBDomain::"Running Make include in psu_pmu_0/libsrc/sdps_v4_3/src"

TRACE::2025-11-13.13:01:13::SCWBDomain::make -C psu_pmu_0/libsrc/sdps_v4_3/src -s include  "SHELL=CMD" "COMPILER=mb-gcc" "ASSEMBLER=mb-as" "ARCHIVER=mb-ar" "COMPILER_F
TRACE::2025-11-13.13:01:13::SCWBDomain::LAGS=  -O2 -c -mcpu=v9.2 -mlittle-endian -mxl-barrel-shift -mxl-pattern-compare -mxl-soft-mul" "EXTRA_COMPILER_FLAGS=-g -ffunct
TRACE::2025-11-13.13:01:13::SCWBDomain::ion-sections -fdata-sections -Wall -Wextra -fno-tree-loop-distribute-patterns  -Os -flto -ffat-lto-objects"

TRACE::2025-11-13.13:01:13::SCWBDomain::"Running Make include in psu_pmu_0/libsrc/spips_v3_10/src"

TRACE::2025-11-13.13:01:13::SCWBDomain::make -C psu_pmu_0/libsrc/spips_v3_10/src -s include  "SHELL=CMD" "COMPILER=mb-gcc" "ASSEMBLER=mb-as" "ARCHIVER=mb-ar" "COMPILER
TRACE::2025-11-13.13:01:13::SCWBDomain::_FLAGS=  -O2 -c -mcpu=v9.2 -mlittle-endian -mxl-barrel-shift -mxl-pattern-compare -mxl-soft-mul" "EXTRA_COMPILER_FLAGS=-g -ffun
TRACE::2025-11-13.13:01:13::SCWBDomain::ction-sections -fdata-sections -Wall -Wextra -fno-tree-loop-distribute-patterns  -Os -flto -ffat-lto-objects"

TRACE::2025-11-13.13:01:13::SCWBDomain::"Running Make include in psu_pmu_0/libsrc/standalone_v9_1/src"

TRACE::2025-11-13.13:01:13::SCWBDomain::make -C psu_pmu_0/libsrc/standalone_v9_1/src -s include  "SHELL=CMD" "COMPILER=mb-gcc" "ASSEMBLER=mb-as" "ARCHIVER=mb-ar" "COMP
TRACE::2025-11-13.13:01:13::SCWBDomain::ILER_FLAGS=  -O2 -c -mcpu=v9.2 -mlittle-endian -mxl-barrel-shift -mxl-pattern-compare -mxl-soft-mul" "EXTRA_COMPILER_FLAGS=-g -
TRACE::2025-11-13.13:01:13::SCWBDomain::ffunction-sections -fdata-sections -Wall -Wextra -fno-tree-loop-distribute-patterns  -Os -flto -ffat-lto-objects"

TRACE::2025-11-13.13:01:13::SCWBDomain::"Running Make include in psu_pmu_0/libsrc/sysmonpsu_v2_10/src"

TRACE::2025-11-13.13:01:14::SCWBDomain::make -C psu_pmu_0/libsrc/sysmonpsu_v2_10/src -s include  "SHELL=CMD" "COMPILER=mb-gcc" "ASSEMBLER=mb-as" "ARCHIVER=mb-ar" "COMP
TRACE::2025-11-13.13:01:14::SCWBDomain::ILER_FLAGS=  -O2 -c -mcpu=v9.2 -mlittle-endian -mxl-barrel-shift -mxl-pattern-compare -mxl-soft-mul" "EXTRA_COMPILER_FLAGS=-g -
TRACE::2025-11-13.13:01:14::SCWBDomain::ffunction-sections -fdata-sections -Wall -Wextra -fno-tree-loop-distribute-patterns  -Os -flto -ffat-lto-objects"

TRACE::2025-11-13.13:01:14::SCWBDomain::"Running Make include in psu_pmu_0/libsrc/ttcps_v3_19/src"

TRACE::2025-11-13.13:01:14::SCWBDomain::make -C psu_pmu_0/libsrc/ttcps_v3_19/src -s include  "SHELL=CMD" "COMPILER=mb-gcc" "ASSEMBLER=mb-as" "ARCHIVER=mb-ar" "COMPILER
TRACE::2025-11-13.13:01:14::SCWBDomain::_FLAGS=  -O2 -c -mcpu=v9.2 -mlittle-endian -mxl-barrel-shift -mxl-pattern-compare -mxl-soft-mul" "EXTRA_COMPILER_FLAGS=-g -ffun
TRACE::2025-11-13.13:01:14::SCWBDomain::ction-sections -fdata-sections -Wall -Wextra -fno-tree-loop-distribute-patterns  -Os -flto -ffat-lto-objects"

TRACE::2025-11-13.13:01:14::SCWBDomain::"Running Make include in psu_pmu_0/libsrc/uartps_v3_14/src"

TRACE::2025-11-13.13:01:14::SCWBDomain::make -C psu_pmu_0/libsrc/uartps_v3_14/src -s include  "SHELL=CMD" "COMPILER=mb-gcc" "ASSEMBLER=mb-as" "ARCHIVER=mb-ar" "COMPILE
TRACE::2025-11-13.13:01:14::SCWBDomain::R_FLAGS=  -O2 -c -mcpu=v9.2 -mlittle-endian -mxl-barrel-shift -mxl-pattern-compare -mxl-soft-mul" "EXTRA_COMPILER_FLAGS=-g -ffu
TRACE::2025-11-13.13:01:14::SCWBDomain::nction-sections -fdata-sections -Wall -Wextra -fno-tree-loop-distribute-patterns  -Os -flto -ffat-lto-objects"

TRACE::2025-11-13.13:01:14::SCWBDomain::"Running Make include in psu_pmu_0/libsrc/wdtps_v3_7/src"

TRACE::2025-11-13.13:01:14::SCWBDomain::make -C psu_pmu_0/libsrc/wdtps_v3_7/src -s include  "SHELL=CMD" "COMPILER=mb-gcc" "ASSEMBLER=mb-as" "ARCHIVER=mb-ar" "COMPILER_
TRACE::2025-11-13.13:01:14::SCWBDomain::FLAGS=  -O2 -c -mcpu=v9.2 -mlittle-endian -mxl-barrel-shift -mxl-pattern-compare -mxl-soft-mul" "EXTRA_COMPILER_FLAGS=-g -ffunc
TRACE::2025-11-13.13:01:14::SCWBDomain::tion-sections -fdata-sections -Wall -Wextra -fno-tree-loop-distribute-patterns  -Os -flto -ffat-lto-objects"

TRACE::2025-11-13.13:01:14::SCWBDomain::"Running Make include in psu_pmu_0/libsrc/xilfpga_v6_6/src"

TRACE::2025-11-13.13:01:14::SCWBDomain::make -C psu_pmu_0/libsrc/xilfpga_v6_6/src -s include  "SHELL=CMD" "COMPILER=mb-gcc" "ASSEMBLER=mb-as" "ARCHIVER=mb-ar" "COMPILE
TRACE::2025-11-13.13:01:14::SCWBDomain::R_FLAGS=  -O2 -c -mcpu=v9.2 -mlittle-endian -mxl-barrel-shift -mxl-pattern-compare -mxl-soft-mul" "EXTRA_COMPILER_FLAGS=-g -ffu
TRACE::2025-11-13.13:01:14::SCWBDomain::nction-sections -fdata-sections -Wall -Wextra -fno-tree-loop-distribute-patterns  -Os -flto -ffat-lto-objects"

TRACE::2025-11-13.13:01:14::SCWBDomain::"Running Make include in psu_pmu_0/libsrc/xilsecure_v5_3/src"

TRACE::2025-11-13.13:01:14::SCWBDomain::make -C psu_pmu_0/libsrc/xilsecure_v5_3/src -s include  "SHELL=CMD" "COMPILER=mb-gcc" "ASSEMBLER=mb-as" "ARCHIVER=mb-ar" "COMPI
TRACE::2025-11-13.13:01:14::SCWBDomain::LER_FLAGS=  -O2 -c -mcpu=v9.2 -mlittle-endian -mxl-barrel-shift -mxl-pattern-compare -mxl-soft-mul" "EXTRA_COMPILER_FLAGS=-g -f
TRACE::2025-11-13.13:01:14::SCWBDomain::function-sections -fdata-sections -Wall -Wextra -fno-tree-loop-distribute-patterns  -Os -flto -ffat-lto-objects"

TRACE::2025-11-13.13:01:14::SCWBDomain::"Running Make include in psu_pmu_0/libsrc/xilskey_v7_6/src"

TRACE::2025-11-13.13:01:14::SCWBDomain::make -C psu_pmu_0/libsrc/xilskey_v7_6/src -s include  "SHELL=CMD" "COMPILER=mb-gcc" "ASSEMBLER=mb-as" "ARCHIVER=mb-ar" "COMPILE
TRACE::2025-11-13.13:01:14::SCWBDomain::R_FLAGS=  -O2 -c -mcpu=v9.2 -mlittle-endian -mxl-barrel-shift -mxl-pattern-compare -mxl-soft-mul" "EXTRA_COMPILER_FLAGS=-g -ffu
TRACE::2025-11-13.13:01:14::SCWBDomain::nction-sections -fdata-sections -Wall -Wextra -fno-tree-loop-distribute-patterns  -Os -flto -ffat-lto-objects"

TRACE::2025-11-13.13:01:14::SCWBDomain::"Running Make include in psu_pmu_0/libsrc/zdma_v1_18/src"

TRACE::2025-11-13.13:01:14::SCWBDomain::make -C psu_pmu_0/libsrc/zdma_v1_18/src -s include  "SHELL=CMD" "COMPILER=mb-gcc" "ASSEMBLER=mb-as" "ARCHIVER=mb-ar" "COMPILER_
TRACE::2025-11-13.13:01:14::SCWBDomain::FLAGS=  -O2 -c -mcpu=v9.2 -mlittle-endian -mxl-barrel-shift -mxl-pattern-compare -mxl-soft-mul" "EXTRA_COMPILER_FLAGS=-g -ffunc
TRACE::2025-11-13.13:01:14::SCWBDomain::tion-sections -fdata-sections -Wall -Wextra -fno-tree-loop-distribute-patterns  -Os -flto -ffat-lto-objects"

TRACE::2025-11-13.13:01:14::SCWBDomain::"Running Make libs in psu_pmu_0/libsrc/xilsecure_v5_3/src"

TRACE::2025-11-13.13:01:14::SCWBDomain::make -C psu_pmu_0/libsrc/xilsecure_v5_3/src -s libs  "SHELL=CMD" "COMPILER=mb-gcc" "ASSEMBLER=mb-as" "ARCHIVER=mb-ar" "COMPILER
TRACE::2025-11-13.13:01:14::SCWBDomain::_FLAGS=  -O2 -c -mcpu=v9.2 -mlittle-endian -mxl-barrel-shift -mxl-pattern-compare -mxl-soft-mul" "EXTRA_COMPILER_FLAGS=-g -ffun
TRACE::2025-11-13.13:01:14::SCWBDomain::ction-sections -fdata-sections -Wall -Wextra -fno-tree-loop-distribute-patterns  -Os -flto -ffat-lto-objects"

TRACE::2025-11-13.13:01:14::SCWBDomain::"Compiling XilSecure Library"

TRACE::2025-11-13.13:01:17::SCWBDomain::"Running Make libs in psu_pmu_0/libsrc/xilskey_v7_6/src"

TRACE::2025-11-13.13:01:17::SCWBDomain::make -C psu_pmu_0/libsrc/xilskey_v7_6/src -s libs  "SHELL=CMD" "COMPILER=mb-gcc" "ASSEMBLER=mb-as" "ARCHIVER=mb-ar" "COMPILER_F
TRACE::2025-11-13.13:01:17::SCWBDomain::LAGS=  -O2 -c -mcpu=v9.2 -mlittle-endian -mxl-barrel-shift -mxl-pattern-compare -mxl-soft-mul" "EXTRA_COMPILER_FLAGS=-g -ffunct
TRACE::2025-11-13.13:01:17::SCWBDomain::ion-sections -fdata-sections -Wall -Wextra -fno-tree-loop-distribute-patterns  -Os -flto -ffat-lto-objects"

TRACE::2025-11-13.13:01:17::SCWBDomain::"Compiling Xilskey Library"

TRACE::2025-11-13.13:01:18::SCWBDomain::'Finished building libraries sequentially.'

TRACE::2025-11-13.13:01:18::SCWBDomain::make -j 10 --no-print-directory par_libs

TRACE::2025-11-13.13:01:18::SCWBDomain::"Running Make include in psu_pmu_0/libsrc/axidma_v9_18/src"

TRACE::2025-11-13.13:01:18::SCWBDomain::make -C psu_pmu_0/libsrc/axidma_v9_18/src -s include  "SHELL=CMD" "COMPILER=mb-gcc" "ASSEMBLER=mb-as" "ARCHIVER=mb-ar" "COMPILE
TRACE::2025-11-13.13:01:18::SCWBDomain::R_FLAGS=  -O2 -c -mcpu=v9.2 -mlittle-endian -mxl-barrel-shift -mxl-pattern-compare -mxl-soft-mul" "EXTRA_COMPILER_FLAGS=-g -ffu
TRACE::2025-11-13.13:01:18::SCWBDomain::nction-sections -fdata-sections -Wall -Wextra -fno-tree-loop-distribute-patterns  -Os -flto -ffat-lto-objects"

TRACE::2025-11-13.13:01:18::SCWBDomain::"Running Make include in psu_pmu_0/libsrc/axipmon_v6_11/src"

TRACE::2025-11-13.13:01:18::SCWBDomain::make -C psu_pmu_0/libsrc/axipmon_v6_11/src -s include  "SHELL=CMD" "COMPILER=mb-gcc" "ASSEMBLER=mb-as" "ARCHIVER=mb-ar" "COMPIL
TRACE::2025-11-13.13:01:18::SCWBDomain::ER_FLAGS=  -O2 -c -mcpu=v9.2 -mlittle-endian -mxl-barrel-shift -mxl-pattern-compare -mxl-soft-mul" "EXTRA_COMPILER_FLAGS=-g -ff
TRACE::2025-11-13.13:01:18::SCWBDomain::unction-sections -fdata-sections -Wall -Wextra -fno-tree-loop-distribute-patterns  -Os -flto -ffat-lto-objects"

TRACE::2025-11-13.13:01:18::SCWBDomain::"Running Make include in psu_pmu_0/libsrc/clockps_v1_6/src"

TRACE::2025-11-13.13:01:18::SCWBDomain::make -C psu_pmu_0/libsrc/clockps_v1_6/src -s include  "SHELL=CMD" "COMPILER=mb-gcc" "ASSEMBLER=mb-as" "ARCHIVER=mb-ar" "COMPILE
TRACE::2025-11-13.13:01:18::SCWBDomain::R_FLAGS=  -O2 -c -mcpu=v9.2 -mlittle-endian -mxl-barrel-shift -mxl-pattern-compare -mxl-soft-mul" "EXTRA_COMPILER_FLAGS=-g -ffu
TRACE::2025-11-13.13:01:18::SCWBDomain::nction-sections -fdata-sections -Wall -Wextra -fno-tree-loop-distribute-patterns  -Os -flto -ffat-lto-objects"

TRACE::2025-11-13.13:01:18::SCWBDomain::"Running Make include in psu_pmu_0/libsrc/cpu_v2_18/src"

TRACE::2025-11-13.13:01:18::SCWBDomain::make -C psu_pmu_0/libsrc/cpu_v2_18/src -s include  "SHELL=CMD" "COMPILER=mb-gcc" "ASSEMBLER=mb-as" "ARCHIVER=mb-ar" "COMPILER_F
TRACE::2025-11-13.13:01:18::SCWBDomain::LAGS=  -O2 -c -mcpu=v9.2 -mlittle-endian -mxl-barrel-shift -mxl-pattern-compare -mxl-soft-mul" "EXTRA_COMPILER_FLAGS=-g -ffunct
TRACE::2025-11-13.13:01:18::SCWBDomain::ion-sections -fdata-sections -Wall -Wextra -fno-tree-loop-distribute-patterns  -Os -flto -ffat-lto-objects"

TRACE::2025-11-13.13:01:18::SCWBDomain::"Running Make include in psu_pmu_0/libsrc/csudma_v1_15/src"

TRACE::2025-11-13.13:01:18::SCWBDomain::make -C psu_pmu_0/libsrc/csudma_v1_15/src -s include  "SHELL=CMD" "COMPILER=mb-gcc" "ASSEMBLER=mb-as" "ARCHIVER=mb-ar" "COMPILE
TRACE::2025-11-13.13:01:18::SCWBDomain::R_FLAGS=  -O2 -c -mcpu=v9.2 -mlittle-endian -mxl-barrel-shift -mxl-pattern-compare -mxl-soft-mul" "EXTRA_COMPILER_FLAGS=-g -ffu
TRACE::2025-11-13.13:01:18::SCWBDomain::nction-sections -fdata-sections -Wall -Wextra -fno-tree-loop-distribute-patterns  -Os -flto -ffat-lto-objects"

TRACE::2025-11-13.13:01:18::SCWBDomain::"Running Make include in psu_pmu_0/libsrc/ddrcpsu_v1_6/src"

TRACE::2025-11-13.13:01:18::SCWBDomain::make -C psu_pmu_0/libsrc/ddrcpsu_v1_6/src -s include  "SHELL=CMD" "COMPILER=mb-gcc" "ASSEMBLER=mb-as" "ARCHIVER=mb-ar" "COMPILE
TRACE::2025-11-13.13:01:18::SCWBDomain::R_FLAGS=  -O2 -c -mcpu=v9.2 -mlittle-endian -mxl-barrel-shift -mxl-pattern-compare -mxl-soft-mul" "EXTRA_COMPILER_FLAGS=-g -ffu
TRACE::2025-11-13.13:01:18::SCWBDomain::nction-sections -fdata-sections -Wall -Wextra -fno-tree-loop-distribute-patterns  -Os -flto -ffat-lto-objects"

TRACE::2025-11-13.13:01:18::SCWBDomain::"Running Make include in psu_pmu_0/libsrc/gpiops_v3_13/src"

TRACE::2025-11-13.13:01:18::SCWBDomain::make -C psu_pmu_0/libsrc/gpiops_v3_13/src -s include  "SHELL=CMD" "COMPILER=mb-gcc" "ASSEMBLER=mb-as" "ARCHIVER=mb-ar" "COMPILE
TRACE::2025-11-13.13:01:18::SCWBDomain::R_FLAGS=  -O2 -c -mcpu=v9.2 -mlittle-endian -mxl-barrel-shift -mxl-pattern-compare -mxl-soft-mul" "EXTRA_COMPILER_FLAGS=-g -ffu
TRACE::2025-11-13.13:01:18::SCWBDomain::nction-sections -fdata-sections -Wall -Wextra -fno-tree-loop-distribute-patterns  -Os -flto -ffat-lto-objects"

TRACE::2025-11-13.13:01:18::SCWBDomain::"Running Make include in psu_pmu_0/libsrc/gpio_v4_11/src"

TRACE::2025-11-13.13:01:18::SCWBDomain::make -C psu_pmu_0/libsrc/gpio_v4_11/src -s include  "SHELL=CMD" "COMPILER=mb-gcc" "ASSEMBLER=mb-as" "ARCHIVER=mb-ar" "COMPILER_
TRACE::2025-11-13.13:01:18::SCWBDomain::FLAGS=  -O2 -c -mcpu=v9.2 -mlittle-endian -mxl-barrel-shift -mxl-pattern-compare -mxl-soft-mul" "EXTRA_COMPILER_FLAGS=-g -ffunc
TRACE::2025-11-13.13:01:18::SCWBDomain::tion-sections -fdata-sections -Wall -Wextra -fno-tree-loop-distribute-patterns  -Os -flto -ffat-lto-objects"

TRACE::2025-11-13.13:01:18::SCWBDomain::"Running Make include in psu_pmu_0/libsrc/iicps_v3_19/src"

TRACE::2025-11-13.13:01:18::SCWBDomain::make -C psu_pmu_0/libsrc/iicps_v3_19/src -s include  "SHELL=CMD" "COMPILER=mb-gcc" "ASSEMBLER=mb-as" "ARCHIVER=mb-ar" "COMPILER
TRACE::2025-11-13.13:01:18::SCWBDomain::_FLAGS=  -O2 -c -mcpu=v9.2 -mlittle-endian -mxl-barrel-shift -mxl-pattern-compare -mxl-soft-mul" "EXTRA_COMPILER_FLAGS=-g -ffun
TRACE::2025-11-13.13:01:18::SCWBDomain::ction-sections -fdata-sections -Wall -Wextra -fno-tree-loop-distribute-patterns  -Os -flto -ffat-lto-objects"

TRACE::2025-11-13.13:01:18::SCWBDomain::"Running Make include in psu_pmu_0/libsrc/ipipsu_v2_15/src"

TRACE::2025-11-13.13:01:18::SCWBDomain::make -C psu_pmu_0/libsrc/ipipsu_v2_15/src -s include  "SHELL=CMD" "COMPILER=mb-gcc" "ASSEMBLER=mb-as" "ARCHIVER=mb-ar" "COMPILE
TRACE::2025-11-13.13:01:18::SCWBDomain::R_FLAGS=  -O2 -c -mcpu=v9.2 -mlittle-endian -mxl-barrel-shift -mxl-pattern-compare -mxl-soft-mul" "EXTRA_COMPILER_FLAGS=-g -ffu
TRACE::2025-11-13.13:01:18::SCWBDomain::nction-sections -fdata-sections -Wall -Wextra -fno-tree-loop-distribute-patterns  -Os -flto -ffat-lto-objects"

TRACE::2025-11-13.13:01:18::SCWBDomain::"Running Make include in psu_pmu_0/libsrc/qspipsu_v1_19/src"

TRACE::2025-11-13.13:01:18::SCWBDomain::make -C psu_pmu_0/libsrc/qspipsu_v1_19/src -s include  "SHELL=CMD" "COMPILER=mb-gcc" "ASSEMBLER=mb-as" "ARCHIVER=mb-ar" "COMPIL
TRACE::2025-11-13.13:01:18::SCWBDomain::ER_FLAGS=  -O2 -c -mcpu=v9.2 -mlittle-endian -mxl-barrel-shift -mxl-pattern-compare -mxl-soft-mul" "EXTRA_COMPILER_FLAGS=-g -ff
TRACE::2025-11-13.13:01:18::SCWBDomain::unction-sections -fdata-sections -Wall -Wextra -fno-tree-loop-distribute-patterns  -Os -flto -ffat-lto-objects"

TRACE::2025-11-13.13:01:18::SCWBDomain::"Running Make include in psu_pmu_0/libsrc/resetps_v1_7/src"

TRACE::2025-11-13.13:01:18::SCWBDomain::make -C psu_pmu_0/libsrc/resetps_v1_7/src -s include  "SHELL=CMD" "COMPILER=mb-gcc" "ASSEMBLER=mb-as" "ARCHIVER=mb-ar" "COMPILE
TRACE::2025-11-13.13:01:18::SCWBDomain::R_FLAGS=  -O2 -c -mcpu=v9.2 -mlittle-endian -mxl-barrel-shift -mxl-pattern-compare -mxl-soft-mul" "EXTRA_COMPILER_FLAGS=-g -ffu
TRACE::2025-11-13.13:01:18::SCWBDomain::nction-sections -fdata-sections -Wall -Wextra -fno-tree-loop-distribute-patterns  -Os -flto -ffat-lto-objects"

TRACE::2025-11-13.13:01:18::SCWBDomain::"Running Make include in psu_pmu_0/libsrc/rtcpsu_v1_14/src"

TRACE::2025-11-13.13:01:18::SCWBDomain::make -C psu_pmu_0/libsrc/rtcpsu_v1_14/src -s include  "SHELL=CMD" "COMPILER=mb-gcc" "ASSEMBLER=mb-as" "ARCHIVER=mb-ar" "COMPILE
TRACE::2025-11-13.13:01:18::SCWBDomain::R_FLAGS=  -O2 -c -mcpu=v9.2 -mlittle-endian -mxl-barrel-shift -mxl-pattern-compare -mxl-soft-mul" "EXTRA_COMPILER_FLAGS=-g -ffu
TRACE::2025-11-13.13:01:18::SCWBDomain::nction-sections -fdata-sections -Wall -Wextra -fno-tree-loop-distribute-patterns  -Os -flto -ffat-lto-objects"

TRACE::2025-11-13.13:01:18::SCWBDomain::"Running Make include in psu_pmu_0/libsrc/sdps_v4_3/src"

TRACE::2025-11-13.13:01:18::SCWBDomain::make -C psu_pmu_0/libsrc/sdps_v4_3/src -s include  "SHELL=CMD" "COMPILER=mb-gcc" "ASSEMBLER=mb-as" "ARCHIVER=mb-ar" "COMPILER_F
TRACE::2025-11-13.13:01:18::SCWBDomain::LAGS=  -O2 -c -mcpu=v9.2 -mlittle-endian -mxl-barrel-shift -mxl-pattern-compare -mxl-soft-mul" "EXTRA_COMPILER_FLAGS=-g -ffunct
TRACE::2025-11-13.13:01:18::SCWBDomain::ion-sections -fdata-sections -Wall -Wextra -fno-tree-loop-distribute-patterns  -Os -flto -ffat-lto-objects"

TRACE::2025-11-13.13:01:18::SCWBDomain::"Running Make include in psu_pmu_0/libsrc/spips_v3_10/src"

TRACE::2025-11-13.13:01:18::SCWBDomain::make -C psu_pmu_0/libsrc/spips_v3_10/src -s include  "SHELL=CMD" "COMPILER=mb-gcc" "ASSEMBLER=mb-as" "ARCHIVER=mb-ar" "COMPILER
TRACE::2025-11-13.13:01:18::SCWBDomain::_FLAGS=  -O2 -c -mcpu=v9.2 -mlittle-endian -mxl-barrel-shift -mxl-pattern-compare -mxl-soft-mul" "EXTRA_COMPILER_FLAGS=-g -ffun
TRACE::2025-11-13.13:01:18::SCWBDomain::ction-sections -fdata-sections -Wall -Wextra -fno-tree-loop-distribute-patterns  -Os -flto -ffat-lto-objects"

TRACE::2025-11-13.13:01:18::SCWBDomain::"Running Make include in psu_pmu_0/libsrc/standalone_v9_1/src"

TRACE::2025-11-13.13:01:18::SCWBDomain::make -C psu_pmu_0/libsrc/standalone_v9_1/src -s include  "SHELL=CMD" "COMPILER=mb-gcc" "ASSEMBLER=mb-as" "ARCHIVER=mb-ar" "COMP
TRACE::2025-11-13.13:01:18::SCWBDomain::ILER_FLAGS=  -O2 -c -mcpu=v9.2 -mlittle-endian -mxl-barrel-shift -mxl-pattern-compare -mxl-soft-mul" "EXTRA_COMPILER_FLAGS=-g -
TRACE::2025-11-13.13:01:18::SCWBDomain::ffunction-sections -fdata-sections -Wall -Wextra -fno-tree-loop-distribute-patterns  -Os -flto -ffat-lto-objects"

TRACE::2025-11-13.13:01:18::SCWBDomain::"Running Make include in psu_pmu_0/libsrc/sysmonpsu_v2_10/src"

TRACE::2025-11-13.13:01:18::SCWBDomain::make -C psu_pmu_0/libsrc/sysmonpsu_v2_10/src -s include  "SHELL=CMD" "COMPILER=mb-gcc" "ASSEMBLER=mb-as" "ARCHIVER=mb-ar" "COMP
TRACE::2025-11-13.13:01:18::SCWBDomain::ILER_FLAGS=  -O2 -c -mcpu=v9.2 -mlittle-endian -mxl-barrel-shift -mxl-pattern-compare -mxl-soft-mul" "EXTRA_COMPILER_FLAGS=-g -
TRACE::2025-11-13.13:01:18::SCWBDomain::ffunction-sections -fdata-sections -Wall -Wextra -fno-tree-loop-distribute-patterns  -Os -flto -ffat-lto-objects"

TRACE::2025-11-13.13:01:18::SCWBDomain::"Running Make include in psu_pmu_0/libsrc/ttcps_v3_19/src"

TRACE::2025-11-13.13:01:18::SCWBDomain::make -C psu_pmu_0/libsrc/ttcps_v3_19/src -s include  "SHELL=CMD" "COMPILER=mb-gcc" "ASSEMBLER=mb-as" "ARCHIVER=mb-ar" "COMPILER
TRACE::2025-11-13.13:01:18::SCWBDomain::_FLAGS=  -O2 -c -mcpu=v9.2 -mlittle-endian -mxl-barrel-shift -mxl-pattern-compare -mxl-soft-mul" "EXTRA_COMPILER_FLAGS=-g -ffun
TRACE::2025-11-13.13:01:18::SCWBDomain::ction-sections -fdata-sections -Wall -Wextra -fno-tree-loop-distribute-patterns  -Os -flto -ffat-lto-objects"

TRACE::2025-11-13.13:01:18::SCWBDomain::"Running Make include in psu_pmu_0/libsrc/uartps_v3_14/src"

TRACE::2025-11-13.13:01:18::SCWBDomain::make -C psu_pmu_0/libsrc/uartps_v3_14/src -s include  "SHELL=CMD" "COMPILER=mb-gcc" "ASSEMBLER=mb-as" "ARCHIVER=mb-ar" "COMPILE
TRACE::2025-11-13.13:01:18::SCWBDomain::R_FLAGS=  -O2 -c -mcpu=v9.2 -mlittle-endian -mxl-barrel-shift -mxl-pattern-compare -mxl-soft-mul" "EXTRA_COMPILER_FLAGS=-g -ffu
TRACE::2025-11-13.13:01:18::SCWBDomain::nction-sections -fdata-sections -Wall -Wextra -fno-tree-loop-distribute-patterns  -Os -flto -ffat-lto-objects"

TRACE::2025-11-13.13:01:18::SCWBDomain::"Running Make include in psu_pmu_0/libsrc/wdtps_v3_7/src"

TRACE::2025-11-13.13:01:18::SCWBDomain::make -C psu_pmu_0/libsrc/wdtps_v3_7/src -s include  "SHELL=CMD" "COMPILER=mb-gcc" "ASSEMBLER=mb-as" "ARCHIVER=mb-ar" "COMPILER_
TRACE::2025-11-13.13:01:18::SCWBDomain::FLAGS=  -O2 -c -mcpu=v9.2 -mlittle-endian -mxl-barrel-shift -mxl-pattern-compare -mxl-soft-mul" "EXTRA_COMPILER_FLAGS=-g -ffunc
TRACE::2025-11-13.13:01:18::SCWBDomain::tion-sections -fdata-sections -Wall -Wextra -fno-tree-loop-distribute-patterns  -Os -flto -ffat-lto-objects"

TRACE::2025-11-13.13:01:18::SCWBDomain::"Running Make include in psu_pmu_0/libsrc/xilfpga_v6_6/src"

TRACE::2025-11-13.13:01:18::SCWBDomain::make -C psu_pmu_0/libsrc/xilfpga_v6_6/src -s include  "SHELL=CMD" "COMPILER=mb-gcc" "ASSEMBLER=mb-as" "ARCHIVER=mb-ar" "COMPILE
TRACE::2025-11-13.13:01:18::SCWBDomain::R_FLAGS=  -O2 -c -mcpu=v9.2 -mlittle-endian -mxl-barrel-shift -mxl-pattern-compare -mxl-soft-mul" "EXTRA_COMPILER_FLAGS=-g -ffu
TRACE::2025-11-13.13:01:18::SCWBDomain::nction-sections -fdata-sections -Wall -Wextra -fno-tree-loop-distribute-patterns  -Os -flto -ffat-lto-objects"

TRACE::2025-11-13.13:01:18::SCWBDomain::"Running Make include in psu_pmu_0/libsrc/xilsecure_v5_3/src"

TRACE::2025-11-13.13:01:18::SCWBDomain::make -C psu_pmu_0/libsrc/xilsecure_v5_3/src -s include  "SHELL=CMD" "COMPILER=mb-gcc" "ASSEMBLER=mb-as" "ARCHIVER=mb-ar" "COMPI
TRACE::2025-11-13.13:01:18::SCWBDomain::LER_FLAGS=  -O2 -c -mcpu=v9.2 -mlittle-endian -mxl-barrel-shift -mxl-pattern-compare -mxl-soft-mul" "EXTRA_COMPILER_FLAGS=-g -f
TRACE::2025-11-13.13:01:18::SCWBDomain::function-sections -fdata-sections -Wall -Wextra -fno-tree-loop-distribute-patterns  -Os -flto -ffat-lto-objects"

TRACE::2025-11-13.13:01:18::SCWBDomain::"Running Make include in psu_pmu_0/libsrc/xilskey_v7_6/src"

TRACE::2025-11-13.13:01:18::SCWBDomain::make -C psu_pmu_0/libsrc/xilskey_v7_6/src -s include  "SHELL=CMD" "COMPILER=mb-gcc" "ASSEMBLER=mb-as" "ARCHIVER=mb-ar" "COMPILE
TRACE::2025-11-13.13:01:18::SCWBDomain::R_FLAGS=  -O2 -c -mcpu=v9.2 -mlittle-endian -mxl-barrel-shift -mxl-pattern-compare -mxl-soft-mul" "EXTRA_COMPILER_FLAGS=-g -ffu
TRACE::2025-11-13.13:01:18::SCWBDomain::nction-sections -fdata-sections -Wall -Wextra -fno-tree-loop-distribute-patterns  -Os -flto -ffat-lto-objects"

TRACE::2025-11-13.13:01:18::SCWBDomain::"Running Make include in psu_pmu_0/libsrc/zdma_v1_18/src"

TRACE::2025-11-13.13:01:18::SCWBDomain::make -C psu_pmu_0/libsrc/zdma_v1_18/src -s include  "SHELL=CMD" "COMPILER=mb-gcc" "ASSEMBLER=mb-as" "ARCHIVER=mb-ar" "COMPILER_
TRACE::2025-11-13.13:01:18::SCWBDomain::FLAGS=  -O2 -c -mcpu=v9.2 -mlittle-endian -mxl-barrel-shift -mxl-pattern-compare -mxl-soft-mul" "EXTRA_COMPILER_FLAGS=-g -ffunc
TRACE::2025-11-13.13:01:18::SCWBDomain::tion-sections -fdata-sections -Wall -Wextra -fno-tree-loop-distribute-patterns  -Os -flto -ffat-lto-objects"

TRACE::2025-11-13.13:01:18::SCWBDomain::"Running Make libs in psu_pmu_0/libsrc/axidma_v9_18/src"

TRACE::2025-11-13.13:01:18::SCWBDomain::make -C psu_pmu_0/libsrc/axidma_v9_18/src -s libs  "SHELL=CMD" "COMPILER=mb-gcc" "ASSEMBLER=mb-as" "ARCHIVER=mb-ar" "COMPILER_F
TRACE::2025-11-13.13:01:18::SCWBDomain::LAGS=  -O2 -c -mcpu=v9.2 -mlittle-endian -mxl-barrel-shift -mxl-pattern-compare -mxl-soft-mul" "EXTRA_COMPILER_FLAGS=-g -ffunct
TRACE::2025-11-13.13:01:18::SCWBDomain::ion-sections -fdata-sections -Wall -Wextra -fno-tree-loop-distribute-patterns  -Os -flto -ffat-lto-objects"

TRACE::2025-11-13.13:01:18::SCWBDomain::"Running Make libs in psu_pmu_0/libsrc/axipmon_v6_11/src"

TRACE::2025-11-13.13:01:18::SCWBDomain::make -C psu_pmu_0/libsrc/axipmon_v6_11/src -s libs  "SHELL=CMD" "COMPILER=mb-gcc" "ASSEMBLER=mb-as" "ARCHIVER=mb-ar" "COMPILER_
TRACE::2025-11-13.13:01:18::SCWBDomain::FLAGS=  -O2 -c -mcpu=v9.2 -mlittle-endian -mxl-barrel-shift -mxl-pattern-compare -mxl-soft-mul" "EXTRA_COMPILER_FLAGS=-g -ffunc
TRACE::2025-11-13.13:01:18::SCWBDomain::tion-sections -fdata-sections -Wall -Wextra -fno-tree-loop-distribute-patterns  -Os -flto -ffat-lto-objects"

TRACE::2025-11-13.13:01:18::SCWBDomain::"Running Make libs in psu_pmu_0/libsrc/clockps_v1_6/src"

TRACE::2025-11-13.13:01:18::SCWBDomain::make -C psu_pmu_0/libsrc/clockps_v1_6/src -s libs  "SHELL=CMD" "COMPILER=mb-gcc" "ASSEMBLER=mb-as" "ARCHIVER=mb-ar" "COMPILER_F
TRACE::2025-11-13.13:01:18::SCWBDomain::LAGS=  -O2 -c -mcpu=v9.2 -mlittle-endian -mxl-barrel-shift -mxl-pattern-compare -mxl-soft-mul" "EXTRA_COMPILER_FLAGS=-g -ffunct
TRACE::2025-11-13.13:01:18::SCWBDomain::ion-sections -fdata-sections -Wall -Wextra -fno-tree-loop-distribute-patterns  -Os -flto -ffat-lto-objects"

TRACE::2025-11-13.13:01:18::SCWBDomain::"Running Make libs in psu_pmu_0/libsrc/cpu_v2_18/src"

TRACE::2025-11-13.13:01:18::SCWBDomain::make -C psu_pmu_0/libsrc/cpu_v2_18/src -s libs  "SHELL=CMD" "COMPILER=mb-gcc" "ASSEMBLER=mb-as" "ARCHIVER=mb-ar" "COMPILER_FLAG
TRACE::2025-11-13.13:01:18::SCWBDomain::S=  -O2 -c -mcpu=v9.2 -mlittle-endian -mxl-barrel-shift -mxl-pattern-compare -mxl-soft-mul" "EXTRA_COMPILER_FLAGS=-g -ffunction
TRACE::2025-11-13.13:01:18::SCWBDomain::-sections -fdata-sections -Wall -Wextra -fno-tree-loop-distribute-patterns  -Os -flto -ffat-lto-objects"

TRACE::2025-11-13.13:01:18::SCWBDomain::"Running Make libs in psu_pmu_0/libsrc/csudma_v1_15/src"

TRACE::2025-11-13.13:01:19::SCWBDomain::make -C psu_pmu_0/libsrc/csudma_v1_15/src -s libs  "SHELL=CMD" "COMPILER=mb-gcc" "ASSEMBLER=mb-as" "ARCHIVER=mb-ar" "COMPILER_F
TRACE::2025-11-13.13:01:19::SCWBDomain::LAGS=  -O2 -c -mcpu=v9.2 -mlittle-endian -mxl-barrel-shift -mxl-pattern-compare -mxl-soft-mul" "EXTRA_COMPILER_FLAGS=-g -ffunct
TRACE::2025-11-13.13:01:19::SCWBDomain::ion-sections -fdata-sections -Wall -Wextra -fno-tree-loop-distribute-patterns  -Os -flto -ffat-lto-objects"

TRACE::2025-11-13.13:01:19::SCWBDomain::"Running Make libs in psu_pmu_0/libsrc/ddrcpsu_v1_6/src"

TRACE::2025-11-13.13:01:19::SCWBDomain::make -C psu_pmu_0/libsrc/ddrcpsu_v1_6/src -s libs  "SHELL=CMD" "COMPILER=mb-gcc" "ASSEMBLER=mb-as" "ARCHIVER=mb-ar" "COMPILER_F
TRACE::2025-11-13.13:01:19::SCWBDomain::LAGS=  -O2 -c -mcpu=v9.2 -mlittle-endian -mxl-barrel-shift -mxl-pattern-compare -mxl-soft-mul" "EXTRA_COMPILER_FLAGS=-g -ffunct
TRACE::2025-11-13.13:01:19::SCWBDomain::ion-sections -fdata-sections -Wall -Wextra -fno-tree-loop-distribute-patterns  -Os -flto -ffat-lto-objects"

TRACE::2025-11-13.13:01:19::SCWBDomain::"Running Make libs in psu_pmu_0/libsrc/gpiops_v3_13/src"

TRACE::2025-11-13.13:01:19::SCWBDomain::make -C psu_pmu_0/libsrc/gpiops_v3_13/src -s libs  "SHELL=CMD" "COMPILER=mb-gcc" "ASSEMBLER=mb-as" "ARCHIVER=mb-ar" "COMPILER_F
TRACE::2025-11-13.13:01:19::SCWBDomain::LAGS=  -O2 -c -mcpu=v9.2 -mlittle-endian -mxl-barrel-shift -mxl-pattern-compare -mxl-soft-mul" "EXTRA_COMPILER_FLAGS=-g -ffunct
TRACE::2025-11-13.13:01:19::SCWBDomain::ion-sections -fdata-sections -Wall -Wextra -fno-tree-loop-distribute-patterns  -Os -flto -ffat-lto-objects"

TRACE::2025-11-13.13:01:19::SCWBDomain::"Running Make libs in psu_pmu_0/libsrc/gpio_v4_11/src"

TRACE::2025-11-13.13:01:19::SCWBDomain::make -C psu_pmu_0/libsrc/gpio_v4_11/src -s libs  "SHELL=CMD" "COMPILER=mb-gcc" "ASSEMBLER=mb-as" "ARCHIVER=mb-ar" "COMPILER_FLA
TRACE::2025-11-13.13:01:19::SCWBDomain::GS=  -O2 -c -mcpu=v9.2 -mlittle-endian -mxl-barrel-shift -mxl-pattern-compare -mxl-soft-mul" "EXTRA_COMPILER_FLAGS=-g -ffunctio
TRACE::2025-11-13.13:01:19::SCWBDomain::n-sections -fdata-sections -Wall -Wextra -fno-tree-loop-distribute-patterns  -Os -flto -ffat-lto-objects"

TRACE::2025-11-13.13:01:19::SCWBDomain::"Running Make libs in psu_pmu_0/libsrc/iicps_v3_19/src"

TRACE::2025-11-13.13:01:19::SCWBDomain::make -C psu_pmu_0/libsrc/iicps_v3_19/src -s libs  "SHELL=CMD" "COMPILER=mb-gcc" "ASSEMBLER=mb-as" "ARCHIVER=mb-ar" "COMPILER_FL
TRACE::2025-11-13.13:01:19::SCWBDomain::AGS=  -O2 -c -mcpu=v9.2 -mlittle-endian -mxl-barrel-shift -mxl-pattern-compare -mxl-soft-mul" "EXTRA_COMPILER_FLAGS=-g -ffuncti
TRACE::2025-11-13.13:01:19::SCWBDomain::on-sections -fdata-sections -Wall -Wextra -fno-tree-loop-distribute-patterns  -Os -flto -ffat-lto-objects"

TRACE::2025-11-13.13:01:19::SCWBDomain::"Running Make libs in psu_pmu_0/libsrc/ipipsu_v2_15/src"

TRACE::2025-11-13.13:01:19::SCWBDomain::make -C psu_pmu_0/libsrc/ipipsu_v2_15/src -s libs  "SHELL=CMD" "COMPILER=mb-gcc" "ASSEMBLER=mb-as" "ARCHIVER=mb-ar" "COMPILER_F
TRACE::2025-11-13.13:01:19::SCWBDomain::LAGS=  -O2 -c -mcpu=v9.2 -mlittle-endian -mxl-barrel-shift -mxl-pattern-compare -mxl-soft-mul" "EXTRA_COMPILER_FLAGS=-g -ffunct
TRACE::2025-11-13.13:01:19::SCWBDomain::ion-sections -fdata-sections -Wall -Wextra -fno-tree-loop-distribute-patterns  -Os -flto -ffat-lto-objects"

TRACE::2025-11-13.13:01:19::SCWBDomain::"Running Make libs in psu_pmu_0/libsrc/qspipsu_v1_19/src"

TRACE::2025-11-13.13:01:19::SCWBDomain::make -C psu_pmu_0/libsrc/qspipsu_v1_19/src -s libs  "SHELL=CMD" "COMPILER=mb-gcc" "ASSEMBLER=mb-as" "ARCHIVER=mb-ar" "COMPILER_
TRACE::2025-11-13.13:01:19::SCWBDomain::FLAGS=  -O2 -c -mcpu=v9.2 -mlittle-endian -mxl-barrel-shift -mxl-pattern-compare -mxl-soft-mul" "EXTRA_COMPILER_FLAGS=-g -ffunc
TRACE::2025-11-13.13:01:19::SCWBDomain::tion-sections -fdata-sections -Wall -Wextra -fno-tree-loop-distribute-patterns  -Os -flto -ffat-lto-objects"

TRACE::2025-11-13.13:01:19::SCWBDomain::"Running Make libs in psu_pmu_0/libsrc/resetps_v1_7/src"

TRACE::2025-11-13.13:01:19::SCWBDomain::make -C psu_pmu_0/libsrc/resetps_v1_7/src -s libs  "SHELL=CMD" "COMPILER=mb-gcc" "ASSEMBLER=mb-as" "ARCHIVER=mb-ar" "COMPILER_F
TRACE::2025-11-13.13:01:19::SCWBDomain::LAGS=  -O2 -c -mcpu=v9.2 -mlittle-endian -mxl-barrel-shift -mxl-pattern-compare -mxl-soft-mul" "EXTRA_COMPILER_FLAGS=-g -ffunct
TRACE::2025-11-13.13:01:19::SCWBDomain::ion-sections -fdata-sections -Wall -Wextra -fno-tree-loop-distribute-patterns  -Os -flto -ffat-lto-objects"

TRACE::2025-11-13.13:01:19::SCWBDomain::"Running Make libs in psu_pmu_0/libsrc/rtcpsu_v1_14/src"

TRACE::2025-11-13.13:01:19::SCWBDomain::make -C psu_pmu_0/libsrc/rtcpsu_v1_14/src -s libs  "SHELL=CMD" "COMPILER=mb-gcc" "ASSEMBLER=mb-as" "ARCHIVER=mb-ar" "COMPILER_F
TRACE::2025-11-13.13:01:19::SCWBDomain::LAGS=  -O2 -c -mcpu=v9.2 -mlittle-endian -mxl-barrel-shift -mxl-pattern-compare -mxl-soft-mul" "EXTRA_COMPILER_FLAGS=-g -ffunct
TRACE::2025-11-13.13:01:19::SCWBDomain::ion-sections -fdata-sections -Wall -Wextra -fno-tree-loop-distribute-patterns  -Os -flto -ffat-lto-objects"

TRACE::2025-11-13.13:01:19::SCWBDomain::"Running Make libs in psu_pmu_0/libsrc/sdps_v4_3/src"

TRACE::2025-11-13.13:01:19::SCWBDomain::make -C psu_pmu_0/libsrc/sdps_v4_3/src -s libs  "SHELL=CMD" "COMPILER=mb-gcc" "ASSEMBLER=mb-as" "ARCHIVER=mb-ar" "COMPILER_FLAG
TRACE::2025-11-13.13:01:19::SCWBDomain::S=  -O2 -c -mcpu=v9.2 -mlittle-endian -mxl-barrel-shift -mxl-pattern-compare -mxl-soft-mul" "EXTRA_COMPILER_FLAGS=-g -ffunction
TRACE::2025-11-13.13:01:19::SCWBDomain::-sections -fdata-sections -Wall -Wextra -fno-tree-loop-distribute-patterns  -Os -flto -ffat-lto-objects"

TRACE::2025-11-13.13:01:19::SCWBDomain::"Running Make libs in psu_pmu_0/libsrc/spips_v3_10/src"

TRACE::2025-11-13.13:01:19::SCWBDomain::make -C psu_pmu_0/libsrc/spips_v3_10/src -s libs  "SHELL=CMD" "COMPILER=mb-gcc" "ASSEMBLER=mb-as" "ARCHIVER=mb-ar" "COMPILER_FL
TRACE::2025-11-13.13:01:19::SCWBDomain::AGS=  -O2 -c -mcpu=v9.2 -mlittle-endian -mxl-barrel-shift -mxl-pattern-compare -mxl-soft-mul" "EXTRA_COMPILER_FLAGS=-g -ffuncti
TRACE::2025-11-13.13:01:19::SCWBDomain::on-sections -fdata-sections -Wall -Wextra -fno-tree-loop-distribute-patterns  -Os -flto -ffat-lto-objects"

TRACE::2025-11-13.13:01:20::SCWBDomain::"Running Make libs in psu_pmu_0/libsrc/standalone_v9_1/src"

TRACE::2025-11-13.13:01:20::SCWBDomain::make -C psu_pmu_0/libsrc/standalone_v9_1/src -s libs  "SHELL=CMD" "COMPILER=mb-gcc" "ASSEMBLER=mb-as" "ARCHIVER=mb-ar" "COMPILE
TRACE::2025-11-13.13:01:20::SCWBDomain::R_FLAGS=  -O2 -c -mcpu=v9.2 -mlittle-endian -mxl-barrel-shift -mxl-pattern-compare -mxl-soft-mul" "EXTRA_COMPILER_FLAGS=-g -ffu
TRACE::2025-11-13.13:01:20::SCWBDomain::nction-sections -fdata-sections -Wall -Wextra -fno-tree-loop-distribute-patterns  -Os -flto -ffat-lto-objects"

TRACE::2025-11-13.13:01:20::SCWBDomain::"Running Make libs in psu_pmu_0/libsrc/sysmonpsu_v2_10/src"

TRACE::2025-11-13.13:01:20::SCWBDomain::make -C psu_pmu_0/libsrc/sysmonpsu_v2_10/src -s libs  "SHELL=CMD" "COMPILER=mb-gcc" "ASSEMBLER=mb-as" "ARCHIVER=mb-ar" "COMPILE
TRACE::2025-11-13.13:01:20::SCWBDomain::R_FLAGS=  -O2 -c -mcpu=v9.2 -mlittle-endian -mxl-barrel-shift -mxl-pattern-compare -mxl-soft-mul" "EXTRA_COMPILER_FLAGS=-g -ffu
TRACE::2025-11-13.13:01:20::SCWBDomain::nction-sections -fdata-sections -Wall -Wextra -fno-tree-loop-distribute-patterns  -Os -flto -ffat-lto-objects"

TRACE::2025-11-13.13:01:20::SCWBDomain::"Running Make libs in psu_pmu_0/libsrc/ttcps_v3_19/src"

TRACE::2025-11-13.13:01:20::SCWBDomain::make -C psu_pmu_0/libsrc/ttcps_v3_19/src -s libs  "SHELL=CMD" "COMPILER=mb-gcc" "ASSEMBLER=mb-as" "ARCHIVER=mb-ar" "COMPILER_FL
TRACE::2025-11-13.13:01:20::SCWBDomain::AGS=  -O2 -c -mcpu=v9.2 -mlittle-endian -mxl-barrel-shift -mxl-pattern-compare -mxl-soft-mul" "EXTRA_COMPILER_FLAGS=-g -ffuncti
TRACE::2025-11-13.13:01:20::SCWBDomain::on-sections -fdata-sections -Wall -Wextra -fno-tree-loop-distribute-patterns  -Os -flto -ffat-lto-objects"

TRACE::2025-11-13.13:01:20::SCWBDomain::"Running Make libs in psu_pmu_0/libsrc/uartps_v3_14/src"

TRACE::2025-11-13.13:01:20::SCWBDomain::make -C psu_pmu_0/libsrc/uartps_v3_14/src -s libs  "SHELL=CMD" "COMPILER=mb-gcc" "ASSEMBLER=mb-as" "ARCHIVER=mb-ar" "COMPILER_F
TRACE::2025-11-13.13:01:20::SCWBDomain::LAGS=  -O2 -c -mcpu=v9.2 -mlittle-endian -mxl-barrel-shift -mxl-pattern-compare -mxl-soft-mul" "EXTRA_COMPILER_FLAGS=-g -ffunct
TRACE::2025-11-13.13:01:20::SCWBDomain::ion-sections -fdata-sections -Wall -Wextra -fno-tree-loop-distribute-patterns  -Os -flto -ffat-lto-objects"

TRACE::2025-11-13.13:01:20::SCWBDomain::"Running Make libs in psu_pmu_0/libsrc/wdtps_v3_7/src"

TRACE::2025-11-13.13:01:20::SCWBDomain::make -C psu_pmu_0/libsrc/wdtps_v3_7/src -s libs  "SHELL=CMD" "COMPILER=mb-gcc" "ASSEMBLER=mb-as" "ARCHIVER=mb-ar" "COMPILER_FLA
TRACE::2025-11-13.13:01:20::SCWBDomain::GS=  -O2 -c -mcpu=v9.2 -mlittle-endian -mxl-barrel-shift -mxl-pattern-compare -mxl-soft-mul" "EXTRA_COMPILER_FLAGS=-g -ffunctio
TRACE::2025-11-13.13:01:20::SCWBDomain::n-sections -fdata-sections -Wall -Wextra -fno-tree-loop-distribute-patterns  -Os -flto -ffat-lto-objects"

TRACE::2025-11-13.13:01:20::SCWBDomain::"Running Make libs in psu_pmu_0/libsrc/xilfpga_v6_6/src"

TRACE::2025-11-13.13:01:20::SCWBDomain::make -C psu_pmu_0/libsrc/xilfpga_v6_6/src -s libs  "SHELL=CMD" "COMPILER=mb-gcc" "ASSEMBLER=mb-as" "ARCHIVER=mb-ar" "COMPILER_F
TRACE::2025-11-13.13:01:20::SCWBDomain::LAGS=  -O2 -c -mcpu=v9.2 -mlittle-endian -mxl-barrel-shift -mxl-pattern-compare -mxl-soft-mul" "EXTRA_COMPILER_FLAGS=-g -ffunct
TRACE::2025-11-13.13:01:20::SCWBDomain::ion-sections -fdata-sections -Wall -Wextra -fno-tree-loop-distribute-patterns  -Os -flto -ffat-lto-objects"

TRACE::2025-11-13.13:01:20::SCWBDomain::"Running Make libs in psu_pmu_0/libsrc/zdma_v1_18/src"

TRACE::2025-11-13.13:01:20::SCWBDomain::make -C psu_pmu_0/libsrc/zdma_v1_18/src -s libs  "SHELL=CMD" "COMPILER=mb-gcc" "ASSEMBLER=mb-as" "ARCHIVER=mb-ar" "COMPILER_FLA
TRACE::2025-11-13.13:01:20::SCWBDomain::GS=  -O2 -c -mcpu=v9.2 -mlittle-endian -mxl-barrel-shift -mxl-pattern-compare -mxl-soft-mul" "EXTRA_COMPILER_FLAGS=-g -ffunctio
TRACE::2025-11-13.13:01:20::SCWBDomain::n-sections -fdata-sections -Wall -Wextra -fno-tree-loop-distribute-patterns  -Os -flto -ffat-lto-objects"

TRACE::2025-11-13.13:01:21::SCWBDomain::"DEBUG NON_LTO_OBJECTS is ../../../lib/microblaze_interrupt_handler.o"

TRACE::2025-11-13.13:01:21::SCWBDomain::'Finished building libraries parallelly.'

TRACE::2025-11-13.13:01:21::SCWBDomain::make --no-print-directory archive

TRACE::2025-11-13.13:01:21::SCWBDomain::mb-ar -r  psu_pmu_0/lib/libxil.a psu_pmu_0/lib/_exit.o psu_pmu_0/lib/errno.o psu_pmu_0/lib/fcntl.o psu_pmu_0/lib/hw_exception_h
TRACE::2025-11-13.13:01:21::SCWBDomain::andler.o psu_pmu_0/lib/inbyte.o psu_pmu_0/lib/microblaze_disable_dcache.o psu_pmu_0/lib/microblaze_disable_exceptions.o psu_pmu
TRACE::2025-11-13.13:01:21::SCWBDomain::_0/lib/microblaze_disable_icache.o psu_pmu_0/lib/microblaze_disable_interrupts.o psu_pmu_0/lib/microblaze_enable_dcache.o psu_p
TRACE::2025-11-13.13:01:21::SCWBDomain::mu_0/lib/microblaze_enable_exceptions.o psu_pmu_0/lib/microblaze_enable_icache.o psu_pmu_0/lib/microblaze_enable_interrupts.o p
TRACE::2025-11-13.13:01:21::SCWBDomain::su_pmu_0/lib/microblaze_exception_handler.o psu_pmu_0/lib/microblaze_flush_cache_ext.o psu_pmu_0/lib/microblaze_flush_cache_ext
TRACE::2025-11-13.13:01:21::SCWBDomain::_range.o psu_pmu_0/lib/microblaze_flush_dcache.o psu_pmu_0/lib/microblaze_flush_dcache_range.o psu_pmu_0/lib/microblaze_init_dc
TRACE::2025-11-13.13:01:21::SCWBDomain::ache_range.o psu_pmu_0/lib/microblaze_init_icache_range.o psu_pmu_0/lib/microblaze_interrupt_handler.o psu_pmu_0/lib/microblaze
TRACE::2025-11-13.13:01:21::SCWBDomain::_interrupts_g.o psu_pmu_0/lib/microblaze_invalidate_cache_ext.o psu_pmu_0/lib/microblaze_invalidate_cache_ext_range.o psu_pmu_0
TRACE::2025-11-13.13:01:21::SCWBDomain::/lib/microblaze_invalidate_dcache.o psu_pmu_0/lib/microblaze_invalidate_dcache_range.o psu_pmu_0/lib/microblaze_invalidate_icac
TRACE::2025-11-13.13:01:21::SCWBDomain::he.o psu_pmu_0/lib/microblaze_invalidate_icache_range.o psu_pmu_0/lib/microblaze_scrub.o psu_pmu_0/lib/microblaze_selftest.o ps
TRACE::2025-11-13.13:01:21::SCWBDomain::u_pmu_0/lib/microblaze_sleep.o psu_pmu_0/lib/microblaze_update_dcache.o psu_pmu_0/lib/microblaze_update_icache.o psu_pmu_0/lib/
TRACE::2025-11-13.13:01:21::SCWBDomain::outbyte.o psu_pmu_0/lib/print.o psu_pmu_0/lib/pvr.o psu_pmu_0/lib/xaxidma.o psu_pmu_0/lib/xaxidma_bd.o psu_pmu_0/lib/xaxidma_bd
TRACE::2025-11-13.13:01:21::SCWBDomain::ring.o psu_pmu_0/lib/xaxidma_g.o psu_pmu_0/lib/xaxidma_selftest.o psu_pmu_0/lib/xaxidma_sinit.o psu_pmu_0/lib/xaxipmon.o psu_pm
TRACE::2025-11-13.13:01:21::SCWBDomain::u_0/lib/xaxipmon_g.o psu_pmu_0/lib/xaxipmon_selftest.o psu_pmu_0/lib/xaxipmon_sinit.o psu_pmu_0/lib/xclockps.o psu_pmu_0/lib/xc
TRACE::2025-11-13.13:01:21::SCWBDomain::lockps_divider.o psu_pmu_0/lib/xclockps_fixedfactor.o psu_pmu_0/lib/xclockps_g.o psu_pmu_0/lib/xclockps_gate.o psu_pmu_0/lib/xc
TRACE::2025-11-13.13:01:21::SCWBDomain::lockps_mux.o psu_pmu_0/lib/xclockps_pll.o psu_pmu_0/lib/xclockps_sinit.o psu_pmu_0/lib/xcsudma.o psu_pmu_0/lib/xcsudma_g.o psu_
TRACE::2025-11-13.13:01:21::SCWBDomain::pmu_0/lib/xcsudma_intr.o psu_pmu_0/lib/xcsudma_selftest.o psu_pmu_0/lib/xcsudma_sinit.o psu_pmu_0/lib/xddrcpsu.o psu_pmu_0/lib/
TRACE::2025-11-13.13:01:21::SCWBDomain::xddrcpsu_sinit.o psu_pmu_0/lib/xgpio.o psu_pmu_0/lib/xgpio_extra.o psu_pmu_0/lib/xgpio_g.o psu_pmu_0/lib/xgpio_intr.o psu_pmu_0
TRACE::2025-11-13.13:01:21::SCWBDomain::/lib/xgpio_selftest.o psu_pmu_0/lib/xgpio_sinit.o psu_pmu_0/lib/xgpiops.o psu_pmu_0/lib/xgpiops_g.o psu_pmu_0/lib/xgpiops_hw.o 
TRACE::2025-11-13.13:01:21::SCWBDomain::psu_pmu_0/lib/xgpiops_intr.o psu_pmu_0/lib/xgpiops_selftest.o psu_pmu_0/lib/xgpiops_sinit.o psu_pmu_0/lib/xiicps.o psu_pmu_0/li
TRACE::2025-11-13.13:01:21::SCWBDomain::b/xiicps_g.o psu_pmu_0/lib/xiicps_hw.o psu_pmu_0/lib/xiicps_intr.o psu_pmu_0/lib/xiicps_master.o psu_pmu_0/lib/xiicps_options.o
TRACE::2025-11-13.13:01:21::SCWBDomain:: psu_pmu_0/lib/xiicps_selftest.o psu_pmu_0/lib/xiicps_sinit.o psu_pmu_0/lib/xiicps_slave.o psu_pmu_0/lib/xiicps_xfer.o psu_pmu_
TRACE::2025-11-13.13:01:21::SCWBDomain::0/lib/xil_assert.o psu_pmu_0/lib/xil_cache.o psu_pmu_0/lib/xil_clocking.o psu_pmu_0/lib/xil_exception.o psu_pmu_0/lib/xil_mem.o
TRACE::2025-11-13.13:01:21::SCWBDomain:: psu_pmu_0/lib/xil_misc_psreset_api.o psu_pmu_0/lib/xil_printf.o psu_pmu_0/lib/xil_sleepcommon.o psu_pmu_0/lib/xil_testcache.o 
TRACE::2025-11-13.13:01:21::SCWBDomain::psu_pmu_0/lib/xil_testio.o psu_pmu_0/lib/xil_testmem.o psu_pmu_0/lib/xil_util.o psu_pmu_0/lib/xinterrupt_wrap.o psu_pmu_0/lib/x
TRACE::2025-11-13.13:01:21::SCWBDomain::io.o psu_pmu_0/lib/xipipsu.o psu_pmu_0/lib/xipipsu_buf.o psu_pmu_0/lib/xipipsu_g.o psu_pmu_0/lib/xipipsu_helper.o psu_pmu_0/lib
TRACE::2025-11-13.13:01:21::SCWBDomain::/xipipsu_sinit.o psu_pmu_0/lib/xplatform_info.o psu_pmu_0/lib/xpm_init.o psu_pmu_0/lib/xqspipsu.o psu_pmu_0/lib/xqspipsu_contro
TRACE::2025-11-13.13:01:21::SCWBDomain::l.o psu_pmu_0/lib/xqspipsu_g.o psu_pmu_0/lib/xqspipsu_hw.o psu_pmu_0/lib/xqspipsu_options.o psu_pmu_0/lib/xqspipsu_sinit.o psu_
TRACE::2025-11-13.13:01:21::SCWBDomain::pmu_0/lib/xqspipsu_xfer.o psu_pmu_0/lib/xresetps.o psu_pmu_0/lib/xresetps_g.o psu_pmu_0/lib/xresetps_sinit.o psu_pmu_0/lib/xrtc
TRACE::2025-11-13.13:01:21::SCWBDomain::psu.o psu_pmu_0/lib/xrtcpsu_g.o psu_pmu_0/lib/xrtcpsu_intr.o psu_pmu_0/lib/xrtcpsu_selftest.o psu_pmu_0/lib/xrtcpsu_sinit.o psu
TRACE::2025-11-13.13:01:21::SCWBDomain::_pmu_0/lib/xsdps.o psu_pmu_0/lib/xsdps_card.o psu_pmu_0/lib/xsdps_g.o psu_pmu_0/lib/xsdps_host.o psu_pmu_0/lib/xsdps_options.o 
TRACE::2025-11-13.13:01:21::SCWBDomain::psu_pmu_0/lib/xsdps_sinit.o psu_pmu_0/lib/xspips.o psu_pmu_0/lib/xspips_g.o psu_pmu_0/lib/xspips_hw.o psu_pmu_0/lib/xspips_opti
TRACE::2025-11-13.13:01:21::SCWBDomain::ons.o psu_pmu_0/lib/xspips_selftest.o psu_pmu_0/lib/xspips_sinit.o psu_pmu_0/lib/xsysmonpsu.o psu_pmu_0/lib/xsysmonpsu_g.o psu_
TRACE::2025-11-13.13:01:21::SCWBDomain::pmu_0/lib/xsysmonpsu_intr.o psu_pmu_0/lib/xsysmonpsu_selftest.o psu_pmu_0/lib/xsysmonpsu_sinit.o psu_pmu_0/lib/xttcps.o psu_pmu
TRACE::2025-11-13.13:01:21::SCWBDomain::_0/lib/xttcps_g.o psu_pmu_0/lib/xttcps_options.o psu_pmu_0/lib/xttcps_selftest.o psu_pmu_0/lib/xttcps_sinit.o psu_pmu_0/lib/xua
TRACE::2025-11-13.13:01:21::SCWBDomain::rtps.o psu_pmu_0/lib/xuartps_g.o psu_pmu_0/lib/xuartps_hw.o psu_pmu_0/lib/xuartps_intr.o psu_pmu_0/lib/xuartps_options.o psu_pm
TRACE::2025-11-13.13:01:21::SCWBDomain::u_0/lib/xuartps_selftest.o psu_pmu_0/lib/xuartps_sinit.o psu_pmu_0/lib/xwdtps.o psu_pmu_0/lib/xwdtps_g.o psu_pmu_0/lib/xwdtps_s
TRACE::2025-11-13.13:01:21::SCWBDomain::elftest.o psu_pmu_0/lib/xwdtps_sinit.o psu_pmu_0/lib/xzdma.o psu_pmu_0/lib/xzdma_g.o psu_pmu_0/lib/xzdma_intr.o psu_pmu_0/lib/x
TRACE::2025-11-13.13:01:21::SCWBDomain::zdma_selftest.o psu_pmu_0/lib/xzdma_sinit.o

TRACE::2025-11-13.13:01:22::SCWBDomain::'Finished building libraries'

TRACE::2025-11-13.13:01:22::SCWBDomain::make: Leaving directory 'C:/unswworks/workspace/project_plat/zynqmp_pmufw/zynqmp_pmufw_bsp'

TRACE::2025-11-13.13:01:22::SCWBDomain::mb-gcc  -mlittle-endian -mxl-barrel-shift -mxl-pattern-compare -mxl-soft-mul -mcpu=v9.2 -MMD -MP      -mlittle-endian -mxl-barr
TRACE::2025-11-13.13:01:22::SCWBDomain::el-shift -mxl-pattern-compare -mcpu=v9.2 -mxl-soft-mul -Os -flto -ffat-lto-objects   -c xpfw_mod_rpu.c -o xpfw_mod_rpu.o -Izynq
TRACE::2025-11-13.13:01:22::SCWBDomain::mp_pmufw_bsp/psu_pmu_0/include -I.

TRACE::2025-11-13.13:01:22::SCWBDomain::mb-gcc  -mlittle-endian -mxl-barrel-shift -mxl-pattern-compare -mxl-soft-mul -mcpu=v9.2 -MMD -MP      -mlittle-endian -mxl-barr
TRACE::2025-11-13.13:01:22::SCWBDomain::el-shift -mxl-pattern-compare -mcpu=v9.2 -mxl-soft-mul -Os -flto -ffat-lto-objects   -c pm_clock.c -o pm_clock.o -Izynqmp_pmufw
TRACE::2025-11-13.13:01:22::SCWBDomain::_bsp/psu_pmu_0/include -I.

TRACE::2025-11-13.13:01:23::SCWBDomain::mb-gcc  -mlittle-endian -mxl-barrel-shift -mxl-pattern-compare -mxl-soft-mul -mcpu=v9.2 -MMD -MP      -mlittle-endian -mxl-barr
TRACE::2025-11-13.13:01:23::SCWBDomain::el-shift -mxl-pattern-compare -mcpu=v9.2 -mxl-soft-mul -Os -flto -ffat-lto-objects   -c pm_proc.c -o pm_proc.o -Izynqmp_pmufw_b
TRACE::2025-11-13.13:01:23::SCWBDomain::sp/psu_pmu_0/include -I.

TRACE::2025-11-13.13:01:23::SCWBDomain::mb-gcc  -mlittle-endian -mxl-barrel-shift -mxl-pattern-compare -mxl-soft-mul -mcpu=v9.2 -MMD -MP      -mlittle-endian -mxl-barr
TRACE::2025-11-13.13:01:23::SCWBDomain::el-shift -mxl-pattern-compare -mcpu=v9.2 -mxl-soft-mul -Os -flto -ffat-lto-objects   -c xpfw_mod_em.c -o xpfw_mod_em.o -Izynqmp
TRACE::2025-11-13.13:01:23::SCWBDomain::_pmufw_bsp/psu_pmu_0/include -I.

TRACE::2025-11-13.13:01:23::SCWBDomain::mb-gcc  -mlittle-endian -mxl-barrel-shift -mxl-pattern-compare -mxl-soft-mul -mcpu=v9.2 -MMD -MP      -mlittle-endian -mxl-barr
TRACE::2025-11-13.13:01:23::SCWBDomain::el-shift -mxl-pattern-compare -mcpu=v9.2 -mxl-soft-mul -Os -flto -ffat-lto-objects   -c pm_reset.c -o pm_reset.o -Izynqmp_pmufw
TRACE::2025-11-13.13:01:23::SCWBDomain::_bsp/psu_pmu_0/include -I.

TRACE::2025-11-13.13:01:23::SCWBDomain::mb-gcc  -mlittle-endian -mxl-barrel-shift -mxl-pattern-compare -mxl-soft-mul -mcpu=v9.2 -MMD -MP      -mlittle-endian -mxl-barr
TRACE::2025-11-13.13:01:23::SCWBDomain::el-shift -mxl-pattern-compare -mcpu=v9.2 -mxl-soft-mul -Os -flto -ffat-lto-objects   -c xpfw_main.c -o xpfw_main.o -Izynqmp_pmu
TRACE::2025-11-13.13:01:23::SCWBDomain::fw_bsp/psu_pmu_0/include -I.

TRACE::2025-11-13.13:01:23::SCWBDomain::mb-gcc  -mlittle-endian -mxl-barrel-shift -mxl-pattern-compare -mxl-soft-mul -mcpu=v9.2 -MMD -MP      -mlittle-endian -mxl-barr
TRACE::2025-11-13.13:01:23::SCWBDomain::el-shift -mxl-pattern-compare -mcpu=v9.2 -mxl-soft-mul -Os -flto -ffat-lto-objects   -c pm_power.c -o pm_power.o -Izynqmp_pmufw
TRACE::2025-11-13.13:01:23::SCWBDomain::_bsp/psu_pmu_0/include -I.

TRACE::2025-11-13.13:01:23::SCWBDomain::mb-gcc  -mlittle-endian -mxl-barrel-shift -mxl-pattern-compare -mxl-soft-mul -mcpu=v9.2 -MMD -MP      -mlittle-endian -mxl-barr
TRACE::2025-11-13.13:01:23::SCWBDomain::el-shift -mxl-pattern-compare -mcpu=v9.2 -mxl-soft-mul -Os -flto -ffat-lto-objects   -c pm_gpp.c -o pm_gpp.o -Izynqmp_pmufw_bsp
TRACE::2025-11-13.13:01:23::SCWBDomain::/psu_pmu_0/include -I.

TRACE::2025-11-13.13:01:23::SCWBDomain::mb-gcc  -mlittle-endian -mxl-barrel-shift -mxl-pattern-compare -mxl-soft-mul -mcpu=v9.2 -MMD -MP      -mlittle-endian -mxl-barr
TRACE::2025-11-13.13:01:23::SCWBDomain::el-shift -mxl-pattern-compare -mcpu=v9.2 -mxl-soft-mul -Os -flto -ffat-lto-objects   -c pm_hooks.c -o pm_hooks.o -Izynqmp_pmufw
TRACE::2025-11-13.13:01:23::SCWBDomain::_bsp/psu_pmu_0/include -I.

TRACE::2025-11-13.13:01:23::SCWBDomain::mb-gcc  -mlittle-endian -mxl-barrel-shift -mxl-pattern-compare -mxl-soft-mul -mcpu=v9.2 -MMD -MP      -mlittle-endian -mxl-barr
TRACE::2025-11-13.13:01:23::SCWBDomain::el-shift -mxl-pattern-compare -mcpu=v9.2 -mxl-soft-mul -Os -flto -ffat-lto-objects   -c pm_binding.c -o pm_binding.o -Izynqmp_p
TRACE::2025-11-13.13:01:23::SCWBDomain::mufw_bsp/psu_pmu_0/include -I.

TRACE::2025-11-13.13:01:23::SCWBDomain::mb-gcc  -mlittle-endian -mxl-barrel-shift -mxl-pattern-compare -mxl-soft-mul -mcpu=v9.2 -MMD -MP      -mlittle-endian -mxl-barr
TRACE::2025-11-13.13:01:23::SCWBDomain::el-shift -mxl-pattern-compare -mcpu=v9.2 -mxl-soft-mul -Os -flto -ffat-lto-objects   -c pm_pll.c -o pm_pll.o -Izynqmp_pmufw_bsp
TRACE::2025-11-13.13:01:23::SCWBDomain::/psu_pmu_0/include -I.

TRACE::2025-11-13.13:01:23::SCWBDomain::mb-gcc  -mlittle-endian -mxl-barrel-shift -mxl-pattern-compare -mxl-soft-mul -mcpu=v9.2 -MMD -MP      -mlittle-endian -mxl-barr
TRACE::2025-11-13.13:01:23::SCWBDomain::el-shift -mxl-pattern-compare -mcpu=v9.2 -mxl-soft-mul -Os -flto -ffat-lto-objects   -c xpfw_mod_common.c -o xpfw_mod_common.o 
TRACE::2025-11-13.13:01:23::SCWBDomain::-Izynqmp_pmufw_bsp/psu_pmu_0/include -I.

TRACE::2025-11-13.13:01:23::SCWBDomain::mb-gcc  -mlittle-endian -mxl-barrel-shift -mxl-pattern-compare -mxl-soft-mul -mcpu=v9.2 -MMD -MP      -mlittle-endian -mxl-barr
TRACE::2025-11-13.13:01:23::SCWBDomain::el-shift -mxl-pattern-compare -mcpu=v9.2 -mxl-soft-mul -Os -flto -ffat-lto-objects   -c pm_periph.c -o pm_periph.o -Izynqmp_pmu
TRACE::2025-11-13.13:01:23::SCWBDomain::fw_bsp/psu_pmu_0/include -I.

TRACE::2025-11-13.13:01:24::SCWBDomain::mb-gcc  -mlittle-endian -mxl-barrel-shift -mxl-pattern-compare -mxl-soft-mul -mcpu=v9.2 -MMD -MP      -mlittle-endian -mxl-barr
TRACE::2025-11-13.13:01:24::SCWBDomain::el-shift -mxl-pattern-compare -mcpu=v9.2 -mxl-soft-mul -Os -flto -ffat-lto-objects   -c idle_hooks.c -o idle_hooks.o -Izynqmp_p
TRACE::2025-11-13.13:01:24::SCWBDomain::mufw_bsp/psu_pmu_0/include -I.

TRACE::2025-11-13.13:01:24::SCWBDomain::mb-gcc  -mlittle-endian -mxl-barrel-shift -mxl-pattern-compare -mxl-soft-mul -mcpu=v9.2 -MMD -MP      -mlittle-endian -mxl-barr
TRACE::2025-11-13.13:01:24::SCWBDomain::el-shift -mxl-pattern-compare -mcpu=v9.2 -mxl-soft-mul -Os -flto -ffat-lto-objects   -c xpfw_resets.c -o xpfw_resets.o -Izynqmp
TRACE::2025-11-13.13:01:24::SCWBDomain::_pmufw_bsp/psu_pmu_0/include -I.

TRACE::2025-11-13.13:01:24::SCWBDomain::mb-gcc  -mlittle-endian -mxl-barrel-shift -mxl-pattern-compare -mxl-soft-mul -mcpu=v9.2 -MMD -MP      -mlittle-endian -mxl-barr
TRACE::2025-11-13.13:01:24::SCWBDomain::el-shift -mxl-pattern-compare -mcpu=v9.2 -mxl-soft-mul -Os -flto -ffat-lto-objects   -c xpfw_core.c -o xpfw_core.o -Izynqmp_pmu
TRACE::2025-11-13.13:01:24::SCWBDomain::fw_bsp/psu_pmu_0/include -I.

TRACE::2025-11-13.13:01:24::SCWBDomain::mb-gcc  -mlittle-endian -mxl-barrel-shift -mxl-pattern-compare -mxl-soft-mul -mcpu=v9.2 -MMD -MP      -mlittle-endian -mxl-barr
TRACE::2025-11-13.13:01:24::SCWBDomain::el-shift -mxl-pattern-compare -mcpu=v9.2 -mxl-soft-mul -Os -flto -ffat-lto-objects   -c pm_node.c -o pm_node.o -Izynqmp_pmufw_b
TRACE::2025-11-13.13:01:24::SCWBDomain::sp/psu_pmu_0/include -I.

TRACE::2025-11-13.13:01:24::SCWBDomain::mb-gcc  -mlittle-endian -mxl-barrel-shift -mxl-pattern-compare -mxl-soft-mul -mcpu=v9.2 -MMD -MP      -mlittle-endian -mxl-barr
TRACE::2025-11-13.13:01:24::SCWBDomain::el-shift -mxl-pattern-compare -mcpu=v9.2 -mxl-soft-mul -Os -flto -ffat-lto-objects   -c pm_extern.c -o pm_extern.o -Izynqmp_pmu
TRACE::2025-11-13.13:01:24::SCWBDomain::fw_bsp/psu_pmu_0/include -I.

TRACE::2025-11-13.13:01:24::SCWBDomain::mb-gcc  -mlittle-endian -mxl-barrel-shift -mxl-pattern-compare -mxl-soft-mul -mcpu=v9.2 -MMD -MP      -mlittle-endian -mxl-barr
TRACE::2025-11-13.13:01:24::SCWBDomain::el-shift -mxl-pattern-compare -mcpu=v9.2 -mxl-soft-mul -Os -flto -ffat-lto-objects   -c xpfw_mod_extwdt.c -o xpfw_mod_extwdt.o 
TRACE::2025-11-13.13:01:24::SCWBDomain::-Izynqmp_pmufw_bsp/psu_pmu_0/include -I.

TRACE::2025-11-13.13:01:24::SCWBDomain::mb-gcc  -mlittle-endian -mxl-barrel-shift -mxl-pattern-compare -mxl-soft-mul -mcpu=v9.2 -MMD -MP      -mlittle-endian -mxl-barr
TRACE::2025-11-13.13:01:24::SCWBDomain::el-shift -mxl-pattern-compare -mcpu=v9.2 -mxl-soft-mul -Os -flto -ffat-lto-objects   -c xpfw_mod_dap.c -o xpfw_mod_dap.o -Izynq
TRACE::2025-11-13.13:01:24::SCWBDomain::mp_pmufw_bsp/psu_pmu_0/include -I.

TRACE::2025-11-13.13:01:24::SCWBDomain::mb-gcc  -mlittle-endian -mxl-barrel-shift -mxl-pattern-compare -mxl-soft-mul -mcpu=v9.2 -MMD -MP      -mlittle-endian -mxl-barr
TRACE::2025-11-13.13:01:24::SCWBDomain::el-shift -mxl-pattern-compare -mcpu=v9.2 -mxl-soft-mul -Os -flto -ffat-lto-objects   -c xpfw_interrupts.c -o xpfw_interrupts.o 
TRACE::2025-11-13.13:01:24::SCWBDomain::-Izynqmp_pmufw_bsp/psu_pmu_0/include -I.

TRACE::2025-11-13.13:01:24::SCWBDomain::mb-gcc  -mlittle-endian -mxl-barrel-shift -mxl-pattern-compare -mxl-soft-mul -mcpu=v9.2 -MMD -MP      -mlittle-endian -mxl-barr
TRACE::2025-11-13.13:01:24::SCWBDomain::el-shift -mxl-pattern-compare -mcpu=v9.2 -mxl-soft-mul -Os -flto -ffat-lto-objects   -c xpfw_ipi_manager.c -o xpfw_ipi_manager.
TRACE::2025-11-13.13:01:24::SCWBDomain::o -Izynqmp_pmufw_bsp/psu_pmu_0/include -I.

TRACE::2025-11-13.13:01:24::SCWBDomain::mb-gcc  -mlittle-endian -mxl-barrel-shift -mxl-pattern-compare -mxl-soft-mul -mcpu=v9.2 -MMD -MP      -mlittle-endian -mxl-barr
TRACE::2025-11-13.13:01:24::SCWBDomain::el-shift -mxl-pattern-compare -mcpu=v9.2 -mxl-soft-mul -Os -flto -ffat-lto-objects   -c xpfw_user_startup.c -o xpfw_user_startu
TRACE::2025-11-13.13:01:24::SCWBDomain::p.o -Izynqmp_pmufw_bsp/psu_pmu_0/include -I.

TRACE::2025-11-13.13:01:24::SCWBDomain::mb-gcc  -mlittle-endian -mxl-barrel-shift -mxl-pattern-compare -mxl-soft-mul -mcpu=v9.2 -MMD -MP      -mlittle-endian -mxl-barr
TRACE::2025-11-13.13:01:24::SCWBDomain::el-shift -mxl-pattern-compare -mcpu=v9.2 -mxl-soft-mul -Os -flto -ffat-lto-objects   -c xpfw_mod_stl.c -o xpfw_mod_stl.o -Izynq
TRACE::2025-11-13.13:01:24::SCWBDomain::mp_pmufw_bsp/psu_pmu_0/include -I.

TRACE::2025-11-13.13:01:24::SCWBDomain::mb-gcc  -mlittle-endian -mxl-barrel-shift -mxl-pattern-compare -mxl-soft-mul -mcpu=v9.2 -MMD -MP      -mlittle-endian -mxl-barr
TRACE::2025-11-13.13:01:24::SCWBDomain::el-shift -mxl-pattern-compare -mcpu=v9.2 -mxl-soft-mul -Os -flto -ffat-lto-objects   -c pm_callbacks.c -o pm_callbacks.o -Izynq
TRACE::2025-11-13.13:01:24::SCWBDomain::mp_pmufw_bsp/psu_pmu_0/include -I.

TRACE::2025-11-13.13:01:24::SCWBDomain::mb-gcc  -mlittle-endian -mxl-barrel-shift -mxl-pattern-compare -mxl-soft-mul -mcpu=v9.2 -MMD -MP      -mlittle-endian -mxl-barr
TRACE::2025-11-13.13:01:24::SCWBDomain::el-shift -mxl-pattern-compare -mcpu=v9.2 -mxl-soft-mul -Os -flto -ffat-lto-objects   -c xpfw_mod_wdt.c -o xpfw_mod_wdt.o -Izynq
TRACE::2025-11-13.13:01:24::SCWBDomain::mp_pmufw_bsp/psu_pmu_0/include -I.

TRACE::2025-11-13.13:01:24::SCWBDomain::mb-gcc  -mlittle-endian -mxl-barrel-shift -mxl-pattern-compare -mxl-soft-mul -mcpu=v9.2 -MMD -MP      -mlittle-endian -mxl-barr
TRACE::2025-11-13.13:01:24::SCWBDomain::el-shift -mxl-pattern-compare -mcpu=v9.2 -mxl-soft-mul -Os -flto -ffat-lto-objects   -c pm_csudma.c -o pm_csudma.o -Izynqmp_pmu
TRACE::2025-11-13.13:01:24::SCWBDomain::fw_bsp/psu_pmu_0/include -I.

TRACE::2025-11-13.13:01:25::SCWBDomain::mb-gcc  -mlittle-endian -mxl-barrel-shift -mxl-pattern-compare -mxl-soft-mul -mcpu=v9.2 -MMD -MP      -mlittle-endian -mxl-barr
TRACE::2025-11-13.13:01:25::SCWBDomain::el-shift -mxl-pattern-compare -mcpu=v9.2 -mxl-soft-mul -Os -flto -ffat-lto-objects   -c xpfw_rom_interface.c -o xpfw_rom_interf
TRACE::2025-11-13.13:01:25::SCWBDomain::ace.o -Izynqmp_pmufw_bsp/psu_pmu_0/include -I.

TRACE::2025-11-13.13:01:25::SCWBDomain::mb-gcc  -mlittle-endian -mxl-barrel-shift -mxl-pattern-compare -mxl-soft-mul -mcpu=v9.2 -MMD -MP      -mlittle-endian -mxl-barr
TRACE::2025-11-13.13:01:25::SCWBDomain::el-shift -mxl-pattern-compare -mcpu=v9.2 -mxl-soft-mul -Os -flto -ffat-lto-objects   -c pm_usb.c -o pm_usb.o -Izynqmp_pmufw_bsp
TRACE::2025-11-13.13:01:25::SCWBDomain::/psu_pmu_0/include -I.

TRACE::2025-11-13.13:01:25::SCWBDomain::mb-gcc  -mlittle-endian -mxl-barrel-shift -mxl-pattern-compare -mxl-soft-mul -mcpu=v9.2 -MMD -MP      -mlittle-endian -mxl-barr
TRACE::2025-11-13.13:01:25::SCWBDomain::el-shift -mxl-pattern-compare -mcpu=v9.2 -mxl-soft-mul -Os -flto -ffat-lto-objects   -c xpfw_mod_rtc.c -o xpfw_mod_rtc.o -Izynq
TRACE::2025-11-13.13:01:25::SCWBDomain::mp_pmufw_bsp/psu_pmu_0/include -I.

TRACE::2025-11-13.13:01:25::SCWBDomain::mb-gcc  -mlittle-endian -mxl-barrel-shift -mxl-pattern-compare -mxl-soft-mul -mcpu=v9.2 -MMD -MP      -mlittle-endian -mxl-barr
TRACE::2025-11-13.13:01:25::SCWBDomain::el-shift -mxl-pattern-compare -mcpu=v9.2 -mxl-soft-mul -Os -flto -ffat-lto-objects   -c xpfw_mod_sched.c -o xpfw_mod_sched.o -I
TRACE::2025-11-13.13:01:25::SCWBDomain::zynqmp_pmufw_bsp/psu_pmu_0/include -I.

TRACE::2025-11-13.13:01:25::SCWBDomain::mb-gcc  -mlittle-endian -mxl-barrel-shift -mxl-pattern-compare -mxl-soft-mul -mcpu=v9.2 -MMD -MP      -mlittle-endian -mxl-barr
TRACE::2025-11-13.13:01:25::SCWBDomain::el-shift -mxl-pattern-compare -mcpu=v9.2 -mxl-soft-mul -Os -flto -ffat-lto-objects   -c pm_sram.c -o pm_sram.o -Izynqmp_pmufw_b
TRACE::2025-11-13.13:01:25::SCWBDomain::sp/psu_pmu_0/include -I.

TRACE::2025-11-13.13:01:25::SCWBDomain::mb-gcc  -mlittle-endian -mxl-barrel-shift -mxl-pattern-compare -mxl-soft-mul -mcpu=v9.2 -MMD -MP      -mlittle-endian -mxl-barr
TRACE::2025-11-13.13:01:25::SCWBDomain::el-shift -mxl-pattern-compare -mcpu=v9.2 -mxl-soft-mul -Os -flto -ffat-lto-objects   -c pm_qspi.c -o pm_qspi.o -Izynqmp_pmufw_b
TRACE::2025-11-13.13:01:25::SCWBDomain::sp/psu_pmu_0/include -I.

TRACE::2025-11-13.13:01:25::SCWBDomain::mb-gcc  -mlittle-endian -mxl-barrel-shift -mxl-pattern-compare -mxl-soft-mul -mcpu=v9.2 -MMD -MP      -mlittle-endian -mxl-barr
TRACE::2025-11-13.13:01:25::SCWBDomain::el-shift -mxl-pattern-compare -mcpu=v9.2 -mxl-soft-mul -Os -flto -ffat-lto-objects   -c xpfw_mod_ultra96.c -o xpfw_mod_ultra96.
TRACE::2025-11-13.13:01:25::SCWBDomain::o -Izynqmp_pmufw_bsp/psu_pmu_0/include -I.

TRACE::2025-11-13.13:01:25::SCWBDomain::mb-gcc  -mlittle-endian -mxl-barrel-shift -mxl-pattern-compare -mxl-soft-mul -mcpu=v9.2 -MMD -MP      -mlittle-endian -mxl-barr
TRACE::2025-11-13.13:01:25::SCWBDomain::el-shift -mxl-pattern-compare -mcpu=v9.2 -mxl-soft-mul -Os -flto -ffat-lto-objects   -c pm_ddr.c -o pm_ddr.o -Izynqmp_pmufw_bsp
TRACE::2025-11-13.13:01:25::SCWBDomain::/psu_pmu_0/include -I.

TRACE::2025-11-13.13:01:25::SCWBDomain::mb-gcc  -mlittle-endian -mxl-barrel-shift -mxl-pattern-compare -mxl-soft-mul -mcpu=v9.2 -MMD -MP      -mlittle-endian -mxl-barr
TRACE::2025-11-13.13:01:25::SCWBDomain::el-shift -mxl-pattern-compare -mcpu=v9.2 -mxl-soft-mul -Os -flto -ffat-lto-objects   -c xpfw_mod_pm.c -o xpfw_mod_pm.o -Izynqmp
TRACE::2025-11-13.13:01:25::SCWBDomain::_pmufw_bsp/psu_pmu_0/include -I.

TRACE::2025-11-13.13:01:25::SCWBDomain::mb-gcc  -mlittle-endian -mxl-barrel-shift -mxl-pattern-compare -mxl-soft-mul -mcpu=v9.2 -MMD -MP      -mlittle-endian -mxl-barr
TRACE::2025-11-13.13:01:25::SCWBDomain::el-shift -mxl-pattern-compare -mcpu=v9.2 -mxl-soft-mul -Os -flto -ffat-lto-objects   -c xpfw_platform.c -o xpfw_platform.o -Izy
TRACE::2025-11-13.13:01:25::SCWBDomain::nqmp_pmufw_bsp/psu_pmu_0/include -I.

TRACE::2025-11-13.13:01:25::SCWBDomain::mb-gcc  -mlittle-endian -mxl-barrel-shift -mxl-pattern-compare -mxl-soft-mul -mcpu=v9.2 -MMD -MP      -mlittle-endian -mxl-barr
TRACE::2025-11-13.13:01:25::SCWBDomain::el-shift -mxl-pattern-compare -mcpu=v9.2 -mxl-soft-mul -Os -flto -ffat-lto-objects   -c pm_pinctrl.c -o pm_pinctrl.o -Izynqmp_p
TRACE::2025-11-13.13:01:25::SCWBDomain::mufw_bsp/psu_pmu_0/include -I.

TRACE::2025-11-13.13:01:25::SCWBDomain::mb-gcc  -mlittle-endian -mxl-barrel-shift -mxl-pattern-compare -mxl-soft-mul -mcpu=v9.2 -MMD -MP      -mlittle-endian -mxl-barr
TRACE::2025-11-13.13:01:25::SCWBDomain::el-shift -mxl-pattern-compare -mcpu=v9.2 -mxl-soft-mul -Os -flto -ffat-lto-objects   -c pm_slave.c -o pm_slave.o -Izynqmp_pmufw
TRACE::2025-11-13.13:01:25::SCWBDomain::_bsp/psu_pmu_0/include -I.

TRACE::2025-11-13.13:01:25::SCWBDomain::mb-gcc  -mlittle-endian -mxl-barrel-shift -mxl-pattern-compare -mxl-soft-mul -mcpu=v9.2 -MMD -MP      -mlittle-endian -mxl-barr
TRACE::2025-11-13.13:01:25::SCWBDomain::el-shift -mxl-pattern-compare -mcpu=v9.2 -mxl-soft-mul -Os -flto -ffat-lto-objects   -c xpfw_scheduler.c -o xpfw_scheduler.o -I
TRACE::2025-11-13.13:01:25::SCWBDomain::zynqmp_pmufw_bsp/psu_pmu_0/include -I.

TRACE::2025-11-13.13:01:26::SCWBDomain::mb-gcc  -mlittle-endian -mxl-barrel-shift -mxl-pattern-compare -mxl-soft-mul -mcpu=v9.2 -MMD -MP      -mlittle-endian -mxl-barr
TRACE::2025-11-13.13:01:26::SCWBDomain::el-shift -mxl-pattern-compare -mcpu=v9.2 -mxl-soft-mul -Os -flto -ffat-lto-objects   -c xpfw_events.c -o xpfw_events.o -Izynqmp
TRACE::2025-11-13.13:01:26::SCWBDomain::_pmufw_bsp/psu_pmu_0/include -I.

TRACE::2025-11-13.13:01:26::SCWBDomain::mb-gcc  -mlittle-endian -mxl-barrel-shift -mxl-pattern-compare -mxl-soft-mul -mcpu=v9.2 -MMD -MP      -mlittle-endian -mxl-barr
TRACE::2025-11-13.13:01:26::SCWBDomain::el-shift -mxl-pattern-compare -mcpu=v9.2 -mxl-soft-mul -Os -flto -ffat-lto-objects   -c xpfw_aib.c -o xpfw_aib.o -Izynqmp_pmufw
TRACE::2025-11-13.13:01:26::SCWBDomain::_bsp/psu_pmu_0/include -I.

TRACE::2025-11-13.13:01:26::SCWBDomain::mb-gcc  -mlittle-endian -mxl-barrel-shift -mxl-pattern-compare -mxl-soft-mul -mcpu=v9.2 -MMD -MP      -mlittle-endian -mxl-barr
TRACE::2025-11-13.13:01:26::SCWBDomain::el-shift -mxl-pattern-compare -mcpu=v9.2 -mxl-soft-mul -Os -flto -ffat-lto-objects   -c xpfw_mod_overtemp.c -o xpfw_mod_overtem
TRACE::2025-11-13.13:01:26::SCWBDomain::p.o -Izynqmp_pmufw_bsp/psu_pmu_0/include -I.

TRACE::2025-11-13.13:01:26::SCWBDomain::mb-gcc  -mlittle-endian -mxl-barrel-shift -mxl-pattern-compare -mxl-soft-mul -mcpu=v9.2 -MMD -MP      -mlittle-endian -mxl-barr
TRACE::2025-11-13.13:01:26::SCWBDomain::el-shift -mxl-pattern-compare -mcpu=v9.2 -mxl-soft-mul -Os -flto -ffat-lto-objects   -c pm_gic_proxy.c -o pm_gic_proxy.o -Izynq
TRACE::2025-11-13.13:01:26::SCWBDomain::mp_pmufw_bsp/psu_pmu_0/include -I.

TRACE::2025-11-13.13:01:26::SCWBDomain::mb-gcc  -mlittle-endian -mxl-barrel-shift -mxl-pattern-compare -mxl-soft-mul -mcpu=v9.2 -MMD -MP      -mlittle-endian -mxl-barr
TRACE::2025-11-13.13:01:26::SCWBDomain::el-shift -mxl-pattern-compare -mcpu=v9.2 -mxl-soft-mul -Os -flto -ffat-lto-objects   -c xpfw_xpu.c -o xpfw_xpu.o -Izynqmp_pmufw
TRACE::2025-11-13.13:01:26::SCWBDomain::_bsp/psu_pmu_0/include -I.

TRACE::2025-11-13.13:01:26::SCWBDomain::mb-gcc  -mlittle-endian -mxl-barrel-shift -mxl-pattern-compare -mxl-soft-mul -mcpu=v9.2 -MMD -MP      -mlittle-endian -mxl-barr
TRACE::2025-11-13.13:01:26::SCWBDomain::el-shift -mxl-pattern-compare -mcpu=v9.2 -mxl-soft-mul -Os -flto -ffat-lto-objects   -c pm_core.c -o pm_core.o -Izynqmp_pmufw_b
TRACE::2025-11-13.13:01:26::SCWBDomain::sp/psu_pmu_0/include -I.

TRACE::2025-11-13.13:01:26::SCWBDomain::mb-gcc  -mlittle-endian -mxl-barrel-shift -mxl-pattern-compare -mxl-soft-mul -mcpu=v9.2 -MMD -MP      -mlittle-endian -mxl-barr
TRACE::2025-11-13.13:01:26::SCWBDomain::el-shift -mxl-pattern-compare -mcpu=v9.2 -mxl-soft-mul -Os -flto -ffat-lto-objects   -c pm_config.c -o pm_config.o -Izynqmp_pmu
TRACE::2025-11-13.13:01:26::SCWBDomain::fw_bsp/psu_pmu_0/include -I.

TRACE::2025-11-13.13:01:26::SCWBDomain::mb-gcc  -mlittle-endian -mxl-barrel-shift -mxl-pattern-compare -mxl-soft-mul -mcpu=v9.2 -MMD -MP      -mlittle-endian -mxl-barr
TRACE::2025-11-13.13:01:26::SCWBDomain::el-shift -mxl-pattern-compare -mcpu=v9.2 -mxl-soft-mul -Os -flto -ffat-lto-objects   -c pm_system.c -o pm_system.o -Izynqmp_pmu
TRACE::2025-11-13.13:01:26::SCWBDomain::fw_bsp/psu_pmu_0/include -I.

TRACE::2025-11-13.13:01:26::SCWBDomain::mb-gcc  -mlittle-endian -mxl-barrel-shift -mxl-pattern-compare -mxl-soft-mul -mcpu=v9.2 -MMD -MP      -mlittle-endian -mxl-barr
TRACE::2025-11-13.13:01:26::SCWBDomain::el-shift -mxl-pattern-compare -mcpu=v9.2 -mxl-soft-mul -Os -flto -ffat-lto-objects   -c pm_mmio_access.c -o pm_mmio_access.o -I
TRACE::2025-11-13.13:01:26::SCWBDomain::zynqmp_pmufw_bsp/psu_pmu_0/include -I.

TRACE::2025-11-13.13:01:26::SCWBDomain::mb-gcc  -mlittle-endian -mxl-barrel-shift -mxl-pattern-compare -mxl-soft-mul -mcpu=v9.2 -MMD -MP      -mlittle-endian -mxl-barr
TRACE::2025-11-13.13:01:26::SCWBDomain::el-shift -mxl-pattern-compare -mcpu=v9.2 -mxl-soft-mul -Os -flto -ffat-lto-objects   -c pm_node_reset.c -o pm_node_reset.o -Izy
TRACE::2025-11-13.13:01:26::SCWBDomain::nqmp_pmufw_bsp/psu_pmu_0/include -I.

TRACE::2025-11-13.13:01:26::SCWBDomain::mb-gcc  -mlittle-endian -mxl-barrel-shift -mxl-pattern-compare -mxl-soft-mul -mcpu=v9.2 -MMD -MP      -mlittle-endian -mxl-barr
TRACE::2025-11-13.13:01:26::SCWBDomain::el-shift -mxl-pattern-compare -mcpu=v9.2 -mxl-soft-mul -Os -flto -ffat-lto-objects   -c pm_requirement.c -o pm_requirement.o -I
TRACE::2025-11-13.13:01:26::SCWBDomain::zynqmp_pmufw_bsp/psu_pmu_0/include -I.

TRACE::2025-11-13.13:01:26::SCWBDomain::mb-gcc  -mlittle-endian -mxl-barrel-shift -mxl-pattern-compare -mxl-soft-mul -mcpu=v9.2 -MMD -MP      -mlittle-endian -mxl-barr
TRACE::2025-11-13.13:01:26::SCWBDomain::el-shift -mxl-pattern-compare -mcpu=v9.2 -mxl-soft-mul -Os -flto -ffat-lto-objects   -c pm_notifier.c -o pm_notifier.o -Izynqmp
TRACE::2025-11-13.13:01:26::SCWBDomain::_pmufw_bsp/psu_pmu_0/include -I.

TRACE::2025-11-13.13:01:27::SCWBDomain::mb-gcc  -mlittle-endian -mxl-barrel-shift -mxl-pattern-compare -mxl-soft-mul -mcpu=v9.2 -MMD -MP      -mlittle-endian -mxl-barr
TRACE::2025-11-13.13:01:27::SCWBDomain::el-shift -mxl-pattern-compare -mcpu=v9.2 -mxl-soft-mul -Os -flto -ffat-lto-objects   -c xpfw_module.c -o xpfw_module.o -Izynqmp
TRACE::2025-11-13.13:01:27::SCWBDomain::_pmufw_bsp/psu_pmu_0/include -I.

TRACE::2025-11-13.13:01:27::SCWBDomain::mb-gcc  -mlittle-endian -mxl-barrel-shift -mxl-pattern-compare -mxl-soft-mul -mcpu=v9.2 -MMD -MP      -mlittle-endian -mxl-barr
TRACE::2025-11-13.13:01:27::SCWBDomain::el-shift -mxl-pattern-compare -mcpu=v9.2 -mxl-soft-mul -Os -flto -ffat-lto-objects   -c xpfw_restart.c -o xpfw_restart.o -Izynq
TRACE::2025-11-13.13:01:27::SCWBDomain::mp_pmufw_bsp/psu_pmu_0/include -I.

TRACE::2025-11-13.13:01:27::SCWBDomain::mb-gcc  -mlittle-endian -mxl-barrel-shift -mxl-pattern-compare -mxl-soft-mul -mcpu=v9.2 -MMD -MP      -mlittle-endian -mxl-barr
TRACE::2025-11-13.13:01:27::SCWBDomain::el-shift -mxl-pattern-compare -mcpu=v9.2 -mxl-soft-mul -Os -flto -ffat-lto-objects   -c xpfw_error_manager.c -o xpfw_error_mana
TRACE::2025-11-13.13:01:27::SCWBDomain::ger.o -Izynqmp_pmufw_bsp/psu_pmu_0/include -I.

TRACE::2025-11-13.13:01:27::SCWBDomain::mb-gcc  -mlittle-endian -mxl-barrel-shift -mxl-pattern-compare -mxl-soft-mul -mcpu=v9.2 -MMD -MP      -mlittle-endian -mxl-barr
TRACE::2025-11-13.13:01:27::SCWBDomain::el-shift -mxl-pattern-compare -mcpu=v9.2 -mxl-soft-mul -Os -flto -ffat-lto-objects   -c xpfw_util.c -o xpfw_util.o -Izynqmp_pmu
TRACE::2025-11-13.13:01:27::SCWBDomain::fw_bsp/psu_pmu_0/include -I.

TRACE::2025-11-13.13:01:27::SCWBDomain::mb-gcc  -mlittle-endian -mxl-barrel-shift -mxl-pattern-compare -mxl-soft-mul -mcpu=v9.2 -MMD -MP      -mlittle-endian -mxl-barr
TRACE::2025-11-13.13:01:27::SCWBDomain::el-shift -mxl-pattern-compare -mcpu=v9.2 -mxl-soft-mul -Os -flto -ffat-lto-objects   -c pm_ioctl.c -o pm_ioctl.o -Izynqmp_pmufw
TRACE::2025-11-13.13:01:27::SCWBDomain::_bsp/psu_pmu_0/include -I.

TRACE::2025-11-13.13:01:27::SCWBDomain::mb-gcc  -mlittle-endian -mxl-barrel-shift -mxl-pattern-compare -mxl-soft-mul -mcpu=v9.2 -MMD -MP      -mlittle-endian -mxl-barr
TRACE::2025-11-13.13:01:27::SCWBDomain::el-shift -mxl-pattern-compare -mcpu=v9.2 -mxl-soft-mul -Os -flto -ffat-lto-objects   -c xpfw_mod_legacy.c -o xpfw_mod_legacy.o 
TRACE::2025-11-13.13:01:27::SCWBDomain::-Izynqmp_pmufw_bsp/psu_pmu_0/include -I.

TRACE::2025-11-13.13:01:27::SCWBDomain::mb-gcc  -mlittle-endian -mxl-barrel-shift -mxl-pattern-compare -mxl-soft-mul -mcpu=v9.2 -MMD -MP      -mlittle-endian -mxl-barr
TRACE::2025-11-13.13:01:27::SCWBDomain::el-shift -mxl-pattern-compare -mcpu=v9.2 -mxl-soft-mul -Os -flto -ffat-lto-objects   -c pm_master.c -o pm_master.o -Izynqmp_pmu
TRACE::2025-11-13.13:01:27::SCWBDomain::fw_bsp/psu_pmu_0/include -I.

TRACE::2025-11-13.13:01:27::SCWBDomain::mb-gcc  -mlittle-endian -mxl-barrel-shift -mxl-pattern-compare -mxl-soft-mul -mcpu=v9.2 -MMD -MP      -mlittle-endian -mxl-barr
TRACE::2025-11-13.13:01:27::SCWBDomain::el-shift -mxl-pattern-compare -mcpu=v9.2 -mxl-soft-mul -Os -flto -ffat-lto-objects   -c xpfw_start.S -o xpfw_start.o -Izynqmp_p
TRACE::2025-11-13.13:01:27::SCWBDomain::mufw_bsp/psu_pmu_0/include -I.

TRACE::2025-11-13.13:01:27::SCWBDomain::mb-gcc -o pmufw.elf idle_hooks.o pm_binding.o pm_callbacks.o pm_clock.o pm_config.o pm_core.o pm_csudma.o pm_ddr.o pm_extern.o 
TRACE::2025-11-13.13:01:27::SCWBDomain::pm_gic_proxy.o pm_gpp.o pm_hooks.o pm_ioctl.o pm_master.o pm_mmio_access.o pm_node.o pm_node_reset.o pm_notifier.o pm_periph.o 
TRACE::2025-11-13.13:01:27::SCWBDomain::pm_pinctrl.o pm_pll.o pm_power.o pm_proc.o pm_qspi.o pm_requirement.o pm_reset.o pm_slave.o pm_sram.o pm_system.o pm_usb.o xpfw
TRACE::2025-11-13.13:01:27::SCWBDomain::_aib.o xpfw_core.o xpfw_error_manager.o xpfw_events.o xpfw_interrupts.o xpfw_ipi_manager.o xpfw_main.o xpfw_mod_common.o xpfw_m
TRACE::2025-11-13.13:01:27::SCWBDomain::od_dap.o xpfw_mod_em.o xpfw_mod_extwdt.o xpfw_mod_legacy.o xpfw_mod_overtemp.o xpfw_mod_pm.o xpfw_mod_rpu.o xpfw_mod_rtc.o xpfw
TRACE::2025-11-13.13:01:27::SCWBDomain::_mod_sched.o xpfw_mod_stl.o xpfw_mod_ultra96.o xpfw_mod_wdt.o xpfw_module.o xpfw_platform.o xpfw_resets.o xpfw_restart.o xpfw_r
TRACE::2025-11-13.13:01:27::SCWBDomain::om_interface.o xpfw_scheduler.o xpfw_start.o xpfw_user_startup.o xpfw_util.o xpfw_xpu.o -MMD -MP      -mlittle-endian -mxl-barr
TRACE::2025-11-13.13:01:27::SCWBDomain::el-shift -mxl-pattern-compare -mcpu=v9.2 -mxl-soft-mul -Os -flto -ffat-lto-objects    -Wl,--start-group,-lxil,-lgcc,-lc,--end-g
TRACE::2025-11-13.13:01:27::SCWBDomain::roup -Wl,--start-group,-lxilfpga,-lxil,-lgcc,-lc,--end-group -Wl,--start-group,-lxilsecure,-lxil,-lgcc,-lc,--end-group -Wl,--st
TRACE::2025-11-13.13:01:27::SCWBDomain::art-group,-lxilskey,-lxil,-lgcc,-lc,--end-group                                                                                
TRACE::2025-11-13.13:01:27::SCWBDomain::                        -nostartfiles -Wl,--no-relax -Wl,--gc-sections -Lzynqmp_pmufw_bsp/psu_pmu_0/lib -Tlscript.ld

LOG::2025-11-13.13:01:30::SCWSystem::Checking the domain standalone_domain
LOG::2025-11-13.13:01:30::SCWSystem::Not a boot domain 
LOG::2025-11-13.13:01:30::SCWSystem::Started Processing the domain standalone_domain
TRACE::2025-11-13.13:01:30::SCWDomain::Generating domain artifcats
TRACE::2025-11-13.13:01:30::SCWMssOS::Generating standalone artifcats
TRACE::2025-11-13.13:01:30::SCWMssOS::Copying the qemu file from  C:/unswworks/workspace/project_plat/resources/project_plat/standalone_domain/qemu_args.txt To C:/unswworks/workspace/project_plat/export/project_plat/sw/project_plat/qemu/
TRACE::2025-11-13.13:01:30::SCWMssOS::Copying the qemu file from  C:/unswworks/workspace/project_plat/resources/project_plat/standalone_domain/qemu_args.txt To C:/unswworks/workspace/project_plat/export/project_plat/sw/project_plat/qemu/
TRACE::2025-11-13.13:01:30::SCWMssOS::Copying the qemu file from  C:/unswworks/workspace/project_plat/resources/project_plat/standalone_domain/qemu_args.txt To C:/unswworks/workspace/project_plat/export/project_plat/sw/project_plat/standalone_domain/qemu/
TRACE::2025-11-13.13:01:30::SCWMssOS::Copying the qemu file from  C:/unswworks/workspace/project_plat/resources/project_plat/standalone_domain/qemu_args.txt To C:/unswworks/workspace/project_plat/export/project_plat/sw/project_plat/standalone_domain/qemu/
TRACE::2025-11-13.13:01:30::SCWMssOS:: Copying the user libraries. 
TRACE::2025-11-13.13:01:30::SCWPlatform::Trying to open the hw design at C:/unswworks/workspace/project_plat/hw/v2.0.xsa
TRACE::2025-11-13.13:01:30::SCWPlatform::DSA given C:/unswworks/workspace/project_plat/hw/v2.0.xsa
TRACE::2025-11-13.13:01:30::SCWPlatform::DSA absoulate path C:/unswworks/workspace/project_plat/hw/v2.0.xsa
TRACE::2025-11-13.13:01:30::SCWPlatform::DSA directory C:/unswworks/workspace/project_plat/hw
TRACE::2025-11-13.13:01:30::SCWPlatform:: Platform Path C:/unswworks/workspace/project_plat/hw/v2.0.xsa
TRACE::2025-11-13.13:01:30::SCWPlatform:: Unique name xilinx:kv260_som::0.0
TRACE::2025-11-13.13:01:30::SCWPlatform::Trying to set the existing hwdb with name design_1_wrapper_1
TRACE::2025-11-13.13:01:30::SCWPlatform::Opened existing hwdb design_1_wrapper_1
TRACE::2025-11-13.13:01:30::SCWPlatform::Found the Hw Db part of the input DSA
TRACE::2025-11-13.13:01:30::SCWMssOS::Checking the sw design at  C:/unswworks/workspace/project_plat/psu_cortexa53_0/standalone_domain/bsp/system.mss
TRACE::2025-11-13.13:01:30::SCWMssOS::DEBUG:  swdes dump  C:/unswworks/workspace/project_plat/psu_cortexa53_0/standalone_domain/bsp/system.mss|system_1||
C:/unswworks/workspace/project_plat/zynqmp_fsbl/zynqmp_fsbl_bsp/system.mss|system||
C:/unswworks/workspace/project_plat/zynqmp_pmufw/zynqmp_pmufw_bsp/system.mss|system_0||

TRACE::2025-11-13.13:01:30::SCWMssOS::Sw design exists and opened at  C:/unswworks/workspace/project_plat/psu_cortexa53_0/standalone_domain/bsp/system.mss
TRACE::2025-11-13.13:01:30::SCWMssOS::Completed writing the mss file at C:/unswworks/workspace/project_plat/psu_cortexa53_0/standalone_domain/bsp
TRACE::2025-11-13.13:01:30::SCWMssOS::Mss edits present, copying mssfile into export location C:/unswworks/workspace/project_plat/psu_cortexa53_0/standalone_domain/bsp/system.mss
TRACE::2025-11-13.13:01:30::SCWMssOS::bsp generated is upto date with the mss file. Skipping bsp generation.
TRACE::2025-11-13.13:01:30::SCWMssOS::BSP is already built. skipping the bsp build ... 
TRACE::2025-11-13.13:01:30::SCWDomain::Building the domain as part of full build :  standalone_domain
TRACE::2025-11-13.13:01:30::SCWMssOS::doing bsp build ... 
TRACE::2025-11-13.13:01:30::SCWMssOS::System Command Ran  C: & cd  C:/unswworks/workspace/project_plat/psu_cortexa53_0/standalone_domain/bsp & make 
TRACE::2025-11-13.13:01:30::SCWMssOS::make --no-print-directory seq_libs

TRACE::2025-11-13.13:01:30::SCWMssOS::'Finished building libraries sequentially.'

TRACE::2025-11-13.13:01:30::SCWMssOS::make -j 10 --no-print-directory par_libs

TRACE::2025-11-13.13:01:30::SCWMssOS::"Running Make include in psu_cortexa53_0/libsrc/axidma_v9_18/src"

TRACE::2025-11-13.13:01:30::SCWMssOS::make -C psu_cortexa53_0/libsrc/axidma_v9_18/src -s include  "SHELL=CMD" "COMPILER=aarch64-none-elf-gcc" "ASSEMBLER=aarch64-none
TRACE::2025-11-13.13:01:30::SCWMssOS::-elf-as" "ARCHIVER=aarch64-none-elf-ar" "COMPILER_FLAGS=  -O2 -c" "EXTRA_COMPILER_FLAGS=-g -Wall -Wextra -fno-tree-loop-distrib
TRACE::2025-11-13.13:01:30::SCWMssOS::ute-patterns"

TRACE::2025-11-13.13:01:30::SCWMssOS::"Running Make include in psu_cortexa53_0/libsrc/axipmon_v6_11/src"

TRACE::2025-11-13.13:01:30::SCWMssOS::make -C psu_cortexa53_0/libsrc/axipmon_v6_11/src -s include  "SHELL=CMD" "COMPILER=aarch64-none-elf-gcc" "ASSEMBLER=aarch64-non
TRACE::2025-11-13.13:01:30::SCWMssOS::e-elf-as" "ARCHIVER=aarch64-none-elf-ar" "COMPILER_FLAGS=  -O2 -c" "EXTRA_COMPILER_FLAGS=-g -Wall -Wextra -fno-tree-loop-distri
TRACE::2025-11-13.13:01:30::SCWMssOS::bute-patterns"

TRACE::2025-11-13.13:01:30::SCWMssOS::"Running Make include in psu_cortexa53_0/libsrc/clockps_v1_6/src"

TRACE::2025-11-13.13:01:30::SCWMssOS::make -C psu_cortexa53_0/libsrc/clockps_v1_6/src -s include  "SHELL=CMD" "COMPILER=aarch64-none-elf-gcc" "ASSEMBLER=aarch64-none
TRACE::2025-11-13.13:01:30::SCWMssOS::-elf-as" "ARCHIVER=aarch64-none-elf-ar" "COMPILER_FLAGS=  -O2 -c" "EXTRA_COMPILER_FLAGS=-g -Wall -Wextra -fno-tree-loop-distrib
TRACE::2025-11-13.13:01:30::SCWMssOS::ute-patterns"

TRACE::2025-11-13.13:01:30::SCWMssOS::"Running Make include in psu_cortexa53_0/libsrc/coresightps_dcc_v1_10/src"

TRACE::2025-11-13.13:01:30::SCWMssOS::make -C psu_cortexa53_0/libsrc/coresightps_dcc_v1_10/src -s include  "SHELL=CMD" "COMPILER=aarch64-none-elf-gcc" "ASSEMBLER=aar
TRACE::2025-11-13.13:01:30::SCWMssOS::ch64-none-elf-as" "ARCHIVER=aarch64-none-elf-ar" "COMPILER_FLAGS=  -O2 -c" "EXTRA_COMPILER_FLAGS=-g -Wall -Wextra -fno-tree-loo
TRACE::2025-11-13.13:01:30::SCWMssOS::p-distribute-patterns"

TRACE::2025-11-13.13:01:30::SCWMssOS::"Running Make include in psu_cortexa53_0/libsrc/cpu_cortexa53_v2_1/src"

TRACE::2025-11-13.13:01:30::SCWMssOS::make -C psu_cortexa53_0/libsrc/cpu_cortexa53_v2_1/src -s include  "SHELL=CMD" "COMPILER=aarch64-none-elf-gcc" "ASSEMBLER=aarch6
TRACE::2025-11-13.13:01:30::SCWMssOS::4-none-elf-as" "ARCHIVER=aarch64-none-elf-ar" "COMPILER_FLAGS=  -O2 -c" "EXTRA_COMPILER_FLAGS=-g -Wall -Wextra -fno-tree-loop-d
TRACE::2025-11-13.13:01:30::SCWMssOS::istribute-patterns"

TRACE::2025-11-13.13:01:30::SCWMssOS::"Running Make include in psu_cortexa53_0/libsrc/csudma_v1_15/src"

TRACE::2025-11-13.13:01:30::SCWMssOS::make -C psu_cortexa53_0/libsrc/csudma_v1_15/src -s include  "SHELL=CMD" "COMPILER=aarch64-none-elf-gcc" "ASSEMBLER=aarch64-none
TRACE::2025-11-13.13:01:30::SCWMssOS::-elf-as" "ARCHIVER=aarch64-none-elf-ar" "COMPILER_FLAGS=  -O2 -c" "EXTRA_COMPILER_FLAGS=-g -Wall -Wextra -fno-tree-loop-distrib
TRACE::2025-11-13.13:01:30::SCWMssOS::ute-patterns"

TRACE::2025-11-13.13:01:30::SCWMssOS::"Running Make include in psu_cortexa53_0/libsrc/ddrcpsu_v1_6/src"

TRACE::2025-11-13.13:01:30::SCWMssOS::make -C psu_cortexa53_0/libsrc/ddrcpsu_v1_6/src -s include  "SHELL=CMD" "COMPILER=aarch64-none-elf-gcc" "ASSEMBLER=aarch64-none
TRACE::2025-11-13.13:01:30::SCWMssOS::-elf-as" "ARCHIVER=aarch64-none-elf-ar" "COMPILER_FLAGS=  -O2 -c" "EXTRA_COMPILER_FLAGS=-g -Wall -Wextra -fno-tree-loop-distrib
TRACE::2025-11-13.13:01:30::SCWMssOS::ute-patterns"

TRACE::2025-11-13.13:01:30::SCWMssOS::"Running Make include in psu_cortexa53_0/libsrc/gpiops_v3_13/src"

TRACE::2025-11-13.13:01:30::SCWMssOS::make -C psu_cortexa53_0/libsrc/gpiops_v3_13/src -s include  "SHELL=CMD" "COMPILER=aarch64-none-elf-gcc" "ASSEMBLER=aarch64-none
TRACE::2025-11-13.13:01:30::SCWMssOS::-elf-as" "ARCHIVER=aarch64-none-elf-ar" "COMPILER_FLAGS=  -O2 -c" "EXTRA_COMPILER_FLAGS=-g -Wall -Wextra -fno-tree-loop-distrib
TRACE::2025-11-13.13:01:30::SCWMssOS::ute-patterns"

TRACE::2025-11-13.13:01:30::SCWMssOS::"Running Make include in psu_cortexa53_0/libsrc/gpio_v4_11/src"

TRACE::2025-11-13.13:01:30::SCWMssOS::make -C psu_cortexa53_0/libsrc/gpio_v4_11/src -s include  "SHELL=CMD" "COMPILER=aarch64-none-elf-gcc" "ASSEMBLER=aarch64-none-e
TRACE::2025-11-13.13:01:30::SCWMssOS::lf-as" "ARCHIVER=aarch64-none-elf-ar" "COMPILER_FLAGS=  -O2 -c" "EXTRA_COMPILER_FLAGS=-g -Wall -Wextra -fno-tree-loop-distribut
TRACE::2025-11-13.13:01:30::SCWMssOS::e-patterns"

TRACE::2025-11-13.13:01:30::SCWMssOS::"Running Make include in psu_cortexa53_0/libsrc/iicps_v3_19/src"

TRACE::2025-11-13.13:01:30::SCWMssOS::make -C psu_cortexa53_0/libsrc/iicps_v3_19/src -s include  "SHELL=CMD" "COMPILER=aarch64-none-elf-gcc" "ASSEMBLER=aarch64-none-
TRACE::2025-11-13.13:01:30::SCWMssOS::elf-as" "ARCHIVER=aarch64-none-elf-ar" "COMPILER_FLAGS=  -O2 -c" "EXTRA_COMPILER_FLAGS=-g -Wall -Wextra -fno-tree-loop-distribu
TRACE::2025-11-13.13:01:30::SCWMssOS::te-patterns"

TRACE::2025-11-13.13:01:30::SCWMssOS::"Running Make include in psu_cortexa53_0/libsrc/ipipsu_v2_15/src"

TRACE::2025-11-13.13:01:30::SCWMssOS::make -C psu_cortexa53_0/libsrc/ipipsu_v2_15/src -s include  "SHELL=CMD" "COMPILER=aarch64-none-elf-gcc" "ASSEMBLER=aarch64-none
TRACE::2025-11-13.13:01:30::SCWMssOS::-elf-as" "ARCHIVER=aarch64-none-elf-ar" "COMPILER_FLAGS=  -O2 -c" "EXTRA_COMPILER_FLAGS=-g -Wall -Wextra -fno-tree-loop-distrib
TRACE::2025-11-13.13:01:30::SCWMssOS::ute-patterns"

TRACE::2025-11-13.13:01:30::SCWMssOS::"Running Make include in psu_cortexa53_0/libsrc/qspipsu_v1_19/src"

TRACE::2025-11-13.13:01:30::SCWMssOS::make -C psu_cortexa53_0/libsrc/qspipsu_v1_19/src -s include  "SHELL=CMD" "COMPILER=aarch64-none-elf-gcc" "ASSEMBLER=aarch64-non
TRACE::2025-11-13.13:01:30::SCWMssOS::e-elf-as" "ARCHIVER=aarch64-none-elf-ar" "COMPILER_FLAGS=  -O2 -c" "EXTRA_COMPILER_FLAGS=-g -Wall -Wextra -fno-tree-loop-distri
TRACE::2025-11-13.13:01:30::SCWMssOS::bute-patterns"

TRACE::2025-11-13.13:01:30::SCWMssOS::"Running Make include in psu_cortexa53_0/libsrc/resetps_v1_7/src"

TRACE::2025-11-13.13:01:30::SCWMssOS::make -C psu_cortexa53_0/libsrc/resetps_v1_7/src -s include  "SHELL=CMD" "COMPILER=aarch64-none-elf-gcc" "ASSEMBLER=aarch64-none
TRACE::2025-11-13.13:01:30::SCWMssOS::-elf-as" "ARCHIVER=aarch64-none-elf-ar" "COMPILER_FLAGS=  -O2 -c" "EXTRA_COMPILER_FLAGS=-g -Wall -Wextra -fno-tree-loop-distrib
TRACE::2025-11-13.13:01:30::SCWMssOS::ute-patterns"

TRACE::2025-11-13.13:01:30::SCWMssOS::"Running Make include in psu_cortexa53_0/libsrc/rtcpsu_v1_14/src"

TRACE::2025-11-13.13:01:30::SCWMssOS::make -C psu_cortexa53_0/libsrc/rtcpsu_v1_14/src -s include  "SHELL=CMD" "COMPILER=aarch64-none-elf-gcc" "ASSEMBLER=aarch64-none
TRACE::2025-11-13.13:01:30::SCWMssOS::-elf-as" "ARCHIVER=aarch64-none-elf-ar" "COMPILER_FLAGS=  -O2 -c" "EXTRA_COMPILER_FLAGS=-g -Wall -Wextra -fno-tree-loop-distrib
TRACE::2025-11-13.13:01:30::SCWMssOS::ute-patterns"

TRACE::2025-11-13.13:01:30::SCWMssOS::"Running Make include in psu_cortexa53_0/libsrc/scugic_v5_3/src"

TRACE::2025-11-13.13:01:30::SCWMssOS::make -C psu_cortexa53_0/libsrc/scugic_v5_3/src -s include  "SHELL=CMD" "COMPILER=aarch64-none-elf-gcc" "ASSEMBLER=aarch64-none-
TRACE::2025-11-13.13:01:30::SCWMssOS::elf-as" "ARCHIVER=aarch64-none-elf-ar" "COMPILER_FLAGS=  -O2 -c" "EXTRA_COMPILER_FLAGS=-g -Wall -Wextra -fno-tree-loop-distribu
TRACE::2025-11-13.13:01:30::SCWMssOS::te-patterns"

TRACE::2025-11-13.13:01:30::SCWMssOS::"Running Make include in psu_cortexa53_0/libsrc/sdps_v4_3/src"

TRACE::2025-11-13.13:01:30::SCWMssOS::make -C psu_cortexa53_0/libsrc/sdps_v4_3/src -s include  "SHELL=CMD" "COMPILER=aarch64-none-elf-gcc" "ASSEMBLER=aarch64-none-el
TRACE::2025-11-13.13:01:30::SCWMssOS::f-as" "ARCHIVER=aarch64-none-elf-ar" "COMPILER_FLAGS=  -O2 -c" "EXTRA_COMPILER_FLAGS=-g -Wall -Wextra -fno-tree-loop-distribute
TRACE::2025-11-13.13:01:30::SCWMssOS::-patterns"

TRACE::2025-11-13.13:01:30::SCWMssOS::"Running Make include in psu_cortexa53_0/libsrc/spips_v3_10/src"

TRACE::2025-11-13.13:01:30::SCWMssOS::make -C psu_cortexa53_0/libsrc/spips_v3_10/src -s include  "SHELL=CMD" "COMPILER=aarch64-none-elf-gcc" "ASSEMBLER=aarch64-none-
TRACE::2025-11-13.13:01:30::SCWMssOS::elf-as" "ARCHIVER=aarch64-none-elf-ar" "COMPILER_FLAGS=  -O2 -c" "EXTRA_COMPILER_FLAGS=-g -Wall -Wextra -fno-tree-loop-distribu
TRACE::2025-11-13.13:01:30::SCWMssOS::te-patterns"

TRACE::2025-11-13.13:01:30::SCWMssOS::"Running Make include in psu_cortexa53_0/libsrc/standalone_v9_1/src"

TRACE::2025-11-13.13:01:30::SCWMssOS::make -C psu_cortexa53_0/libsrc/standalone_v9_1/src -s include  "SHELL=CMD" "COMPILER=aarch64-none-elf-gcc" "ASSEMBLER=aarch64-n
TRACE::2025-11-13.13:01:30::SCWMssOS::one-elf-as" "ARCHIVER=aarch64-none-elf-ar" "COMPILER_FLAGS=  -O2 -c" "EXTRA_COMPILER_FLAGS=-g -Wall -Wextra -fno-tree-loop-dist
TRACE::2025-11-13.13:01:30::SCWMssOS::ribute-patterns"

TRACE::2025-11-13.13:01:30::SCWMssOS::"Running Make include in psu_cortexa53_0/libsrc/sysmonpsu_v2_10/src"

TRACE::2025-11-13.13:01:30::SCWMssOS::make -C psu_cortexa53_0/libsrc/sysmonpsu_v2_10/src -s include  "SHELL=CMD" "COMPILER=aarch64-none-elf-gcc" "ASSEMBLER=aarch64-n
TRACE::2025-11-13.13:01:30::SCWMssOS::one-elf-as" "ARCHIVER=aarch64-none-elf-ar" "COMPILER_FLAGS=  -O2 -c" "EXTRA_COMPILER_FLAGS=-g -Wall -Wextra -fno-tree-loop-dist
TRACE::2025-11-13.13:01:30::SCWMssOS::ribute-patterns"

TRACE::2025-11-13.13:01:30::SCWMssOS::"Running Make include in psu_cortexa53_0/libsrc/ttcps_v3_19/src"

TRACE::2025-11-13.13:01:30::SCWMssOS::make -C psu_cortexa53_0/libsrc/ttcps_v3_19/src -s include  "SHELL=CMD" "COMPILER=aarch64-none-elf-gcc" "ASSEMBLER=aarch64-none-
TRACE::2025-11-13.13:01:30::SCWMssOS::elf-as" "ARCHIVER=aarch64-none-elf-ar" "COMPILER_FLAGS=  -O2 -c" "EXTRA_COMPILER_FLAGS=-g -Wall -Wextra -fno-tree-loop-distribu
TRACE::2025-11-13.13:01:30::SCWMssOS::te-patterns"

TRACE::2025-11-13.13:01:30::SCWMssOS::"Running Make include in psu_cortexa53_0/libsrc/uartps_v3_14/src"

TRACE::2025-11-13.13:01:30::SCWMssOS::make -C psu_cortexa53_0/libsrc/uartps_v3_14/src -s include  "SHELL=CMD" "COMPILER=aarch64-none-elf-gcc" "ASSEMBLER=aarch64-none
TRACE::2025-11-13.13:01:30::SCWMssOS::-elf-as" "ARCHIVER=aarch64-none-elf-ar" "COMPILER_FLAGS=  -O2 -c" "EXTRA_COMPILER_FLAGS=-g -Wall -Wextra -fno-tree-loop-distrib
TRACE::2025-11-13.13:01:30::SCWMssOS::ute-patterns"

TRACE::2025-11-13.13:01:30::SCWMssOS::"Running Make include in psu_cortexa53_0/libsrc/wdtps_v3_7/src"

TRACE::2025-11-13.13:01:31::SCWMssOS::make -C psu_cortexa53_0/libsrc/wdtps_v3_7/src -s include  "SHELL=CMD" "COMPILER=aarch64-none-elf-gcc" "ASSEMBLER=aarch64-none-e
TRACE::2025-11-13.13:01:31::SCWMssOS::lf-as" "ARCHIVER=aarch64-none-elf-ar" "COMPILER_FLAGS=  -O2 -c" "EXTRA_COMPILER_FLAGS=-g -Wall -Wextra -fno-tree-loop-distribut
TRACE::2025-11-13.13:01:31::SCWMssOS::e-patterns"

TRACE::2025-11-13.13:01:31::SCWMssOS::"Running Make include in psu_cortexa53_0/libsrc/zdma_v1_18/src"

TRACE::2025-11-13.13:01:31::SCWMssOS::make -C psu_cortexa53_0/libsrc/zdma_v1_18/src -s include  "SHELL=CMD" "COMPILER=aarch64-none-elf-gcc" "ASSEMBLER=aarch64-none-e
TRACE::2025-11-13.13:01:31::SCWMssOS::lf-as" "ARCHIVER=aarch64-none-elf-ar" "COMPILER_FLAGS=  -O2 -c" "EXTRA_COMPILER_FLAGS=-g -Wall -Wextra -fno-tree-loop-distribut
TRACE::2025-11-13.13:01:31::SCWMssOS::e-patterns"

TRACE::2025-11-13.13:01:31::SCWMssOS::"Running Make libs in psu_cortexa53_0/libsrc/axidma_v9_18/src"

TRACE::2025-11-13.13:01:31::SCWMssOS::make -C psu_cortexa53_0/libsrc/axidma_v9_18/src -s libs  "SHELL=CMD" "COMPILER=aarch64-none-elf-gcc" "ASSEMBLER=aarch64-none-el
TRACE::2025-11-13.13:01:31::SCWMssOS::f-as" "ARCHIVER=aarch64-none-elf-ar" "COMPILER_FLAGS=  -O2 -c" "EXTRA_COMPILER_FLAGS=-g -Wall -Wextra -fno-tree-loop-distribute
TRACE::2025-11-13.13:01:31::SCWMssOS::-patterns"

TRACE::2025-11-13.13:01:31::SCWMssOS::"Running Make libs in psu_cortexa53_0/libsrc/axipmon_v6_11/src"

TRACE::2025-11-13.13:01:31::SCWMssOS::make -C psu_cortexa53_0/libsrc/axipmon_v6_11/src -s libs  "SHELL=CMD" "COMPILER=aarch64-none-elf-gcc" "ASSEMBLER=aarch64-none-e
TRACE::2025-11-13.13:01:31::SCWMssOS::lf-as" "ARCHIVER=aarch64-none-elf-ar" "COMPILER_FLAGS=  -O2 -c" "EXTRA_COMPILER_FLAGS=-g -Wall -Wextra -fno-tree-loop-distribut
TRACE::2025-11-13.13:01:31::SCWMssOS::e-patterns"

TRACE::2025-11-13.13:01:31::SCWMssOS::"Running Make libs in psu_cortexa53_0/libsrc/clockps_v1_6/src"

TRACE::2025-11-13.13:01:31::SCWMssOS::make -C psu_cortexa53_0/libsrc/clockps_v1_6/src -s libs  "SHELL=CMD" "COMPILER=aarch64-none-elf-gcc" "ASSEMBLER=aarch64-none-el
TRACE::2025-11-13.13:01:31::SCWMssOS::f-as" "ARCHIVER=aarch64-none-elf-ar" "COMPILER_FLAGS=  -O2 -c" "EXTRA_COMPILER_FLAGS=-g -Wall -Wextra -fno-tree-loop-distribute
TRACE::2025-11-13.13:01:31::SCWMssOS::-patterns"

TRACE::2025-11-13.13:01:31::SCWMssOS::"Running Make libs in psu_cortexa53_0/libsrc/coresightps_dcc_v1_10/src"

TRACE::2025-11-13.13:01:31::SCWMssOS::make -C psu_cortexa53_0/libsrc/coresightps_dcc_v1_10/src -s libs  "SHELL=CMD" "COMPILER=aarch64-none-elf-gcc" "ASSEMBLER=aarch6
TRACE::2025-11-13.13:01:31::SCWMssOS::4-none-elf-as" "ARCHIVER=aarch64-none-elf-ar" "COMPILER_FLAGS=  -O2 -c" "EXTRA_COMPILER_FLAGS=-g -Wall -Wextra -fno-tree-loop-d
TRACE::2025-11-13.13:01:31::SCWMssOS::istribute-patterns"

TRACE::2025-11-13.13:01:31::SCWMssOS::"Running Make libs in psu_cortexa53_0/libsrc/cpu_cortexa53_v2_1/src"

TRACE::2025-11-13.13:01:31::SCWMssOS::make -C psu_cortexa53_0/libsrc/cpu_cortexa53_v2_1/src -s libs  "SHELL=CMD" "COMPILER=aarch64-none-elf-gcc" "ASSEMBLER=aarch64-n
TRACE::2025-11-13.13:01:31::SCWMssOS::one-elf-as" "ARCHIVER=aarch64-none-elf-ar" "COMPILER_FLAGS=  -O2 -c" "EXTRA_COMPILER_FLAGS=-g -Wall -Wextra -fno-tree-loop-dist
TRACE::2025-11-13.13:01:31::SCWMssOS::ribute-patterns"

TRACE::2025-11-13.13:01:31::SCWMssOS::"Running Make libs in psu_cortexa53_0/libsrc/csudma_v1_15/src"

TRACE::2025-11-13.13:01:31::SCWMssOS::make -C psu_cortexa53_0/libsrc/csudma_v1_15/src -s libs  "SHELL=CMD" "COMPILER=aarch64-none-elf-gcc" "ASSEMBLER=aarch64-none-el
TRACE::2025-11-13.13:01:31::SCWMssOS::f-as" "ARCHIVER=aarch64-none-elf-ar" "COMPILER_FLAGS=  -O2 -c" "EXTRA_COMPILER_FLAGS=-g -Wall -Wextra -fno-tree-loop-distribute
TRACE::2025-11-13.13:01:31::SCWMssOS::-patterns"

TRACE::2025-11-13.13:01:31::SCWMssOS::"Running Make libs in psu_cortexa53_0/libsrc/ddrcpsu_v1_6/src"

TRACE::2025-11-13.13:01:31::SCWMssOS::make -C psu_cortexa53_0/libsrc/ddrcpsu_v1_6/src -s libs  "SHELL=CMD" "COMPILER=aarch64-none-elf-gcc" "ASSEMBLER=aarch64-none-el
TRACE::2025-11-13.13:01:31::SCWMssOS::f-as" "ARCHIVER=aarch64-none-elf-ar" "COMPILER_FLAGS=  -O2 -c" "EXTRA_COMPILER_FLAGS=-g -Wall -Wextra -fno-tree-loop-distribute
TRACE::2025-11-13.13:01:31::SCWMssOS::-patterns"

TRACE::2025-11-13.13:01:31::SCWMssOS::"Running Make libs in psu_cortexa53_0/libsrc/gpiops_v3_13/src"

TRACE::2025-11-13.13:01:31::SCWMssOS::make -C psu_cortexa53_0/libsrc/gpiops_v3_13/src -s libs  "SHELL=CMD" "COMPILER=aarch64-none-elf-gcc" "ASSEMBLER=aarch64-none-el
TRACE::2025-11-13.13:01:31::SCWMssOS::f-as" "ARCHIVER=aarch64-none-elf-ar" "COMPILER_FLAGS=  -O2 -c" "EXTRA_COMPILER_FLAGS=-g -Wall -Wextra -fno-tree-loop-distribute
TRACE::2025-11-13.13:01:31::SCWMssOS::-patterns"

TRACE::2025-11-13.13:01:31::SCWMssOS::"Running Make libs in psu_cortexa53_0/libsrc/gpio_v4_11/src"

TRACE::2025-11-13.13:01:31::SCWMssOS::make -C psu_cortexa53_0/libsrc/gpio_v4_11/src -s libs  "SHELL=CMD" "COMPILER=aarch64-none-elf-gcc" "ASSEMBLER=aarch64-none-elf-
TRACE::2025-11-13.13:01:31::SCWMssOS::as" "ARCHIVER=aarch64-none-elf-ar" "COMPILER_FLAGS=  -O2 -c" "EXTRA_COMPILER_FLAGS=-g -Wall -Wextra -fno-tree-loop-distribute-p
TRACE::2025-11-13.13:01:31::SCWMssOS::atterns"

TRACE::2025-11-13.13:01:31::SCWMssOS::"Running Make libs in psu_cortexa53_0/libsrc/iicps_v3_19/src"

TRACE::2025-11-13.13:01:31::SCWMssOS::make -C psu_cortexa53_0/libsrc/iicps_v3_19/src -s libs  "SHELL=CMD" "COMPILER=aarch64-none-elf-gcc" "ASSEMBLER=aarch64-none-elf
TRACE::2025-11-13.13:01:31::SCWMssOS::-as" "ARCHIVER=aarch64-none-elf-ar" "COMPILER_FLAGS=  -O2 -c" "EXTRA_COMPILER_FLAGS=-g -Wall -Wextra -fno-tree-loop-distribute-
TRACE::2025-11-13.13:01:31::SCWMssOS::patterns"

TRACE::2025-11-13.13:01:32::SCWMssOS::"Running Make libs in psu_cortexa53_0/libsrc/ipipsu_v2_15/src"

TRACE::2025-11-13.13:01:32::SCWMssOS::make -C psu_cortexa53_0/libsrc/ipipsu_v2_15/src -s libs  "SHELL=CMD" "COMPILER=aarch64-none-elf-gcc" "ASSEMBLER=aarch64-none-el
TRACE::2025-11-13.13:01:32::SCWMssOS::f-as" "ARCHIVER=aarch64-none-elf-ar" "COMPILER_FLAGS=  -O2 -c" "EXTRA_COMPILER_FLAGS=-g -Wall -Wextra -fno-tree-loop-distribute
TRACE::2025-11-13.13:01:32::SCWMssOS::-patterns"

TRACE::2025-11-13.13:01:32::SCWMssOS::"Running Make libs in psu_cortexa53_0/libsrc/qspipsu_v1_19/src"

TRACE::2025-11-13.13:01:32::SCWMssOS::make -C psu_cortexa53_0/libsrc/qspipsu_v1_19/src -s libs  "SHELL=CMD" "COMPILER=aarch64-none-elf-gcc" "ASSEMBLER=aarch64-none-e
TRACE::2025-11-13.13:01:32::SCWMssOS::lf-as" "ARCHIVER=aarch64-none-elf-ar" "COMPILER_FLAGS=  -O2 -c" "EXTRA_COMPILER_FLAGS=-g -Wall -Wextra -fno-tree-loop-distribut
TRACE::2025-11-13.13:01:32::SCWMssOS::e-patterns"

TRACE::2025-11-13.13:01:32::SCWMssOS::"Running Make libs in psu_cortexa53_0/libsrc/resetps_v1_7/src"

TRACE::2025-11-13.13:01:32::SCWMssOS::make -C psu_cortexa53_0/libsrc/resetps_v1_7/src -s libs  "SHELL=CMD" "COMPILER=aarch64-none-elf-gcc" "ASSEMBLER=aarch64-none-el
TRACE::2025-11-13.13:01:32::SCWMssOS::f-as" "ARCHIVER=aarch64-none-elf-ar" "COMPILER_FLAGS=  -O2 -c" "EXTRA_COMPILER_FLAGS=-g -Wall -Wextra -fno-tree-loop-distribute
TRACE::2025-11-13.13:01:32::SCWMssOS::-patterns"

TRACE::2025-11-13.13:01:32::SCWMssOS::"Running Make libs in psu_cortexa53_0/libsrc/rtcpsu_v1_14/src"

TRACE::2025-11-13.13:01:32::SCWMssOS::make -C psu_cortexa53_0/libsrc/rtcpsu_v1_14/src -s libs  "SHELL=CMD" "COMPILER=aarch64-none-elf-gcc" "ASSEMBLER=aarch64-none-el
TRACE::2025-11-13.13:01:32::SCWMssOS::f-as" "ARCHIVER=aarch64-none-elf-ar" "COMPILER_FLAGS=  -O2 -c" "EXTRA_COMPILER_FLAGS=-g -Wall -Wextra -fno-tree-loop-distribute
TRACE::2025-11-13.13:01:32::SCWMssOS::-patterns"

TRACE::2025-11-13.13:01:32::SCWMssOS::"Running Make libs in psu_cortexa53_0/libsrc/scugic_v5_3/src"

TRACE::2025-11-13.13:01:32::SCWMssOS::make -C psu_cortexa53_0/libsrc/scugic_v5_3/src -s libs  "SHELL=CMD" "COMPILER=aarch64-none-elf-gcc" "ASSEMBLER=aarch64-none-elf
TRACE::2025-11-13.13:01:32::SCWMssOS::-as" "ARCHIVER=aarch64-none-elf-ar" "COMPILER_FLAGS=  -O2 -c" "EXTRA_COMPILER_FLAGS=-g -Wall -Wextra -fno-tree-loop-distribute-
TRACE::2025-11-13.13:01:32::SCWMssOS::patterns"

TRACE::2025-11-13.13:01:32::SCWMssOS::"Running Make libs in psu_cortexa53_0/libsrc/sdps_v4_3/src"

TRACE::2025-11-13.13:01:32::SCWMssOS::make -C psu_cortexa53_0/libsrc/sdps_v4_3/src -s libs  "SHELL=CMD" "COMPILER=aarch64-none-elf-gcc" "ASSEMBLER=aarch64-none-elf-a
TRACE::2025-11-13.13:01:32::SCWMssOS::s" "ARCHIVER=aarch64-none-elf-ar" "COMPILER_FLAGS=  -O2 -c" "EXTRA_COMPILER_FLAGS=-g -Wall -Wextra -fno-tree-loop-distribute-pa
TRACE::2025-11-13.13:01:32::SCWMssOS::tterns"

TRACE::2025-11-13.13:01:32::SCWMssOS::"Running Make libs in psu_cortexa53_0/libsrc/spips_v3_10/src"

TRACE::2025-11-13.13:01:32::SCWMssOS::make -C psu_cortexa53_0/libsrc/spips_v3_10/src -s libs  "SHELL=CMD" "COMPILER=aarch64-none-elf-gcc" "ASSEMBLER=aarch64-none-elf
TRACE::2025-11-13.13:01:32::SCWMssOS::-as" "ARCHIVER=aarch64-none-elf-ar" "COMPILER_FLAGS=  -O2 -c" "EXTRA_COMPILER_FLAGS=-g -Wall -Wextra -fno-tree-loop-distribute-
TRACE::2025-11-13.13:01:32::SCWMssOS::patterns"

TRACE::2025-11-13.13:01:32::SCWMssOS::"Running Make libs in psu_cortexa53_0/libsrc/standalone_v9_1/src"

TRACE::2025-11-13.13:01:32::SCWMssOS::make -C psu_cortexa53_0/libsrc/standalone_v9_1/src -s libs  "SHELL=CMD" "COMPILER=aarch64-none-elf-gcc" "ASSEMBLER=aarch64-none
TRACE::2025-11-13.13:01:32::SCWMssOS::-elf-as" "ARCHIVER=aarch64-none-elf-ar" "COMPILER_FLAGS=  -O2 -c" "EXTRA_COMPILER_FLAGS=-g -Wall -Wextra -fno-tree-loop-distrib
TRACE::2025-11-13.13:01:32::SCWMssOS::ute-patterns"

TRACE::2025-11-13.13:01:32::SCWMssOS::"Running Make libs in psu_cortexa53_0/libsrc/sysmonpsu_v2_10/src"

TRACE::2025-11-13.13:01:32::SCWMssOS::make -C psu_cortexa53_0/libsrc/sysmonpsu_v2_10/src -s libs  "SHELL=CMD" "COMPILER=aarch64-none-elf-gcc" "ASSEMBLER=aarch64-none
TRACE::2025-11-13.13:01:32::SCWMssOS::-elf-as" "ARCHIVER=aarch64-none-elf-ar" "COMPILER_FLAGS=  -O2 -c" "EXTRA_COMPILER_FLAGS=-g -Wall -Wextra -fno-tree-loop-distrib
TRACE::2025-11-13.13:01:32::SCWMssOS::ute-patterns"

TRACE::2025-11-13.13:01:33::SCWMssOS::"Running Make libs in psu_cortexa53_0/libsrc/ttcps_v3_19/src"

TRACE::2025-11-13.13:01:33::SCWMssOS::make -C psu_cortexa53_0/libsrc/ttcps_v3_19/src -s libs  "SHELL=CMD" "COMPILER=aarch64-none-elf-gcc" "ASSEMBLER=aarch64-none-elf
TRACE::2025-11-13.13:01:33::SCWMssOS::-as" "ARCHIVER=aarch64-none-elf-ar" "COMPILER_FLAGS=  -O2 -c" "EXTRA_COMPILER_FLAGS=-g -Wall -Wextra -fno-tree-loop-distribute-
TRACE::2025-11-13.13:01:33::SCWMssOS::patterns"

TRACE::2025-11-13.13:01:33::SCWMssOS::"Running Make libs in psu_cortexa53_0/libsrc/uartps_v3_14/src"

TRACE::2025-11-13.13:01:33::SCWMssOS::make -C psu_cortexa53_0/libsrc/uartps_v3_14/src -s libs  "SHELL=CMD" "COMPILER=aarch64-none-elf-gcc" "ASSEMBLER=aarch64-none-el
TRACE::2025-11-13.13:01:33::SCWMssOS::f-as" "ARCHIVER=aarch64-none-elf-ar" "COMPILER_FLAGS=  -O2 -c" "EXTRA_COMPILER_FLAGS=-g -Wall -Wextra -fno-tree-loop-distribute
TRACE::2025-11-13.13:01:33::SCWMssOS::-patterns"

TRACE::2025-11-13.13:01:33::SCWMssOS::"Running Make libs in psu_cortexa53_0/libsrc/wdtps_v3_7/src"

TRACE::2025-11-13.13:01:33::SCWMssOS::make -C psu_cortexa53_0/libsrc/wdtps_v3_7/src -s libs  "SHELL=CMD" "COMPILER=aarch64-none-elf-gcc" "ASSEMBLER=aarch64-none-elf-
TRACE::2025-11-13.13:01:33::SCWMssOS::as" "ARCHIVER=aarch64-none-elf-ar" "COMPILER_FLAGS=  -O2 -c" "EXTRA_COMPILER_FLAGS=-g -Wall -Wextra -fno-tree-loop-distribute-p
TRACE::2025-11-13.13:01:33::SCWMssOS::atterns"

TRACE::2025-11-13.13:01:33::SCWMssOS::"Running Make libs in psu_cortexa53_0/libsrc/zdma_v1_18/src"

TRACE::2025-11-13.13:01:33::SCWMssOS::make -C psu_cortexa53_0/libsrc/zdma_v1_18/src -s libs  "SHELL=CMD" "COMPILER=aarch64-none-elf-gcc" "ASSEMBLER=aarch64-none-elf-
TRACE::2025-11-13.13:01:33::SCWMssOS::as" "ARCHIVER=aarch64-none-elf-ar" "COMPILER_FLAGS=  -O2 -c" "EXTRA_COMPILER_FLAGS=-g -Wall -Wextra -fno-tree-loop-distribute-p
TRACE::2025-11-13.13:01:33::SCWMssOS::atterns"

TRACE::2025-11-13.13:01:34::SCWMssOS::'Finished building libraries parallelly.'

TRACE::2025-11-13.13:01:34::SCWMssOS::make --no-print-directory archive

TRACE::2025-11-13.13:01:34::SCWMssOS::aarch64-none-elf-ar -r  psu_cortexa53_0/lib/libxil.a psu_cortexa53_0/lib/_exit.o psu_cortexa53_0/lib/_open.o psu_cortexa53_0/li
TRACE::2025-11-13.13:01:34::SCWMssOS::b/_sbrk.o psu_cortexa53_0/lib/abort.o psu_cortexa53_0/lib/asm_vectors.o psu_cortexa53_0/lib/boot.o psu_cortexa53_0/lib/close.o 
TRACE::2025-11-13.13:01:34::SCWMssOS::psu_cortexa53_0/lib/cpputest_time.o psu_cortexa53_0/lib/errno.o psu_cortexa53_0/lib/fcntl.o psu_cortexa53_0/lib/fstat.o psu_cor
TRACE::2025-11-13.13:01:34::SCWMssOS::texa53_0/lib/getentropy.o psu_cortexa53_0/lib/getpid.o psu_cortexa53_0/lib/inbyte.o psu_cortexa53_0/lib/initialise_monitor_hand
TRACE::2025-11-13.13:01:34::SCWMssOS::les.o psu_cortexa53_0/lib/isatty.o psu_cortexa53_0/lib/kill.o psu_cortexa53_0/lib/lseek.o psu_cortexa53_0/lib/open.o psu_cortex
TRACE::2025-11-13.13:01:34::SCWMssOS::a53_0/lib/outbyte.o psu_cortexa53_0/lib/print.o psu_cortexa53_0/lib/putnum.o psu_cortexa53_0/lib/read.o psu_cortexa53_0/lib/sbr
TRACE::2025-11-13.13:01:34::SCWMssOS::k.o psu_cortexa53_0/lib/sleep.o psu_cortexa53_0/lib/time.o psu_cortexa53_0/lib/translation_table.o psu_cortexa53_0/lib/unlink.o
TRACE::2025-11-13.13:01:34::SCWMssOS:: psu_cortexa53_0/lib/vectors.o psu_cortexa53_0/lib/write.o psu_cortexa53_0/lib/xaxidma.o psu_cortexa53_0/lib/xaxidma_bd.o psu_c
TRACE::2025-11-13.13:01:34::SCWMssOS::ortexa53_0/lib/xaxidma_bdring.o psu_cortexa53_0/lib/xaxidma_g.o psu_cortexa53_0/lib/xaxidma_selftest.o psu_cortexa53_0/lib/xaxi
TRACE::2025-11-13.13:01:34::SCWMssOS::dma_sinit.o psu_cortexa53_0/lib/xaxipmon.o psu_cortexa53_0/lib/xaxipmon_g.o psu_cortexa53_0/lib/xaxipmon_selftest.o psu_cortexa
TRACE::2025-11-13.13:01:34::SCWMssOS::53_0/lib/xaxipmon_sinit.o psu_cortexa53_0/lib/xclockps.o psu_cortexa53_0/lib/xclockps_divider.o psu_cortexa53_0/lib/xclockps_fi
TRACE::2025-11-13.13:01:34::SCWMssOS::xedfactor.o psu_cortexa53_0/lib/xclockps_g.o psu_cortexa53_0/lib/xclockps_gate.o psu_cortexa53_0/lib/xclockps_mux.o psu_cortexa
TRACE::2025-11-13.13:01:34::SCWMssOS::53_0/lib/xclockps_pll.o psu_cortexa53_0/lib/xclockps_sinit.o psu_cortexa53_0/lib/xcoresightpsdcc.o psu_cortexa53_0/lib/xcsudma.
TRACE::2025-11-13.13:01:34::SCWMssOS::o psu_cortexa53_0/lib/xcsudma_g.o psu_cortexa53_0/lib/xcsudma_intr.o psu_cortexa53_0/lib/xcsudma_selftest.o psu_cortexa53_0/lib
TRACE::2025-11-13.13:01:34::SCWMssOS::/xcsudma_sinit.o psu_cortexa53_0/lib/xddrcpsu.o psu_cortexa53_0/lib/xddrcpsu_sinit.o psu_cortexa53_0/lib/xgpio.o psu_cortexa53_
TRACE::2025-11-13.13:01:34::SCWMssOS::0/lib/xgpio_extra.o psu_cortexa53_0/lib/xgpio_g.o psu_cortexa53_0/lib/xgpio_intr.o psu_cortexa53_0/lib/xgpio_selftest.o psu_cor
TRACE::2025-11-13.13:01:34::SCWMssOS::texa53_0/lib/xgpio_sinit.o psu_cortexa53_0/lib/xgpiops.o psu_cortexa53_0/lib/xgpiops_g.o psu_cortexa53_0/lib/xgpiops_hw.o psu_c
TRACE::2025-11-13.13:01:34::SCWMssOS::ortexa53_0/lib/xgpiops_intr.o psu_cortexa53_0/lib/xgpiops_selftest.o psu_cortexa53_0/lib/xgpiops_sinit.o psu_cortexa53_0/lib/xi
TRACE::2025-11-13.13:01:34::SCWMssOS::icps.o psu_cortexa53_0/lib/xiicps_g.o psu_cortexa53_0/lib/xiicps_hw.o psu_cortexa53_0/lib/xiicps_intr.o psu_cortexa53_0/lib/xii
TRACE::2025-11-13.13:01:34::SCWMssOS::cps_master.o psu_cortexa53_0/lib/xiicps_options.o psu_cortexa53_0/lib/xiicps_selftest.o psu_cortexa53_0/lib/xiicps_sinit.o psu_
TRACE::2025-11-13.13:01:34::SCWMssOS::cortexa53_0/lib/xiicps_slave.o psu_cortexa53_0/lib/xiicps_xfer.o psu_cortexa53_0/lib/xil-crt0.o psu_cortexa53_0/lib/xil_assert.
TRACE::2025-11-13.13:01:34::SCWMssOS::o psu_cortexa53_0/lib/xil_cache.o psu_cortexa53_0/lib/xil_clocking.o psu_cortexa53_0/lib/xil_exception.o psu_cortexa53_0/lib/xi
TRACE::2025-11-13.13:01:34::SCWMssOS::l_mem.o psu_cortexa53_0/lib/xil_mmu.o psu_cortexa53_0/lib/xil_printf.o psu_cortexa53_0/lib/xil_sleepcommon.o psu_cortexa53_0/li
TRACE::2025-11-13.13:01:34::SCWMssOS::b/xil_sleeptimer.o psu_cortexa53_0/lib/xil_smc.o psu_cortexa53_0/lib/xil_spinlock.o psu_cortexa53_0/lib/xil_testcache.o psu_cor
TRACE::2025-11-13.13:01:34::SCWMssOS::texa53_0/lib/xil_testio.o psu_cortexa53_0/lib/xil_testmem.o psu_cortexa53_0/lib/xil_util.o psu_cortexa53_0/lib/xinterrupt_wrap.
TRACE::2025-11-13.13:01:34::SCWMssOS::o psu_cortexa53_0/lib/xipipsu.o psu_cortexa53_0/lib/xipipsu_buf.o psu_cortexa53_0/lib/xipipsu_g.o psu_cortexa53_0/lib/xipipsu_h
TRACE::2025-11-13.13:01:34::SCWMssOS::elper.o psu_cortexa53_0/lib/xipipsu_sinit.o psu_cortexa53_0/lib/xplatform_info.o psu_cortexa53_0/lib/xpm_counter.o psu_cortexa5
TRACE::2025-11-13.13:01:34::SCWMssOS::3_0/lib/xpm_init.o psu_cortexa53_0/lib/xqspipsu.o psu_cortexa53_0/lib/xqspipsu_control.o psu_cortexa53_0/lib/xqspipsu_g.o psu_c
TRACE::2025-11-13.13:01:34::SCWMssOS::ortexa53_0/lib/xqspipsu_hw.o psu_cortexa53_0/lib/xqspipsu_options.o psu_cortexa53_0/lib/xqspipsu_sinit.o psu_cortexa53_0/lib/xq
TRACE::2025-11-13.13:01:34::SCWMssOS::spipsu_xfer.o psu_cortexa53_0/lib/xresetps.o psu_cortexa53_0/lib/xresetps_g.o psu_cortexa53_0/lib/xresetps_sinit.o psu_cortexa5
TRACE::2025-11-13.13:01:34::SCWMssOS::3_0/lib/xrtcpsu.o psu_cortexa53_0/lib/xrtcpsu_g.o psu_cortexa53_0/lib/xrtcpsu_intr.o psu_cortexa53_0/lib/xrtcpsu_selftest.o psu
TRACE::2025-11-13.13:01:34::SCWMssOS::_cortexa53_0/lib/xrtcpsu_sinit.o psu_cortexa53_0/lib/xscugic.o psu_cortexa53_0/lib/xscugic_g.o psu_cortexa53_0/lib/xscugic_hw.o
TRACE::2025-11-13.13:01:34::SCWMssOS:: psu_cortexa53_0/lib/xscugic_intr.o psu_cortexa53_0/lib/xscugic_selftest.o psu_cortexa53_0/lib/xscugic_sinit.o psu_cortexa53_0/
TRACE::2025-11-13.13:01:34::SCWMssOS::lib/xsdps.o psu_cortexa53_0/lib/xsdps_card.o psu_cortexa53_0/lib/xsdps_g.o psu_cortexa53_0/lib/xsdps_host.o psu_cortexa53_0/lib
TRACE::2025-11-13.13:01:34::SCWMssOS::/xsdps_options.o psu_cortexa53_0/lib/xsdps_sinit.o psu_cortexa53_0/lib/xspips.o psu_cortexa53_0/lib/xspips_g.o psu_cortexa53_0/
TRACE::2025-11-13.13:01:34::SCWMssOS::lib/xspips_hw.o psu_cortexa53_0/lib/xspips_options.o psu_cortexa53_0/lib/xspips_selftest.o psu_cortexa53_0/lib/xspips_sinit.o p
TRACE::2025-11-13.13:01:34::SCWMssOS::su_cortexa53_0/lib/xsysmonpsu.o psu_cortexa53_0/lib/xsysmonpsu_g.o psu_cortexa53_0/lib/xsysmonpsu_intr.o psu_cortexa53_0/lib/xs
TRACE::2025-11-13.13:01:34::SCWMssOS::ysmonpsu_selftest.o psu_cortexa53_0/lib/xsysmonpsu_sinit.o psu_cortexa53_0/lib/xtime_l.o psu_cortexa53_0/lib/xttcps.o psu_corte
TRACE::2025-11-13.13:01:34::SCWMssOS::xa53_0/lib/xttcps_g.o psu_cortexa53_0/lib/xttcps_options.o psu_cortexa53_0/lib/xttcps_selftest.o psu_cortexa53_0/lib/xttcps_sin
TRACE::2025-11-13.13:01:34::SCWMssOS::it.o psu_cortexa53_0/lib/xuartps.o psu_cortexa53_0/lib/xuartps_g.o psu_cortexa53_0/lib/xuartps_hw.o psu_cortexa53_0/lib/xuartps
TRACE::2025-11-13.13:01:34::SCWMssOS::_intr.o psu_cortexa53_0/lib/xuartps_options.o psu_cortexa53_0/lib/xuartps_selftest.o psu_cortexa53_0/lib/xuartps_sinit.o psu_co
TRACE::2025-11-13.13:01:34::SCWMssOS::rtexa53_0/lib/xwdtps.o psu_cortexa53_0/lib/xwdtps_g.o psu_cortexa53_0/lib/xwdtps_selftest.o psu_cortexa53_0/lib/xwdtps_sinit.o 
TRACE::2025-11-13.13:01:34::SCWMssOS::psu_cortexa53_0/lib/xzdma.o psu_cortexa53_0/lib/xzdma_g.o psu_cortexa53_0/lib/xzdma_intr.o psu_cortexa53_0/lib/xzdma_selftest.o
TRACE::2025-11-13.13:01:34::SCWMssOS:: psu_cortexa53_0/lib/xzdma_sinit.o

TRACE::2025-11-13.13:01:34::SCWMssOS::'Finished building libraries'

TRACE::2025-11-13.13:01:34::SCWMssOS::Copying to export directory.
TRACE::2025-11-13.13:01:35::SCWMssOS:: Checking if to create the Supporting Applications
TRACE::2025-11-13.13:01:35::SCWMssOS:: No Linux domain exists, trying to generate FSBL 
LOG::2025-11-13.13:01:35::SCWSystem::Completed Processing the domain standalone_domain
LOG::2025-11-13.13:01:35::SCWSystem::Completed Processing the sysconfig project_plat
LOG::2025-11-13.13:01:35::SCWPlatform::Completed generating the artifacts for system configuration project_plat
TRACE::2025-11-13.13:01:35::SCWPlatform::Started preparing the platform 
TRACE::2025-11-13.13:01:35::SCWSystem::Writing the bif file for system config project_plat
TRACE::2025-11-13.13:01:35::SCWSystem::dir created 
TRACE::2025-11-13.13:01:35::SCWSystem::Writing the bif 
TRACE::2025-11-13.13:01:35::SCWPlatform::Started writing the spfm file 
TRACE::2025-11-13.13:01:35::SCWPlatform::Started writing the xpfm file 
TRACE::2025-11-13.13:01:35::SCWPlatform::Completed generating the platform
TRACE::2025-11-13.13:01:35::SCWMssOS::Saving the mss changes C:/unswworks/workspace/project_plat/zynqmp_fsbl/zynqmp_fsbl_bsp/system.mss
TRACE::2025-11-13.13:01:35::SCWMssOS::Found a swdesign opened with the mssfile.
TRACE::2025-11-13.13:01:35::SCWMssOS::Completed writemss as part of save.
TRACE::2025-11-13.13:01:35::SCWMssOS::Commit changes completed.
TRACE::2025-11-13.13:01:35::SCWMssOS::Saving the mss changes C:/unswworks/workspace/project_plat/zynqmp_pmufw/zynqmp_pmufw_bsp/system.mss
TRACE::2025-11-13.13:01:35::SCWMssOS::Found a swdesign opened with the mssfile.
TRACE::2025-11-13.13:01:35::SCWMssOS::Completed writemss as part of save.
TRACE::2025-11-13.13:01:35::SCWMssOS::Commit changes completed.
TRACE::2025-11-13.13:01:35::SCWMssOS::Saving the mss changes C:/unswworks/workspace/project_plat/psu_cortexa53_0/standalone_domain/bsp/system.mss
TRACE::2025-11-13.13:01:35::SCWMssOS::Found a swdesign opened with the mssfile.
TRACE::2025-11-13.13:01:35::SCWMssOS::Completed writemss as part of save.
TRACE::2025-11-13.13:01:35::SCWMssOS::Commit changes completed.
TRACE::2025-11-13.13:01:35::SCWPlatform::Trying to open the hw design at C:/unswworks/workspace/project_plat/hw/v2.0.xsa
TRACE::2025-11-13.13:01:35::SCWPlatform::DSA given C:/unswworks/workspace/project_plat/hw/v2.0.xsa
TRACE::2025-11-13.13:01:35::SCWPlatform::DSA absoulate path C:/unswworks/workspace/project_plat/hw/v2.0.xsa
TRACE::2025-11-13.13:01:35::SCWPlatform::DSA directory C:/unswworks/workspace/project_plat/hw
TRACE::2025-11-13.13:01:35::SCWPlatform:: Platform Path C:/unswworks/workspace/project_plat/hw/v2.0.xsa
TRACE::2025-11-13.13:01:35::SCWPlatform:: Unique name xilinx:kv260_som::0.0
TRACE::2025-11-13.13:01:35::SCWPlatform::Trying to set the existing hwdb with name design_1_wrapper_1
TRACE::2025-11-13.13:01:35::SCWPlatform::Opened existing hwdb design_1_wrapper_1
TRACE::2025-11-13.13:01:35::SCWPlatform::Found the Hw Db part of the input DSA
TRACE::2025-11-13.13:01:35::SCWMssOS::Checking the sw design at  C:/unswworks/workspace/project_plat/zynqmp_fsbl/zynqmp_fsbl_bsp/system.mss
TRACE::2025-11-13.13:01:35::SCWMssOS::DEBUG:  swdes dump  C:/unswworks/workspace/project_plat/psu_cortexa53_0/standalone_domain/bsp/system.mss|system_1||
C:/unswworks/workspace/project_plat/zynqmp_fsbl/zynqmp_fsbl_bsp/system.mss|system||
C:/unswworks/workspace/project_plat/zynqmp_pmufw/zynqmp_pmufw_bsp/system.mss|system_0||

TRACE::2025-11-13.13:01:35::SCWMssOS::Sw design exists and opened at  C:/unswworks/workspace/project_plat/zynqmp_fsbl/zynqmp_fsbl_bsp/system.mss
TRACE::2025-11-13.13:01:35::SCWPlatform::Trying to open the hw design at C:/unswworks/workspace/project_plat/hw/v2.0.xsa
TRACE::2025-11-13.13:01:35::SCWPlatform::DSA given C:/unswworks/workspace/project_plat/hw/v2.0.xsa
TRACE::2025-11-13.13:01:35::SCWPlatform::DSA absoulate path C:/unswworks/workspace/project_plat/hw/v2.0.xsa
TRACE::2025-11-13.13:01:35::SCWPlatform::DSA directory C:/unswworks/workspace/project_plat/hw
TRACE::2025-11-13.13:01:35::SCWPlatform:: Platform Path C:/unswworks/workspace/project_plat/hw/v2.0.xsa
TRACE::2025-11-13.13:01:35::SCWPlatform:: Unique name xilinx:kv260_som::0.0
TRACE::2025-11-13.13:01:35::SCWPlatform::Trying to set the existing hwdb with name design_1_wrapper_1
TRACE::2025-11-13.13:01:35::SCWPlatform::Opened existing hwdb design_1_wrapper_1
TRACE::2025-11-13.13:01:35::SCWPlatform::Found the Hw Db part of the input DSA
TRACE::2025-11-13.13:01:35::SCWMssOS::Checking the sw design at  C:/unswworks/workspace/project_plat/zynqmp_pmufw/zynqmp_pmufw_bsp/system.mss
TRACE::2025-11-13.13:01:35::SCWMssOS::DEBUG:  swdes dump  C:/unswworks/workspace/project_plat/psu_cortexa53_0/standalone_domain/bsp/system.mss|system_1||
C:/unswworks/workspace/project_plat/zynqmp_fsbl/zynqmp_fsbl_bsp/system.mss|system||
C:/unswworks/workspace/project_plat/zynqmp_pmufw/zynqmp_pmufw_bsp/system.mss|system_0||

TRACE::2025-11-13.13:01:35::SCWMssOS::Sw design exists and opened at  C:/unswworks/workspace/project_plat/zynqmp_pmufw/zynqmp_pmufw_bsp/system.mss
TRACE::2025-11-13.13:01:35::SCWPlatform::Trying to open the hw design at C:/unswworks/workspace/project_plat/hw/v2.0.xsa
TRACE::2025-11-13.13:01:35::SCWPlatform::DSA given C:/unswworks/workspace/project_plat/hw/v2.0.xsa
TRACE::2025-11-13.13:01:35::SCWPlatform::DSA absoulate path C:/unswworks/workspace/project_plat/hw/v2.0.xsa
TRACE::2025-11-13.13:01:35::SCWPlatform::DSA directory C:/unswworks/workspace/project_plat/hw
TRACE::2025-11-13.13:01:35::SCWPlatform:: Platform Path C:/unswworks/workspace/project_plat/hw/v2.0.xsa
TRACE::2025-11-13.13:01:35::SCWPlatform:: Unique name xilinx:kv260_som::0.0
TRACE::2025-11-13.13:01:35::SCWPlatform::Trying to set the existing hwdb with name design_1_wrapper_1
TRACE::2025-11-13.13:01:35::SCWPlatform::Opened existing hwdb design_1_wrapper_1
TRACE::2025-11-13.13:01:35::SCWPlatform::Found the Hw Db part of the input DSA
TRACE::2025-11-13.13:01:35::SCWMssOS::Checking the sw design at  C:/unswworks/workspace/project_plat/psu_cortexa53_0/standalone_domain/bsp/system.mss
TRACE::2025-11-13.13:01:35::SCWMssOS::DEBUG:  swdes dump  C:/unswworks/workspace/project_plat/psu_cortexa53_0/standalone_domain/bsp/system.mss|system_1||
C:/unswworks/workspace/project_plat/zynqmp_fsbl/zynqmp_fsbl_bsp/system.mss|system||
C:/unswworks/workspace/project_plat/zynqmp_pmufw/zynqmp_pmufw_bsp/system.mss|system_0||

TRACE::2025-11-13.13:01:35::SCWMssOS::Sw design exists and opened at  C:/unswworks/workspace/project_plat/psu_cortexa53_0/standalone_domain/bsp/system.mss
TRACE::2025-11-13.13:01:35::SCWWriter::formatted JSON is {
	"platformName":	"project_plat",
	"sprVersion":	"2.0",
	"mode":	"gui",
	"dsaType":	"Fixed",
	"platformDesc":	"project_plat",
	"platHandOff":	"C:/unswworks/COMP3601/COMP3601_Project_Audio_tuner/v2.0.xsa",
	"platIntHandOff":	"<platformDir>/hw/v2.0.xsa",
	"deviceType":	"zynqMP",
	"platIsPrebuiltAutogen":	"false",
	"platIsNoBootBsp":	"false",
	"platFsblTarget":	"psu_cortexa53_0",
	"hasFsblMakeHasChanges":	"false",
	"hasPmufwMakeHasChanges":	"false",
	"fsblExtraCompilerFlags":	"-MMD -MP      -Wall -fmessage-length=0 -DARMA53_64 -Os -flto -ffat-lto-objects  ",
	"pmufwExtraCompilerFlags":	"-MMD -MP      -mlittle-endian -mxl-barrel-shift -mxl-pattern-compare -mcpu=v9.2 -mxl-soft-mul -Os -flto -ffat-lto-objects  ",
	"platPreBuiltFlag":	false,
	"platformSamplesDir":	"",
	"platActiveSys":	"project_plat",
	"systems":	[{
			"systemName":	"project_plat",
			"systemDesc":	"project_plat",
			"sysIsBootAutoGen":	"true",
			"systemDispName":	"project_plat",
			"sysActiveDom":	"standalone_domain",
			"sysDefaultDom":	"standalone_domain",
			"domains":	[{
					"domainName":	"zynqmp_fsbl",
					"domainDispName":	"zynqmp_fsbl",
					"domainDesc":	"FSBL Application BSP - Auto Generated.",
					"processors":	"psu_cortexa53_0",
					"os":	"standalone",
					"sdxOs":	"standalone",
					"debugEnable":	"",
					"domRuntimes":	["cpp"],
					"swRepo":	"",
					"mssOsVer":	"9.1",
					"mssFile":	"",
					"md5Digest":	"c840dc5ca3c31eaf7e04acf9165c0038",
					"compatibleApp":	"zynqmp_fsbl",
					"domType":	"bootDomain",
					"arch":	"64-bit",
					"appSettings":	{
						"appCompilerFlags":	"",
						"appLinkerFlags":	""
					},
					"addedLibs":	["xilffs:5.2", "xilsecure:5.3", "xilpm:5.2"],
					"libOptions":	{
						"standalone":	{
							"zynqmp_fsbl_bsp":	"true",
							"libOptionNames":	["zynqmp_fsbl_bsp"]
						},
						"xilffs":	{
							"read_only":	"true",
							"use_mkfs":	"false",
							"libOptionNames":	["read_only", "use_mkfs"]
						},
						"xilsecure":	{
							"tpm_support":	"true",
							"libOptionNames":	["tpm_support"]
						},
						"libsContainingOptions":	["standalone", "xilffs", "xilsecure"]
					},
					"prebuiltLibs":	{
						"prebuiltIncPath":	[],
						"prebuiltLibPath":	[]
					},
					"isolation":	{
					}
				}, {
					"domainName":	"zynqmp_pmufw",
					"domainDispName":	"zynqmp_pmufw",
					"domainDesc":	"PMUFW Application BSP - Auto Generated.",
					"processors":	"psu_pmu_0",
					"os":	"standalone",
					"sdxOs":	"standalone",
					"debugEnable":	"",
					"domRuntimes":	["cpp"],
					"swRepo":	"",
					"mssOsVer":	"9.1",
					"mssFile":	"",
					"md5Digest":	"44b175d2d7d102d21d15df130611c3a1",
					"compatibleApp":	"zynqmp_pmufw",
					"domType":	"bootDomain",
					"arch":	"32-bit",
					"appSettings":	{
						"appCompilerFlags":	"",
						"appLinkerFlags":	""
					},
					"addedLibs":	["xilfpga:6.6", "xilsecure:5.3", "xilskey:7.6"],
					"libOptions":	{
						"psu_pmu_0":	{
							"extra_compiler_flags":	"-g -ffunction-sections -fdata-sections -Wall -Wextra -fno-tree-loop-distribute-patterns  -Os -flto -ffat-lto-objects",
							"libOptionNames":	["extra_compiler_flags"]
						},
						"libsContainingOptions":	["psu_pmu_0"]
					},
					"prebuiltLibs":	{
						"prebuiltIncPath":	[],
						"prebuiltLibPath":	[]
					},
					"isolation":	{
					}
				}, {
					"domainName":	"standalone_domain",
					"domainDispName":	"standalone on psu_cortexa53_0",
					"domainDesc":	"standalone_domain",
					"processors":	"psu_cortexa53_0",
					"os":	"standalone",
					"sdxOs":	"standalone",
					"qemuArgs":	"<platformDir>/resources/project_plat/standalone_domain/qemu_args.txt",
					"qemuData":	"<platformDir>/resources/project_plat/standalone_domain/qemu",
					"pmuQemuArgs":	"<platformDir>/resources/project_plat/standalone_domain/pmu_args.txt",
					"debugEnable":	"False",
					"domRuntimes":	["cpp"],
					"swRepo":	"",
					"mssOsVer":	"9.1",
					"mssFile":	"",
					"md5Digest":	"3d1111e1091d2a5a3256d77dd15cb6e5",
					"compatibleApp":	"",
					"domType":	"mssDomain",
					"arch":	"64-bit",
					"appSettings":	{
						"appCompilerFlags":	"",
						"appLinkerFlags":	""
					},
					"addedLibs":	[],
					"libOptions":	{
						"libsContainingOptions":	[]
					},
					"prebuiltLibs":	{
						"prebuiltIncPath":	[],
						"prebuiltLibPath":	[]
					},
					"isolation":	{
					}
				}]
		}]
}
KEYINFO::2025-11-13.13:01:35::SCWPlatform::updated the xpfm file.
TRACE::2025-11-13.13:01:35::SCWPlatform::Trying to open the hw design at C:/unswworks/workspace/project_plat/hw/v2.0.xsa
TRACE::2025-11-13.13:01:35::SCWPlatform::DSA given C:/unswworks/workspace/project_plat/hw/v2.0.xsa
TRACE::2025-11-13.13:01:35::SCWPlatform::DSA absoulate path C:/unswworks/workspace/project_plat/hw/v2.0.xsa
TRACE::2025-11-13.13:01:35::SCWPlatform::DSA directory C:/unswworks/workspace/project_plat/hw
TRACE::2025-11-13.13:01:35::SCWPlatform:: Platform Path C:/unswworks/workspace/project_plat/hw/v2.0.xsa
TRACE::2025-11-13.13:01:35::SCWPlatform:: Unique name xilinx:kv260_som::0.0
TRACE::2025-11-13.13:01:35::SCWPlatform::Trying to set the existing hwdb with name design_1_wrapper_1
TRACE::2025-11-13.13:01:35::SCWPlatform::Opened existing hwdb design_1_wrapper_1
TRACE::2025-11-13.13:01:35::SCWPlatform::Found the Hw Db part of the input DSA
TRACE::2025-11-13.13:01:35::SCWMssOS::Checking the sw design at  C:/unswworks/workspace/project_plat/psu_cortexa53_0/standalone_domain/bsp/system.mss
TRACE::2025-11-13.13:01:35::SCWMssOS::DEBUG:  swdes dump  C:/unswworks/workspace/project_plat/psu_cortexa53_0/standalone_domain/bsp/system.mss|system_1||
C:/unswworks/workspace/project_plat/zynqmp_fsbl/zynqmp_fsbl_bsp/system.mss|system||
C:/unswworks/workspace/project_plat/zynqmp_pmufw/zynqmp_pmufw_bsp/system.mss|system_0||

TRACE::2025-11-13.13:01:35::SCWMssOS::Sw design exists and opened at  C:/unswworks/workspace/project_plat/psu_cortexa53_0/standalone_domain/bsp/system.mss
LOG::2025-11-13.13:45:54::SCWPlatform::Started generating the artifacts platform project_plat
TRACE::2025-11-13.13:45:54::SCWPlatform::Sanity checking of platform is completed
LOG::2025-11-13.13:45:54::SCWPlatform::Started generating the artifacts for system configuration project_plat
LOG::2025-11-13.13:45:54::SCWSystem::Checking the domain zynqmp_fsbl
LOG::2025-11-13.13:45:54::SCWSystem::Doing application build for :  zynqmp_fsbl
TRACE::2025-11-13.13:45:54::SCWBDomain::Not a forced makefile updation, No changes are present. 
TRACE::2025-11-13.13:45:54::SCWDomain::Skipping the build for domain :  zynqmp_fsbl
LOG::2025-11-13.13:45:54::SCWSystem::Checking the domain zynqmp_pmufw
LOG::2025-11-13.13:45:54::SCWSystem::Doing application build for :  zynqmp_pmufw
TRACE::2025-11-13.13:45:54::SCWBDomain::Not a forced makefile updation, No changes are present. 
TRACE::2025-11-13.13:45:54::SCWDomain::Skipping the build for domain :  zynqmp_pmufw
LOG::2025-11-13.13:45:54::SCWSystem::Checking the domain standalone_domain
LOG::2025-11-13.13:45:54::SCWSystem::Not a boot domain 
LOG::2025-11-13.13:45:54::SCWSystem::Started Processing the domain standalone_domain
TRACE::2025-11-13.13:45:54::SCWDomain::Generating domain artifcats
TRACE::2025-11-13.13:45:54::SCWMssOS::Generating standalone artifcats
TRACE::2025-11-13.13:45:54::SCWMssOS::Copying the qemu file from  C:/unswworks/workspace/project_plat/resources/project_plat/standalone_domain/qemu_args.txt To C:/unswworks/workspace/project_plat/export/project_plat/sw/project_plat/qemu/
TRACE::2025-11-13.13:45:54::SCWMssOS::Copying the qemu file from  C:/unswworks/workspace/project_plat/resources/project_plat/standalone_domain/qemu_args.txt To C:/unswworks/workspace/project_plat/export/project_plat/sw/project_plat/qemu/
TRACE::2025-11-13.13:45:54::SCWMssOS::Copying the qemu file from  C:/unswworks/workspace/project_plat/resources/project_plat/standalone_domain/qemu_args.txt To C:/unswworks/workspace/project_plat/export/project_plat/sw/project_plat/standalone_domain/qemu/
TRACE::2025-11-13.13:45:54::SCWMssOS::Copying the qemu file from  C:/unswworks/workspace/project_plat/resources/project_plat/standalone_domain/qemu_args.txt To C:/unswworks/workspace/project_plat/export/project_plat/sw/project_plat/standalone_domain/qemu/
TRACE::2025-11-13.13:45:54::SCWMssOS:: Copying the user libraries. 
TRACE::2025-11-13.13:45:54::SCWPlatform::Trying to open the hw design at C:/unswworks/workspace/project_plat/hw/v2.0.xsa
TRACE::2025-11-13.13:45:54::SCWPlatform::DSA given C:/unswworks/workspace/project_plat/hw/v2.0.xsa
TRACE::2025-11-13.13:45:54::SCWPlatform::DSA absoulate path C:/unswworks/workspace/project_plat/hw/v2.0.xsa
TRACE::2025-11-13.13:45:54::SCWPlatform::DSA directory C:/unswworks/workspace/project_plat/hw
TRACE::2025-11-13.13:45:54::SCWPlatform:: Platform Path C:/unswworks/workspace/project_plat/hw/v2.0.xsa
TRACE::2025-11-13.13:45:54::SCWPlatform:: Unique name xilinx:kv260_som::0.0
TRACE::2025-11-13.13:45:54::SCWPlatform::Trying to set the existing hwdb with name design_1_wrapper_1
TRACE::2025-11-13.13:45:54::SCWPlatform::Opened existing hwdb design_1_wrapper_1
TRACE::2025-11-13.13:45:54::SCWPlatform::Found the Hw Db part of the input DSA
TRACE::2025-11-13.13:45:54::SCWMssOS::Checking the sw design at  C:/unswworks/workspace/project_plat/psu_cortexa53_0/standalone_domain/bsp/system.mss
TRACE::2025-11-13.13:45:54::SCWMssOS::DEBUG:  swdes dump  C:/unswworks/workspace/147/zynqmp_fsbl/zynqmp_fsbl_bsp/system.mss|system_2||
C:/unswworks/workspace/147/zynqmp_pmufw/zynqmp_pmufw_bsp/system.mss|system_3||
C:/unswworks/workspace/project_plat/psu_cortexa53_0/standalone_domain/bsp/system.mss|system_1||
C:/unswworks/workspace/project_plat/zynqmp_fsbl/zynqmp_fsbl_bsp/system.mss|system||
C:/unswworks/workspace/project_plat/zynqmp_pmufw/zynqmp_pmufw_bsp/system.mss|system_0||

TRACE::2025-11-13.13:45:54::SCWMssOS::Sw design exists and opened at  C:/unswworks/workspace/project_plat/psu_cortexa53_0/standalone_domain/bsp/system.mss
TRACE::2025-11-13.13:45:54::SCWMssOS::Completed writing the mss file at C:/unswworks/workspace/project_plat/psu_cortexa53_0/standalone_domain/bsp
TRACE::2025-11-13.13:45:54::SCWMssOS::Mss edits present, copying mssfile into export location C:/unswworks/workspace/project_plat/psu_cortexa53_0/standalone_domain/bsp/system.mss
TRACE::2025-11-13.13:45:54::SCWMssOS::bsp generated is upto date with the mss file. Skipping bsp generation.
TRACE::2025-11-13.13:45:54::SCWMssOS::BSP is already built. skipping the bsp build ... 
TRACE::2025-11-13.13:45:54::SCWDomain::Skipping the build for domain :  standalone_domain
TRACE::2025-11-13.13:45:54::SCWMssOS::skipping the bsp build ... 
TRACE::2025-11-13.13:45:54::SCWMssOS::Copying to export directory.
TRACE::2025-11-13.13:45:54::SCWMssOS:: Checking if to create the Supporting Applications
TRACE::2025-11-13.13:45:54::SCWMssOS:: No Linux domain exists, trying to generate FSBL 
LOG::2025-11-13.13:45:54::SCWSystem::Completed Processing the domain standalone_domain
LOG::2025-11-13.13:45:54::SCWSystem::Completed Processing the sysconfig project_plat
LOG::2025-11-13.13:45:54::SCWPlatform::Completed generating the artifacts for system configuration project_plat
TRACE::2025-11-13.13:45:54::SCWPlatform::Started preparing the platform 
TRACE::2025-11-13.13:45:54::SCWSystem::Writing the bif file for system config project_plat
TRACE::2025-11-13.13:45:54::SCWSystem::dir created 
TRACE::2025-11-13.13:45:54::SCWSystem::Writing the bif 
TRACE::2025-11-13.13:45:54::SCWPlatform::Started writing the spfm file 
TRACE::2025-11-13.13:45:54::SCWPlatform::Started writing the xpfm file 
TRACE::2025-11-13.13:45:54::SCWPlatform::Completed generating the platform
TRACE::2025-11-13.13:45:54::SCWMssOS::Saving the mss changes C:/unswworks/workspace/project_plat/zynqmp_fsbl/zynqmp_fsbl_bsp/system.mss
TRACE::2025-11-13.13:45:54::SCWMssOS::Found a swdesign opened with the mssfile.
TRACE::2025-11-13.13:45:54::SCWMssOS::Completed writemss as part of save.
TRACE::2025-11-13.13:45:54::SCWMssOS::Commit changes completed.
TRACE::2025-11-13.13:45:54::SCWMssOS::Saving the mss changes C:/unswworks/workspace/project_plat/zynqmp_pmufw/zynqmp_pmufw_bsp/system.mss
TRACE::2025-11-13.13:45:54::SCWMssOS::Found a swdesign opened with the mssfile.
TRACE::2025-11-13.13:45:54::SCWMssOS::Completed writemss as part of save.
TRACE::2025-11-13.13:45:54::SCWMssOS::Commit changes completed.
TRACE::2025-11-13.13:45:54::SCWMssOS::Saving the mss changes C:/unswworks/workspace/project_plat/psu_cortexa53_0/standalone_domain/bsp/system.mss
TRACE::2025-11-13.13:45:54::SCWMssOS::Found a swdesign opened with the mssfile.
TRACE::2025-11-13.13:45:54::SCWMssOS::Completed writemss as part of save.
TRACE::2025-11-13.13:45:54::SCWMssOS::Commit changes completed.
TRACE::2025-11-13.13:45:54::SCWPlatform::Trying to open the hw design at C:/unswworks/workspace/project_plat/hw/v2.0.xsa
TRACE::2025-11-13.13:45:54::SCWPlatform::DSA given C:/unswworks/workspace/project_plat/hw/v2.0.xsa
TRACE::2025-11-13.13:45:54::SCWPlatform::DSA absoulate path C:/unswworks/workspace/project_plat/hw/v2.0.xsa
TRACE::2025-11-13.13:45:54::SCWPlatform::DSA directory C:/unswworks/workspace/project_plat/hw
TRACE::2025-11-13.13:45:54::SCWPlatform:: Platform Path C:/unswworks/workspace/project_plat/hw/v2.0.xsa
TRACE::2025-11-13.13:45:54::SCWPlatform:: Unique name xilinx:kv260_som::0.0
TRACE::2025-11-13.13:45:54::SCWPlatform::Trying to set the existing hwdb with name design_1_wrapper_1
TRACE::2025-11-13.13:45:54::SCWPlatform::Opened existing hwdb design_1_wrapper_1
TRACE::2025-11-13.13:45:54::SCWPlatform::Found the Hw Db part of the input DSA
TRACE::2025-11-13.13:45:54::SCWMssOS::Checking the sw design at  C:/unswworks/workspace/project_plat/zynqmp_fsbl/zynqmp_fsbl_bsp/system.mss
TRACE::2025-11-13.13:45:54::SCWMssOS::DEBUG:  swdes dump  C:/unswworks/workspace/147/zynqmp_fsbl/zynqmp_fsbl_bsp/system.mss|system_2||
C:/unswworks/workspace/147/zynqmp_pmufw/zynqmp_pmufw_bsp/system.mss|system_3||
C:/unswworks/workspace/project_plat/psu_cortexa53_0/standalone_domain/bsp/system.mss|system_1||
C:/unswworks/workspace/project_plat/zynqmp_fsbl/zynqmp_fsbl_bsp/system.mss|system||
C:/unswworks/workspace/project_plat/zynqmp_pmufw/zynqmp_pmufw_bsp/system.mss|system_0||

TRACE::2025-11-13.13:45:54::SCWMssOS::Sw design exists and opened at  C:/unswworks/workspace/project_plat/zynqmp_fsbl/zynqmp_fsbl_bsp/system.mss
TRACE::2025-11-13.13:45:54::SCWPlatform::Trying to open the hw design at C:/unswworks/workspace/project_plat/hw/v2.0.xsa
TRACE::2025-11-13.13:45:54::SCWPlatform::DSA given C:/unswworks/workspace/project_plat/hw/v2.0.xsa
TRACE::2025-11-13.13:45:54::SCWPlatform::DSA absoulate path C:/unswworks/workspace/project_plat/hw/v2.0.xsa
TRACE::2025-11-13.13:45:54::SCWPlatform::DSA directory C:/unswworks/workspace/project_plat/hw
TRACE::2025-11-13.13:45:54::SCWPlatform:: Platform Path C:/unswworks/workspace/project_plat/hw/v2.0.xsa
TRACE::2025-11-13.13:45:54::SCWPlatform:: Unique name xilinx:kv260_som::0.0
TRACE::2025-11-13.13:45:54::SCWPlatform::Trying to set the existing hwdb with name design_1_wrapper_1
TRACE::2025-11-13.13:45:54::SCWPlatform::Opened existing hwdb design_1_wrapper_1
TRACE::2025-11-13.13:45:54::SCWPlatform::Found the Hw Db part of the input DSA
TRACE::2025-11-13.13:45:54::SCWMssOS::Checking the sw design at  C:/unswworks/workspace/project_plat/zynqmp_pmufw/zynqmp_pmufw_bsp/system.mss
TRACE::2025-11-13.13:45:54::SCWMssOS::DEBUG:  swdes dump  C:/unswworks/workspace/147/zynqmp_fsbl/zynqmp_fsbl_bsp/system.mss|system_2||
C:/unswworks/workspace/147/zynqmp_pmufw/zynqmp_pmufw_bsp/system.mss|system_3||
C:/unswworks/workspace/project_plat/psu_cortexa53_0/standalone_domain/bsp/system.mss|system_1||
C:/unswworks/workspace/project_plat/zynqmp_fsbl/zynqmp_fsbl_bsp/system.mss|system||
C:/unswworks/workspace/project_plat/zynqmp_pmufw/zynqmp_pmufw_bsp/system.mss|system_0||

TRACE::2025-11-13.13:45:54::SCWMssOS::Sw design exists and opened at  C:/unswworks/workspace/project_plat/zynqmp_pmufw/zynqmp_pmufw_bsp/system.mss
TRACE::2025-11-13.13:45:54::SCWPlatform::Trying to open the hw design at C:/unswworks/workspace/project_plat/hw/v2.0.xsa
TRACE::2025-11-13.13:45:54::SCWPlatform::DSA given C:/unswworks/workspace/project_plat/hw/v2.0.xsa
TRACE::2025-11-13.13:45:54::SCWPlatform::DSA absoulate path C:/unswworks/workspace/project_plat/hw/v2.0.xsa
TRACE::2025-11-13.13:45:54::SCWPlatform::DSA directory C:/unswworks/workspace/project_plat/hw
TRACE::2025-11-13.13:45:54::SCWPlatform:: Platform Path C:/unswworks/workspace/project_plat/hw/v2.0.xsa
TRACE::2025-11-13.13:45:54::SCWPlatform:: Unique name xilinx:kv260_som::0.0
TRACE::2025-11-13.13:45:54::SCWPlatform::Trying to set the existing hwdb with name design_1_wrapper_1
TRACE::2025-11-13.13:45:54::SCWPlatform::Opened existing hwdb design_1_wrapper_1
TRACE::2025-11-13.13:45:54::SCWPlatform::Found the Hw Db part of the input DSA
TRACE::2025-11-13.13:45:54::SCWMssOS::Checking the sw design at  C:/unswworks/workspace/project_plat/psu_cortexa53_0/standalone_domain/bsp/system.mss
TRACE::2025-11-13.13:45:54::SCWMssOS::DEBUG:  swdes dump  C:/unswworks/workspace/147/zynqmp_fsbl/zynqmp_fsbl_bsp/system.mss|system_2||
C:/unswworks/workspace/147/zynqmp_pmufw/zynqmp_pmufw_bsp/system.mss|system_3||
C:/unswworks/workspace/project_plat/psu_cortexa53_0/standalone_domain/bsp/system.mss|system_1||
C:/unswworks/workspace/project_plat/zynqmp_fsbl/zynqmp_fsbl_bsp/system.mss|system||
C:/unswworks/workspace/project_plat/zynqmp_pmufw/zynqmp_pmufw_bsp/system.mss|system_0||

TRACE::2025-11-13.13:45:54::SCWMssOS::Sw design exists and opened at  C:/unswworks/workspace/project_plat/psu_cortexa53_0/standalone_domain/bsp/system.mss
TRACE::2025-11-13.13:45:54::SCWWriter::formatted JSON is {
	"platformName":	"project_plat",
	"sprVersion":	"2.0",
	"mode":	"gui",
	"dsaType":	"Fixed",
	"platformDesc":	"project_plat",
	"platHandOff":	"C:/unswworks/COMP3601/COMP3601_Project_Audio_tuner/v2.0.xsa",
	"platIntHandOff":	"<platformDir>/hw/v2.0.xsa",
	"deviceType":	"zynqMP",
	"platIsPrebuiltAutogen":	"false",
	"platIsNoBootBsp":	"false",
	"platFsblTarget":	"psu_cortexa53_0",
	"hasFsblMakeHasChanges":	"false",
	"hasPmufwMakeHasChanges":	"false",
	"fsblExtraCompilerFlags":	"-MMD -MP      -Wall -fmessage-length=0 -DARMA53_64 -Os -flto -ffat-lto-objects  ",
	"pmufwExtraCompilerFlags":	"-MMD -MP      -mlittle-endian -mxl-barrel-shift -mxl-pattern-compare -mcpu=v9.2 -mxl-soft-mul -Os -flto -ffat-lto-objects  ",
	"platPreBuiltFlag":	false,
	"platformSamplesDir":	"",
	"platActiveSys":	"project_plat",
	"systems":	[{
			"systemName":	"project_plat",
			"systemDesc":	"project_plat",
			"sysIsBootAutoGen":	"true",
			"systemDispName":	"project_plat",
			"sysActiveDom":	"standalone_domain",
			"sysDefaultDom":	"standalone_domain",
			"domains":	[{
					"domainName":	"zynqmp_fsbl",
					"domainDispName":	"zynqmp_fsbl",
					"domainDesc":	"FSBL Application BSP - Auto Generated.",
					"processors":	"psu_cortexa53_0",
					"os":	"standalone",
					"sdxOs":	"standalone",
					"debugEnable":	"",
					"domRuntimes":	["cpp"],
					"swRepo":	"",
					"mssOsVer":	"9.1",
					"mssFile":	"",
					"md5Digest":	"c840dc5ca3c31eaf7e04acf9165c0038",
					"compatibleApp":	"zynqmp_fsbl",
					"domType":	"bootDomain",
					"arch":	"64-bit",
					"appSettings":	{
						"appCompilerFlags":	"",
						"appLinkerFlags":	""
					},
					"addedLibs":	["xilffs:5.2", "xilsecure:5.3", "xilpm:5.2"],
					"libOptions":	{
						"standalone":	{
							"zynqmp_fsbl_bsp":	"true",
							"libOptionNames":	["zynqmp_fsbl_bsp"]
						},
						"xilffs":	{
							"read_only":	"true",
							"use_mkfs":	"false",
							"libOptionNames":	["read_only", "use_mkfs"]
						},
						"xilsecure":	{
							"tpm_support":	"true",
							"libOptionNames":	["tpm_support"]
						},
						"libsContainingOptions":	["standalone", "xilffs", "xilsecure"]
					},
					"prebuiltLibs":	{
						"prebuiltIncPath":	[],
						"prebuiltLibPath":	[]
					},
					"isolation":	{
					}
				}, {
					"domainName":	"zynqmp_pmufw",
					"domainDispName":	"zynqmp_pmufw",
					"domainDesc":	"PMUFW Application BSP - Auto Generated.",
					"processors":	"psu_pmu_0",
					"os":	"standalone",
					"sdxOs":	"standalone",
					"debugEnable":	"",
					"domRuntimes":	["cpp"],
					"swRepo":	"",
					"mssOsVer":	"9.1",
					"mssFile":	"",
					"md5Digest":	"44b175d2d7d102d21d15df130611c3a1",
					"compatibleApp":	"zynqmp_pmufw",
					"domType":	"bootDomain",
					"arch":	"32-bit",
					"appSettings":	{
						"appCompilerFlags":	"",
						"appLinkerFlags":	""
					},
					"addedLibs":	["xilfpga:6.6", "xilsecure:5.3", "xilskey:7.6"],
					"libOptions":	{
						"psu_pmu_0":	{
							"extra_compiler_flags":	"-g -ffunction-sections -fdata-sections -Wall -Wextra -fno-tree-loop-distribute-patterns  -Os -flto -ffat-lto-objects",
							"libOptionNames":	["extra_compiler_flags"]
						},
						"libsContainingOptions":	["psu_pmu_0"]
					},
					"prebuiltLibs":	{
						"prebuiltIncPath":	[],
						"prebuiltLibPath":	[]
					},
					"isolation":	{
					}
				}, {
					"domainName":	"standalone_domain",
					"domainDispName":	"standalone on psu_cortexa53_0",
					"domainDesc":	"standalone_domain",
					"processors":	"psu_cortexa53_0",
					"os":	"standalone",
					"sdxOs":	"standalone",
					"qemuArgs":	"<platformDir>/resources/project_plat/standalone_domain/qemu_args.txt",
					"qemuData":	"<platformDir>/resources/project_plat/standalone_domain/qemu",
					"pmuQemuArgs":	"<platformDir>/resources/project_plat/standalone_domain/pmu_args.txt",
					"debugEnable":	"False",
					"domRuntimes":	["cpp"],
					"swRepo":	"",
					"mssOsVer":	"9.1",
					"mssFile":	"",
					"md5Digest":	"3d1111e1091d2a5a3256d77dd15cb6e5",
					"compatibleApp":	"",
					"domType":	"mssDomain",
					"arch":	"64-bit",
					"appSettings":	{
						"appCompilerFlags":	"",
						"appLinkerFlags":	""
					},
					"addedLibs":	[],
					"libOptions":	{
						"libsContainingOptions":	[]
					},
					"prebuiltLibs":	{
						"prebuiltIncPath":	[],
						"prebuiltLibPath":	[]
					},
					"isolation":	{
					}
				}]
		}]
}
KEYINFO::2025-11-13.13:45:54::SCWPlatform::updated the xpfm file.
TRACE::2025-11-13.13:45:55::SCWPlatform::Trying to open the hw design at C:/unswworks/workspace/project_plat/hw/v2.0.xsa
TRACE::2025-11-13.13:45:55::SCWPlatform::DSA given C:/unswworks/workspace/project_plat/hw/v2.0.xsa
TRACE::2025-11-13.13:45:55::SCWPlatform::DSA absoulate path C:/unswworks/workspace/project_plat/hw/v2.0.xsa
TRACE::2025-11-13.13:45:55::SCWPlatform::DSA directory C:/unswworks/workspace/project_plat/hw
TRACE::2025-11-13.13:45:55::SCWPlatform:: Platform Path C:/unswworks/workspace/project_plat/hw/v2.0.xsa
TRACE::2025-11-13.13:45:55::SCWPlatform:: Unique name xilinx:kv260_som::0.0
TRACE::2025-11-13.13:45:55::SCWPlatform::Trying to set the existing hwdb with name design_1_wrapper_1
TRACE::2025-11-13.13:45:55::SCWPlatform::Opened existing hwdb design_1_wrapper_1
TRACE::2025-11-13.13:45:55::SCWPlatform::Found the Hw Db part of the input DSA
TRACE::2025-11-13.13:45:55::SCWMssOS::Checking the sw design at  C:/unswworks/workspace/project_plat/psu_cortexa53_0/standalone_domain/bsp/system.mss
TRACE::2025-11-13.13:45:55::SCWMssOS::DEBUG:  swdes dump  C:/unswworks/workspace/147/zynqmp_fsbl/zynqmp_fsbl_bsp/system.mss|system_2||
C:/unswworks/workspace/147/zynqmp_pmufw/zynqmp_pmufw_bsp/system.mss|system_3||
C:/unswworks/workspace/project_plat/psu_cortexa53_0/standalone_domain/bsp/system.mss|system_1||
C:/unswworks/workspace/project_plat/zynqmp_fsbl/zynqmp_fsbl_bsp/system.mss|system||
C:/unswworks/workspace/project_plat/zynqmp_pmufw/zynqmp_pmufw_bsp/system.mss|system_0||

TRACE::2025-11-13.13:45:55::SCWMssOS::Sw design exists and opened at  C:/unswworks/workspace/project_plat/psu_cortexa53_0/standalone_domain/bsp/system.mss
TRACE::2025-11-13.13:47:51::SCWBDomain::System Command Ran  C:&  cd  C:/unswworks/workspace/project_plat/zynqmp_fsbl & make clean
TRACE::2025-11-13.13:47:51::SCWBDomain::rm -rf  xfsbl_partition_load.o  xfsbl_qspi.o  xfsbl_csu_dma.o  xfsbl_nand.o  xfsbl_image_header.o  xfsbl_hooks.o  xfsbl_main.o 
TRACE::2025-11-13.13:47:51::SCWBDomain:: xfsbl_dfu_util.o  xfsbl_tpm.o  xfsbl_initialization.o  xfsbl_ddr_init.o  xfsbl_handoff.o  psu_init.o  xfsbl_sd.o  xfsbl_board.
TRACE::2025-11-13.13:47:51::SCWBDomain::o  xfsbl_misc_drivers.o  xfsbl_rsa_sha.o  xfsbl_bs.o  xfsbl_tpm_util.o  xfsbl_plpartition_valid.o  xfsbl_misc.o  xfsbl_authenti
TRACE::2025-11-13.13:47:51::SCWBDomain::cation.o  xfsbl_usb.o  xfsbl_exit.o  xfsbl_translation_table.o zynqmp_fsbl_bsp/psu_cortexa53_0/lib/libxil.a fsbl_a53.elf *.o

TRACE::2025-11-13.13:47:52::SCWBDomain::System Command Ran  C:&  cd  C:/unswworks/workspace/project_plat/zynqmp_fsbl/zynqmp_fsbl_bsp & make clean
TRACE::2025-11-13.13:47:52::SCWBDomain::make -C psu_cortexa53_0/libsrc/axidma_v9_18/src -s clean 

TRACE::2025-11-13.13:47:52::SCWBDomain::make -C psu_cortexa53_0/libsrc/axipmon_v6_11/src -s clean 

TRACE::2025-11-13.13:47:52::SCWBDomain::make -C psu_cortexa53_0/libsrc/clockps_v1_6/src -s clean 

TRACE::2025-11-13.13:47:52::SCWBDomain::make -C psu_cortexa53_0/libsrc/coresightps_dcc_v1_10/src -s clean 

TRACE::2025-11-13.13:47:52::SCWBDomain::make -C psu_cortexa53_0/libsrc/cpu_cortexa53_v2_1/src -s clean 

TRACE::2025-11-13.13:47:52::SCWBDomain::make -C psu_cortexa53_0/libsrc/csudma_v1_15/src -s clean 

TRACE::2025-11-13.13:47:52::SCWBDomain::make -C psu_cortexa53_0/libsrc/ddrcpsu_v1_6/src -s clean 

TRACE::2025-11-13.13:47:52::SCWBDomain::make -C psu_cortexa53_0/libsrc/gpiops_v3_13/src -s clean 

TRACE::2025-11-13.13:47:52::SCWBDomain::make -C psu_cortexa53_0/libsrc/gpio_v4_11/src -s clean 

TRACE::2025-11-13.13:47:52::SCWBDomain::make -C psu_cortexa53_0/libsrc/iicps_v3_19/src -s clean 

TRACE::2025-11-13.13:47:52::SCWBDomain::make -C psu_cortexa53_0/libsrc/ipipsu_v2_15/src -s clean 

TRACE::2025-11-13.13:47:52::SCWBDomain::make -C psu_cortexa53_0/libsrc/qspipsu_v1_19/src -s clean 

TRACE::2025-11-13.13:47:52::SCWBDomain::make -C psu_cortexa53_0/libsrc/resetps_v1_7/src -s clean 

TRACE::2025-11-13.13:47:52::SCWBDomain::make -C psu_cortexa53_0/libsrc/rtcpsu_v1_14/src -s clean 

TRACE::2025-11-13.13:47:53::SCWBDomain::make -C psu_cortexa53_0/libsrc/scugic_v5_3/src -s clean 

TRACE::2025-11-13.13:47:53::SCWBDomain::make -C psu_cortexa53_0/libsrc/sdps_v4_3/src -s clean 

TRACE::2025-11-13.13:47:53::SCWBDomain::make -C psu_cortexa53_0/libsrc/spips_v3_10/src -s clean 

TRACE::2025-11-13.13:47:53::SCWBDomain::make -C psu_cortexa53_0/libsrc/standalone_v9_1/src -s clean 

TRACE::2025-11-13.13:47:53::SCWBDomain::make -C psu_cortexa53_0/libsrc/sysmonpsu_v2_10/src -s clean 

TRACE::2025-11-13.13:47:53::SCWBDomain::make -C psu_cortexa53_0/libsrc/ttcps_v3_19/src -s clean 

TRACE::2025-11-13.13:47:53::SCWBDomain::make -C psu_cortexa53_0/libsrc/uartps_v3_14/src -s clean 

TRACE::2025-11-13.13:47:53::SCWBDomain::make -C psu_cortexa53_0/libsrc/wdtps_v3_7/src -s clean 

TRACE::2025-11-13.13:47:53::SCWBDomain::make -C psu_cortexa53_0/libsrc/xilffs_v5_2/src -s clean 

TRACE::2025-11-13.13:47:53::SCWBDomain::make -C psu_cortexa53_0/libsrc/xilpm_v5_2/src -s clean 

TRACE::2025-11-13.13:47:53::SCWBDomain::make -C psu_cortexa53_0/libsrc/xilsecure_v5_3/src -s clean 

TRACE::2025-11-13.13:47:53::SCWBDomain::make -C psu_cortexa53_0/libsrc/zdma_v1_18/src -s clean 

TRACE::2025-11-13.13:47:53::SCWBDomain::rm -f psu_cortexa53_0/lib/libxil.a

TRACE::2025-11-13.13:47:53::SCWBDomain::System Command Ran  C:&  cd  C:/unswworks/workspace/project_plat/zynqmp_pmufw & make clean
TRACE::2025-11-13.13:47:54::SCWBDomain::rm -rf  xpfw_mod_legacy.o  pm_csudma.o  xpfw_mod_em.o  xpfw_main.o  pm_power.o  xpfw_mod_rpu.o  pm_gpp.o  pm_periph.o  pm_pll.o
TRACE::2025-11-13.13:47:54::SCWBDomain::  idle_hooks.o  xpfw_core.o  pm_clock.o  pm_extern.o  xpfw_mod_extwdt.o  pm_reset.o  xpfw_mod_overtemp.o  xpfw_mod_stl.o  pm_ca
TRACE::2025-11-13.13:47:54::SCWBDomain::llbacks.o  pm_node_reset.o  xpfw_rom_interface.o  xpfw_mod_rtc.o  xpfw_util.o  xpfw_resets.o  xpfw_mod_pm.o  pm_slave.o  pm_bin
TRACE::2025-11-13.13:47:54::SCWBDomain::ding.o  pm_qspi.o  xpfw_xpu.o  pm_core.o  pm_sram.o  pm_requirement.o  pm_notifier.o  xpfw_module.o  xpfw_restart.o  xpfw_error
TRACE::2025-11-13.13:47:54::SCWBDomain::_manager.o  pm_master.o  xpfw_ipi_manager.o  xpfw_mod_ultra96.o  xpfw_mod_sched.o  pm_usb.o  xpfw_mod_common.o  pm_node.o  xpfw
TRACE::2025-11-13.13:47:54::SCWBDomain::_platform.o  xpfw_mod_dap.o  pm_proc.o  xpfw_mod_wdt.o  xpfw_user_startup.o  pm_ioctl.o  pm_ddr.o  pm_pinctrl.o  xpfw_events.o 
TRACE::2025-11-13.13:47:54::SCWBDomain:: xpfw_aib.o  pm_gic_proxy.o  xpfw_scheduler.o  pm_system.o  pm_mmio_access.o  pm_config.o  pm_hooks.o  xpfw_interrupts.o  xpfw_
TRACE::2025-11-13.13:47:54::SCWBDomain::start.o zynqmp_pmufw_bsp/psu_pmu_0/lib/libxil.a pmufw.elf *.o

TRACE::2025-11-13.13:47:54::SCWBDomain::System Command Ran  C:&  cd  C:/unswworks/workspace/project_plat/zynqmp_pmufw/zynqmp_pmufw_bsp & make clean
TRACE::2025-11-13.13:47:54::SCWBDomain::make -C psu_pmu_0/libsrc/axidma_v9_18/src -s clean 

TRACE::2025-11-13.13:47:54::SCWBDomain::make -C psu_pmu_0/libsrc/axipmon_v6_11/src -s clean 

TRACE::2025-11-13.13:47:54::SCWBDomain::make -C psu_pmu_0/libsrc/clockps_v1_6/src -s clean 

TRACE::2025-11-13.13:47:54::SCWBDomain::make -C psu_pmu_0/libsrc/cpu_v2_18/src -s clean 

TRACE::2025-11-13.13:47:54::SCWBDomain::make -C psu_pmu_0/libsrc/csudma_v1_15/src -s clean 

TRACE::2025-11-13.13:47:54::SCWBDomain::make -C psu_pmu_0/libsrc/ddrcpsu_v1_6/src -s clean 

TRACE::2025-11-13.13:47:54::SCWBDomain::make -C psu_pmu_0/libsrc/gpiops_v3_13/src -s clean 

TRACE::2025-11-13.13:47:54::SCWBDomain::make -C psu_pmu_0/libsrc/gpio_v4_11/src -s clean 

TRACE::2025-11-13.13:47:54::SCWBDomain::make -C psu_pmu_0/libsrc/iicps_v3_19/src -s clean 

TRACE::2025-11-13.13:47:54::SCWBDomain::make -C psu_pmu_0/libsrc/ipipsu_v2_15/src -s clean 

TRACE::2025-11-13.13:47:54::SCWBDomain::make -C psu_pmu_0/libsrc/qspipsu_v1_19/src -s clean 

TRACE::2025-11-13.13:47:54::SCWBDomain::make -C psu_pmu_0/libsrc/resetps_v1_7/src -s clean 

TRACE::2025-11-13.13:47:54::SCWBDomain::make -C psu_pmu_0/libsrc/rtcpsu_v1_14/src -s clean 

TRACE::2025-11-13.13:47:54::SCWBDomain::make -C psu_pmu_0/libsrc/sdps_v4_3/src -s clean 

TRACE::2025-11-13.13:47:54::SCWBDomain::make -C psu_pmu_0/libsrc/spips_v3_10/src -s clean 

TRACE::2025-11-13.13:47:54::SCWBDomain::make -C psu_pmu_0/libsrc/standalone_v9_1/src -s clean 

TRACE::2025-11-13.13:47:55::SCWBDomain::make -C psu_pmu_0/libsrc/sysmonpsu_v2_10/src -s clean 

TRACE::2025-11-13.13:47:55::SCWBDomain::make -C psu_pmu_0/libsrc/ttcps_v3_19/src -s clean 

TRACE::2025-11-13.13:47:55::SCWBDomain::make -C psu_pmu_0/libsrc/uartps_v3_14/src -s clean 

TRACE::2025-11-13.13:47:55::SCWBDomain::make -C psu_pmu_0/libsrc/wdtps_v3_7/src -s clean 

TRACE::2025-11-13.13:47:55::SCWBDomain::make -C psu_pmu_0/libsrc/xilfpga_v6_6/src -s clean 

TRACE::2025-11-13.13:47:55::SCWBDomain::make -C psu_pmu_0/libsrc/xilsecure_v5_3/src -s clean 

TRACE::2025-11-13.13:47:55::SCWBDomain::make -C psu_pmu_0/libsrc/xilskey_v7_6/src -s clean 

TRACE::2025-11-13.13:47:55::SCWBDomain::make -C psu_pmu_0/libsrc/zdma_v1_18/src -s clean 

TRACE::2025-11-13.13:47:55::SCWBDomain::rm -f psu_pmu_0/lib/libxil.a

TRACE::2025-11-13.13:47:55::SCWMssOS::cleaning the bsp 
TRACE::2025-11-13.13:47:55::SCWMssOS::System Command Ran  C: & cd  C:/unswworks/workspace/project_plat/psu_cortexa53_0/standalone_domain/bsp & make clean 
TRACE::2025-11-13.13:47:55::SCWMssOS::make -C psu_cortexa53_0/libsrc/axidma_v9_18/src -s clean 

TRACE::2025-11-13.13:47:55::SCWMssOS::make -C psu_cortexa53_0/libsrc/axipmon_v6_11/src -s clean 

TRACE::2025-11-13.13:47:55::SCWMssOS::make -C psu_cortexa53_0/libsrc/clockps_v1_6/src -s clean 

TRACE::2025-11-13.13:47:55::SCWMssOS::make -C psu_cortexa53_0/libsrc/coresightps_dcc_v1_10/src -s clean 

TRACE::2025-11-13.13:47:55::SCWMssOS::make -C psu_cortexa53_0/libsrc/cpu_cortexa53_v2_1/src -s clean 

TRACE::2025-11-13.13:47:55::SCWMssOS::make -C psu_cortexa53_0/libsrc/csudma_v1_15/src -s clean 

TRACE::2025-11-13.13:47:55::SCWMssOS::make -C psu_cortexa53_0/libsrc/ddrcpsu_v1_6/src -s clean 

TRACE::2025-11-13.13:47:56::SCWMssOS::make -C psu_cortexa53_0/libsrc/gpiops_v3_13/src -s clean 

TRACE::2025-11-13.13:47:56::SCWMssOS::make -C psu_cortexa53_0/libsrc/gpio_v4_11/src -s clean 

TRACE::2025-11-13.13:47:56::SCWMssOS::make -C psu_cortexa53_0/libsrc/iicps_v3_19/src -s clean 

TRACE::2025-11-13.13:47:56::SCWMssOS::make -C psu_cortexa53_0/libsrc/ipipsu_v2_15/src -s clean 

TRACE::2025-11-13.13:47:56::SCWMssOS::make -C psu_cortexa53_0/libsrc/qspipsu_v1_19/src -s clean 

TRACE::2025-11-13.13:47:56::SCWMssOS::make -C psu_cortexa53_0/libsrc/resetps_v1_7/src -s clean 

TRACE::2025-11-13.13:47:56::SCWMssOS::make -C psu_cortexa53_0/libsrc/rtcpsu_v1_14/src -s clean 

TRACE::2025-11-13.13:47:56::SCWMssOS::make -C psu_cortexa53_0/libsrc/scugic_v5_3/src -s clean 

TRACE::2025-11-13.13:47:56::SCWMssOS::make -C psu_cortexa53_0/libsrc/sdps_v4_3/src -s clean 

TRACE::2025-11-13.13:47:56::SCWMssOS::make -C psu_cortexa53_0/libsrc/spips_v3_10/src -s clean 

TRACE::2025-11-13.13:47:56::SCWMssOS::make -C psu_cortexa53_0/libsrc/standalone_v9_1/src -s clean 

TRACE::2025-11-13.13:47:56::SCWMssOS::make -C psu_cortexa53_0/libsrc/sysmonpsu_v2_10/src -s clean 

TRACE::2025-11-13.13:47:56::SCWMssOS::make -C psu_cortexa53_0/libsrc/ttcps_v3_19/src -s clean 

TRACE::2025-11-13.13:47:56::SCWMssOS::make -C psu_cortexa53_0/libsrc/uartps_v3_14/src -s clean 

TRACE::2025-11-13.13:47:57::SCWMssOS::make -C psu_cortexa53_0/libsrc/wdtps_v3_7/src -s clean 

TRACE::2025-11-13.13:47:57::SCWMssOS::make -C psu_cortexa53_0/libsrc/zdma_v1_18/src -s clean 

TRACE::2025-11-13.13:47:57::SCWMssOS::rm -f psu_cortexa53_0/lib/libxil.a

LOG::2025-11-13.13:48:02::SCWPlatform::Started generating the artifacts platform project_plat
TRACE::2025-11-13.13:48:02::SCWPlatform::Sanity checking of platform is completed
LOG::2025-11-13.13:48:02::SCWPlatform::Started generating the artifacts for system configuration project_plat
LOG::2025-11-13.13:48:02::SCWSystem::Checking the domain zynqmp_fsbl
LOG::2025-11-13.13:48:02::SCWSystem::Doing application build for :  zynqmp_fsbl
TRACE::2025-11-13.13:48:02::SCWBDomain::Not a forced makefile updation, No changes are present. 
TRACE::2025-11-13.13:48:02::SCWDomain::Building the domain as part of full build :  zynqmp_fsbl
TRACE::2025-11-13.13:48:02::SCWPlatform::Trying to open the hw design at C:/unswworks/workspace/project_plat/hw/v2.0.xsa
TRACE::2025-11-13.13:48:02::SCWPlatform::DSA given C:/unswworks/workspace/project_plat/hw/v2.0.xsa
TRACE::2025-11-13.13:48:02::SCWPlatform::DSA absoulate path C:/unswworks/workspace/project_plat/hw/v2.0.xsa
TRACE::2025-11-13.13:48:02::SCWPlatform::DSA directory C:/unswworks/workspace/project_plat/hw
TRACE::2025-11-13.13:48:02::SCWPlatform:: Platform Path C:/unswworks/workspace/project_plat/hw/v2.0.xsa
TRACE::2025-11-13.13:48:02::SCWPlatform:: Unique name xilinx:kv260_som::0.0
TRACE::2025-11-13.13:48:02::SCWPlatform::Trying to set the existing hwdb with name design_1_wrapper_1
TRACE::2025-11-13.13:48:02::SCWPlatform::Opened existing hwdb design_1_wrapper_1
TRACE::2025-11-13.13:48:02::SCWPlatform::Found the Hw Db part of the input DSA
TRACE::2025-11-13.13:48:02::SCWMssOS::Checking the sw design at  C:/unswworks/workspace/project_plat/zynqmp_fsbl/zynqmp_fsbl_bsp/system.mss
TRACE::2025-11-13.13:48:02::SCWMssOS::DEBUG:  swdes dump  C:/unswworks/workspace/147/zynqmp_fsbl/zynqmp_fsbl_bsp/system.mss|system_2||
C:/unswworks/workspace/147/zynqmp_pmufw/zynqmp_pmufw_bsp/system.mss|system_3||
C:/unswworks/workspace/project_plat/psu_cortexa53_0/standalone_domain/bsp/system.mss|system_1||
C:/unswworks/workspace/project_plat/zynqmp_fsbl/zynqmp_fsbl_bsp/system.mss|system||
C:/unswworks/workspace/project_plat/zynqmp_pmufw/zynqmp_pmufw_bsp/system.mss|system_0||

TRACE::2025-11-13.13:48:02::SCWMssOS::Sw design exists and opened at  C:/unswworks/workspace/project_plat/zynqmp_fsbl/zynqmp_fsbl_bsp/system.mss
TRACE::2025-11-13.13:48:02::SCWBDomain::Completed writing the mss file at C:/unswworks/workspace/project_plat/zynqmp_fsbl/zynqmp_fsbl_bsp
TRACE::2025-11-13.13:48:02::SCWBDomain::bsp generated is upto date with the mss file. Skipping bsp generation.
TRACE::2025-11-13.13:48:02::SCWBDomain::Not a forced makefile updation, No changes are present. 
TRACE::2025-11-13.13:48:02::SCWBDomain::System Command Ran  C:&  cd  C:/unswworks/workspace/project_plat/zynqmp_fsbl& make -C  zynqmp_fsbl_bsp & make 
TRACE::2025-11-13.13:48:02::SCWBDomain::make: Entering directory 'C:/unswworks/workspace/project_plat/zynqmp_fsbl/zynqmp_fsbl_bsp'

TRACE::2025-11-13.13:48:02::SCWBDomain::make --no-print-directory seq_libs

TRACE::2025-11-13.13:48:02::SCWBDomain::"Running Make include in psu_cortexa53_0/libsrc/axidma_v9_18/src"

TRACE::2025-11-13.13:48:02::SCWBDomain::make -C psu_cortexa53_0/libsrc/axidma_v9_18/src -s include  "SHELL=CMD" "COMPILER=aarch64-none-elf-gcc" "ASSEMBLER=aarch64-none
TRACE::2025-11-13.13:48:02::SCWBDomain::-elf-as" "ARCHIVER=aarch64-none-elf-ar" "COMPILER_FLAGS=  -c" "EXTRA_COMPILER_FLAGS=-g -Wall -Wextra -fno-tree-loop-distribute-
TRACE::2025-11-13.13:48:02::SCWBDomain::patterns -Os -flto -ffat-lto-objects"

TRACE::2025-11-13.13:48:03::SCWBDomain::"Running Make include in psu_cortexa53_0/libsrc/axipmon_v6_11/src"

TRACE::2025-11-13.13:48:03::SCWBDomain::make -C psu_cortexa53_0/libsrc/axipmon_v6_11/src -s include  "SHELL=CMD" "COMPILER=aarch64-none-elf-gcc" "ASSEMBLER=aarch64-non
TRACE::2025-11-13.13:48:03::SCWBDomain::e-elf-as" "ARCHIVER=aarch64-none-elf-ar" "COMPILER_FLAGS=  -c" "EXTRA_COMPILER_FLAGS=-g -Wall -Wextra -fno-tree-loop-distribute
TRACE::2025-11-13.13:48:03::SCWBDomain::-patterns -Os -flto -ffat-lto-objects"

TRACE::2025-11-13.13:48:03::SCWBDomain::"Running Make include in psu_cortexa53_0/libsrc/clockps_v1_6/src"

TRACE::2025-11-13.13:48:03::SCWBDomain::make -C psu_cortexa53_0/libsrc/clockps_v1_6/src -s include  "SHELL=CMD" "COMPILER=aarch64-none-elf-gcc" "ASSEMBLER=aarch64-none
TRACE::2025-11-13.13:48:03::SCWBDomain::-elf-as" "ARCHIVER=aarch64-none-elf-ar" "COMPILER_FLAGS=  -c" "EXTRA_COMPILER_FLAGS=-g -Wall -Wextra -fno-tree-loop-distribute-
TRACE::2025-11-13.13:48:03::SCWBDomain::patterns -Os -flto -ffat-lto-objects"

TRACE::2025-11-13.13:48:03::SCWBDomain::"Running Make include in psu_cortexa53_0/libsrc/coresightps_dcc_v1_10/src"

TRACE::2025-11-13.13:48:03::SCWBDomain::make -C psu_cortexa53_0/libsrc/coresightps_dcc_v1_10/src -s include  "SHELL=CMD" "COMPILER=aarch64-none-elf-gcc" "ASSEMBLER=aar
TRACE::2025-11-13.13:48:03::SCWBDomain::ch64-none-elf-as" "ARCHIVER=aarch64-none-elf-ar" "COMPILER_FLAGS=  -c" "EXTRA_COMPILER_FLAGS=-g -Wall -Wextra -fno-tree-loop-di
TRACE::2025-11-13.13:48:03::SCWBDomain::stribute-patterns -Os -flto -ffat-lto-objects"

TRACE::2025-11-13.13:48:03::SCWBDomain::"Running Make include in psu_cortexa53_0/libsrc/cpu_cortexa53_v2_1/src"

TRACE::2025-11-13.13:48:03::SCWBDomain::make -C psu_cortexa53_0/libsrc/cpu_cortexa53_v2_1/src -s include  "SHELL=CMD" "COMPILER=aarch64-none-elf-gcc" "ASSEMBLER=aarch6
TRACE::2025-11-13.13:48:03::SCWBDomain::4-none-elf-as" "ARCHIVER=aarch64-none-elf-ar" "COMPILER_FLAGS=  -c" "EXTRA_COMPILER_FLAGS=-g -Wall -Wextra -fno-tree-loop-distr
TRACE::2025-11-13.13:48:03::SCWBDomain::ibute-patterns -Os -flto -ffat-lto-objects"

TRACE::2025-11-13.13:48:03::SCWBDomain::"Running Make include in psu_cortexa53_0/libsrc/csudma_v1_15/src"

TRACE::2025-11-13.13:48:03::SCWBDomain::make -C psu_cortexa53_0/libsrc/csudma_v1_15/src -s include  "SHELL=CMD" "COMPILER=aarch64-none-elf-gcc" "ASSEMBLER=aarch64-none
TRACE::2025-11-13.13:48:03::SCWBDomain::-elf-as" "ARCHIVER=aarch64-none-elf-ar" "COMPILER_FLAGS=  -c" "EXTRA_COMPILER_FLAGS=-g -Wall -Wextra -fno-tree-loop-distribute-
TRACE::2025-11-13.13:48:03::SCWBDomain::patterns -Os -flto -ffat-lto-objects"

TRACE::2025-11-13.13:48:03::SCWBDomain::"Running Make include in psu_cortexa53_0/libsrc/ddrcpsu_v1_6/src"

TRACE::2025-11-13.13:48:03::SCWBDomain::make -C psu_cortexa53_0/libsrc/ddrcpsu_v1_6/src -s include  "SHELL=CMD" "COMPILER=aarch64-none-elf-gcc" "ASSEMBLER=aarch64-none
TRACE::2025-11-13.13:48:03::SCWBDomain::-elf-as" "ARCHIVER=aarch64-none-elf-ar" "COMPILER_FLAGS=  -c" "EXTRA_COMPILER_FLAGS=-g -Wall -Wextra -fno-tree-loop-distribute-
TRACE::2025-11-13.13:48:03::SCWBDomain::patterns -Os -flto -ffat-lto-objects"

TRACE::2025-11-13.13:48:03::SCWBDomain::"Running Make include in psu_cortexa53_0/libsrc/gpiops_v3_13/src"

TRACE::2025-11-13.13:48:03::SCWBDomain::make -C psu_cortexa53_0/libsrc/gpiops_v3_13/src -s include  "SHELL=CMD" "COMPILER=aarch64-none-elf-gcc" "ASSEMBLER=aarch64-none
TRACE::2025-11-13.13:48:03::SCWBDomain::-elf-as" "ARCHIVER=aarch64-none-elf-ar" "COMPILER_FLAGS=  -c" "EXTRA_COMPILER_FLAGS=-g -Wall -Wextra -fno-tree-loop-distribute-
TRACE::2025-11-13.13:48:03::SCWBDomain::patterns -Os -flto -ffat-lto-objects"

TRACE::2025-11-13.13:48:03::SCWBDomain::"Running Make include in psu_cortexa53_0/libsrc/gpio_v4_11/src"

TRACE::2025-11-13.13:48:03::SCWBDomain::make -C psu_cortexa53_0/libsrc/gpio_v4_11/src -s include  "SHELL=CMD" "COMPILER=aarch64-none-elf-gcc" "ASSEMBLER=aarch64-none-e
TRACE::2025-11-13.13:48:03::SCWBDomain::lf-as" "ARCHIVER=aarch64-none-elf-ar" "COMPILER_FLAGS=  -c" "EXTRA_COMPILER_FLAGS=-g -Wall -Wextra -fno-tree-loop-distribute-pa
TRACE::2025-11-13.13:48:03::SCWBDomain::tterns -Os -flto -ffat-lto-objects"

TRACE::2025-11-13.13:48:03::SCWBDomain::"Running Make include in psu_cortexa53_0/libsrc/iicps_v3_19/src"

TRACE::2025-11-13.13:48:03::SCWBDomain::make -C psu_cortexa53_0/libsrc/iicps_v3_19/src -s include  "SHELL=CMD" "COMPILER=aarch64-none-elf-gcc" "ASSEMBLER=aarch64-none-
TRACE::2025-11-13.13:48:03::SCWBDomain::elf-as" "ARCHIVER=aarch64-none-elf-ar" "COMPILER_FLAGS=  -c" "EXTRA_COMPILER_FLAGS=-g -Wall -Wextra -fno-tree-loop-distribute-p
TRACE::2025-11-13.13:48:03::SCWBDomain::atterns -Os -flto -ffat-lto-objects"

TRACE::2025-11-13.13:48:03::SCWBDomain::"Running Make include in psu_cortexa53_0/libsrc/ipipsu_v2_15/src"

TRACE::2025-11-13.13:48:03::SCWBDomain::make -C psu_cortexa53_0/libsrc/ipipsu_v2_15/src -s include  "SHELL=CMD" "COMPILER=aarch64-none-elf-gcc" "ASSEMBLER=aarch64-none
TRACE::2025-11-13.13:48:03::SCWBDomain::-elf-as" "ARCHIVER=aarch64-none-elf-ar" "COMPILER_FLAGS=  -c" "EXTRA_COMPILER_FLAGS=-g -Wall -Wextra -fno-tree-loop-distribute-
TRACE::2025-11-13.13:48:03::SCWBDomain::patterns -Os -flto -ffat-lto-objects"

TRACE::2025-11-13.13:48:03::SCWBDomain::"Running Make include in psu_cortexa53_0/libsrc/qspipsu_v1_19/src"

TRACE::2025-11-13.13:48:03::SCWBDomain::make -C psu_cortexa53_0/libsrc/qspipsu_v1_19/src -s include  "SHELL=CMD" "COMPILER=aarch64-none-elf-gcc" "ASSEMBLER=aarch64-non
TRACE::2025-11-13.13:48:03::SCWBDomain::e-elf-as" "ARCHIVER=aarch64-none-elf-ar" "COMPILER_FLAGS=  -c" "EXTRA_COMPILER_FLAGS=-g -Wall -Wextra -fno-tree-loop-distribute
TRACE::2025-11-13.13:48:03::SCWBDomain::-patterns -Os -flto -ffat-lto-objects"

TRACE::2025-11-13.13:48:03::SCWBDomain::"Running Make include in psu_cortexa53_0/libsrc/resetps_v1_7/src"

TRACE::2025-11-13.13:48:03::SCWBDomain::make -C psu_cortexa53_0/libsrc/resetps_v1_7/src -s include  "SHELL=CMD" "COMPILER=aarch64-none-elf-gcc" "ASSEMBLER=aarch64-none
TRACE::2025-11-13.13:48:03::SCWBDomain::-elf-as" "ARCHIVER=aarch64-none-elf-ar" "COMPILER_FLAGS=  -c" "EXTRA_COMPILER_FLAGS=-g -Wall -Wextra -fno-tree-loop-distribute-
TRACE::2025-11-13.13:48:03::SCWBDomain::patterns -Os -flto -ffat-lto-objects"

TRACE::2025-11-13.13:48:03::SCWBDomain::"Running Make include in psu_cortexa53_0/libsrc/rtcpsu_v1_14/src"

TRACE::2025-11-13.13:48:03::SCWBDomain::make -C psu_cortexa53_0/libsrc/rtcpsu_v1_14/src -s include  "SHELL=CMD" "COMPILER=aarch64-none-elf-gcc" "ASSEMBLER=aarch64-none
TRACE::2025-11-13.13:48:03::SCWBDomain::-elf-as" "ARCHIVER=aarch64-none-elf-ar" "COMPILER_FLAGS=  -c" "EXTRA_COMPILER_FLAGS=-g -Wall -Wextra -fno-tree-loop-distribute-
TRACE::2025-11-13.13:48:03::SCWBDomain::patterns -Os -flto -ffat-lto-objects"

TRACE::2025-11-13.13:48:03::SCWBDomain::"Running Make include in psu_cortexa53_0/libsrc/scugic_v5_3/src"

TRACE::2025-11-13.13:48:03::SCWBDomain::make -C psu_cortexa53_0/libsrc/scugic_v5_3/src -s include  "SHELL=CMD" "COMPILER=aarch64-none-elf-gcc" "ASSEMBLER=aarch64-none-
TRACE::2025-11-13.13:48:03::SCWBDomain::elf-as" "ARCHIVER=aarch64-none-elf-ar" "COMPILER_FLAGS=  -c" "EXTRA_COMPILER_FLAGS=-g -Wall -Wextra -fno-tree-loop-distribute-p
TRACE::2025-11-13.13:48:03::SCWBDomain::atterns -Os -flto -ffat-lto-objects"

TRACE::2025-11-13.13:48:03::SCWBDomain::"Running Make include in psu_cortexa53_0/libsrc/sdps_v4_3/src"

TRACE::2025-11-13.13:48:03::SCWBDomain::make -C psu_cortexa53_0/libsrc/sdps_v4_3/src -s include  "SHELL=CMD" "COMPILER=aarch64-none-elf-gcc" "ASSEMBLER=aarch64-none-el
TRACE::2025-11-13.13:48:03::SCWBDomain::f-as" "ARCHIVER=aarch64-none-elf-ar" "COMPILER_FLAGS=  -c" "EXTRA_COMPILER_FLAGS=-g -Wall -Wextra -fno-tree-loop-distribute-pat
TRACE::2025-11-13.13:48:03::SCWBDomain::terns -Os -flto -ffat-lto-objects"

TRACE::2025-11-13.13:48:03::SCWBDomain::"Running Make include in psu_cortexa53_0/libsrc/spips_v3_10/src"

TRACE::2025-11-13.13:48:03::SCWBDomain::make -C psu_cortexa53_0/libsrc/spips_v3_10/src -s include  "SHELL=CMD" "COMPILER=aarch64-none-elf-gcc" "ASSEMBLER=aarch64-none-
TRACE::2025-11-13.13:48:03::SCWBDomain::elf-as" "ARCHIVER=aarch64-none-elf-ar" "COMPILER_FLAGS=  -c" "EXTRA_COMPILER_FLAGS=-g -Wall -Wextra -fno-tree-loop-distribute-p
TRACE::2025-11-13.13:48:03::SCWBDomain::atterns -Os -flto -ffat-lto-objects"

TRACE::2025-11-13.13:48:03::SCWBDomain::"Running Make include in psu_cortexa53_0/libsrc/standalone_v9_1/src"

TRACE::2025-11-13.13:48:03::SCWBDomain::make -C psu_cortexa53_0/libsrc/standalone_v9_1/src -s include  "SHELL=CMD" "COMPILER=aarch64-none-elf-gcc" "ASSEMBLER=aarch64-n
TRACE::2025-11-13.13:48:03::SCWBDomain::one-elf-as" "ARCHIVER=aarch64-none-elf-ar" "COMPILER_FLAGS=  -c" "EXTRA_COMPILER_FLAGS=-g -Wall -Wextra -fno-tree-loop-distribu
TRACE::2025-11-13.13:48:03::SCWBDomain::te-patterns -Os -flto -ffat-lto-objects"

TRACE::2025-11-13.13:48:03::SCWBDomain::"Running Make include in psu_cortexa53_0/libsrc/sysmonpsu_v2_10/src"

TRACE::2025-11-13.13:48:03::SCWBDomain::make -C psu_cortexa53_0/libsrc/sysmonpsu_v2_10/src -s include  "SHELL=CMD" "COMPILER=aarch64-none-elf-gcc" "ASSEMBLER=aarch64-n
TRACE::2025-11-13.13:48:03::SCWBDomain::one-elf-as" "ARCHIVER=aarch64-none-elf-ar" "COMPILER_FLAGS=  -c" "EXTRA_COMPILER_FLAGS=-g -Wall -Wextra -fno-tree-loop-distribu
TRACE::2025-11-13.13:48:03::SCWBDomain::te-patterns -Os -flto -ffat-lto-objects"

TRACE::2025-11-13.13:48:03::SCWBDomain::"Running Make include in psu_cortexa53_0/libsrc/ttcps_v3_19/src"

TRACE::2025-11-13.13:48:03::SCWBDomain::make -C psu_cortexa53_0/libsrc/ttcps_v3_19/src -s include  "SHELL=CMD" "COMPILER=aarch64-none-elf-gcc" "ASSEMBLER=aarch64-none-
TRACE::2025-11-13.13:48:03::SCWBDomain::elf-as" "ARCHIVER=aarch64-none-elf-ar" "COMPILER_FLAGS=  -c" "EXTRA_COMPILER_FLAGS=-g -Wall -Wextra -fno-tree-loop-distribute-p
TRACE::2025-11-13.13:48:03::SCWBDomain::atterns -Os -flto -ffat-lto-objects"

TRACE::2025-11-13.13:48:03::SCWBDomain::"Running Make include in psu_cortexa53_0/libsrc/uartps_v3_14/src"

TRACE::2025-11-13.13:48:03::SCWBDomain::make -C psu_cortexa53_0/libsrc/uartps_v3_14/src -s include  "SHELL=CMD" "COMPILER=aarch64-none-elf-gcc" "ASSEMBLER=aarch64-none
TRACE::2025-11-13.13:48:03::SCWBDomain::-elf-as" "ARCHIVER=aarch64-none-elf-ar" "COMPILER_FLAGS=  -c" "EXTRA_COMPILER_FLAGS=-g -Wall -Wextra -fno-tree-loop-distribute-
TRACE::2025-11-13.13:48:03::SCWBDomain::patterns -Os -flto -ffat-lto-objects"

TRACE::2025-11-13.13:48:03::SCWBDomain::"Running Make include in psu_cortexa53_0/libsrc/wdtps_v3_7/src"

TRACE::2025-11-13.13:48:03::SCWBDomain::make -C psu_cortexa53_0/libsrc/wdtps_v3_7/src -s include  "SHELL=CMD" "COMPILER=aarch64-none-elf-gcc" "ASSEMBLER=aarch64-none-e
TRACE::2025-11-13.13:48:03::SCWBDomain::lf-as" "ARCHIVER=aarch64-none-elf-ar" "COMPILER_FLAGS=  -c" "EXTRA_COMPILER_FLAGS=-g -Wall -Wextra -fno-tree-loop-distribute-pa
TRACE::2025-11-13.13:48:03::SCWBDomain::tterns -Os -flto -ffat-lto-objects"

TRACE::2025-11-13.13:48:03::SCWBDomain::"Running Make include in psu_cortexa53_0/libsrc/xilffs_v5_2/src"

TRACE::2025-11-13.13:48:03::SCWBDomain::make -C psu_cortexa53_0/libsrc/xilffs_v5_2/src -s include  "SHELL=CMD" "COMPILER=aarch64-none-elf-gcc" "ASSEMBLER=aarch64-none-
TRACE::2025-11-13.13:48:03::SCWBDomain::elf-as" "ARCHIVER=aarch64-none-elf-ar" "COMPILER_FLAGS=  -c" "EXTRA_COMPILER_FLAGS=-g -Wall -Wextra -fno-tree-loop-distribute-p
TRACE::2025-11-13.13:48:03::SCWBDomain::atterns -Os -flto -ffat-lto-objects"

TRACE::2025-11-13.13:48:04::SCWBDomain::"Running Make include in psu_cortexa53_0/libsrc/xilpm_v5_2/src"

TRACE::2025-11-13.13:48:04::SCWBDomain::make -C psu_cortexa53_0/libsrc/xilpm_v5_2/src -s include  "SHELL=CMD" "COMPILER=aarch64-none-elf-gcc" "ASSEMBLER=aarch64-none-e
TRACE::2025-11-13.13:48:04::SCWBDomain::lf-as" "ARCHIVER=aarch64-none-elf-ar" "COMPILER_FLAGS=  -c" "EXTRA_COMPILER_FLAGS=-g -Wall -Wextra -fno-tree-loop-distribute-pa
TRACE::2025-11-13.13:48:04::SCWBDomain::tterns -Os -flto -ffat-lto-objects"

TRACE::2025-11-13.13:48:04::SCWBDomain::"Include files for this library have already been copied."

TRACE::2025-11-13.13:48:04::SCWBDomain::"Running Make include in psu_cortexa53_0/libsrc/xilsecure_v5_3/src"

TRACE::2025-11-13.13:48:04::SCWBDomain::make -C psu_cortexa53_0/libsrc/xilsecure_v5_3/src -s include  "SHELL=CMD" "COMPILER=aarch64-none-elf-gcc" "ASSEMBLER=aarch64-no
TRACE::2025-11-13.13:48:04::SCWBDomain::ne-elf-as" "ARCHIVER=aarch64-none-elf-ar" "COMPILER_FLAGS=  -c" "EXTRA_COMPILER_FLAGS=-g -Wall -Wextra -fno-tree-loop-distribut
TRACE::2025-11-13.13:48:04::SCWBDomain::e-patterns -Os -flto -ffat-lto-objects"

TRACE::2025-11-13.13:48:04::SCWBDomain::"Running Make include in psu_cortexa53_0/libsrc/zdma_v1_18/src"

TRACE::2025-11-13.13:48:04::SCWBDomain::make -C psu_cortexa53_0/libsrc/zdma_v1_18/src -s include  "SHELL=CMD" "COMPILER=aarch64-none-elf-gcc" "ASSEMBLER=aarch64-none-e
TRACE::2025-11-13.13:48:04::SCWBDomain::lf-as" "ARCHIVER=aarch64-none-elf-ar" "COMPILER_FLAGS=  -c" "EXTRA_COMPILER_FLAGS=-g -Wall -Wextra -fno-tree-loop-distribute-pa
TRACE::2025-11-13.13:48:04::SCWBDomain::tterns -Os -flto -ffat-lto-objects"

TRACE::2025-11-13.13:48:04::SCWBDomain::"Running Make libs in psu_cortexa53_0/libsrc/xilpm_v5_2/src"

TRACE::2025-11-13.13:48:04::SCWBDomain::make -C psu_cortexa53_0/libsrc/xilpm_v5_2/src -s libs  "SHELL=CMD" "COMPILER=aarch64-none-elf-gcc" "ASSEMBLER=aarch64-none-elf-
TRACE::2025-11-13.13:48:04::SCWBDomain::as" "ARCHIVER=aarch64-none-elf-ar" "COMPILER_FLAGS=  -c" "EXTRA_COMPILER_FLAGS=-g -Wall -Wextra -fno-tree-loop-distribute-patte
TRACE::2025-11-13.13:48:04::SCWBDomain::rns -Os -flto -ffat-lto-objects"

TRACE::2025-11-13.13:48:04::SCWBDomain::"Compiling xilpm library"

TRACE::2025-11-13.13:48:05::SCWBDomain::"Running Make libs in psu_cortexa53_0/libsrc/xilsecure_v5_3/src"

TRACE::2025-11-13.13:48:05::SCWBDomain::make -C psu_cortexa53_0/libsrc/xilsecure_v5_3/src -s libs  "SHELL=CMD" "COMPILER=aarch64-none-elf-gcc" "ASSEMBLER=aarch64-none-
TRACE::2025-11-13.13:48:05::SCWBDomain::elf-as" "ARCHIVER=aarch64-none-elf-ar" "COMPILER_FLAGS=  -c" "EXTRA_COMPILER_FLAGS=-g -Wall -Wextra -fno-tree-loop-distribute-p
TRACE::2025-11-13.13:48:05::SCWBDomain::atterns -Os -flto -ffat-lto-objects"

TRACE::2025-11-13.13:48:05::SCWBDomain::"Compiling XilSecure Library"

TRACE::2025-11-13.13:48:06::SCWBDomain::'Finished building libraries sequentially.'

TRACE::2025-11-13.13:48:06::SCWBDomain::make -j 10 --no-print-directory par_libs

TRACE::2025-11-13.13:48:06::SCWBDomain::"Running Make include in psu_cortexa53_0/libsrc/axidma_v9_18/src"

TRACE::2025-11-13.13:48:06::SCWBDomain::make -C psu_cortexa53_0/libsrc/axidma_v9_18/src -s include  "SHELL=CMD" "COMPILER=aarch64-none-elf-gcc" "ASSEMBLER=aarch64-none
TRACE::2025-11-13.13:48:06::SCWBDomain::-elf-as" "ARCHIVER=aarch64-none-elf-ar" "COMPILER_FLAGS=  -c" "EXTRA_COMPILER_FLAGS=-g -Wall -Wextra -fno-tree-loop-distribute-
TRACE::2025-11-13.13:48:06::SCWBDomain::patterns -Os -flto -ffat-lto-objects"

TRACE::2025-11-13.13:48:06::SCWBDomain::"Running Make include in psu_cortexa53_0/libsrc/axipmon_v6_11/src"

TRACE::2025-11-13.13:48:06::SCWBDomain::make -C psu_cortexa53_0/libsrc/axipmon_v6_11/src -s include  "SHELL=CMD" "COMPILER=aarch64-none-elf-gcc" "ASSEMBLER=aarch64-non
TRACE::2025-11-13.13:48:06::SCWBDomain::e-elf-as" "ARCHIVER=aarch64-none-elf-ar" "COMPILER_FLAGS=  -c" "EXTRA_COMPILER_FLAGS=-g -Wall -Wextra -fno-tree-loop-distribute
TRACE::2025-11-13.13:48:06::SCWBDomain::-patterns -Os -flto -ffat-lto-objects"

TRACE::2025-11-13.13:48:06::SCWBDomain::"Running Make include in psu_cortexa53_0/libsrc/clockps_v1_6/src"

TRACE::2025-11-13.13:48:06::SCWBDomain::make -C psu_cortexa53_0/libsrc/clockps_v1_6/src -s include  "SHELL=CMD" "COMPILER=aarch64-none-elf-gcc" "ASSEMBLER=aarch64-none
TRACE::2025-11-13.13:48:06::SCWBDomain::-elf-as" "ARCHIVER=aarch64-none-elf-ar" "COMPILER_FLAGS=  -c" "EXTRA_COMPILER_FLAGS=-g -Wall -Wextra -fno-tree-loop-distribute-
TRACE::2025-11-13.13:48:06::SCWBDomain::patterns -Os -flto -ffat-lto-objects"

TRACE::2025-11-13.13:48:06::SCWBDomain::"Running Make include in psu_cortexa53_0/libsrc/coresightps_dcc_v1_10/src"

TRACE::2025-11-13.13:48:06::SCWBDomain::make -C psu_cortexa53_0/libsrc/coresightps_dcc_v1_10/src -s include  "SHELL=CMD" "COMPILER=aarch64-none-elf-gcc" "ASSEMBLER=aar
TRACE::2025-11-13.13:48:06::SCWBDomain::ch64-none-elf-as" "ARCHIVER=aarch64-none-elf-ar" "COMPILER_FLAGS=  -c" "EXTRA_COMPILER_FLAGS=-g -Wall -Wextra -fno-tree-loop-di
TRACE::2025-11-13.13:48:06::SCWBDomain::stribute-patterns -Os -flto -ffat-lto-objects"

TRACE::2025-11-13.13:48:06::SCWBDomain::"Running Make include in psu_cortexa53_0/libsrc/cpu_cortexa53_v2_1/src"

TRACE::2025-11-13.13:48:06::SCWBDomain::make -C psu_cortexa53_0/libsrc/cpu_cortexa53_v2_1/src -s include  "SHELL=CMD" "COMPILER=aarch64-none-elf-gcc" "ASSEMBLER=aarch6
TRACE::2025-11-13.13:48:06::SCWBDomain::4-none-elf-as" "ARCHIVER=aarch64-none-elf-ar" "COMPILER_FLAGS=  -c" "EXTRA_COMPILER_FLAGS=-g -Wall -Wextra -fno-tree-loop-distr
TRACE::2025-11-13.13:48:06::SCWBDomain::ibute-patterns -Os -flto -ffat-lto-objects"

TRACE::2025-11-13.13:48:06::SCWBDomain::"Running Make include in psu_cortexa53_0/libsrc/csudma_v1_15/src"

TRACE::2025-11-13.13:48:06::SCWBDomain::make -C psu_cortexa53_0/libsrc/csudma_v1_15/src -s include  "SHELL=CMD" "COMPILER=aarch64-none-elf-gcc" "ASSEMBLER=aarch64-none
TRACE::2025-11-13.13:48:06::SCWBDomain::-elf-as" "ARCHIVER=aarch64-none-elf-ar" "COMPILER_FLAGS=  -c" "EXTRA_COMPILER_FLAGS=-g -Wall -Wextra -fno-tree-loop-distribute-
TRACE::2025-11-13.13:48:06::SCWBDomain::patterns -Os -flto -ffat-lto-objects"

TRACE::2025-11-13.13:48:06::SCWBDomain::"Running Make include in psu_cortexa53_0/libsrc/ddrcpsu_v1_6/src"

TRACE::2025-11-13.13:48:06::SCWBDomain::make -C psu_cortexa53_0/libsrc/ddrcpsu_v1_6/src -s include  "SHELL=CMD" "COMPILER=aarch64-none-elf-gcc" "ASSEMBLER=aarch64-none
TRACE::2025-11-13.13:48:06::SCWBDomain::-elf-as" "ARCHIVER=aarch64-none-elf-ar" "COMPILER_FLAGS=  -c" "EXTRA_COMPILER_FLAGS=-g -Wall -Wextra -fno-tree-loop-distribute-
TRACE::2025-11-13.13:48:06::SCWBDomain::patterns -Os -flto -ffat-lto-objects"

TRACE::2025-11-13.13:48:06::SCWBDomain::"Running Make include in psu_cortexa53_0/libsrc/gpiops_v3_13/src"

TRACE::2025-11-13.13:48:06::SCWBDomain::make -C psu_cortexa53_0/libsrc/gpiops_v3_13/src -s include  "SHELL=CMD" "COMPILER=aarch64-none-elf-gcc" "ASSEMBLER=aarch64-none
TRACE::2025-11-13.13:48:06::SCWBDomain::-elf-as" "ARCHIVER=aarch64-none-elf-ar" "COMPILER_FLAGS=  -c" "EXTRA_COMPILER_FLAGS=-g -Wall -Wextra -fno-tree-loop-distribute-
TRACE::2025-11-13.13:48:06::SCWBDomain::patterns -Os -flto -ffat-lto-objects"

TRACE::2025-11-13.13:48:06::SCWBDomain::"Running Make include in psu_cortexa53_0/libsrc/gpio_v4_11/src"

TRACE::2025-11-13.13:48:06::SCWBDomain::make -C psu_cortexa53_0/libsrc/gpio_v4_11/src -s include  "SHELL=CMD" "COMPILER=aarch64-none-elf-gcc" "ASSEMBLER=aarch64-none-e
TRACE::2025-11-13.13:48:06::SCWBDomain::lf-as" "ARCHIVER=aarch64-none-elf-ar" "COMPILER_FLAGS=  -c" "EXTRA_COMPILER_FLAGS=-g -Wall -Wextra -fno-tree-loop-distribute-pa
TRACE::2025-11-13.13:48:06::SCWBDomain::tterns -Os -flto -ffat-lto-objects"

TRACE::2025-11-13.13:48:06::SCWBDomain::"Running Make include in psu_cortexa53_0/libsrc/iicps_v3_19/src"

TRACE::2025-11-13.13:48:06::SCWBDomain::make -C psu_cortexa53_0/libsrc/iicps_v3_19/src -s include  "SHELL=CMD" "COMPILER=aarch64-none-elf-gcc" "ASSEMBLER=aarch64-none-
TRACE::2025-11-13.13:48:06::SCWBDomain::elf-as" "ARCHIVER=aarch64-none-elf-ar" "COMPILER_FLAGS=  -c" "EXTRA_COMPILER_FLAGS=-g -Wall -Wextra -fno-tree-loop-distribute-p
TRACE::2025-11-13.13:48:06::SCWBDomain::atterns -Os -flto -ffat-lto-objects"

TRACE::2025-11-13.13:48:06::SCWBDomain::"Running Make include in psu_cortexa53_0/libsrc/ipipsu_v2_15/src"

TRACE::2025-11-13.13:48:06::SCWBDomain::make -C psu_cortexa53_0/libsrc/ipipsu_v2_15/src -s include  "SHELL=CMD" "COMPILER=aarch64-none-elf-gcc" "ASSEMBLER=aarch64-none
TRACE::2025-11-13.13:48:06::SCWBDomain::-elf-as" "ARCHIVER=aarch64-none-elf-ar" "COMPILER_FLAGS=  -c" "EXTRA_COMPILER_FLAGS=-g -Wall -Wextra -fno-tree-loop-distribute-
TRACE::2025-11-13.13:48:06::SCWBDomain::patterns -Os -flto -ffat-lto-objects"

TRACE::2025-11-13.13:48:06::SCWBDomain::"Running Make include in psu_cortexa53_0/libsrc/qspipsu_v1_19/src"

TRACE::2025-11-13.13:48:06::SCWBDomain::make -C psu_cortexa53_0/libsrc/qspipsu_v1_19/src -s include  "SHELL=CMD" "COMPILER=aarch64-none-elf-gcc" "ASSEMBLER=aarch64-non
TRACE::2025-11-13.13:48:06::SCWBDomain::e-elf-as" "ARCHIVER=aarch64-none-elf-ar" "COMPILER_FLAGS=  -c" "EXTRA_COMPILER_FLAGS=-g -Wall -Wextra -fno-tree-loop-distribute
TRACE::2025-11-13.13:48:06::SCWBDomain::-patterns -Os -flto -ffat-lto-objects"

TRACE::2025-11-13.13:48:06::SCWBDomain::"Running Make include in psu_cortexa53_0/libsrc/resetps_v1_7/src"

TRACE::2025-11-13.13:48:06::SCWBDomain::make -C psu_cortexa53_0/libsrc/resetps_v1_7/src -s include  "SHELL=CMD" "COMPILER=aarch64-none-elf-gcc" "ASSEMBLER=aarch64-none
TRACE::2025-11-13.13:48:06::SCWBDomain::-elf-as" "ARCHIVER=aarch64-none-elf-ar" "COMPILER_FLAGS=  -c" "EXTRA_COMPILER_FLAGS=-g -Wall -Wextra -fno-tree-loop-distribute-
TRACE::2025-11-13.13:48:06::SCWBDomain::patterns -Os -flto -ffat-lto-objects"

TRACE::2025-11-13.13:48:06::SCWBDomain::"Running Make include in psu_cortexa53_0/libsrc/rtcpsu_v1_14/src"

TRACE::2025-11-13.13:48:06::SCWBDomain::make -C psu_cortexa53_0/libsrc/rtcpsu_v1_14/src -s include  "SHELL=CMD" "COMPILER=aarch64-none-elf-gcc" "ASSEMBLER=aarch64-none
TRACE::2025-11-13.13:48:06::SCWBDomain::-elf-as" "ARCHIVER=aarch64-none-elf-ar" "COMPILER_FLAGS=  -c" "EXTRA_COMPILER_FLAGS=-g -Wall -Wextra -fno-tree-loop-distribute-
TRACE::2025-11-13.13:48:06::SCWBDomain::patterns -Os -flto -ffat-lto-objects"

TRACE::2025-11-13.13:48:06::SCWBDomain::"Running Make include in psu_cortexa53_0/libsrc/scugic_v5_3/src"

TRACE::2025-11-13.13:48:06::SCWBDomain::make -C psu_cortexa53_0/libsrc/scugic_v5_3/src -s include  "SHELL=CMD" "COMPILER=aarch64-none-elf-gcc" "ASSEMBLER=aarch64-none-
TRACE::2025-11-13.13:48:06::SCWBDomain::elf-as" "ARCHIVER=aarch64-none-elf-ar" "COMPILER_FLAGS=  -c" "EXTRA_COMPILER_FLAGS=-g -Wall -Wextra -fno-tree-loop-distribute-p
TRACE::2025-11-13.13:48:06::SCWBDomain::atterns -Os -flto -ffat-lto-objects"

TRACE::2025-11-13.13:48:06::SCWBDomain::"Running Make include in psu_cortexa53_0/libsrc/sdps_v4_3/src"

TRACE::2025-11-13.13:48:07::SCWBDomain::make -C psu_cortexa53_0/libsrc/sdps_v4_3/src -s include  "SHELL=CMD" "COMPILER=aarch64-none-elf-gcc" "ASSEMBLER=aarch64-none-el
TRACE::2025-11-13.13:48:07::SCWBDomain::f-as" "ARCHIVER=aarch64-none-elf-ar" "COMPILER_FLAGS=  -c" "EXTRA_COMPILER_FLAGS=-g -Wall -Wextra -fno-tree-loop-distribute-pat
TRACE::2025-11-13.13:48:07::SCWBDomain::terns -Os -flto -ffat-lto-objects"

TRACE::2025-11-13.13:48:07::SCWBDomain::"Running Make include in psu_cortexa53_0/libsrc/spips_v3_10/src"

TRACE::2025-11-13.13:48:07::SCWBDomain::make -C psu_cortexa53_0/libsrc/spips_v3_10/src -s include  "SHELL=CMD" "COMPILER=aarch64-none-elf-gcc" "ASSEMBLER=aarch64-none-
TRACE::2025-11-13.13:48:07::SCWBDomain::elf-as" "ARCHIVER=aarch64-none-elf-ar" "COMPILER_FLAGS=  -c" "EXTRA_COMPILER_FLAGS=-g -Wall -Wextra -fno-tree-loop-distribute-p
TRACE::2025-11-13.13:48:07::SCWBDomain::atterns -Os -flto -ffat-lto-objects"

TRACE::2025-11-13.13:48:07::SCWBDomain::"Running Make include in psu_cortexa53_0/libsrc/standalone_v9_1/src"

TRACE::2025-11-13.13:48:07::SCWBDomain::make -C psu_cortexa53_0/libsrc/standalone_v9_1/src -s include  "SHELL=CMD" "COMPILER=aarch64-none-elf-gcc" "ASSEMBLER=aarch64-n
TRACE::2025-11-13.13:48:07::SCWBDomain::one-elf-as" "ARCHIVER=aarch64-none-elf-ar" "COMPILER_FLAGS=  -c" "EXTRA_COMPILER_FLAGS=-g -Wall -Wextra -fno-tree-loop-distribu
TRACE::2025-11-13.13:48:07::SCWBDomain::te-patterns -Os -flto -ffat-lto-objects"

TRACE::2025-11-13.13:48:07::SCWBDomain::"Running Make include in psu_cortexa53_0/libsrc/sysmonpsu_v2_10/src"

TRACE::2025-11-13.13:48:07::SCWBDomain::make -C psu_cortexa53_0/libsrc/sysmonpsu_v2_10/src -s include  "SHELL=CMD" "COMPILER=aarch64-none-elf-gcc" "ASSEMBLER=aarch64-n
TRACE::2025-11-13.13:48:07::SCWBDomain::one-elf-as" "ARCHIVER=aarch64-none-elf-ar" "COMPILER_FLAGS=  -c" "EXTRA_COMPILER_FLAGS=-g -Wall -Wextra -fno-tree-loop-distribu
TRACE::2025-11-13.13:48:07::SCWBDomain::te-patterns -Os -flto -ffat-lto-objects"

TRACE::2025-11-13.13:48:07::SCWBDomain::"Running Make include in psu_cortexa53_0/libsrc/ttcps_v3_19/src"

TRACE::2025-11-13.13:48:07::SCWBDomain::make -C psu_cortexa53_0/libsrc/ttcps_v3_19/src -s include  "SHELL=CMD" "COMPILER=aarch64-none-elf-gcc" "ASSEMBLER=aarch64-none-
TRACE::2025-11-13.13:48:07::SCWBDomain::elf-as" "ARCHIVER=aarch64-none-elf-ar" "COMPILER_FLAGS=  -c" "EXTRA_COMPILER_FLAGS=-g -Wall -Wextra -fno-tree-loop-distribute-p
TRACE::2025-11-13.13:48:07::SCWBDomain::atterns -Os -flto -ffat-lto-objects"

TRACE::2025-11-13.13:48:07::SCWBDomain::"Running Make include in psu_cortexa53_0/libsrc/uartps_v3_14/src"

TRACE::2025-11-13.13:48:07::SCWBDomain::make -C psu_cortexa53_0/libsrc/uartps_v3_14/src -s include  "SHELL=CMD" "COMPILER=aarch64-none-elf-gcc" "ASSEMBLER=aarch64-none
TRACE::2025-11-13.13:48:07::SCWBDomain::-elf-as" "ARCHIVER=aarch64-none-elf-ar" "COMPILER_FLAGS=  -c" "EXTRA_COMPILER_FLAGS=-g -Wall -Wextra -fno-tree-loop-distribute-
TRACE::2025-11-13.13:48:07::SCWBDomain::patterns -Os -flto -ffat-lto-objects"

TRACE::2025-11-13.13:48:07::SCWBDomain::"Running Make include in psu_cortexa53_0/libsrc/wdtps_v3_7/src"

TRACE::2025-11-13.13:48:07::SCWBDomain::make -C psu_cortexa53_0/libsrc/wdtps_v3_7/src -s include  "SHELL=CMD" "COMPILER=aarch64-none-elf-gcc" "ASSEMBLER=aarch64-none-e
TRACE::2025-11-13.13:48:07::SCWBDomain::lf-as" "ARCHIVER=aarch64-none-elf-ar" "COMPILER_FLAGS=  -c" "EXTRA_COMPILER_FLAGS=-g -Wall -Wextra -fno-tree-loop-distribute-pa
TRACE::2025-11-13.13:48:07::SCWBDomain::tterns -Os -flto -ffat-lto-objects"

TRACE::2025-11-13.13:48:07::SCWBDomain::"Running Make include in psu_cortexa53_0/libsrc/xilffs_v5_2/src"

TRACE::2025-11-13.13:48:07::SCWBDomain::make -C psu_cortexa53_0/libsrc/xilffs_v5_2/src -s include  "SHELL=CMD" "COMPILER=aarch64-none-elf-gcc" "ASSEMBLER=aarch64-none-
TRACE::2025-11-13.13:48:07::SCWBDomain::elf-as" "ARCHIVER=aarch64-none-elf-ar" "COMPILER_FLAGS=  -c" "EXTRA_COMPILER_FLAGS=-g -Wall -Wextra -fno-tree-loop-distribute-p
TRACE::2025-11-13.13:48:07::SCWBDomain::atterns -Os -flto -ffat-lto-objects"

TRACE::2025-11-13.13:48:07::SCWBDomain::"Running Make include in psu_cortexa53_0/libsrc/xilpm_v5_2/src"

TRACE::2025-11-13.13:48:07::SCWBDomain::make -C psu_cortexa53_0/libsrc/xilpm_v5_2/src -s include  "SHELL=CMD" "COMPILER=aarch64-none-elf-gcc" "ASSEMBLER=aarch64-none-e
TRACE::2025-11-13.13:48:07::SCWBDomain::lf-as" "ARCHIVER=aarch64-none-elf-ar" "COMPILER_FLAGS=  -c" "EXTRA_COMPILER_FLAGS=-g -Wall -Wextra -fno-tree-loop-distribute-pa
TRACE::2025-11-13.13:48:07::SCWBDomain::tterns -Os -flto -ffat-lto-objects"

TRACE::2025-11-13.13:48:07::SCWBDomain::"Running Make include in psu_cortexa53_0/libsrc/xilsecure_v5_3/src"

TRACE::2025-11-13.13:48:07::SCWBDomain::make -C psu_cortexa53_0/libsrc/xilsecure_v5_3/src -s include  "SHELL=CMD" "COMPILER=aarch64-none-elf-gcc" "ASSEMBLER=aarch64-no
TRACE::2025-11-13.13:48:07::SCWBDomain::ne-elf-as" "ARCHIVER=aarch64-none-elf-ar" "COMPILER_FLAGS=  -c" "EXTRA_COMPILER_FLAGS=-g -Wall -Wextra -fno-tree-loop-distribut
TRACE::2025-11-13.13:48:07::SCWBDomain::e-patterns -Os -flto -ffat-lto-objects"

TRACE::2025-11-13.13:48:07::SCWBDomain::"Running Make include in psu_cortexa53_0/libsrc/zdma_v1_18/src"

TRACE::2025-11-13.13:48:07::SCWBDomain::make -C psu_cortexa53_0/libsrc/zdma_v1_18/src -s include  "SHELL=CMD" "COMPILER=aarch64-none-elf-gcc" "ASSEMBLER=aarch64-none-e
TRACE::2025-11-13.13:48:07::SCWBDomain::lf-as" "ARCHIVER=aarch64-none-elf-ar" "COMPILER_FLAGS=  -c" "EXTRA_COMPILER_FLAGS=-g -Wall -Wextra -fno-tree-loop-distribute-pa
TRACE::2025-11-13.13:48:07::SCWBDomain::tterns -Os -flto -ffat-lto-objects"

TRACE::2025-11-13.13:48:07::SCWBDomain::"Include files for this library have already been copied."

TRACE::2025-11-13.13:48:07::SCWBDomain::"Running Make libs in psu_cortexa53_0/libsrc/axidma_v9_18/src"

TRACE::2025-11-13.13:48:07::SCWBDomain::make -C psu_cortexa53_0/libsrc/axidma_v9_18/src -s libs  "SHELL=CMD" "COMPILER=aarch64-none-elf-gcc" "ASSEMBLER=aarch64-none-el
TRACE::2025-11-13.13:48:07::SCWBDomain::f-as" "ARCHIVER=aarch64-none-elf-ar" "COMPILER_FLAGS=  -c" "EXTRA_COMPILER_FLAGS=-g -Wall -Wextra -fno-tree-loop-distribute-pat
TRACE::2025-11-13.13:48:07::SCWBDomain::terns -Os -flto -ffat-lto-objects"

TRACE::2025-11-13.13:48:07::SCWBDomain::"Running Make libs in psu_cortexa53_0/libsrc/axipmon_v6_11/src"

TRACE::2025-11-13.13:48:07::SCWBDomain::make -C psu_cortexa53_0/libsrc/axipmon_v6_11/src -s libs  "SHELL=CMD" "COMPILER=aarch64-none-elf-gcc" "ASSEMBLER=aarch64-none-e
TRACE::2025-11-13.13:48:07::SCWBDomain::lf-as" "ARCHIVER=aarch64-none-elf-ar" "COMPILER_FLAGS=  -c" "EXTRA_COMPILER_FLAGS=-g -Wall -Wextra -fno-tree-loop-distribute-pa
TRACE::2025-11-13.13:48:07::SCWBDomain::tterns -Os -flto -ffat-lto-objects"

TRACE::2025-11-13.13:48:07::SCWBDomain::"Running Make libs in psu_cortexa53_0/libsrc/clockps_v1_6/src"

TRACE::2025-11-13.13:48:07::SCWBDomain::make -C psu_cortexa53_0/libsrc/clockps_v1_6/src -s libs  "SHELL=CMD" "COMPILER=aarch64-none-elf-gcc" "ASSEMBLER=aarch64-none-el
TRACE::2025-11-13.13:48:07::SCWBDomain::f-as" "ARCHIVER=aarch64-none-elf-ar" "COMPILER_FLAGS=  -c" "EXTRA_COMPILER_FLAGS=-g -Wall -Wextra -fno-tree-loop-distribute-pat
TRACE::2025-11-13.13:48:07::SCWBDomain::terns -Os -flto -ffat-lto-objects"

TRACE::2025-11-13.13:48:07::SCWBDomain::"Running Make libs in psu_cortexa53_0/libsrc/coresightps_dcc_v1_10/src"

TRACE::2025-11-13.13:48:07::SCWBDomain::make -C psu_cortexa53_0/libsrc/coresightps_dcc_v1_10/src -s libs  "SHELL=CMD" "COMPILER=aarch64-none-elf-gcc" "ASSEMBLER=aarch6
TRACE::2025-11-13.13:48:07::SCWBDomain::4-none-elf-as" "ARCHIVER=aarch64-none-elf-ar" "COMPILER_FLAGS=  -c" "EXTRA_COMPILER_FLAGS=-g -Wall -Wextra -fno-tree-loop-distr
TRACE::2025-11-13.13:48:07::SCWBDomain::ibute-patterns -Os -flto -ffat-lto-objects"

TRACE::2025-11-13.13:48:07::SCWBDomain::"Running Make libs in psu_cortexa53_0/libsrc/cpu_cortexa53_v2_1/src"

TRACE::2025-11-13.13:48:07::SCWBDomain::make -C psu_cortexa53_0/libsrc/cpu_cortexa53_v2_1/src -s libs  "SHELL=CMD" "COMPILER=aarch64-none-elf-gcc" "ASSEMBLER=aarch64-n
TRACE::2025-11-13.13:48:07::SCWBDomain::one-elf-as" "ARCHIVER=aarch64-none-elf-ar" "COMPILER_FLAGS=  -c" "EXTRA_COMPILER_FLAGS=-g -Wall -Wextra -fno-tree-loop-distribu
TRACE::2025-11-13.13:48:07::SCWBDomain::te-patterns -Os -flto -ffat-lto-objects"

TRACE::2025-11-13.13:48:07::SCWBDomain::"Running Make libs in psu_cortexa53_0/libsrc/csudma_v1_15/src"

TRACE::2025-11-13.13:48:07::SCWBDomain::make -C psu_cortexa53_0/libsrc/csudma_v1_15/src -s libs  "SHELL=CMD" "COMPILER=aarch64-none-elf-gcc" "ASSEMBLER=aarch64-none-el
TRACE::2025-11-13.13:48:07::SCWBDomain::f-as" "ARCHIVER=aarch64-none-elf-ar" "COMPILER_FLAGS=  -c" "EXTRA_COMPILER_FLAGS=-g -Wall -Wextra -fno-tree-loop-distribute-pat
TRACE::2025-11-13.13:48:07::SCWBDomain::terns -Os -flto -ffat-lto-objects"

TRACE::2025-11-13.13:48:07::SCWBDomain::"Running Make libs in psu_cortexa53_0/libsrc/ddrcpsu_v1_6/src"

TRACE::2025-11-13.13:48:07::SCWBDomain::make -C psu_cortexa53_0/libsrc/ddrcpsu_v1_6/src -s libs  "SHELL=CMD" "COMPILER=aarch64-none-elf-gcc" "ASSEMBLER=aarch64-none-el
TRACE::2025-11-13.13:48:07::SCWBDomain::f-as" "ARCHIVER=aarch64-none-elf-ar" "COMPILER_FLAGS=  -c" "EXTRA_COMPILER_FLAGS=-g -Wall -Wextra -fno-tree-loop-distribute-pat
TRACE::2025-11-13.13:48:07::SCWBDomain::terns -Os -flto -ffat-lto-objects"

TRACE::2025-11-13.13:48:07::SCWBDomain::"Running Make libs in psu_cortexa53_0/libsrc/gpiops_v3_13/src"

TRACE::2025-11-13.13:48:07::SCWBDomain::make -C psu_cortexa53_0/libsrc/gpiops_v3_13/src -s libs  "SHELL=CMD" "COMPILER=aarch64-none-elf-gcc" "ASSEMBLER=aarch64-none-el
TRACE::2025-11-13.13:48:07::SCWBDomain::f-as" "ARCHIVER=aarch64-none-elf-ar" "COMPILER_FLAGS=  -c" "EXTRA_COMPILER_FLAGS=-g -Wall -Wextra -fno-tree-loop-distribute-pat
TRACE::2025-11-13.13:48:07::SCWBDomain::terns -Os -flto -ffat-lto-objects"

TRACE::2025-11-13.13:48:07::SCWBDomain::"Running Make libs in psu_cortexa53_0/libsrc/gpio_v4_11/src"

TRACE::2025-11-13.13:48:07::SCWBDomain::make -C psu_cortexa53_0/libsrc/gpio_v4_11/src -s libs  "SHELL=CMD" "COMPILER=aarch64-none-elf-gcc" "ASSEMBLER=aarch64-none-elf-
TRACE::2025-11-13.13:48:07::SCWBDomain::as" "ARCHIVER=aarch64-none-elf-ar" "COMPILER_FLAGS=  -c" "EXTRA_COMPILER_FLAGS=-g -Wall -Wextra -fno-tree-loop-distribute-patte
TRACE::2025-11-13.13:48:07::SCWBDomain::rns -Os -flto -ffat-lto-objects"

TRACE::2025-11-13.13:48:07::SCWBDomain::"Running Make libs in psu_cortexa53_0/libsrc/iicps_v3_19/src"

TRACE::2025-11-13.13:48:07::SCWBDomain::make -C psu_cortexa53_0/libsrc/iicps_v3_19/src -s libs  "SHELL=CMD" "COMPILER=aarch64-none-elf-gcc" "ASSEMBLER=aarch64-none-elf
TRACE::2025-11-13.13:48:07::SCWBDomain::-as" "ARCHIVER=aarch64-none-elf-ar" "COMPILER_FLAGS=  -c" "EXTRA_COMPILER_FLAGS=-g -Wall -Wextra -fno-tree-loop-distribute-patt
TRACE::2025-11-13.13:48:07::SCWBDomain::erns -Os -flto -ffat-lto-objects"

TRACE::2025-11-13.13:48:08::SCWBDomain::"Running Make libs in psu_cortexa53_0/libsrc/ipipsu_v2_15/src"

TRACE::2025-11-13.13:48:08::SCWBDomain::make -C psu_cortexa53_0/libsrc/ipipsu_v2_15/src -s libs  "SHELL=CMD" "COMPILER=aarch64-none-elf-gcc" "ASSEMBLER=aarch64-none-el
TRACE::2025-11-13.13:48:08::SCWBDomain::f-as" "ARCHIVER=aarch64-none-elf-ar" "COMPILER_FLAGS=  -c" "EXTRA_COMPILER_FLAGS=-g -Wall -Wextra -fno-tree-loop-distribute-pat
TRACE::2025-11-13.13:48:08::SCWBDomain::terns -Os -flto -ffat-lto-objects"

TRACE::2025-11-13.13:48:08::SCWBDomain::"Running Make libs in psu_cortexa53_0/libsrc/qspipsu_v1_19/src"

TRACE::2025-11-13.13:48:08::SCWBDomain::make -C psu_cortexa53_0/libsrc/qspipsu_v1_19/src -s libs  "SHELL=CMD" "COMPILER=aarch64-none-elf-gcc" "ASSEMBLER=aarch64-none-e
TRACE::2025-11-13.13:48:08::SCWBDomain::lf-as" "ARCHIVER=aarch64-none-elf-ar" "COMPILER_FLAGS=  -c" "EXTRA_COMPILER_FLAGS=-g -Wall -Wextra -fno-tree-loop-distribute-pa
TRACE::2025-11-13.13:48:08::SCWBDomain::tterns -Os -flto -ffat-lto-objects"

TRACE::2025-11-13.13:48:08::SCWBDomain::"Running Make libs in psu_cortexa53_0/libsrc/resetps_v1_7/src"

TRACE::2025-11-13.13:48:08::SCWBDomain::make -C psu_cortexa53_0/libsrc/resetps_v1_7/src -s libs  "SHELL=CMD" "COMPILER=aarch64-none-elf-gcc" "ASSEMBLER=aarch64-none-el
TRACE::2025-11-13.13:48:08::SCWBDomain::f-as" "ARCHIVER=aarch64-none-elf-ar" "COMPILER_FLAGS=  -c" "EXTRA_COMPILER_FLAGS=-g -Wall -Wextra -fno-tree-loop-distribute-pat
TRACE::2025-11-13.13:48:08::SCWBDomain::terns -Os -flto -ffat-lto-objects"

TRACE::2025-11-13.13:48:08::SCWBDomain::"Running Make libs in psu_cortexa53_0/libsrc/rtcpsu_v1_14/src"

TRACE::2025-11-13.13:48:08::SCWBDomain::make -C psu_cortexa53_0/libsrc/rtcpsu_v1_14/src -s libs  "SHELL=CMD" "COMPILER=aarch64-none-elf-gcc" "ASSEMBLER=aarch64-none-el
TRACE::2025-11-13.13:48:08::SCWBDomain::f-as" "ARCHIVER=aarch64-none-elf-ar" "COMPILER_FLAGS=  -c" "EXTRA_COMPILER_FLAGS=-g -Wall -Wextra -fno-tree-loop-distribute-pat
TRACE::2025-11-13.13:48:08::SCWBDomain::terns -Os -flto -ffat-lto-objects"

TRACE::2025-11-13.13:48:08::SCWBDomain::"Running Make libs in psu_cortexa53_0/libsrc/scugic_v5_3/src"

TRACE::2025-11-13.13:48:08::SCWBDomain::make -C psu_cortexa53_0/libsrc/scugic_v5_3/src -s libs  "SHELL=CMD" "COMPILER=aarch64-none-elf-gcc" "ASSEMBLER=aarch64-none-elf
TRACE::2025-11-13.13:48:08::SCWBDomain::-as" "ARCHIVER=aarch64-none-elf-ar" "COMPILER_FLAGS=  -c" "EXTRA_COMPILER_FLAGS=-g -Wall -Wextra -fno-tree-loop-distribute-patt
TRACE::2025-11-13.13:48:08::SCWBDomain::erns -Os -flto -ffat-lto-objects"

TRACE::2025-11-13.13:48:08::SCWBDomain::"Running Make libs in psu_cortexa53_0/libsrc/sdps_v4_3/src"

TRACE::2025-11-13.13:48:08::SCWBDomain::make -C psu_cortexa53_0/libsrc/sdps_v4_3/src -s libs  "SHELL=CMD" "COMPILER=aarch64-none-elf-gcc" "ASSEMBLER=aarch64-none-elf-a
TRACE::2025-11-13.13:48:08::SCWBDomain::s" "ARCHIVER=aarch64-none-elf-ar" "COMPILER_FLAGS=  -c" "EXTRA_COMPILER_FLAGS=-g -Wall -Wextra -fno-tree-loop-distribute-patter
TRACE::2025-11-13.13:48:08::SCWBDomain::ns -Os -flto -ffat-lto-objects"

TRACE::2025-11-13.13:48:08::SCWBDomain::"Running Make libs in psu_cortexa53_0/libsrc/spips_v3_10/src"

TRACE::2025-11-13.13:48:08::SCWBDomain::make -C psu_cortexa53_0/libsrc/spips_v3_10/src -s libs  "SHELL=CMD" "COMPILER=aarch64-none-elf-gcc" "ASSEMBLER=aarch64-none-elf
TRACE::2025-11-13.13:48:08::SCWBDomain::-as" "ARCHIVER=aarch64-none-elf-ar" "COMPILER_FLAGS=  -c" "EXTRA_COMPILER_FLAGS=-g -Wall -Wextra -fno-tree-loop-distribute-patt
TRACE::2025-11-13.13:48:08::SCWBDomain::erns -Os -flto -ffat-lto-objects"

TRACE::2025-11-13.13:48:08::SCWBDomain::"Running Make libs in psu_cortexa53_0/libsrc/standalone_v9_1/src"

TRACE::2025-11-13.13:48:08::SCWBDomain::make -C psu_cortexa53_0/libsrc/standalone_v9_1/src -s libs  "SHELL=CMD" "COMPILER=aarch64-none-elf-gcc" "ASSEMBLER=aarch64-none
TRACE::2025-11-13.13:48:08::SCWBDomain::-elf-as" "ARCHIVER=aarch64-none-elf-ar" "COMPILER_FLAGS=  -c" "EXTRA_COMPILER_FLAGS=-g -Wall -Wextra -fno-tree-loop-distribute-
TRACE::2025-11-13.13:48:08::SCWBDomain::patterns -Os -flto -ffat-lto-objects"

TRACE::2025-11-13.13:48:09::SCWBDomain::"Running Make libs in psu_cortexa53_0/libsrc/sysmonpsu_v2_10/src"

TRACE::2025-11-13.13:48:09::SCWBDomain::make -C psu_cortexa53_0/libsrc/sysmonpsu_v2_10/src -s libs  "SHELL=CMD" "COMPILER=aarch64-none-elf-gcc" "ASSEMBLER=aarch64-none
TRACE::2025-11-13.13:48:09::SCWBDomain::-elf-as" "ARCHIVER=aarch64-none-elf-ar" "COMPILER_FLAGS=  -c" "EXTRA_COMPILER_FLAGS=-g -Wall -Wextra -fno-tree-loop-distribute-
TRACE::2025-11-13.13:48:09::SCWBDomain::patterns -Os -flto -ffat-lto-objects"

TRACE::2025-11-13.13:48:09::SCWBDomain::"Running Make libs in psu_cortexa53_0/libsrc/ttcps_v3_19/src"

TRACE::2025-11-13.13:48:09::SCWBDomain::make -C psu_cortexa53_0/libsrc/ttcps_v3_19/src -s libs  "SHELL=CMD" "COMPILER=aarch64-none-elf-gcc" "ASSEMBLER=aarch64-none-elf
TRACE::2025-11-13.13:48:09::SCWBDomain::-as" "ARCHIVER=aarch64-none-elf-ar" "COMPILER_FLAGS=  -c" "EXTRA_COMPILER_FLAGS=-g -Wall -Wextra -fno-tree-loop-distribute-patt
TRACE::2025-11-13.13:48:09::SCWBDomain::erns -Os -flto -ffat-lto-objects"

TRACE::2025-11-13.13:48:09::SCWBDomain::"Running Make libs in psu_cortexa53_0/libsrc/uartps_v3_14/src"

TRACE::2025-11-13.13:48:09::SCWBDomain::make -C psu_cortexa53_0/libsrc/uartps_v3_14/src -s libs  "SHELL=CMD" "COMPILER=aarch64-none-elf-gcc" "ASSEMBLER=aarch64-none-el
TRACE::2025-11-13.13:48:09::SCWBDomain::f-as" "ARCHIVER=aarch64-none-elf-ar" "COMPILER_FLAGS=  -c" "EXTRA_COMPILER_FLAGS=-g -Wall -Wextra -fno-tree-loop-distribute-pat
TRACE::2025-11-13.13:48:09::SCWBDomain::terns -Os -flto -ffat-lto-objects"

TRACE::2025-11-13.13:48:09::SCWBDomain::"Running Make libs in psu_cortexa53_0/libsrc/wdtps_v3_7/src"

TRACE::2025-11-13.13:48:09::SCWBDomain::make -C psu_cortexa53_0/libsrc/wdtps_v3_7/src -s libs  "SHELL=CMD" "COMPILER=aarch64-none-elf-gcc" "ASSEMBLER=aarch64-none-elf-
TRACE::2025-11-13.13:48:09::SCWBDomain::as" "ARCHIVER=aarch64-none-elf-ar" "COMPILER_FLAGS=  -c" "EXTRA_COMPILER_FLAGS=-g -Wall -Wextra -fno-tree-loop-distribute-patte
TRACE::2025-11-13.13:48:09::SCWBDomain::rns -Os -flto -ffat-lto-objects"

TRACE::2025-11-13.13:48:09::SCWBDomain::"Running Make libs in psu_cortexa53_0/libsrc/xilffs_v5_2/src"

TRACE::2025-11-13.13:48:09::SCWBDomain::make -C psu_cortexa53_0/libsrc/xilffs_v5_2/src -s libs  "SHELL=CMD" "COMPILER=aarch64-none-elf-gcc" "ASSEMBLER=aarch64-none-elf
TRACE::2025-11-13.13:48:09::SCWBDomain::-as" "ARCHIVER=aarch64-none-elf-ar" "COMPILER_FLAGS=  -c" "EXTRA_COMPILER_FLAGS=-g -Wall -Wextra -fno-tree-loop-distribute-patt
TRACE::2025-11-13.13:48:09::SCWBDomain::erns -Os -flto -ffat-lto-objects"

TRACE::2025-11-13.13:48:09::SCWBDomain::"Running Make libs in psu_cortexa53_0/libsrc/zdma_v1_18/src"

TRACE::2025-11-13.13:48:09::SCWBDomain::make -C psu_cortexa53_0/libsrc/zdma_v1_18/src -s libs  "SHELL=CMD" "COMPILER=aarch64-none-elf-gcc" "ASSEMBLER=aarch64-none-elf-
TRACE::2025-11-13.13:48:09::SCWBDomain::as" "ARCHIVER=aarch64-none-elf-ar" "COMPILER_FLAGS=  -c" "EXTRA_COMPILER_FLAGS=-g -Wall -Wextra -fno-tree-loop-distribute-patte
TRACE::2025-11-13.13:48:09::SCWBDomain::rns -Os -flto -ffat-lto-objects"

TRACE::2025-11-13.13:48:10::SCWBDomain::'Finished building libraries parallelly.'

TRACE::2025-11-13.13:48:10::SCWBDomain::make --no-print-directory archive

TRACE::2025-11-13.13:48:10::SCWBDomain::aarch64-none-elf-ar -r  psu_cortexa53_0/lib/libxil.a psu_cortexa53_0/lib/_exit.o psu_cortexa53_0/lib/_open.o psu_cortexa53_0/li
TRACE::2025-11-13.13:48:10::SCWBDomain::b/_sbrk.o psu_cortexa53_0/lib/abort.o psu_cortexa53_0/lib/asm_vectors.o psu_cortexa53_0/lib/boot.o psu_cortexa53_0/lib/close.o 
TRACE::2025-11-13.13:48:10::SCWBDomain::psu_cortexa53_0/lib/cpputest_time.o psu_cortexa53_0/lib/errno.o psu_cortexa53_0/lib/fcntl.o psu_cortexa53_0/lib/fstat.o psu_cor
TRACE::2025-11-13.13:48:10::SCWBDomain::texa53_0/lib/getentropy.o psu_cortexa53_0/lib/getpid.o psu_cortexa53_0/lib/inbyte.o psu_cortexa53_0/lib/initialise_monitor_hand
TRACE::2025-11-13.13:48:10::SCWBDomain::les.o psu_cortexa53_0/lib/isatty.o psu_cortexa53_0/lib/kill.o psu_cortexa53_0/lib/lseek.o psu_cortexa53_0/lib/open.o psu_cortex
TRACE::2025-11-13.13:48:10::SCWBDomain::a53_0/lib/outbyte.o psu_cortexa53_0/lib/print.o psu_cortexa53_0/lib/putnum.o psu_cortexa53_0/lib/read.o psu_cortexa53_0/lib/sbr
TRACE::2025-11-13.13:48:10::SCWBDomain::k.o psu_cortexa53_0/lib/sleep.o psu_cortexa53_0/lib/time.o psu_cortexa53_0/lib/translation_table.o psu_cortexa53_0/lib/unlink.o
TRACE::2025-11-13.13:48:10::SCWBDomain:: psu_cortexa53_0/lib/vectors.o psu_cortexa53_0/lib/write.o psu_cortexa53_0/lib/xaxidma.o psu_cortexa53_0/lib/xaxidma_bd.o psu_c
TRACE::2025-11-13.13:48:10::SCWBDomain::ortexa53_0/lib/xaxidma_bdring.o psu_cortexa53_0/lib/xaxidma_g.o psu_cortexa53_0/lib/xaxidma_selftest.o psu_cortexa53_0/lib/xaxi
TRACE::2025-11-13.13:48:10::SCWBDomain::dma_sinit.o psu_cortexa53_0/lib/xaxipmon.o psu_cortexa53_0/lib/xaxipmon_g.o psu_cortexa53_0/lib/xaxipmon_selftest.o psu_cortexa
TRACE::2025-11-13.13:48:10::SCWBDomain::53_0/lib/xaxipmon_sinit.o psu_cortexa53_0/lib/xclockps.o psu_cortexa53_0/lib/xclockps_divider.o psu_cortexa53_0/lib/xclockps_fi
TRACE::2025-11-13.13:48:10::SCWBDomain::xedfactor.o psu_cortexa53_0/lib/xclockps_g.o psu_cortexa53_0/lib/xclockps_gate.o psu_cortexa53_0/lib/xclockps_mux.o psu_cortexa
TRACE::2025-11-13.13:48:10::SCWBDomain::53_0/lib/xclockps_pll.o psu_cortexa53_0/lib/xclockps_sinit.o psu_cortexa53_0/lib/xcoresightpsdcc.o psu_cortexa53_0/lib/xcsudma.
TRACE::2025-11-13.13:48:10::SCWBDomain::o psu_cortexa53_0/lib/xcsudma_g.o psu_cortexa53_0/lib/xcsudma_intr.o psu_cortexa53_0/lib/xcsudma_selftest.o psu_cortexa53_0/lib
TRACE::2025-11-13.13:48:10::SCWBDomain::/xcsudma_sinit.o psu_cortexa53_0/lib/xddrcpsu.o psu_cortexa53_0/lib/xddrcpsu_sinit.o psu_cortexa53_0/lib/xgpio.o psu_cortexa53_
TRACE::2025-11-13.13:48:10::SCWBDomain::0/lib/xgpio_extra.o psu_cortexa53_0/lib/xgpio_g.o psu_cortexa53_0/lib/xgpio_intr.o psu_cortexa53_0/lib/xgpio_selftest.o psu_cor
TRACE::2025-11-13.13:48:10::SCWBDomain::texa53_0/lib/xgpio_sinit.o psu_cortexa53_0/lib/xgpiops.o psu_cortexa53_0/lib/xgpiops_g.o psu_cortexa53_0/lib/xgpiops_hw.o psu_c
TRACE::2025-11-13.13:48:10::SCWBDomain::ortexa53_0/lib/xgpiops_intr.o psu_cortexa53_0/lib/xgpiops_selftest.o psu_cortexa53_0/lib/xgpiops_sinit.o psu_cortexa53_0/lib/xi
TRACE::2025-11-13.13:48:10::SCWBDomain::icps.o psu_cortexa53_0/lib/xiicps_g.o psu_cortexa53_0/lib/xiicps_hw.o psu_cortexa53_0/lib/xiicps_intr.o psu_cortexa53_0/lib/xii
TRACE::2025-11-13.13:48:10::SCWBDomain::cps_master.o psu_cortexa53_0/lib/xiicps_options.o psu_cortexa53_0/lib/xiicps_selftest.o psu_cortexa53_0/lib/xiicps_sinit.o psu_
TRACE::2025-11-13.13:48:10::SCWBDomain::cortexa53_0/lib/xiicps_slave.o psu_cortexa53_0/lib/xiicps_xfer.o psu_cortexa53_0/lib/xil-crt0.o psu_cortexa53_0/lib/xil_assert.
TRACE::2025-11-13.13:48:10::SCWBDomain::o psu_cortexa53_0/lib/xil_cache.o psu_cortexa53_0/lib/xil_clocking.o psu_cortexa53_0/lib/xil_exception.o psu_cortexa53_0/lib/xi
TRACE::2025-11-13.13:48:10::SCWBDomain::l_mem.o psu_cortexa53_0/lib/xil_mmu.o psu_cortexa53_0/lib/xil_printf.o psu_cortexa53_0/lib/xil_sleepcommon.o psu_cortexa53_0/li
TRACE::2025-11-13.13:48:10::SCWBDomain::b/xil_sleeptimer.o psu_cortexa53_0/lib/xil_smc.o psu_cortexa53_0/lib/xil_spinlock.o psu_cortexa53_0/lib/xil_testcache.o psu_cor
TRACE::2025-11-13.13:48:10::SCWBDomain::texa53_0/lib/xil_testio.o psu_cortexa53_0/lib/xil_testmem.o psu_cortexa53_0/lib/xil_util.o psu_cortexa53_0/lib/xinterrupt_wrap.
TRACE::2025-11-13.13:48:10::SCWBDomain::o psu_cortexa53_0/lib/xipipsu.o psu_cortexa53_0/lib/xipipsu_buf.o psu_cortexa53_0/lib/xipipsu_g.o psu_cortexa53_0/lib/xipipsu_h
TRACE::2025-11-13.13:48:10::SCWBDomain::elper.o psu_cortexa53_0/lib/xipipsu_sinit.o psu_cortexa53_0/lib/xplatform_info.o psu_cortexa53_0/lib/xpm_counter.o psu_cortexa5
TRACE::2025-11-13.13:48:10::SCWBDomain::3_0/lib/xpm_init.o psu_cortexa53_0/lib/xqspipsu.o psu_cortexa53_0/lib/xqspipsu_control.o psu_cortexa53_0/lib/xqspipsu_g.o psu_c
TRACE::2025-11-13.13:48:10::SCWBDomain::ortexa53_0/lib/xqspipsu_hw.o psu_cortexa53_0/lib/xqspipsu_options.o psu_cortexa53_0/lib/xqspipsu_sinit.o psu_cortexa53_0/lib/xq
TRACE::2025-11-13.13:48:10::SCWBDomain::spipsu_xfer.o psu_cortexa53_0/lib/xresetps.o psu_cortexa53_0/lib/xresetps_g.o psu_cortexa53_0/lib/xresetps_sinit.o psu_cortexa5
TRACE::2025-11-13.13:48:10::SCWBDomain::3_0/lib/xrtcpsu.o psu_cortexa53_0/lib/xrtcpsu_g.o psu_cortexa53_0/lib/xrtcpsu_intr.o psu_cortexa53_0/lib/xrtcpsu_selftest.o psu
TRACE::2025-11-13.13:48:10::SCWBDomain::_cortexa53_0/lib/xrtcpsu_sinit.o psu_cortexa53_0/lib/xscugic.o psu_cortexa53_0/lib/xscugic_g.o psu_cortexa53_0/lib/xscugic_hw.o
TRACE::2025-11-13.13:48:10::SCWBDomain:: psu_cortexa53_0/lib/xscugic_intr.o psu_cortexa53_0/lib/xscugic_selftest.o psu_cortexa53_0/lib/xscugic_sinit.o psu_cortexa53_0/
TRACE::2025-11-13.13:48:10::SCWBDomain::lib/xsdps.o psu_cortexa53_0/lib/xsdps_card.o psu_cortexa53_0/lib/xsdps_g.o psu_cortexa53_0/lib/xsdps_host.o psu_cortexa53_0/lib
TRACE::2025-11-13.13:48:10::SCWBDomain::/xsdps_options.o psu_cortexa53_0/lib/xsdps_sinit.o psu_cortexa53_0/lib/xspips.o psu_cortexa53_0/lib/xspips_g.o psu_cortexa53_0/
TRACE::2025-11-13.13:48:10::SCWBDomain::lib/xspips_hw.o psu_cortexa53_0/lib/xspips_options.o psu_cortexa53_0/lib/xspips_selftest.o psu_cortexa53_0/lib/xspips_sinit.o p
TRACE::2025-11-13.13:48:10::SCWBDomain::su_cortexa53_0/lib/xsysmonpsu.o psu_cortexa53_0/lib/xsysmonpsu_g.o psu_cortexa53_0/lib/xsysmonpsu_intr.o psu_cortexa53_0/lib/xs
TRACE::2025-11-13.13:48:10::SCWBDomain::ysmonpsu_selftest.o psu_cortexa53_0/lib/xsysmonpsu_sinit.o psu_cortexa53_0/lib/xtime_l.o psu_cortexa53_0/lib/xttcps.o psu_corte
TRACE::2025-11-13.13:48:10::SCWBDomain::xa53_0/lib/xttcps_g.o psu_cortexa53_0/lib/xttcps_options.o psu_cortexa53_0/lib/xttcps_selftest.o psu_cortexa53_0/lib/xttcps_sin
TRACE::2025-11-13.13:48:10::SCWBDomain::it.o psu_cortexa53_0/lib/xuartps.o psu_cortexa53_0/lib/xuartps_g.o psu_cortexa53_0/lib/xuartps_hw.o psu_cortexa53_0/lib/xuartps
TRACE::2025-11-13.13:48:10::SCWBDomain::_intr.o psu_cortexa53_0/lib/xuartps_options.o psu_cortexa53_0/lib/xuartps_selftest.o psu_cortexa53_0/lib/xuartps_sinit.o psu_co
TRACE::2025-11-13.13:48:10::SCWBDomain::rtexa53_0/lib/xwdtps.o psu_cortexa53_0/lib/xwdtps_g.o psu_cortexa53_0/lib/xwdtps_selftest.o psu_cortexa53_0/lib/xwdtps_sinit.o 
TRACE::2025-11-13.13:48:10::SCWBDomain::psu_cortexa53_0/lib/xzdma.o psu_cortexa53_0/lib/xzdma_g.o psu_cortexa53_0/lib/xzdma_intr.o psu_cortexa53_0/lib/xzdma_selftest.o
TRACE::2025-11-13.13:48:10::SCWBDomain:: psu_cortexa53_0/lib/xzdma_sinit.o

TRACE::2025-11-13.13:48:10::SCWBDomain::'Finished building libraries'

TRACE::2025-11-13.13:48:10::SCWBDomain::make: Leaving directory 'C:/unswworks/workspace/project_plat/zynqmp_fsbl/zynqmp_fsbl_bsp'

TRACE::2025-11-13.13:48:10::SCWBDomain::aarch64-none-elf-gcc  -c -MMD -MP      -Wall -fmessage-length=0 -DARMA53_64 -Os -flto -ffat-lto-objects   -c xfsbl_partition_lo
TRACE::2025-11-13.13:48:10::SCWBDomain::ad.c -o xfsbl_partition_load.o -Izynqmp_fsbl_bsp/psu_cortexa53_0/include -I.

TRACE::2025-11-13.13:48:11::SCWBDomain::aarch64-none-elf-gcc  -c -MMD -MP      -Wall -fmessage-length=0 -DARMA53_64 -Os -flto -ffat-lto-objects   -c xfsbl_qspi.c -o xf
TRACE::2025-11-13.13:48:11::SCWBDomain::sbl_qspi.o -Izynqmp_fsbl_bsp/psu_cortexa53_0/include -I.

TRACE::2025-11-13.13:48:11::SCWBDomain::aarch64-none-elf-gcc  -c -MMD -MP      -Wall -fmessage-length=0 -DARMA53_64 -Os -flto -ffat-lto-objects   -c xfsbl_csu_dma.c -o
TRACE::2025-11-13.13:48:11::SCWBDomain:: xfsbl_csu_dma.o -Izynqmp_fsbl_bsp/psu_cortexa53_0/include -I.

TRACE::2025-11-13.13:48:11::SCWBDomain::aarch64-none-elf-gcc  -c -MMD -MP      -Wall -fmessage-length=0 -DARMA53_64 -Os -flto -ffat-lto-objects   -c xfsbl_nand.c -o xf
TRACE::2025-11-13.13:48:11::SCWBDomain::sbl_nand.o -Izynqmp_fsbl_bsp/psu_cortexa53_0/include -I.

TRACE::2025-11-13.13:48:11::SCWBDomain::aarch64-none-elf-gcc  -c -MMD -MP      -Wall -fmessage-length=0 -DARMA53_64 -Os -flto -ffat-lto-objects   -c xfsbl_usb.c -o xfs
TRACE::2025-11-13.13:48:11::SCWBDomain::bl_usb.o -Izynqmp_fsbl_bsp/psu_cortexa53_0/include -I.

TRACE::2025-11-13.13:48:11::SCWBDomain::aarch64-none-elf-gcc  -c -MMD -MP      -Wall -fmessage-length=0 -DARMA53_64 -Os -flto -ffat-lto-objects   -c xfsbl_sd.c -o xfsb
TRACE::2025-11-13.13:48:11::SCWBDomain::l_sd.o -Izynqmp_fsbl_bsp/psu_cortexa53_0/include -I.

TRACE::2025-11-13.13:48:11::SCWBDomain::aarch64-none-elf-gcc  -c -MMD -MP      -Wall -fmessage-length=0 -DARMA53_64 -Os -flto -ffat-lto-objects   -c xfsbl_hooks.c -o x
TRACE::2025-11-13.13:48:11::SCWBDomain::fsbl_hooks.o -Izynqmp_fsbl_bsp/psu_cortexa53_0/include -I.

TRACE::2025-11-13.13:48:11::SCWBDomain::aarch64-none-elf-gcc  -c -MMD -MP      -Wall -fmessage-length=0 -DARMA53_64 -Os -flto -ffat-lto-objects   -c xfsbl_main.c -o xf
TRACE::2025-11-13.13:48:11::SCWBDomain::sbl_main.o -Izynqmp_fsbl_bsp/psu_cortexa53_0/include -I.

TRACE::2025-11-13.13:48:11::SCWBDomain::aarch64-none-elf-gcc  -c -MMD -MP      -Wall -fmessage-length=0 -DARMA53_64 -Os -flto -ffat-lto-objects   -c xfsbl_dfu_util.c -
TRACE::2025-11-13.13:48:11::SCWBDomain::o xfsbl_dfu_util.o -Izynqmp_fsbl_bsp/psu_cortexa53_0/include -I.

TRACE::2025-11-13.13:48:11::SCWBDomain::aarch64-none-elf-gcc  -c -MMD -MP      -Wall -fmessage-length=0 -DARMA53_64 -Os -flto -ffat-lto-objects   -c xfsbl_tpm.c -o xfs
TRACE::2025-11-13.13:48:11::SCWBDomain::bl_tpm.o -Izynqmp_fsbl_bsp/psu_cortexa53_0/include -I.

TRACE::2025-11-13.13:48:11::SCWBDomain::aarch64-none-elf-gcc  -c -MMD -MP      -Wall -fmessage-length=0 -DARMA53_64 -Os -flto -ffat-lto-objects   -c xfsbl_initializati
TRACE::2025-11-13.13:48:11::SCWBDomain::on.c -o xfsbl_initialization.o -Izynqmp_fsbl_bsp/psu_cortexa53_0/include -I.

TRACE::2025-11-13.13:48:11::SCWBDomain::aarch64-none-elf-gcc  -c -MMD -MP      -Wall -fmessage-length=0 -DARMA53_64 -Os -flto -ffat-lto-objects   -c xfsbl_ddr_init.c -
TRACE::2025-11-13.13:48:11::SCWBDomain::o xfsbl_ddr_init.o -Izynqmp_fsbl_bsp/psu_cortexa53_0/include -I.

TRACE::2025-11-13.13:48:11::SCWBDomain::aarch64-none-elf-gcc  -c -MMD -MP      -Wall -fmessage-length=0 -DARMA53_64 -Os -flto -ffat-lto-objects   -c xfsbl_handoff.c -o
TRACE::2025-11-13.13:48:11::SCWBDomain:: xfsbl_handoff.o -Izynqmp_fsbl_bsp/psu_cortexa53_0/include -I.

TRACE::2025-11-13.13:48:11::SCWBDomain::aarch64-none-elf-gcc  -c -MMD -MP      -Wall -fmessage-length=0 -DARMA53_64 -Os -flto -ffat-lto-objects   -c psu_init.c -o psu_
TRACE::2025-11-13.13:48:11::SCWBDomain::init.o -Izynqmp_fsbl_bsp/psu_cortexa53_0/include -I.

TRACE::2025-11-13.13:48:12::SCWBDomain::aarch64-none-elf-gcc  -c -MMD -MP      -Wall -fmessage-length=0 -DARMA53_64 -Os -flto -ffat-lto-objects   -c xfsbl_board.c -o x
TRACE::2025-11-13.13:48:12::SCWBDomain::fsbl_board.o -Izynqmp_fsbl_bsp/psu_cortexa53_0/include -I.

TRACE::2025-11-13.13:48:12::SCWBDomain::aarch64-none-elf-gcc  -c -MMD -MP      -Wall -fmessage-length=0 -DARMA53_64 -Os -flto -ffat-lto-objects   -c xfsbl_misc_drivers
TRACE::2025-11-13.13:48:12::SCWBDomain::.c -o xfsbl_misc_drivers.o -Izynqmp_fsbl_bsp/psu_cortexa53_0/include -I.

TRACE::2025-11-13.13:48:12::SCWBDomain::aarch64-none-elf-gcc  -c -MMD -MP      -Wall -fmessage-length=0 -DARMA53_64 -Os -flto -ffat-lto-objects   -c xfsbl_rsa_sha.c -o
TRACE::2025-11-13.13:48:12::SCWBDomain:: xfsbl_rsa_sha.o -Izynqmp_fsbl_bsp/psu_cortexa53_0/include -I.

TRACE::2025-11-13.13:48:12::SCWBDomain::aarch64-none-elf-gcc  -c -MMD -MP      -Wall -fmessage-length=0 -DARMA53_64 -Os -flto -ffat-lto-objects   -c xfsbl_bs.c -o xfsb
TRACE::2025-11-13.13:48:12::SCWBDomain::l_bs.o -Izynqmp_fsbl_bsp/psu_cortexa53_0/include -I.

TRACE::2025-11-13.13:48:12::SCWBDomain::aarch64-none-elf-gcc  -c -MMD -MP      -Wall -fmessage-length=0 -DARMA53_64 -Os -flto -ffat-lto-objects   -c xfsbl_tpm_util.c -
TRACE::2025-11-13.13:48:12::SCWBDomain::o xfsbl_tpm_util.o -Izynqmp_fsbl_bsp/psu_cortexa53_0/include -I.

TRACE::2025-11-13.13:48:12::SCWBDomain::aarch64-none-elf-gcc  -c -MMD -MP      -Wall -fmessage-length=0 -DARMA53_64 -Os -flto -ffat-lto-objects   -c xfsbl_plpartition_
TRACE::2025-11-13.13:48:12::SCWBDomain::valid.c -o xfsbl_plpartition_valid.o -Izynqmp_fsbl_bsp/psu_cortexa53_0/include -I.

TRACE::2025-11-13.13:48:12::SCWBDomain::aarch64-none-elf-gcc  -c -MMD -MP      -Wall -fmessage-length=0 -DARMA53_64 -Os -flto -ffat-lto-objects   -c xfsbl_image_header
TRACE::2025-11-13.13:48:12::SCWBDomain::.c -o xfsbl_image_header.o -Izynqmp_fsbl_bsp/psu_cortexa53_0/include -I.

TRACE::2025-11-13.13:48:12::SCWBDomain::aarch64-none-elf-gcc  -c -MMD -MP      -Wall -fmessage-length=0 -DARMA53_64 -Os -flto -ffat-lto-objects   -c xfsbl_misc.c -o xf
TRACE::2025-11-13.13:48:12::SCWBDomain::sbl_misc.o -Izynqmp_fsbl_bsp/psu_cortexa53_0/include -I.

TRACE::2025-11-13.13:48:12::SCWBDomain::aarch64-none-elf-gcc  -c -MMD -MP      -Wall -fmessage-length=0 -DARMA53_64 -Os -flto -ffat-lto-objects   -c xfsbl_authenticati
TRACE::2025-11-13.13:48:12::SCWBDomain::on.c -o xfsbl_authentication.o -Izynqmp_fsbl_bsp/psu_cortexa53_0/include -I.

TRACE::2025-11-13.13:48:12::SCWBDomain::aarch64-none-elf-gcc  -c -MMD -MP      -Wall -fmessage-length=0 -DARMA53_64 -Os -flto -ffat-lto-objects   -c xfsbl_translation_
TRACE::2025-11-13.13:48:12::SCWBDomain::table.S -o xfsbl_translation_table.o -Izynqmp_fsbl_bsp/psu_cortexa53_0/include -I.

TRACE::2025-11-13.13:48:12::SCWBDomain::aarch64-none-elf-gcc  -c -MMD -MP      -Wall -fmessage-length=0 -DARMA53_64 -Os -flto -ffat-lto-objects   -c xfsbl_exit.S -o xf
TRACE::2025-11-13.13:48:12::SCWBDomain::sbl_exit.o -Izynqmp_fsbl_bsp/psu_cortexa53_0/include -I.

TRACE::2025-11-13.13:48:13::SCWBDomain::aarch64-none-elf-gcc -o fsbl_a53.elf psu_init.o xfsbl_authentication.o xfsbl_board.o xfsbl_bs.o xfsbl_csu_dma.o xfsbl_ddr_init.
TRACE::2025-11-13.13:48:13::SCWBDomain::o xfsbl_dfu_util.o xfsbl_exit.o xfsbl_handoff.o xfsbl_hooks.o xfsbl_image_header.o xfsbl_initialization.o xfsbl_main.o xfsbl_mi
TRACE::2025-11-13.13:48:13::SCWBDomain::sc.o xfsbl_misc_drivers.o xfsbl_nand.o xfsbl_partition_load.o xfsbl_plpartition_valid.o xfsbl_qspi.o xfsbl_rsa_sha.o xfsbl_sd.o
TRACE::2025-11-13.13:48:13::SCWBDomain:: xfsbl_tpm.o xfsbl_tpm_util.o xfsbl_translation_table.o xfsbl_usb.o -MMD -MP      -Wall -fmessage-length=0 -DARMA53_64 -Os -flt
TRACE::2025-11-13.13:48:13::SCWBDomain::o -ffat-lto-objects    -Wl,--start-group,-lxil,-lgcc,-lc,--end-group -Wl,--start-group,-lxilffs,-lxil,-lgcc,-lc,--end-group -Wl
TRACE::2025-11-13.13:48:13::SCWBDomain::,--start-group,-lxilsecure,-lxil,-lgcc,-lc,--end-group -Wl,--start-group,-lxilpm,-lxil,-lgcc,-lc,--end-group                   
TRACE::2025-11-13.13:48:13::SCWBDomain::                                                                                  -n  -Wl,--gc-sections -Lzynqmp_fsbl_bsp/psu_c
TRACE::2025-11-13.13:48:13::SCWBDomain::ortexa53_0/lib -Tlscript.ld

LOG::2025-11-13.13:48:15::SCWSystem::Checking the domain zynqmp_pmufw
LOG::2025-11-13.13:48:15::SCWSystem::Doing application build for :  zynqmp_pmufw
TRACE::2025-11-13.13:48:15::SCWBDomain::Not a forced makefile updation, No changes are present. 
TRACE::2025-11-13.13:48:15::SCWDomain::Building the domain as part of full build :  zynqmp_pmufw
TRACE::2025-11-13.13:48:15::SCWPlatform::Trying to open the hw design at C:/unswworks/workspace/project_plat/hw/v2.0.xsa
TRACE::2025-11-13.13:48:15::SCWPlatform::DSA given C:/unswworks/workspace/project_plat/hw/v2.0.xsa
TRACE::2025-11-13.13:48:15::SCWPlatform::DSA absoulate path C:/unswworks/workspace/project_plat/hw/v2.0.xsa
TRACE::2025-11-13.13:48:15::SCWPlatform::DSA directory C:/unswworks/workspace/project_plat/hw
TRACE::2025-11-13.13:48:15::SCWPlatform:: Platform Path C:/unswworks/workspace/project_plat/hw/v2.0.xsa
TRACE::2025-11-13.13:48:15::SCWPlatform:: Unique name xilinx:kv260_som::0.0
TRACE::2025-11-13.13:48:15::SCWPlatform::Trying to set the existing hwdb with name design_1_wrapper_1
TRACE::2025-11-13.13:48:15::SCWPlatform::Opened existing hwdb design_1_wrapper_1
TRACE::2025-11-13.13:48:15::SCWPlatform::Found the Hw Db part of the input DSA
TRACE::2025-11-13.13:48:15::SCWMssOS::Checking the sw design at  C:/unswworks/workspace/project_plat/zynqmp_pmufw/zynqmp_pmufw_bsp/system.mss
TRACE::2025-11-13.13:48:15::SCWMssOS::DEBUG:  swdes dump  C:/unswworks/workspace/147/zynqmp_fsbl/zynqmp_fsbl_bsp/system.mss|system_2||
C:/unswworks/workspace/147/zynqmp_pmufw/zynqmp_pmufw_bsp/system.mss|system_3||
C:/unswworks/workspace/project_plat/psu_cortexa53_0/standalone_domain/bsp/system.mss|system_1||
C:/unswworks/workspace/project_plat/zynqmp_fsbl/zynqmp_fsbl_bsp/system.mss|system||
C:/unswworks/workspace/project_plat/zynqmp_pmufw/zynqmp_pmufw_bsp/system.mss|system_0||

TRACE::2025-11-13.13:48:15::SCWMssOS::Sw design exists and opened at  C:/unswworks/workspace/project_plat/zynqmp_pmufw/zynqmp_pmufw_bsp/system.mss
TRACE::2025-11-13.13:48:15::SCWBDomain::Completed writing the mss file at C:/unswworks/workspace/project_plat/zynqmp_pmufw/zynqmp_pmufw_bsp
TRACE::2025-11-13.13:48:15::SCWBDomain::bsp generated is upto date with the mss file. Skipping bsp generation.
TRACE::2025-11-13.13:48:15::SCWBDomain::Not a forced makefile updation, No changes are present. 
TRACE::2025-11-13.13:48:15::SCWBDomain::System Command Ran  C:&  cd  C:/unswworks/workspace/project_plat/zynqmp_pmufw& make -C  zynqmp_pmufw_bsp & make 
TRACE::2025-11-13.13:48:15::SCWBDomain::make: Entering directory 'C:/unswworks/workspace/project_plat/zynqmp_pmufw/zynqmp_pmufw_bsp'

TRACE::2025-11-13.13:48:15::SCWBDomain::make --no-print-directory seq_libs

TRACE::2025-11-13.13:48:15::SCWBDomain::"Running Make include in psu_pmu_0/libsrc/axidma_v9_18/src"

TRACE::2025-11-13.13:48:15::SCWBDomain::make -C psu_pmu_0/libsrc/axidma_v9_18/src -s include  "SHELL=CMD" "COMPILER=mb-gcc" "ASSEMBLER=mb-as" "ARCHIVER=mb-ar" "COMPILE
TRACE::2025-11-13.13:48:15::SCWBDomain::R_FLAGS=  -O2 -c -mcpu=v9.2 -mlittle-endian -mxl-barrel-shift -mxl-pattern-compare -mxl-soft-mul" "EXTRA_COMPILER_FLAGS=-g -ffu
TRACE::2025-11-13.13:48:15::SCWBDomain::nction-sections -fdata-sections -Wall -Wextra -fno-tree-loop-distribute-patterns  -Os -flto -ffat-lto-objects"

TRACE::2025-11-13.13:48:15::SCWBDomain::"Running Make include in psu_pmu_0/libsrc/axipmon_v6_11/src"

TRACE::2025-11-13.13:48:15::SCWBDomain::make -C psu_pmu_0/libsrc/axipmon_v6_11/src -s include  "SHELL=CMD" "COMPILER=mb-gcc" "ASSEMBLER=mb-as" "ARCHIVER=mb-ar" "COMPIL
TRACE::2025-11-13.13:48:15::SCWBDomain::ER_FLAGS=  -O2 -c -mcpu=v9.2 -mlittle-endian -mxl-barrel-shift -mxl-pattern-compare -mxl-soft-mul" "EXTRA_COMPILER_FLAGS=-g -ff
TRACE::2025-11-13.13:48:15::SCWBDomain::unction-sections -fdata-sections -Wall -Wextra -fno-tree-loop-distribute-patterns  -Os -flto -ffat-lto-objects"

TRACE::2025-11-13.13:48:15::SCWBDomain::"Running Make include in psu_pmu_0/libsrc/clockps_v1_6/src"

TRACE::2025-11-13.13:48:15::SCWBDomain::make -C psu_pmu_0/libsrc/clockps_v1_6/src -s include  "SHELL=CMD" "COMPILER=mb-gcc" "ASSEMBLER=mb-as" "ARCHIVER=mb-ar" "COMPILE
TRACE::2025-11-13.13:48:15::SCWBDomain::R_FLAGS=  -O2 -c -mcpu=v9.2 -mlittle-endian -mxl-barrel-shift -mxl-pattern-compare -mxl-soft-mul" "EXTRA_COMPILER_FLAGS=-g -ffu
TRACE::2025-11-13.13:48:15::SCWBDomain::nction-sections -fdata-sections -Wall -Wextra -fno-tree-loop-distribute-patterns  -Os -flto -ffat-lto-objects"

TRACE::2025-11-13.13:48:15::SCWBDomain::"Running Make include in psu_pmu_0/libsrc/cpu_v2_18/src"

TRACE::2025-11-13.13:48:15::SCWBDomain::make -C psu_pmu_0/libsrc/cpu_v2_18/src -s include  "SHELL=CMD" "COMPILER=mb-gcc" "ASSEMBLER=mb-as" "ARCHIVER=mb-ar" "COMPILER_F
TRACE::2025-11-13.13:48:15::SCWBDomain::LAGS=  -O2 -c -mcpu=v9.2 -mlittle-endian -mxl-barrel-shift -mxl-pattern-compare -mxl-soft-mul" "EXTRA_COMPILER_FLAGS=-g -ffunct
TRACE::2025-11-13.13:48:15::SCWBDomain::ion-sections -fdata-sections -Wall -Wextra -fno-tree-loop-distribute-patterns  -Os -flto -ffat-lto-objects"

TRACE::2025-11-13.13:48:15::SCWBDomain::"Running Make include in psu_pmu_0/libsrc/csudma_v1_15/src"

TRACE::2025-11-13.13:48:15::SCWBDomain::make -C psu_pmu_0/libsrc/csudma_v1_15/src -s include  "SHELL=CMD" "COMPILER=mb-gcc" "ASSEMBLER=mb-as" "ARCHIVER=mb-ar" "COMPILE
TRACE::2025-11-13.13:48:15::SCWBDomain::R_FLAGS=  -O2 -c -mcpu=v9.2 -mlittle-endian -mxl-barrel-shift -mxl-pattern-compare -mxl-soft-mul" "EXTRA_COMPILER_FLAGS=-g -ffu
TRACE::2025-11-13.13:48:15::SCWBDomain::nction-sections -fdata-sections -Wall -Wextra -fno-tree-loop-distribute-patterns  -Os -flto -ffat-lto-objects"

TRACE::2025-11-13.13:48:15::SCWBDomain::"Running Make include in psu_pmu_0/libsrc/ddrcpsu_v1_6/src"

TRACE::2025-11-13.13:48:15::SCWBDomain::make -C psu_pmu_0/libsrc/ddrcpsu_v1_6/src -s include  "SHELL=CMD" "COMPILER=mb-gcc" "ASSEMBLER=mb-as" "ARCHIVER=mb-ar" "COMPILE
TRACE::2025-11-13.13:48:15::SCWBDomain::R_FLAGS=  -O2 -c -mcpu=v9.2 -mlittle-endian -mxl-barrel-shift -mxl-pattern-compare -mxl-soft-mul" "EXTRA_COMPILER_FLAGS=-g -ffu
TRACE::2025-11-13.13:48:15::SCWBDomain::nction-sections -fdata-sections -Wall -Wextra -fno-tree-loop-distribute-patterns  -Os -flto -ffat-lto-objects"

TRACE::2025-11-13.13:48:15::SCWBDomain::"Running Make include in psu_pmu_0/libsrc/gpiops_v3_13/src"

TRACE::2025-11-13.13:48:15::SCWBDomain::make -C psu_pmu_0/libsrc/gpiops_v3_13/src -s include  "SHELL=CMD" "COMPILER=mb-gcc" "ASSEMBLER=mb-as" "ARCHIVER=mb-ar" "COMPILE
TRACE::2025-11-13.13:48:15::SCWBDomain::R_FLAGS=  -O2 -c -mcpu=v9.2 -mlittle-endian -mxl-barrel-shift -mxl-pattern-compare -mxl-soft-mul" "EXTRA_COMPILER_FLAGS=-g -ffu
TRACE::2025-11-13.13:48:15::SCWBDomain::nction-sections -fdata-sections -Wall -Wextra -fno-tree-loop-distribute-patterns  -Os -flto -ffat-lto-objects"

TRACE::2025-11-13.13:48:16::SCWBDomain::"Running Make include in psu_pmu_0/libsrc/gpio_v4_11/src"

TRACE::2025-11-13.13:48:16::SCWBDomain::make -C psu_pmu_0/libsrc/gpio_v4_11/src -s include  "SHELL=CMD" "COMPILER=mb-gcc" "ASSEMBLER=mb-as" "ARCHIVER=mb-ar" "COMPILER_
TRACE::2025-11-13.13:48:16::SCWBDomain::FLAGS=  -O2 -c -mcpu=v9.2 -mlittle-endian -mxl-barrel-shift -mxl-pattern-compare -mxl-soft-mul" "EXTRA_COMPILER_FLAGS=-g -ffunc
TRACE::2025-11-13.13:48:16::SCWBDomain::tion-sections -fdata-sections -Wall -Wextra -fno-tree-loop-distribute-patterns  -Os -flto -ffat-lto-objects"

TRACE::2025-11-13.13:48:16::SCWBDomain::"Running Make include in psu_pmu_0/libsrc/iicps_v3_19/src"

TRACE::2025-11-13.13:48:16::SCWBDomain::make -C psu_pmu_0/libsrc/iicps_v3_19/src -s include  "SHELL=CMD" "COMPILER=mb-gcc" "ASSEMBLER=mb-as" "ARCHIVER=mb-ar" "COMPILER
TRACE::2025-11-13.13:48:16::SCWBDomain::_FLAGS=  -O2 -c -mcpu=v9.2 -mlittle-endian -mxl-barrel-shift -mxl-pattern-compare -mxl-soft-mul" "EXTRA_COMPILER_FLAGS=-g -ffun
TRACE::2025-11-13.13:48:16::SCWBDomain::ction-sections -fdata-sections -Wall -Wextra -fno-tree-loop-distribute-patterns  -Os -flto -ffat-lto-objects"

TRACE::2025-11-13.13:48:16::SCWBDomain::"Running Make include in psu_pmu_0/libsrc/ipipsu_v2_15/src"

TRACE::2025-11-13.13:48:16::SCWBDomain::make -C psu_pmu_0/libsrc/ipipsu_v2_15/src -s include  "SHELL=CMD" "COMPILER=mb-gcc" "ASSEMBLER=mb-as" "ARCHIVER=mb-ar" "COMPILE
TRACE::2025-11-13.13:48:16::SCWBDomain::R_FLAGS=  -O2 -c -mcpu=v9.2 -mlittle-endian -mxl-barrel-shift -mxl-pattern-compare -mxl-soft-mul" "EXTRA_COMPILER_FLAGS=-g -ffu
TRACE::2025-11-13.13:48:16::SCWBDomain::nction-sections -fdata-sections -Wall -Wextra -fno-tree-loop-distribute-patterns  -Os -flto -ffat-lto-objects"

TRACE::2025-11-13.13:48:16::SCWBDomain::"Running Make include in psu_pmu_0/libsrc/qspipsu_v1_19/src"

TRACE::2025-11-13.13:48:16::SCWBDomain::make -C psu_pmu_0/libsrc/qspipsu_v1_19/src -s include  "SHELL=CMD" "COMPILER=mb-gcc" "ASSEMBLER=mb-as" "ARCHIVER=mb-ar" "COMPIL
TRACE::2025-11-13.13:48:16::SCWBDomain::ER_FLAGS=  -O2 -c -mcpu=v9.2 -mlittle-endian -mxl-barrel-shift -mxl-pattern-compare -mxl-soft-mul" "EXTRA_COMPILER_FLAGS=-g -ff
TRACE::2025-11-13.13:48:16::SCWBDomain::unction-sections -fdata-sections -Wall -Wextra -fno-tree-loop-distribute-patterns  -Os -flto -ffat-lto-objects"

TRACE::2025-11-13.13:48:16::SCWBDomain::"Running Make include in psu_pmu_0/libsrc/resetps_v1_7/src"

TRACE::2025-11-13.13:48:16::SCWBDomain::make -C psu_pmu_0/libsrc/resetps_v1_7/src -s include  "SHELL=CMD" "COMPILER=mb-gcc" "ASSEMBLER=mb-as" "ARCHIVER=mb-ar" "COMPILE
TRACE::2025-11-13.13:48:16::SCWBDomain::R_FLAGS=  -O2 -c -mcpu=v9.2 -mlittle-endian -mxl-barrel-shift -mxl-pattern-compare -mxl-soft-mul" "EXTRA_COMPILER_FLAGS=-g -ffu
TRACE::2025-11-13.13:48:16::SCWBDomain::nction-sections -fdata-sections -Wall -Wextra -fno-tree-loop-distribute-patterns  -Os -flto -ffat-lto-objects"

TRACE::2025-11-13.13:48:16::SCWBDomain::"Running Make include in psu_pmu_0/libsrc/rtcpsu_v1_14/src"

TRACE::2025-11-13.13:48:16::SCWBDomain::make -C psu_pmu_0/libsrc/rtcpsu_v1_14/src -s include  "SHELL=CMD" "COMPILER=mb-gcc" "ASSEMBLER=mb-as" "ARCHIVER=mb-ar" "COMPILE
TRACE::2025-11-13.13:48:16::SCWBDomain::R_FLAGS=  -O2 -c -mcpu=v9.2 -mlittle-endian -mxl-barrel-shift -mxl-pattern-compare -mxl-soft-mul" "EXTRA_COMPILER_FLAGS=-g -ffu
TRACE::2025-11-13.13:48:16::SCWBDomain::nction-sections -fdata-sections -Wall -Wextra -fno-tree-loop-distribute-patterns  -Os -flto -ffat-lto-objects"

TRACE::2025-11-13.13:48:16::SCWBDomain::"Running Make include in psu_pmu_0/libsrc/sdps_v4_3/src"

TRACE::2025-11-13.13:48:16::SCWBDomain::make -C psu_pmu_0/libsrc/sdps_v4_3/src -s include  "SHELL=CMD" "COMPILER=mb-gcc" "ASSEMBLER=mb-as" "ARCHIVER=mb-ar" "COMPILER_F
TRACE::2025-11-13.13:48:16::SCWBDomain::LAGS=  -O2 -c -mcpu=v9.2 -mlittle-endian -mxl-barrel-shift -mxl-pattern-compare -mxl-soft-mul" "EXTRA_COMPILER_FLAGS=-g -ffunct
TRACE::2025-11-13.13:48:16::SCWBDomain::ion-sections -fdata-sections -Wall -Wextra -fno-tree-loop-distribute-patterns  -Os -flto -ffat-lto-objects"

TRACE::2025-11-13.13:48:16::SCWBDomain::"Running Make include in psu_pmu_0/libsrc/spips_v3_10/src"

TRACE::2025-11-13.13:48:16::SCWBDomain::make -C psu_pmu_0/libsrc/spips_v3_10/src -s include  "SHELL=CMD" "COMPILER=mb-gcc" "ASSEMBLER=mb-as" "ARCHIVER=mb-ar" "COMPILER
TRACE::2025-11-13.13:48:16::SCWBDomain::_FLAGS=  -O2 -c -mcpu=v9.2 -mlittle-endian -mxl-barrel-shift -mxl-pattern-compare -mxl-soft-mul" "EXTRA_COMPILER_FLAGS=-g -ffun
TRACE::2025-11-13.13:48:16::SCWBDomain::ction-sections -fdata-sections -Wall -Wextra -fno-tree-loop-distribute-patterns  -Os -flto -ffat-lto-objects"

TRACE::2025-11-13.13:48:16::SCWBDomain::"Running Make include in psu_pmu_0/libsrc/standalone_v9_1/src"

TRACE::2025-11-13.13:48:16::SCWBDomain::make -C psu_pmu_0/libsrc/standalone_v9_1/src -s include  "SHELL=CMD" "COMPILER=mb-gcc" "ASSEMBLER=mb-as" "ARCHIVER=mb-ar" "COMP
TRACE::2025-11-13.13:48:16::SCWBDomain::ILER_FLAGS=  -O2 -c -mcpu=v9.2 -mlittle-endian -mxl-barrel-shift -mxl-pattern-compare -mxl-soft-mul" "EXTRA_COMPILER_FLAGS=-g -
TRACE::2025-11-13.13:48:16::SCWBDomain::ffunction-sections -fdata-sections -Wall -Wextra -fno-tree-loop-distribute-patterns  -Os -flto -ffat-lto-objects"

TRACE::2025-11-13.13:48:16::SCWBDomain::"Running Make include in psu_pmu_0/libsrc/sysmonpsu_v2_10/src"

TRACE::2025-11-13.13:48:16::SCWBDomain::make -C psu_pmu_0/libsrc/sysmonpsu_v2_10/src -s include  "SHELL=CMD" "COMPILER=mb-gcc" "ASSEMBLER=mb-as" "ARCHIVER=mb-ar" "COMP
TRACE::2025-11-13.13:48:16::SCWBDomain::ILER_FLAGS=  -O2 -c -mcpu=v9.2 -mlittle-endian -mxl-barrel-shift -mxl-pattern-compare -mxl-soft-mul" "EXTRA_COMPILER_FLAGS=-g -
TRACE::2025-11-13.13:48:16::SCWBDomain::ffunction-sections -fdata-sections -Wall -Wextra -fno-tree-loop-distribute-patterns  -Os -flto -ffat-lto-objects"

TRACE::2025-11-13.13:48:16::SCWBDomain::"Running Make include in psu_pmu_0/libsrc/ttcps_v3_19/src"

TRACE::2025-11-13.13:48:16::SCWBDomain::make -C psu_pmu_0/libsrc/ttcps_v3_19/src -s include  "SHELL=CMD" "COMPILER=mb-gcc" "ASSEMBLER=mb-as" "ARCHIVER=mb-ar" "COMPILER
TRACE::2025-11-13.13:48:16::SCWBDomain::_FLAGS=  -O2 -c -mcpu=v9.2 -mlittle-endian -mxl-barrel-shift -mxl-pattern-compare -mxl-soft-mul" "EXTRA_COMPILER_FLAGS=-g -ffun
TRACE::2025-11-13.13:48:16::SCWBDomain::ction-sections -fdata-sections -Wall -Wextra -fno-tree-loop-distribute-patterns  -Os -flto -ffat-lto-objects"

TRACE::2025-11-13.13:48:16::SCWBDomain::"Running Make include in psu_pmu_0/libsrc/uartps_v3_14/src"

TRACE::2025-11-13.13:48:16::SCWBDomain::make -C psu_pmu_0/libsrc/uartps_v3_14/src -s include  "SHELL=CMD" "COMPILER=mb-gcc" "ASSEMBLER=mb-as" "ARCHIVER=mb-ar" "COMPILE
TRACE::2025-11-13.13:48:16::SCWBDomain::R_FLAGS=  -O2 -c -mcpu=v9.2 -mlittle-endian -mxl-barrel-shift -mxl-pattern-compare -mxl-soft-mul" "EXTRA_COMPILER_FLAGS=-g -ffu
TRACE::2025-11-13.13:48:16::SCWBDomain::nction-sections -fdata-sections -Wall -Wextra -fno-tree-loop-distribute-patterns  -Os -flto -ffat-lto-objects"

TRACE::2025-11-13.13:48:16::SCWBDomain::"Running Make include in psu_pmu_0/libsrc/wdtps_v3_7/src"

TRACE::2025-11-13.13:48:16::SCWBDomain::make -C psu_pmu_0/libsrc/wdtps_v3_7/src -s include  "SHELL=CMD" "COMPILER=mb-gcc" "ASSEMBLER=mb-as" "ARCHIVER=mb-ar" "COMPILER_
TRACE::2025-11-13.13:48:16::SCWBDomain::FLAGS=  -O2 -c -mcpu=v9.2 -mlittle-endian -mxl-barrel-shift -mxl-pattern-compare -mxl-soft-mul" "EXTRA_COMPILER_FLAGS=-g -ffunc
TRACE::2025-11-13.13:48:16::SCWBDomain::tion-sections -fdata-sections -Wall -Wextra -fno-tree-loop-distribute-patterns  -Os -flto -ffat-lto-objects"

TRACE::2025-11-13.13:48:16::SCWBDomain::"Running Make include in psu_pmu_0/libsrc/xilfpga_v6_6/src"

TRACE::2025-11-13.13:48:16::SCWBDomain::make -C psu_pmu_0/libsrc/xilfpga_v6_6/src -s include  "SHELL=CMD" "COMPILER=mb-gcc" "ASSEMBLER=mb-as" "ARCHIVER=mb-ar" "COMPILE
TRACE::2025-11-13.13:48:16::SCWBDomain::R_FLAGS=  -O2 -c -mcpu=v9.2 -mlittle-endian -mxl-barrel-shift -mxl-pattern-compare -mxl-soft-mul" "EXTRA_COMPILER_FLAGS=-g -ffu
TRACE::2025-11-13.13:48:16::SCWBDomain::nction-sections -fdata-sections -Wall -Wextra -fno-tree-loop-distribute-patterns  -Os -flto -ffat-lto-objects"

TRACE::2025-11-13.13:48:16::SCWBDomain::"Running Make include in psu_pmu_0/libsrc/xilsecure_v5_3/src"

TRACE::2025-11-13.13:48:16::SCWBDomain::make -C psu_pmu_0/libsrc/xilsecure_v5_3/src -s include  "SHELL=CMD" "COMPILER=mb-gcc" "ASSEMBLER=mb-as" "ARCHIVER=mb-ar" "COMPI
TRACE::2025-11-13.13:48:16::SCWBDomain::LER_FLAGS=  -O2 -c -mcpu=v9.2 -mlittle-endian -mxl-barrel-shift -mxl-pattern-compare -mxl-soft-mul" "EXTRA_COMPILER_FLAGS=-g -f
TRACE::2025-11-13.13:48:16::SCWBDomain::function-sections -fdata-sections -Wall -Wextra -fno-tree-loop-distribute-patterns  -Os -flto -ffat-lto-objects"

TRACE::2025-11-13.13:48:16::SCWBDomain::"Running Make include in psu_pmu_0/libsrc/xilskey_v7_6/src"

TRACE::2025-11-13.13:48:16::SCWBDomain::make -C psu_pmu_0/libsrc/xilskey_v7_6/src -s include  "SHELL=CMD" "COMPILER=mb-gcc" "ASSEMBLER=mb-as" "ARCHIVER=mb-ar" "COMPILE
TRACE::2025-11-13.13:48:16::SCWBDomain::R_FLAGS=  -O2 -c -mcpu=v9.2 -mlittle-endian -mxl-barrel-shift -mxl-pattern-compare -mxl-soft-mul" "EXTRA_COMPILER_FLAGS=-g -ffu
TRACE::2025-11-13.13:48:16::SCWBDomain::nction-sections -fdata-sections -Wall -Wextra -fno-tree-loop-distribute-patterns  -Os -flto -ffat-lto-objects"

TRACE::2025-11-13.13:48:16::SCWBDomain::"Running Make include in psu_pmu_0/libsrc/zdma_v1_18/src"

TRACE::2025-11-13.13:48:16::SCWBDomain::make -C psu_pmu_0/libsrc/zdma_v1_18/src -s include  "SHELL=CMD" "COMPILER=mb-gcc" "ASSEMBLER=mb-as" "ARCHIVER=mb-ar" "COMPILER_
TRACE::2025-11-13.13:48:16::SCWBDomain::FLAGS=  -O2 -c -mcpu=v9.2 -mlittle-endian -mxl-barrel-shift -mxl-pattern-compare -mxl-soft-mul" "EXTRA_COMPILER_FLAGS=-g -ffunc
TRACE::2025-11-13.13:48:16::SCWBDomain::tion-sections -fdata-sections -Wall -Wextra -fno-tree-loop-distribute-patterns  -Os -flto -ffat-lto-objects"

TRACE::2025-11-13.13:48:16::SCWBDomain::"Running Make libs in psu_pmu_0/libsrc/xilsecure_v5_3/src"

TRACE::2025-11-13.13:48:16::SCWBDomain::make -C psu_pmu_0/libsrc/xilsecure_v5_3/src -s libs  "SHELL=CMD" "COMPILER=mb-gcc" "ASSEMBLER=mb-as" "ARCHIVER=mb-ar" "COMPILER
TRACE::2025-11-13.13:48:16::SCWBDomain::_FLAGS=  -O2 -c -mcpu=v9.2 -mlittle-endian -mxl-barrel-shift -mxl-pattern-compare -mxl-soft-mul" "EXTRA_COMPILER_FLAGS=-g -ffun
TRACE::2025-11-13.13:48:16::SCWBDomain::ction-sections -fdata-sections -Wall -Wextra -fno-tree-loop-distribute-patterns  -Os -flto -ffat-lto-objects"

TRACE::2025-11-13.13:48:17::SCWBDomain::"Compiling XilSecure Library"

TRACE::2025-11-13.13:48:19::SCWBDomain::"Running Make libs in psu_pmu_0/libsrc/xilskey_v7_6/src"

TRACE::2025-11-13.13:48:19::SCWBDomain::make -C psu_pmu_0/libsrc/xilskey_v7_6/src -s libs  "SHELL=CMD" "COMPILER=mb-gcc" "ASSEMBLER=mb-as" "ARCHIVER=mb-ar" "COMPILER_F
TRACE::2025-11-13.13:48:19::SCWBDomain::LAGS=  -O2 -c -mcpu=v9.2 -mlittle-endian -mxl-barrel-shift -mxl-pattern-compare -mxl-soft-mul" "EXTRA_COMPILER_FLAGS=-g -ffunct
TRACE::2025-11-13.13:48:19::SCWBDomain::ion-sections -fdata-sections -Wall -Wextra -fno-tree-loop-distribute-patterns  -Os -flto -ffat-lto-objects"

TRACE::2025-11-13.13:48:19::SCWBDomain::"Compiling Xilskey Library"

TRACE::2025-11-13.13:48:19::SCWBDomain::'Finished building libraries sequentially.'

TRACE::2025-11-13.13:48:19::SCWBDomain::make -j 10 --no-print-directory par_libs

TRACE::2025-11-13.13:48:19::SCWBDomain::"Running Make include in psu_pmu_0/libsrc/axidma_v9_18/src"

TRACE::2025-11-13.13:48:19::SCWBDomain::make -C psu_pmu_0/libsrc/axidma_v9_18/src -s include  "SHELL=CMD" "COMPILER=mb-gcc" "ASSEMBLER=mb-as" "ARCHIVER=mb-ar" "COMPILE
TRACE::2025-11-13.13:48:19::SCWBDomain::R_FLAGS=  -O2 -c -mcpu=v9.2 -mlittle-endian -mxl-barrel-shift -mxl-pattern-compare -mxl-soft-mul" "EXTRA_COMPILER_FLAGS=-g -ffu
TRACE::2025-11-13.13:48:19::SCWBDomain::nction-sections -fdata-sections -Wall -Wextra -fno-tree-loop-distribute-patterns  -Os -flto -ffat-lto-objects"

TRACE::2025-11-13.13:48:19::SCWBDomain::"Running Make include in psu_pmu_0/libsrc/axipmon_v6_11/src"

TRACE::2025-11-13.13:48:19::SCWBDomain::make -C psu_pmu_0/libsrc/axipmon_v6_11/src -s include  "SHELL=CMD" "COMPILER=mb-gcc" "ASSEMBLER=mb-as" "ARCHIVER=mb-ar" "COMPIL
TRACE::2025-11-13.13:48:19::SCWBDomain::ER_FLAGS=  -O2 -c -mcpu=v9.2 -mlittle-endian -mxl-barrel-shift -mxl-pattern-compare -mxl-soft-mul" "EXTRA_COMPILER_FLAGS=-g -ff
TRACE::2025-11-13.13:48:19::SCWBDomain::unction-sections -fdata-sections -Wall -Wextra -fno-tree-loop-distribute-patterns  -Os -flto -ffat-lto-objects"

TRACE::2025-11-13.13:48:19::SCWBDomain::"Running Make include in psu_pmu_0/libsrc/clockps_v1_6/src"

TRACE::2025-11-13.13:48:19::SCWBDomain::make -C psu_pmu_0/libsrc/clockps_v1_6/src -s include  "SHELL=CMD" "COMPILER=mb-gcc" "ASSEMBLER=mb-as" "ARCHIVER=mb-ar" "COMPILE
TRACE::2025-11-13.13:48:19::SCWBDomain::R_FLAGS=  -O2 -c -mcpu=v9.2 -mlittle-endian -mxl-barrel-shift -mxl-pattern-compare -mxl-soft-mul" "EXTRA_COMPILER_FLAGS=-g -ffu
TRACE::2025-11-13.13:48:19::SCWBDomain::nction-sections -fdata-sections -Wall -Wextra -fno-tree-loop-distribute-patterns  -Os -flto -ffat-lto-objects"

TRACE::2025-11-13.13:48:19::SCWBDomain::"Running Make include in psu_pmu_0/libsrc/cpu_v2_18/src"

TRACE::2025-11-13.13:48:19::SCWBDomain::make -C psu_pmu_0/libsrc/cpu_v2_18/src -s include  "SHELL=CMD" "COMPILER=mb-gcc" "ASSEMBLER=mb-as" "ARCHIVER=mb-ar" "COMPILER_F
TRACE::2025-11-13.13:48:19::SCWBDomain::LAGS=  -O2 -c -mcpu=v9.2 -mlittle-endian -mxl-barrel-shift -mxl-pattern-compare -mxl-soft-mul" "EXTRA_COMPILER_FLAGS=-g -ffunct
TRACE::2025-11-13.13:48:19::SCWBDomain::ion-sections -fdata-sections -Wall -Wextra -fno-tree-loop-distribute-patterns  -Os -flto -ffat-lto-objects"

TRACE::2025-11-13.13:48:19::SCWBDomain::"Running Make include in psu_pmu_0/libsrc/csudma_v1_15/src"

TRACE::2025-11-13.13:48:19::SCWBDomain::make -C psu_pmu_0/libsrc/csudma_v1_15/src -s include  "SHELL=CMD" "COMPILER=mb-gcc" "ASSEMBLER=mb-as" "ARCHIVER=mb-ar" "COMPILE
TRACE::2025-11-13.13:48:19::SCWBDomain::R_FLAGS=  -O2 -c -mcpu=v9.2 -mlittle-endian -mxl-barrel-shift -mxl-pattern-compare -mxl-soft-mul" "EXTRA_COMPILER_FLAGS=-g -ffu
TRACE::2025-11-13.13:48:19::SCWBDomain::nction-sections -fdata-sections -Wall -Wextra -fno-tree-loop-distribute-patterns  -Os -flto -ffat-lto-objects"

TRACE::2025-11-13.13:48:19::SCWBDomain::"Running Make include in psu_pmu_0/libsrc/ddrcpsu_v1_6/src"

TRACE::2025-11-13.13:48:19::SCWBDomain::make -C psu_pmu_0/libsrc/ddrcpsu_v1_6/src -s include  "SHELL=CMD" "COMPILER=mb-gcc" "ASSEMBLER=mb-as" "ARCHIVER=mb-ar" "COMPILE
TRACE::2025-11-13.13:48:19::SCWBDomain::R_FLAGS=  -O2 -c -mcpu=v9.2 -mlittle-endian -mxl-barrel-shift -mxl-pattern-compare -mxl-soft-mul" "EXTRA_COMPILER_FLAGS=-g -ffu
TRACE::2025-11-13.13:48:19::SCWBDomain::nction-sections -fdata-sections -Wall -Wextra -fno-tree-loop-distribute-patterns  -Os -flto -ffat-lto-objects"

TRACE::2025-11-13.13:48:19::SCWBDomain::"Running Make include in psu_pmu_0/libsrc/gpiops_v3_13/src"

TRACE::2025-11-13.13:48:19::SCWBDomain::make -C psu_pmu_0/libsrc/gpiops_v3_13/src -s include  "SHELL=CMD" "COMPILER=mb-gcc" "ASSEMBLER=mb-as" "ARCHIVER=mb-ar" "COMPILE
TRACE::2025-11-13.13:48:19::SCWBDomain::R_FLAGS=  -O2 -c -mcpu=v9.2 -mlittle-endian -mxl-barrel-shift -mxl-pattern-compare -mxl-soft-mul" "EXTRA_COMPILER_FLAGS=-g -ffu
TRACE::2025-11-13.13:48:19::SCWBDomain::nction-sections -fdata-sections -Wall -Wextra -fno-tree-loop-distribute-patterns  -Os -flto -ffat-lto-objects"

TRACE::2025-11-13.13:48:20::SCWBDomain::"Running Make include in psu_pmu_0/libsrc/gpio_v4_11/src"

TRACE::2025-11-13.13:48:20::SCWBDomain::make -C psu_pmu_0/libsrc/gpio_v4_11/src -s include  "SHELL=CMD" "COMPILER=mb-gcc" "ASSEMBLER=mb-as" "ARCHIVER=mb-ar" "COMPILER_
TRACE::2025-11-13.13:48:20::SCWBDomain::FLAGS=  -O2 -c -mcpu=v9.2 -mlittle-endian -mxl-barrel-shift -mxl-pattern-compare -mxl-soft-mul" "EXTRA_COMPILER_FLAGS=-g -ffunc
TRACE::2025-11-13.13:48:20::SCWBDomain::tion-sections -fdata-sections -Wall -Wextra -fno-tree-loop-distribute-patterns  -Os -flto -ffat-lto-objects"

TRACE::2025-11-13.13:48:20::SCWBDomain::"Running Make include in psu_pmu_0/libsrc/iicps_v3_19/src"

TRACE::2025-11-13.13:48:20::SCWBDomain::make -C psu_pmu_0/libsrc/iicps_v3_19/src -s include  "SHELL=CMD" "COMPILER=mb-gcc" "ASSEMBLER=mb-as" "ARCHIVER=mb-ar" "COMPILER
TRACE::2025-11-13.13:48:20::SCWBDomain::_FLAGS=  -O2 -c -mcpu=v9.2 -mlittle-endian -mxl-barrel-shift -mxl-pattern-compare -mxl-soft-mul" "EXTRA_COMPILER_FLAGS=-g -ffun
TRACE::2025-11-13.13:48:20::SCWBDomain::ction-sections -fdata-sections -Wall -Wextra -fno-tree-loop-distribute-patterns  -Os -flto -ffat-lto-objects"

TRACE::2025-11-13.13:48:20::SCWBDomain::"Running Make include in psu_pmu_0/libsrc/ipipsu_v2_15/src"

TRACE::2025-11-13.13:48:20::SCWBDomain::make -C psu_pmu_0/libsrc/ipipsu_v2_15/src -s include  "SHELL=CMD" "COMPILER=mb-gcc" "ASSEMBLER=mb-as" "ARCHIVER=mb-ar" "COMPILE
TRACE::2025-11-13.13:48:20::SCWBDomain::R_FLAGS=  -O2 -c -mcpu=v9.2 -mlittle-endian -mxl-barrel-shift -mxl-pattern-compare -mxl-soft-mul" "EXTRA_COMPILER_FLAGS=-g -ffu
TRACE::2025-11-13.13:48:20::SCWBDomain::nction-sections -fdata-sections -Wall -Wextra -fno-tree-loop-distribute-patterns  -Os -flto -ffat-lto-objects"

TRACE::2025-11-13.13:48:20::SCWBDomain::"Running Make include in psu_pmu_0/libsrc/qspipsu_v1_19/src"

TRACE::2025-11-13.13:48:20::SCWBDomain::make -C psu_pmu_0/libsrc/qspipsu_v1_19/src -s include  "SHELL=CMD" "COMPILER=mb-gcc" "ASSEMBLER=mb-as" "ARCHIVER=mb-ar" "COMPIL
TRACE::2025-11-13.13:48:20::SCWBDomain::ER_FLAGS=  -O2 -c -mcpu=v9.2 -mlittle-endian -mxl-barrel-shift -mxl-pattern-compare -mxl-soft-mul" "EXTRA_COMPILER_FLAGS=-g -ff
TRACE::2025-11-13.13:48:20::SCWBDomain::unction-sections -fdata-sections -Wall -Wextra -fno-tree-loop-distribute-patterns  -Os -flto -ffat-lto-objects"

TRACE::2025-11-13.13:48:20::SCWBDomain::"Running Make include in psu_pmu_0/libsrc/resetps_v1_7/src"

TRACE::2025-11-13.13:48:20::SCWBDomain::make -C psu_pmu_0/libsrc/resetps_v1_7/src -s include  "SHELL=CMD" "COMPILER=mb-gcc" "ASSEMBLER=mb-as" "ARCHIVER=mb-ar" "COMPILE
TRACE::2025-11-13.13:48:20::SCWBDomain::R_FLAGS=  -O2 -c -mcpu=v9.2 -mlittle-endian -mxl-barrel-shift -mxl-pattern-compare -mxl-soft-mul" "EXTRA_COMPILER_FLAGS=-g -ffu
TRACE::2025-11-13.13:48:20::SCWBDomain::nction-sections -fdata-sections -Wall -Wextra -fno-tree-loop-distribute-patterns  -Os -flto -ffat-lto-objects"

TRACE::2025-11-13.13:48:20::SCWBDomain::"Running Make include in psu_pmu_0/libsrc/rtcpsu_v1_14/src"

TRACE::2025-11-13.13:48:20::SCWBDomain::make -C psu_pmu_0/libsrc/rtcpsu_v1_14/src -s include  "SHELL=CMD" "COMPILER=mb-gcc" "ASSEMBLER=mb-as" "ARCHIVER=mb-ar" "COMPILE
TRACE::2025-11-13.13:48:20::SCWBDomain::R_FLAGS=  -O2 -c -mcpu=v9.2 -mlittle-endian -mxl-barrel-shift -mxl-pattern-compare -mxl-soft-mul" "EXTRA_COMPILER_FLAGS=-g -ffu
TRACE::2025-11-13.13:48:20::SCWBDomain::nction-sections -fdata-sections -Wall -Wextra -fno-tree-loop-distribute-patterns  -Os -flto -ffat-lto-objects"

TRACE::2025-11-13.13:48:20::SCWBDomain::"Running Make include in psu_pmu_0/libsrc/sdps_v4_3/src"

TRACE::2025-11-13.13:48:20::SCWBDomain::make -C psu_pmu_0/libsrc/sdps_v4_3/src -s include  "SHELL=CMD" "COMPILER=mb-gcc" "ASSEMBLER=mb-as" "ARCHIVER=mb-ar" "COMPILER_F
TRACE::2025-11-13.13:48:20::SCWBDomain::LAGS=  -O2 -c -mcpu=v9.2 -mlittle-endian -mxl-barrel-shift -mxl-pattern-compare -mxl-soft-mul" "EXTRA_COMPILER_FLAGS=-g -ffunct
TRACE::2025-11-13.13:48:20::SCWBDomain::ion-sections -fdata-sections -Wall -Wextra -fno-tree-loop-distribute-patterns  -Os -flto -ffat-lto-objects"

TRACE::2025-11-13.13:48:20::SCWBDomain::"Running Make include in psu_pmu_0/libsrc/spips_v3_10/src"

TRACE::2025-11-13.13:48:20::SCWBDomain::make -C psu_pmu_0/libsrc/spips_v3_10/src -s include  "SHELL=CMD" "COMPILER=mb-gcc" "ASSEMBLER=mb-as" "ARCHIVER=mb-ar" "COMPILER
TRACE::2025-11-13.13:48:20::SCWBDomain::_FLAGS=  -O2 -c -mcpu=v9.2 -mlittle-endian -mxl-barrel-shift -mxl-pattern-compare -mxl-soft-mul" "EXTRA_COMPILER_FLAGS=-g -ffun
TRACE::2025-11-13.13:48:20::SCWBDomain::ction-sections -fdata-sections -Wall -Wextra -fno-tree-loop-distribute-patterns  -Os -flto -ffat-lto-objects"

TRACE::2025-11-13.13:48:20::SCWBDomain::"Running Make include in psu_pmu_0/libsrc/standalone_v9_1/src"

TRACE::2025-11-13.13:48:20::SCWBDomain::make -C psu_pmu_0/libsrc/standalone_v9_1/src -s include  "SHELL=CMD" "COMPILER=mb-gcc" "ASSEMBLER=mb-as" "ARCHIVER=mb-ar" "COMP
TRACE::2025-11-13.13:48:20::SCWBDomain::ILER_FLAGS=  -O2 -c -mcpu=v9.2 -mlittle-endian -mxl-barrel-shift -mxl-pattern-compare -mxl-soft-mul" "EXTRA_COMPILER_FLAGS=-g -
TRACE::2025-11-13.13:48:20::SCWBDomain::ffunction-sections -fdata-sections -Wall -Wextra -fno-tree-loop-distribute-patterns  -Os -flto -ffat-lto-objects"

TRACE::2025-11-13.13:48:20::SCWBDomain::"Running Make include in psu_pmu_0/libsrc/sysmonpsu_v2_10/src"

TRACE::2025-11-13.13:48:20::SCWBDomain::make -C psu_pmu_0/libsrc/sysmonpsu_v2_10/src -s include  "SHELL=CMD" "COMPILER=mb-gcc" "ASSEMBLER=mb-as" "ARCHIVER=mb-ar" "COMP
TRACE::2025-11-13.13:48:20::SCWBDomain::ILER_FLAGS=  -O2 -c -mcpu=v9.2 -mlittle-endian -mxl-barrel-shift -mxl-pattern-compare -mxl-soft-mul" "EXTRA_COMPILER_FLAGS=-g -
TRACE::2025-11-13.13:48:20::SCWBDomain::ffunction-sections -fdata-sections -Wall -Wextra -fno-tree-loop-distribute-patterns  -Os -flto -ffat-lto-objects"

TRACE::2025-11-13.13:48:20::SCWBDomain::"Running Make include in psu_pmu_0/libsrc/ttcps_v3_19/src"

TRACE::2025-11-13.13:48:20::SCWBDomain::make -C psu_pmu_0/libsrc/ttcps_v3_19/src -s include  "SHELL=CMD" "COMPILER=mb-gcc" "ASSEMBLER=mb-as" "ARCHIVER=mb-ar" "COMPILER
TRACE::2025-11-13.13:48:20::SCWBDomain::_FLAGS=  -O2 -c -mcpu=v9.2 -mlittle-endian -mxl-barrel-shift -mxl-pattern-compare -mxl-soft-mul" "EXTRA_COMPILER_FLAGS=-g -ffun
TRACE::2025-11-13.13:48:20::SCWBDomain::ction-sections -fdata-sections -Wall -Wextra -fno-tree-loop-distribute-patterns  -Os -flto -ffat-lto-objects"

TRACE::2025-11-13.13:48:20::SCWBDomain::"Running Make include in psu_pmu_0/libsrc/uartps_v3_14/src"

TRACE::2025-11-13.13:48:20::SCWBDomain::make -C psu_pmu_0/libsrc/uartps_v3_14/src -s include  "SHELL=CMD" "COMPILER=mb-gcc" "ASSEMBLER=mb-as" "ARCHIVER=mb-ar" "COMPILE
TRACE::2025-11-13.13:48:20::SCWBDomain::R_FLAGS=  -O2 -c -mcpu=v9.2 -mlittle-endian -mxl-barrel-shift -mxl-pattern-compare -mxl-soft-mul" "EXTRA_COMPILER_FLAGS=-g -ffu
TRACE::2025-11-13.13:48:20::SCWBDomain::nction-sections -fdata-sections -Wall -Wextra -fno-tree-loop-distribute-patterns  -Os -flto -ffat-lto-objects"

TRACE::2025-11-13.13:48:20::SCWBDomain::"Running Make include in psu_pmu_0/libsrc/wdtps_v3_7/src"

TRACE::2025-11-13.13:48:20::SCWBDomain::make -C psu_pmu_0/libsrc/wdtps_v3_7/src -s include  "SHELL=CMD" "COMPILER=mb-gcc" "ASSEMBLER=mb-as" "ARCHIVER=mb-ar" "COMPILER_
TRACE::2025-11-13.13:48:20::SCWBDomain::FLAGS=  -O2 -c -mcpu=v9.2 -mlittle-endian -mxl-barrel-shift -mxl-pattern-compare -mxl-soft-mul" "EXTRA_COMPILER_FLAGS=-g -ffunc
TRACE::2025-11-13.13:48:20::SCWBDomain::tion-sections -fdata-sections -Wall -Wextra -fno-tree-loop-distribute-patterns  -Os -flto -ffat-lto-objects"

TRACE::2025-11-13.13:48:20::SCWBDomain::"Running Make include in psu_pmu_0/libsrc/xilfpga_v6_6/src"

TRACE::2025-11-13.13:48:20::SCWBDomain::make -C psu_pmu_0/libsrc/xilfpga_v6_6/src -s include  "SHELL=CMD" "COMPILER=mb-gcc" "ASSEMBLER=mb-as" "ARCHIVER=mb-ar" "COMPILE
TRACE::2025-11-13.13:48:20::SCWBDomain::R_FLAGS=  -O2 -c -mcpu=v9.2 -mlittle-endian -mxl-barrel-shift -mxl-pattern-compare -mxl-soft-mul" "EXTRA_COMPILER_FLAGS=-g -ffu
TRACE::2025-11-13.13:48:20::SCWBDomain::nction-sections -fdata-sections -Wall -Wextra -fno-tree-loop-distribute-patterns  -Os -flto -ffat-lto-objects"

TRACE::2025-11-13.13:48:20::SCWBDomain::"Running Make include in psu_pmu_0/libsrc/xilsecure_v5_3/src"

TRACE::2025-11-13.13:48:20::SCWBDomain::make -C psu_pmu_0/libsrc/xilsecure_v5_3/src -s include  "SHELL=CMD" "COMPILER=mb-gcc" "ASSEMBLER=mb-as" "ARCHIVER=mb-ar" "COMPI
TRACE::2025-11-13.13:48:20::SCWBDomain::LER_FLAGS=  -O2 -c -mcpu=v9.2 -mlittle-endian -mxl-barrel-shift -mxl-pattern-compare -mxl-soft-mul" "EXTRA_COMPILER_FLAGS=-g -f
TRACE::2025-11-13.13:48:20::SCWBDomain::function-sections -fdata-sections -Wall -Wextra -fno-tree-loop-distribute-patterns  -Os -flto -ffat-lto-objects"

TRACE::2025-11-13.13:48:20::SCWBDomain::"Running Make include in psu_pmu_0/libsrc/xilskey_v7_6/src"

TRACE::2025-11-13.13:48:20::SCWBDomain::make -C psu_pmu_0/libsrc/xilskey_v7_6/src -s include  "SHELL=CMD" "COMPILER=mb-gcc" "ASSEMBLER=mb-as" "ARCHIVER=mb-ar" "COMPILE
TRACE::2025-11-13.13:48:20::SCWBDomain::R_FLAGS=  -O2 -c -mcpu=v9.2 -mlittle-endian -mxl-barrel-shift -mxl-pattern-compare -mxl-soft-mul" "EXTRA_COMPILER_FLAGS=-g -ffu
TRACE::2025-11-13.13:48:20::SCWBDomain::nction-sections -fdata-sections -Wall -Wextra -fno-tree-loop-distribute-patterns  -Os -flto -ffat-lto-objects"

TRACE::2025-11-13.13:48:20::SCWBDomain::"Running Make include in psu_pmu_0/libsrc/zdma_v1_18/src"

TRACE::2025-11-13.13:48:20::SCWBDomain::make -C psu_pmu_0/libsrc/zdma_v1_18/src -s include  "SHELL=CMD" "COMPILER=mb-gcc" "ASSEMBLER=mb-as" "ARCHIVER=mb-ar" "COMPILER_
TRACE::2025-11-13.13:48:20::SCWBDomain::FLAGS=  -O2 -c -mcpu=v9.2 -mlittle-endian -mxl-barrel-shift -mxl-pattern-compare -mxl-soft-mul" "EXTRA_COMPILER_FLAGS=-g -ffunc
TRACE::2025-11-13.13:48:20::SCWBDomain::tion-sections -fdata-sections -Wall -Wextra -fno-tree-loop-distribute-patterns  -Os -flto -ffat-lto-objects"

TRACE::2025-11-13.13:48:20::SCWBDomain::"Running Make libs in psu_pmu_0/libsrc/axidma_v9_18/src"

TRACE::2025-11-13.13:48:20::SCWBDomain::make -C psu_pmu_0/libsrc/axidma_v9_18/src -s libs  "SHELL=CMD" "COMPILER=mb-gcc" "ASSEMBLER=mb-as" "ARCHIVER=mb-ar" "COMPILER_F
TRACE::2025-11-13.13:48:20::SCWBDomain::LAGS=  -O2 -c -mcpu=v9.2 -mlittle-endian -mxl-barrel-shift -mxl-pattern-compare -mxl-soft-mul" "EXTRA_COMPILER_FLAGS=-g -ffunct
TRACE::2025-11-13.13:48:20::SCWBDomain::ion-sections -fdata-sections -Wall -Wextra -fno-tree-loop-distribute-patterns  -Os -flto -ffat-lto-objects"

TRACE::2025-11-13.13:48:20::SCWBDomain::"Running Make libs in psu_pmu_0/libsrc/axipmon_v6_11/src"

TRACE::2025-11-13.13:48:20::SCWBDomain::make -C psu_pmu_0/libsrc/axipmon_v6_11/src -s libs  "SHELL=CMD" "COMPILER=mb-gcc" "ASSEMBLER=mb-as" "ARCHIVER=mb-ar" "COMPILER_
TRACE::2025-11-13.13:48:20::SCWBDomain::FLAGS=  -O2 -c -mcpu=v9.2 -mlittle-endian -mxl-barrel-shift -mxl-pattern-compare -mxl-soft-mul" "EXTRA_COMPILER_FLAGS=-g -ffunc
TRACE::2025-11-13.13:48:20::SCWBDomain::tion-sections -fdata-sections -Wall -Wextra -fno-tree-loop-distribute-patterns  -Os -flto -ffat-lto-objects"

TRACE::2025-11-13.13:48:20::SCWBDomain::"Running Make libs in psu_pmu_0/libsrc/clockps_v1_6/src"

TRACE::2025-11-13.13:48:20::SCWBDomain::make -C psu_pmu_0/libsrc/clockps_v1_6/src -s libs  "SHELL=CMD" "COMPILER=mb-gcc" "ASSEMBLER=mb-as" "ARCHIVER=mb-ar" "COMPILER_F
TRACE::2025-11-13.13:48:20::SCWBDomain::LAGS=  -O2 -c -mcpu=v9.2 -mlittle-endian -mxl-barrel-shift -mxl-pattern-compare -mxl-soft-mul" "EXTRA_COMPILER_FLAGS=-g -ffunct
TRACE::2025-11-13.13:48:20::SCWBDomain::ion-sections -fdata-sections -Wall -Wextra -fno-tree-loop-distribute-patterns  -Os -flto -ffat-lto-objects"

TRACE::2025-11-13.13:48:20::SCWBDomain::"Running Make libs in psu_pmu_0/libsrc/cpu_v2_18/src"

TRACE::2025-11-13.13:48:20::SCWBDomain::make -C psu_pmu_0/libsrc/cpu_v2_18/src -s libs  "SHELL=CMD" "COMPILER=mb-gcc" "ASSEMBLER=mb-as" "ARCHIVER=mb-ar" "COMPILER_FLAG
TRACE::2025-11-13.13:48:20::SCWBDomain::S=  -O2 -c -mcpu=v9.2 -mlittle-endian -mxl-barrel-shift -mxl-pattern-compare -mxl-soft-mul" "EXTRA_COMPILER_FLAGS=-g -ffunction
TRACE::2025-11-13.13:48:20::SCWBDomain::-sections -fdata-sections -Wall -Wextra -fno-tree-loop-distribute-patterns  -Os -flto -ffat-lto-objects"

TRACE::2025-11-13.13:48:20::SCWBDomain::"Running Make libs in psu_pmu_0/libsrc/csudma_v1_15/src"

TRACE::2025-11-13.13:48:20::SCWBDomain::make -C psu_pmu_0/libsrc/csudma_v1_15/src -s libs  "SHELL=CMD" "COMPILER=mb-gcc" "ASSEMBLER=mb-as" "ARCHIVER=mb-ar" "COMPILER_F
TRACE::2025-11-13.13:48:20::SCWBDomain::LAGS=  -O2 -c -mcpu=v9.2 -mlittle-endian -mxl-barrel-shift -mxl-pattern-compare -mxl-soft-mul" "EXTRA_COMPILER_FLAGS=-g -ffunct
TRACE::2025-11-13.13:48:20::SCWBDomain::ion-sections -fdata-sections -Wall -Wextra -fno-tree-loop-distribute-patterns  -Os -flto -ffat-lto-objects"

TRACE::2025-11-13.13:48:20::SCWBDomain::"Running Make libs in psu_pmu_0/libsrc/ddrcpsu_v1_6/src"

TRACE::2025-11-13.13:48:20::SCWBDomain::make -C psu_pmu_0/libsrc/ddrcpsu_v1_6/src -s libs  "SHELL=CMD" "COMPILER=mb-gcc" "ASSEMBLER=mb-as" "ARCHIVER=mb-ar" "COMPILER_F
TRACE::2025-11-13.13:48:20::SCWBDomain::LAGS=  -O2 -c -mcpu=v9.2 -mlittle-endian -mxl-barrel-shift -mxl-pattern-compare -mxl-soft-mul" "EXTRA_COMPILER_FLAGS=-g -ffunct
TRACE::2025-11-13.13:48:20::SCWBDomain::ion-sections -fdata-sections -Wall -Wextra -fno-tree-loop-distribute-patterns  -Os -flto -ffat-lto-objects"

TRACE::2025-11-13.13:48:20::SCWBDomain::"Running Make libs in psu_pmu_0/libsrc/gpiops_v3_13/src"

TRACE::2025-11-13.13:48:20::SCWBDomain::make -C psu_pmu_0/libsrc/gpiops_v3_13/src -s libs  "SHELL=CMD" "COMPILER=mb-gcc" "ASSEMBLER=mb-as" "ARCHIVER=mb-ar" "COMPILER_F
TRACE::2025-11-13.13:48:20::SCWBDomain::LAGS=  -O2 -c -mcpu=v9.2 -mlittle-endian -mxl-barrel-shift -mxl-pattern-compare -mxl-soft-mul" "EXTRA_COMPILER_FLAGS=-g -ffunct
TRACE::2025-11-13.13:48:20::SCWBDomain::ion-sections -fdata-sections -Wall -Wextra -fno-tree-loop-distribute-patterns  -Os -flto -ffat-lto-objects"

TRACE::2025-11-13.13:48:20::SCWBDomain::"Running Make libs in psu_pmu_0/libsrc/gpio_v4_11/src"

TRACE::2025-11-13.13:48:20::SCWBDomain::make -C psu_pmu_0/libsrc/gpio_v4_11/src -s libs  "SHELL=CMD" "COMPILER=mb-gcc" "ASSEMBLER=mb-as" "ARCHIVER=mb-ar" "COMPILER_FLA
TRACE::2025-11-13.13:48:20::SCWBDomain::GS=  -O2 -c -mcpu=v9.2 -mlittle-endian -mxl-barrel-shift -mxl-pattern-compare -mxl-soft-mul" "EXTRA_COMPILER_FLAGS=-g -ffunctio
TRACE::2025-11-13.13:48:20::SCWBDomain::n-sections -fdata-sections -Wall -Wextra -fno-tree-loop-distribute-patterns  -Os -flto -ffat-lto-objects"

TRACE::2025-11-13.13:48:20::SCWBDomain::"Running Make libs in psu_pmu_0/libsrc/iicps_v3_19/src"

TRACE::2025-11-13.13:48:20::SCWBDomain::make -C psu_pmu_0/libsrc/iicps_v3_19/src -s libs  "SHELL=CMD" "COMPILER=mb-gcc" "ASSEMBLER=mb-as" "ARCHIVER=mb-ar" "COMPILER_FL
TRACE::2025-11-13.13:48:20::SCWBDomain::AGS=  -O2 -c -mcpu=v9.2 -mlittle-endian -mxl-barrel-shift -mxl-pattern-compare -mxl-soft-mul" "EXTRA_COMPILER_FLAGS=-g -ffuncti
TRACE::2025-11-13.13:48:20::SCWBDomain::on-sections -fdata-sections -Wall -Wextra -fno-tree-loop-distribute-patterns  -Os -flto -ffat-lto-objects"

TRACE::2025-11-13.13:48:21::SCWBDomain::"Running Make libs in psu_pmu_0/libsrc/ipipsu_v2_15/src"

TRACE::2025-11-13.13:48:21::SCWBDomain::make -C psu_pmu_0/libsrc/ipipsu_v2_15/src -s libs  "SHELL=CMD" "COMPILER=mb-gcc" "ASSEMBLER=mb-as" "ARCHIVER=mb-ar" "COMPILER_F
TRACE::2025-11-13.13:48:21::SCWBDomain::LAGS=  -O2 -c -mcpu=v9.2 -mlittle-endian -mxl-barrel-shift -mxl-pattern-compare -mxl-soft-mul" "EXTRA_COMPILER_FLAGS=-g -ffunct
TRACE::2025-11-13.13:48:21::SCWBDomain::ion-sections -fdata-sections -Wall -Wextra -fno-tree-loop-distribute-patterns  -Os -flto -ffat-lto-objects"

TRACE::2025-11-13.13:48:21::SCWBDomain::"Running Make libs in psu_pmu_0/libsrc/qspipsu_v1_19/src"

TRACE::2025-11-13.13:48:21::SCWBDomain::make -C psu_pmu_0/libsrc/qspipsu_v1_19/src -s libs  "SHELL=CMD" "COMPILER=mb-gcc" "ASSEMBLER=mb-as" "ARCHIVER=mb-ar" "COMPILER_
TRACE::2025-11-13.13:48:21::SCWBDomain::FLAGS=  -O2 -c -mcpu=v9.2 -mlittle-endian -mxl-barrel-shift -mxl-pattern-compare -mxl-soft-mul" "EXTRA_COMPILER_FLAGS=-g -ffunc
TRACE::2025-11-13.13:48:21::SCWBDomain::tion-sections -fdata-sections -Wall -Wextra -fno-tree-loop-distribute-patterns  -Os -flto -ffat-lto-objects"

TRACE::2025-11-13.13:48:21::SCWBDomain::"Running Make libs in psu_pmu_0/libsrc/resetps_v1_7/src"

TRACE::2025-11-13.13:48:21::SCWBDomain::make -C psu_pmu_0/libsrc/resetps_v1_7/src -s libs  "SHELL=CMD" "COMPILER=mb-gcc" "ASSEMBLER=mb-as" "ARCHIVER=mb-ar" "COMPILER_F
TRACE::2025-11-13.13:48:21::SCWBDomain::LAGS=  -O2 -c -mcpu=v9.2 -mlittle-endian -mxl-barrel-shift -mxl-pattern-compare -mxl-soft-mul" "EXTRA_COMPILER_FLAGS=-g -ffunct
TRACE::2025-11-13.13:48:21::SCWBDomain::ion-sections -fdata-sections -Wall -Wextra -fno-tree-loop-distribute-patterns  -Os -flto -ffat-lto-objects"

TRACE::2025-11-13.13:48:21::SCWBDomain::"Running Make libs in psu_pmu_0/libsrc/rtcpsu_v1_14/src"

TRACE::2025-11-13.13:48:21::SCWBDomain::make -C psu_pmu_0/libsrc/rtcpsu_v1_14/src -s libs  "SHELL=CMD" "COMPILER=mb-gcc" "ASSEMBLER=mb-as" "ARCHIVER=mb-ar" "COMPILER_F
TRACE::2025-11-13.13:48:21::SCWBDomain::LAGS=  -O2 -c -mcpu=v9.2 -mlittle-endian -mxl-barrel-shift -mxl-pattern-compare -mxl-soft-mul" "EXTRA_COMPILER_FLAGS=-g -ffunct
TRACE::2025-11-13.13:48:21::SCWBDomain::ion-sections -fdata-sections -Wall -Wextra -fno-tree-loop-distribute-patterns  -Os -flto -ffat-lto-objects"

TRACE::2025-11-13.13:48:21::SCWBDomain::"Running Make libs in psu_pmu_0/libsrc/sdps_v4_3/src"

TRACE::2025-11-13.13:48:21::SCWBDomain::make -C psu_pmu_0/libsrc/sdps_v4_3/src -s libs  "SHELL=CMD" "COMPILER=mb-gcc" "ASSEMBLER=mb-as" "ARCHIVER=mb-ar" "COMPILER_FLAG
TRACE::2025-11-13.13:48:21::SCWBDomain::S=  -O2 -c -mcpu=v9.2 -mlittle-endian -mxl-barrel-shift -mxl-pattern-compare -mxl-soft-mul" "EXTRA_COMPILER_FLAGS=-g -ffunction
TRACE::2025-11-13.13:48:21::SCWBDomain::-sections -fdata-sections -Wall -Wextra -fno-tree-loop-distribute-patterns  -Os -flto -ffat-lto-objects"

TRACE::2025-11-13.13:48:21::SCWBDomain::"Running Make libs in psu_pmu_0/libsrc/spips_v3_10/src"

TRACE::2025-11-13.13:48:21::SCWBDomain::make -C psu_pmu_0/libsrc/spips_v3_10/src -s libs  "SHELL=CMD" "COMPILER=mb-gcc" "ASSEMBLER=mb-as" "ARCHIVER=mb-ar" "COMPILER_FL
TRACE::2025-11-13.13:48:21::SCWBDomain::AGS=  -O2 -c -mcpu=v9.2 -mlittle-endian -mxl-barrel-shift -mxl-pattern-compare -mxl-soft-mul" "EXTRA_COMPILER_FLAGS=-g -ffuncti
TRACE::2025-11-13.13:48:21::SCWBDomain::on-sections -fdata-sections -Wall -Wextra -fno-tree-loop-distribute-patterns  -Os -flto -ffat-lto-objects"

TRACE::2025-11-13.13:48:21::SCWBDomain::"Running Make libs in psu_pmu_0/libsrc/standalone_v9_1/src"

TRACE::2025-11-13.13:48:21::SCWBDomain::make -C psu_pmu_0/libsrc/standalone_v9_1/src -s libs  "SHELL=CMD" "COMPILER=mb-gcc" "ASSEMBLER=mb-as" "ARCHIVER=mb-ar" "COMPILE
TRACE::2025-11-13.13:48:21::SCWBDomain::R_FLAGS=  -O2 -c -mcpu=v9.2 -mlittle-endian -mxl-barrel-shift -mxl-pattern-compare -mxl-soft-mul" "EXTRA_COMPILER_FLAGS=-g -ffu
TRACE::2025-11-13.13:48:21::SCWBDomain::nction-sections -fdata-sections -Wall -Wextra -fno-tree-loop-distribute-patterns  -Os -flto -ffat-lto-objects"

TRACE::2025-11-13.13:48:21::SCWBDomain::"Running Make libs in psu_pmu_0/libsrc/sysmonpsu_v2_10/src"

TRACE::2025-11-13.13:48:21::SCWBDomain::make -C psu_pmu_0/libsrc/sysmonpsu_v2_10/src -s libs  "SHELL=CMD" "COMPILER=mb-gcc" "ASSEMBLER=mb-as" "ARCHIVER=mb-ar" "COMPILE
TRACE::2025-11-13.13:48:21::SCWBDomain::R_FLAGS=  -O2 -c -mcpu=v9.2 -mlittle-endian -mxl-barrel-shift -mxl-pattern-compare -mxl-soft-mul" "EXTRA_COMPILER_FLAGS=-g -ffu
TRACE::2025-11-13.13:48:21::SCWBDomain::nction-sections -fdata-sections -Wall -Wextra -fno-tree-loop-distribute-patterns  -Os -flto -ffat-lto-objects"

TRACE::2025-11-13.13:48:21::SCWBDomain::"Running Make libs in psu_pmu_0/libsrc/ttcps_v3_19/src"

TRACE::2025-11-13.13:48:21::SCWBDomain::make -C psu_pmu_0/libsrc/ttcps_v3_19/src -s libs  "SHELL=CMD" "COMPILER=mb-gcc" "ASSEMBLER=mb-as" "ARCHIVER=mb-ar" "COMPILER_FL
TRACE::2025-11-13.13:48:21::SCWBDomain::AGS=  -O2 -c -mcpu=v9.2 -mlittle-endian -mxl-barrel-shift -mxl-pattern-compare -mxl-soft-mul" "EXTRA_COMPILER_FLAGS=-g -ffuncti
TRACE::2025-11-13.13:48:21::SCWBDomain::on-sections -fdata-sections -Wall -Wextra -fno-tree-loop-distribute-patterns  -Os -flto -ffat-lto-objects"

TRACE::2025-11-13.13:48:21::SCWBDomain::"Running Make libs in psu_pmu_0/libsrc/uartps_v3_14/src"

TRACE::2025-11-13.13:48:21::SCWBDomain::make -C psu_pmu_0/libsrc/uartps_v3_14/src -s libs  "SHELL=CMD" "COMPILER=mb-gcc" "ASSEMBLER=mb-as" "ARCHIVER=mb-ar" "COMPILER_F
TRACE::2025-11-13.13:48:21::SCWBDomain::LAGS=  -O2 -c -mcpu=v9.2 -mlittle-endian -mxl-barrel-shift -mxl-pattern-compare -mxl-soft-mul" "EXTRA_COMPILER_FLAGS=-g -ffunct
TRACE::2025-11-13.13:48:21::SCWBDomain::ion-sections -fdata-sections -Wall -Wextra -fno-tree-loop-distribute-patterns  -Os -flto -ffat-lto-objects"

TRACE::2025-11-13.13:48:22::SCWBDomain::"Running Make libs in psu_pmu_0/libsrc/wdtps_v3_7/src"

TRACE::2025-11-13.13:48:22::SCWBDomain::make -C psu_pmu_0/libsrc/wdtps_v3_7/src -s libs  "SHELL=CMD" "COMPILER=mb-gcc" "ASSEMBLER=mb-as" "ARCHIVER=mb-ar" "COMPILER_FLA
TRACE::2025-11-13.13:48:22::SCWBDomain::GS=  -O2 -c -mcpu=v9.2 -mlittle-endian -mxl-barrel-shift -mxl-pattern-compare -mxl-soft-mul" "EXTRA_COMPILER_FLAGS=-g -ffunctio
TRACE::2025-11-13.13:48:22::SCWBDomain::n-sections -fdata-sections -Wall -Wextra -fno-tree-loop-distribute-patterns  -Os -flto -ffat-lto-objects"

TRACE::2025-11-13.13:48:22::SCWBDomain::"Running Make libs in psu_pmu_0/libsrc/xilfpga_v6_6/src"

TRACE::2025-11-13.13:48:22::SCWBDomain::make -C psu_pmu_0/libsrc/xilfpga_v6_6/src -s libs  "SHELL=CMD" "COMPILER=mb-gcc" "ASSEMBLER=mb-as" "ARCHIVER=mb-ar" "COMPILER_F
TRACE::2025-11-13.13:48:22::SCWBDomain::LAGS=  -O2 -c -mcpu=v9.2 -mlittle-endian -mxl-barrel-shift -mxl-pattern-compare -mxl-soft-mul" "EXTRA_COMPILER_FLAGS=-g -ffunct
TRACE::2025-11-13.13:48:22::SCWBDomain::ion-sections -fdata-sections -Wall -Wextra -fno-tree-loop-distribute-patterns  -Os -flto -ffat-lto-objects"

TRACE::2025-11-13.13:48:22::SCWBDomain::"Running Make libs in psu_pmu_0/libsrc/zdma_v1_18/src"

TRACE::2025-11-13.13:48:22::SCWBDomain::make -C psu_pmu_0/libsrc/zdma_v1_18/src -s libs  "SHELL=CMD" "COMPILER=mb-gcc" "ASSEMBLER=mb-as" "ARCHIVER=mb-ar" "COMPILER_FLA
TRACE::2025-11-13.13:48:22::SCWBDomain::GS=  -O2 -c -mcpu=v9.2 -mlittle-endian -mxl-barrel-shift -mxl-pattern-compare -mxl-soft-mul" "EXTRA_COMPILER_FLAGS=-g -ffunctio
TRACE::2025-11-13.13:48:22::SCWBDomain::n-sections -fdata-sections -Wall -Wextra -fno-tree-loop-distribute-patterns  -Os -flto -ffat-lto-objects"

TRACE::2025-11-13.13:48:23::SCWBDomain::"DEBUG NON_LTO_OBJECTS is ../../../lib/microblaze_interrupt_handler.o"

TRACE::2025-11-13.13:48:23::SCWBDomain::'Finished building libraries parallelly.'

TRACE::2025-11-13.13:48:23::SCWBDomain::make --no-print-directory archive

TRACE::2025-11-13.13:48:23::SCWBDomain::mb-ar -r  psu_pmu_0/lib/libxil.a psu_pmu_0/lib/_exit.o psu_pmu_0/lib/errno.o psu_pmu_0/lib/fcntl.o psu_pmu_0/lib/hw_exception_h
TRACE::2025-11-13.13:48:23::SCWBDomain::andler.o psu_pmu_0/lib/inbyte.o psu_pmu_0/lib/microblaze_disable_dcache.o psu_pmu_0/lib/microblaze_disable_exceptions.o psu_pmu
TRACE::2025-11-13.13:48:23::SCWBDomain::_0/lib/microblaze_disable_icache.o psu_pmu_0/lib/microblaze_disable_interrupts.o psu_pmu_0/lib/microblaze_enable_dcache.o psu_p
TRACE::2025-11-13.13:48:23::SCWBDomain::mu_0/lib/microblaze_enable_exceptions.o psu_pmu_0/lib/microblaze_enable_icache.o psu_pmu_0/lib/microblaze_enable_interrupts.o p
TRACE::2025-11-13.13:48:23::SCWBDomain::su_pmu_0/lib/microblaze_exception_handler.o psu_pmu_0/lib/microblaze_flush_cache_ext.o psu_pmu_0/lib/microblaze_flush_cache_ext
TRACE::2025-11-13.13:48:23::SCWBDomain::_range.o psu_pmu_0/lib/microblaze_flush_dcache.o psu_pmu_0/lib/microblaze_flush_dcache_range.o psu_pmu_0/lib/microblaze_init_dc
TRACE::2025-11-13.13:48:23::SCWBDomain::ache_range.o psu_pmu_0/lib/microblaze_init_icache_range.o psu_pmu_0/lib/microblaze_interrupt_handler.o psu_pmu_0/lib/microblaze
TRACE::2025-11-13.13:48:23::SCWBDomain::_interrupts_g.o psu_pmu_0/lib/microblaze_invalidate_cache_ext.o psu_pmu_0/lib/microblaze_invalidate_cache_ext_range.o psu_pmu_0
TRACE::2025-11-13.13:48:23::SCWBDomain::/lib/microblaze_invalidate_dcache.o psu_pmu_0/lib/microblaze_invalidate_dcache_range.o psu_pmu_0/lib/microblaze_invalidate_icac
TRACE::2025-11-13.13:48:23::SCWBDomain::he.o psu_pmu_0/lib/microblaze_invalidate_icache_range.o psu_pmu_0/lib/microblaze_scrub.o psu_pmu_0/lib/microblaze_selftest.o ps
TRACE::2025-11-13.13:48:23::SCWBDomain::u_pmu_0/lib/microblaze_sleep.o psu_pmu_0/lib/microblaze_update_dcache.o psu_pmu_0/lib/microblaze_update_icache.o psu_pmu_0/lib/
TRACE::2025-11-13.13:48:23::SCWBDomain::outbyte.o psu_pmu_0/lib/print.o psu_pmu_0/lib/pvr.o psu_pmu_0/lib/xaxidma.o psu_pmu_0/lib/xaxidma_bd.o psu_pmu_0/lib/xaxidma_bd
TRACE::2025-11-13.13:48:23::SCWBDomain::ring.o psu_pmu_0/lib/xaxidma_g.o psu_pmu_0/lib/xaxidma_selftest.o psu_pmu_0/lib/xaxidma_sinit.o psu_pmu_0/lib/xaxipmon.o psu_pm
TRACE::2025-11-13.13:48:23::SCWBDomain::u_0/lib/xaxipmon_g.o psu_pmu_0/lib/xaxipmon_selftest.o psu_pmu_0/lib/xaxipmon_sinit.o psu_pmu_0/lib/xclockps.o psu_pmu_0/lib/xc
TRACE::2025-11-13.13:48:23::SCWBDomain::lockps_divider.o psu_pmu_0/lib/xclockps_fixedfactor.o psu_pmu_0/lib/xclockps_g.o psu_pmu_0/lib/xclockps_gate.o psu_pmu_0/lib/xc
TRACE::2025-11-13.13:48:23::SCWBDomain::lockps_mux.o psu_pmu_0/lib/xclockps_pll.o psu_pmu_0/lib/xclockps_sinit.o psu_pmu_0/lib/xcsudma.o psu_pmu_0/lib/xcsudma_g.o psu_
TRACE::2025-11-13.13:48:23::SCWBDomain::pmu_0/lib/xcsudma_intr.o psu_pmu_0/lib/xcsudma_selftest.o psu_pmu_0/lib/xcsudma_sinit.o psu_pmu_0/lib/xddrcpsu.o psu_pmu_0/lib/
TRACE::2025-11-13.13:48:23::SCWBDomain::xddrcpsu_sinit.o psu_pmu_0/lib/xgpio.o psu_pmu_0/lib/xgpio_extra.o psu_pmu_0/lib/xgpio_g.o psu_pmu_0/lib/xgpio_intr.o psu_pmu_0
TRACE::2025-11-13.13:48:23::SCWBDomain::/lib/xgpio_selftest.o psu_pmu_0/lib/xgpio_sinit.o psu_pmu_0/lib/xgpiops.o psu_pmu_0/lib/xgpiops_g.o psu_pmu_0/lib/xgpiops_hw.o 
TRACE::2025-11-13.13:48:23::SCWBDomain::psu_pmu_0/lib/xgpiops_intr.o psu_pmu_0/lib/xgpiops_selftest.o psu_pmu_0/lib/xgpiops_sinit.o psu_pmu_0/lib/xiicps.o psu_pmu_0/li
TRACE::2025-11-13.13:48:23::SCWBDomain::b/xiicps_g.o psu_pmu_0/lib/xiicps_hw.o psu_pmu_0/lib/xiicps_intr.o psu_pmu_0/lib/xiicps_master.o psu_pmu_0/lib/xiicps_options.o
TRACE::2025-11-13.13:48:23::SCWBDomain:: psu_pmu_0/lib/xiicps_selftest.o psu_pmu_0/lib/xiicps_sinit.o psu_pmu_0/lib/xiicps_slave.o psu_pmu_0/lib/xiicps_xfer.o psu_pmu_
TRACE::2025-11-13.13:48:23::SCWBDomain::0/lib/xil_assert.o psu_pmu_0/lib/xil_cache.o psu_pmu_0/lib/xil_clocking.o psu_pmu_0/lib/xil_exception.o psu_pmu_0/lib/xil_mem.o
TRACE::2025-11-13.13:48:23::SCWBDomain:: psu_pmu_0/lib/xil_misc_psreset_api.o psu_pmu_0/lib/xil_printf.o psu_pmu_0/lib/xil_sleepcommon.o psu_pmu_0/lib/xil_testcache.o 
TRACE::2025-11-13.13:48:23::SCWBDomain::psu_pmu_0/lib/xil_testio.o psu_pmu_0/lib/xil_testmem.o psu_pmu_0/lib/xil_util.o psu_pmu_0/lib/xinterrupt_wrap.o psu_pmu_0/lib/x
TRACE::2025-11-13.13:48:23::SCWBDomain::io.o psu_pmu_0/lib/xipipsu.o psu_pmu_0/lib/xipipsu_buf.o psu_pmu_0/lib/xipipsu_g.o psu_pmu_0/lib/xipipsu_helper.o psu_pmu_0/lib
TRACE::2025-11-13.13:48:23::SCWBDomain::/xipipsu_sinit.o psu_pmu_0/lib/xplatform_info.o psu_pmu_0/lib/xpm_init.o psu_pmu_0/lib/xqspipsu.o psu_pmu_0/lib/xqspipsu_contro
TRACE::2025-11-13.13:48:23::SCWBDomain::l.o psu_pmu_0/lib/xqspipsu_g.o psu_pmu_0/lib/xqspipsu_hw.o psu_pmu_0/lib/xqspipsu_options.o psu_pmu_0/lib/xqspipsu_sinit.o psu_
TRACE::2025-11-13.13:48:23::SCWBDomain::pmu_0/lib/xqspipsu_xfer.o psu_pmu_0/lib/xresetps.o psu_pmu_0/lib/xresetps_g.o psu_pmu_0/lib/xresetps_sinit.o psu_pmu_0/lib/xrtc
TRACE::2025-11-13.13:48:23::SCWBDomain::psu.o psu_pmu_0/lib/xrtcpsu_g.o psu_pmu_0/lib/xrtcpsu_intr.o psu_pmu_0/lib/xrtcpsu_selftest.o psu_pmu_0/lib/xrtcpsu_sinit.o psu
TRACE::2025-11-13.13:48:23::SCWBDomain::_pmu_0/lib/xsdps.o psu_pmu_0/lib/xsdps_card.o psu_pmu_0/lib/xsdps_g.o psu_pmu_0/lib/xsdps_host.o psu_pmu_0/lib/xsdps_options.o 
TRACE::2025-11-13.13:48:23::SCWBDomain::psu_pmu_0/lib/xsdps_sinit.o psu_pmu_0/lib/xspips.o psu_pmu_0/lib/xspips_g.o psu_pmu_0/lib/xspips_hw.o psu_pmu_0/lib/xspips_opti
TRACE::2025-11-13.13:48:23::SCWBDomain::ons.o psu_pmu_0/lib/xspips_selftest.o psu_pmu_0/lib/xspips_sinit.o psu_pmu_0/lib/xsysmonpsu.o psu_pmu_0/lib/xsysmonpsu_g.o psu_
TRACE::2025-11-13.13:48:23::SCWBDomain::pmu_0/lib/xsysmonpsu_intr.o psu_pmu_0/lib/xsysmonpsu_selftest.o psu_pmu_0/lib/xsysmonpsu_sinit.o psu_pmu_0/lib/xttcps.o psu_pmu
TRACE::2025-11-13.13:48:23::SCWBDomain::_0/lib/xttcps_g.o psu_pmu_0/lib/xttcps_options.o psu_pmu_0/lib/xttcps_selftest.o psu_pmu_0/lib/xttcps_sinit.o psu_pmu_0/lib/xua
TRACE::2025-11-13.13:48:23::SCWBDomain::rtps.o psu_pmu_0/lib/xuartps_g.o psu_pmu_0/lib/xuartps_hw.o psu_pmu_0/lib/xuartps_intr.o psu_pmu_0/lib/xuartps_options.o psu_pm
TRACE::2025-11-13.13:48:23::SCWBDomain::u_0/lib/xuartps_selftest.o psu_pmu_0/lib/xuartps_sinit.o psu_pmu_0/lib/xwdtps.o psu_pmu_0/lib/xwdtps_g.o psu_pmu_0/lib/xwdtps_s
TRACE::2025-11-13.13:48:23::SCWBDomain::elftest.o psu_pmu_0/lib/xwdtps_sinit.o psu_pmu_0/lib/xzdma.o psu_pmu_0/lib/xzdma_g.o psu_pmu_0/lib/xzdma_intr.o psu_pmu_0/lib/x
TRACE::2025-11-13.13:48:23::SCWBDomain::zdma_selftest.o psu_pmu_0/lib/xzdma_sinit.o

TRACE::2025-11-13.13:48:23::SCWBDomain::'Finished building libraries'

TRACE::2025-11-13.13:48:23::SCWBDomain::make: Leaving directory 'C:/unswworks/workspace/project_plat/zynqmp_pmufw/zynqmp_pmufw_bsp'

TRACE::2025-11-13.13:48:23::SCWBDomain::mb-gcc  -mlittle-endian -mxl-barrel-shift -mxl-pattern-compare -mxl-soft-mul -mcpu=v9.2 -MMD -MP      -mlittle-endian -mxl-barr
TRACE::2025-11-13.13:48:23::SCWBDomain::el-shift -mxl-pattern-compare -mcpu=v9.2 -mxl-soft-mul -Os -flto -ffat-lto-objects   -c xpfw_mod_common.c -o xpfw_mod_common.o 
TRACE::2025-11-13.13:48:23::SCWBDomain::-Izynqmp_pmufw_bsp/psu_pmu_0/include -I.

TRACE::2025-11-13.13:48:23::SCWBDomain::mb-gcc  -mlittle-endian -mxl-barrel-shift -mxl-pattern-compare -mxl-soft-mul -mcpu=v9.2 -MMD -MP      -mlittle-endian -mxl-barr
TRACE::2025-11-13.13:48:23::SCWBDomain::el-shift -mxl-pattern-compare -mcpu=v9.2 -mxl-soft-mul -Os -flto -ffat-lto-objects   -c xpfw_user_startup.c -o xpfw_user_startu
TRACE::2025-11-13.13:48:23::SCWBDomain::p.o -Izynqmp_pmufw_bsp/psu_pmu_0/include -I.

TRACE::2025-11-13.13:48:23::SCWBDomain::mb-gcc  -mlittle-endian -mxl-barrel-shift -mxl-pattern-compare -mxl-soft-mul -mcpu=v9.2 -MMD -MP      -mlittle-endian -mxl-barr
TRACE::2025-11-13.13:48:23::SCWBDomain::el-shift -mxl-pattern-compare -mcpu=v9.2 -mxl-soft-mul -Os -flto -ffat-lto-objects   -c pm_clock.c -o pm_clock.o -Izynqmp_pmufw
TRACE::2025-11-13.13:48:23::SCWBDomain::_bsp/psu_pmu_0/include -I.

TRACE::2025-11-13.13:48:23::SCWBDomain::mb-gcc  -mlittle-endian -mxl-barrel-shift -mxl-pattern-compare -mxl-soft-mul -mcpu=v9.2 -MMD -MP      -mlittle-endian -mxl-barr
TRACE::2025-11-13.13:48:23::SCWBDomain::el-shift -mxl-pattern-compare -mcpu=v9.2 -mxl-soft-mul -Os -flto -ffat-lto-objects   -c xpfw_mod_ultra96.c -o xpfw_mod_ultra96.
TRACE::2025-11-13.13:48:23::SCWBDomain::o -Izynqmp_pmufw_bsp/psu_pmu_0/include -I.

TRACE::2025-11-13.13:48:24::SCWBDomain::mb-gcc  -mlittle-endian -mxl-barrel-shift -mxl-pattern-compare -mxl-soft-mul -mcpu=v9.2 -MMD -MP      -mlittle-endian -mxl-barr
TRACE::2025-11-13.13:48:24::SCWBDomain::el-shift -mxl-pattern-compare -mcpu=v9.2 -mxl-soft-mul -Os -flto -ffat-lto-objects   -c xpfw_mod_em.c -o xpfw_mod_em.o -Izynqmp
TRACE::2025-11-13.13:48:24::SCWBDomain::_pmufw_bsp/psu_pmu_0/include -I.

TRACE::2025-11-13.13:48:24::SCWBDomain::mb-gcc  -mlittle-endian -mxl-barrel-shift -mxl-pattern-compare -mxl-soft-mul -mcpu=v9.2 -MMD -MP      -mlittle-endian -mxl-barr
TRACE::2025-11-13.13:48:24::SCWBDomain::el-shift -mxl-pattern-compare -mcpu=v9.2 -mxl-soft-mul -Os -flto -ffat-lto-objects   -c pm_power.c -o pm_power.o -Izynqmp_pmufw
TRACE::2025-11-13.13:48:24::SCWBDomain::_bsp/psu_pmu_0/include -I.

TRACE::2025-11-13.13:48:24::SCWBDomain::mb-gcc  -mlittle-endian -mxl-barrel-shift -mxl-pattern-compare -mxl-soft-mul -mcpu=v9.2 -MMD -MP      -mlittle-endian -mxl-barr
TRACE::2025-11-13.13:48:24::SCWBDomain::el-shift -mxl-pattern-compare -mcpu=v9.2 -mxl-soft-mul -Os -flto -ffat-lto-objects   -c pm_usb.c -o pm_usb.o -Izynqmp_pmufw_bsp
TRACE::2025-11-13.13:48:24::SCWBDomain::/psu_pmu_0/include -I.

TRACE::2025-11-13.13:48:24::SCWBDomain::mb-gcc  -mlittle-endian -mxl-barrel-shift -mxl-pattern-compare -mxl-soft-mul -mcpu=v9.2 -MMD -MP      -mlittle-endian -mxl-barr
TRACE::2025-11-13.13:48:24::SCWBDomain::el-shift -mxl-pattern-compare -mcpu=v9.2 -mxl-soft-mul -Os -flto -ffat-lto-objects   -c pm_gpp.c -o pm_gpp.o -Izynqmp_pmufw_bsp
TRACE::2025-11-13.13:48:24::SCWBDomain::/psu_pmu_0/include -I.

TRACE::2025-11-13.13:48:24::SCWBDomain::mb-gcc  -mlittle-endian -mxl-barrel-shift -mxl-pattern-compare -mxl-soft-mul -mcpu=v9.2 -MMD -MP      -mlittle-endian -mxl-barr
TRACE::2025-11-13.13:48:24::SCWBDomain::el-shift -mxl-pattern-compare -mcpu=v9.2 -mxl-soft-mul -Os -flto -ffat-lto-objects   -c pm_binding.c -o pm_binding.o -Izynqmp_p
TRACE::2025-11-13.13:48:24::SCWBDomain::mufw_bsp/psu_pmu_0/include -I.

TRACE::2025-11-13.13:48:24::SCWBDomain::mb-gcc  -mlittle-endian -mxl-barrel-shift -mxl-pattern-compare -mxl-soft-mul -mcpu=v9.2 -MMD -MP      -mlittle-endian -mxl-barr
TRACE::2025-11-13.13:48:24::SCWBDomain::el-shift -mxl-pattern-compare -mcpu=v9.2 -mxl-soft-mul -Os -flto -ffat-lto-objects   -c pm_pll.c -o pm_pll.o -Izynqmp_pmufw_bsp
TRACE::2025-11-13.13:48:24::SCWBDomain::/psu_pmu_0/include -I.

TRACE::2025-11-13.13:48:24::SCWBDomain::mb-gcc  -mlittle-endian -mxl-barrel-shift -mxl-pattern-compare -mxl-soft-mul -mcpu=v9.2 -MMD -MP      -mlittle-endian -mxl-barr
TRACE::2025-11-13.13:48:24::SCWBDomain::el-shift -mxl-pattern-compare -mcpu=v9.2 -mxl-soft-mul -Os -flto -ffat-lto-objects   -c xpfw_main.c -o xpfw_main.o -Izynqmp_pmu
TRACE::2025-11-13.13:48:24::SCWBDomain::fw_bsp/psu_pmu_0/include -I.

TRACE::2025-11-13.13:48:24::SCWBDomain::mb-gcc  -mlittle-endian -mxl-barrel-shift -mxl-pattern-compare -mxl-soft-mul -mcpu=v9.2 -MMD -MP      -mlittle-endian -mxl-barr
TRACE::2025-11-13.13:48:24::SCWBDomain::el-shift -mxl-pattern-compare -mcpu=v9.2 -mxl-soft-mul -Os -flto -ffat-lto-objects   -c pm_periph.c -o pm_periph.o -Izynqmp_pmu
TRACE::2025-11-13.13:48:24::SCWBDomain::fw_bsp/psu_pmu_0/include -I.

TRACE::2025-11-13.13:48:24::SCWBDomain::mb-gcc  -mlittle-endian -mxl-barrel-shift -mxl-pattern-compare -mxl-soft-mul -mcpu=v9.2 -MMD -MP      -mlittle-endian -mxl-barr
TRACE::2025-11-13.13:48:24::SCWBDomain::el-shift -mxl-pattern-compare -mcpu=v9.2 -mxl-soft-mul -Os -flto -ffat-lto-objects   -c pm_slave.c -o pm_slave.o -Izynqmp_pmufw
TRACE::2025-11-13.13:48:24::SCWBDomain::_bsp/psu_pmu_0/include -I.

TRACE::2025-11-13.13:48:24::SCWBDomain::mb-gcc  -mlittle-endian -mxl-barrel-shift -mxl-pattern-compare -mxl-soft-mul -mcpu=v9.2 -MMD -MP      -mlittle-endian -mxl-barr
TRACE::2025-11-13.13:48:24::SCWBDomain::el-shift -mxl-pattern-compare -mcpu=v9.2 -mxl-soft-mul -Os -flto -ffat-lto-objects   -c idle_hooks.c -o idle_hooks.o -Izynqmp_p
TRACE::2025-11-13.13:48:24::SCWBDomain::mufw_bsp/psu_pmu_0/include -I.

TRACE::2025-11-13.13:48:24::SCWBDomain::mb-gcc  -mlittle-endian -mxl-barrel-shift -mxl-pattern-compare -mxl-soft-mul -mcpu=v9.2 -MMD -MP      -mlittle-endian -mxl-barr
TRACE::2025-11-13.13:48:24::SCWBDomain::el-shift -mxl-pattern-compare -mcpu=v9.2 -mxl-soft-mul -Os -flto -ffat-lto-objects   -c xpfw_resets.c -o xpfw_resets.o -Izynqmp
TRACE::2025-11-13.13:48:24::SCWBDomain::_pmufw_bsp/psu_pmu_0/include -I.

TRACE::2025-11-13.13:48:24::SCWBDomain::mb-gcc  -mlittle-endian -mxl-barrel-shift -mxl-pattern-compare -mxl-soft-mul -mcpu=v9.2 -MMD -MP      -mlittle-endian -mxl-barr
TRACE::2025-11-13.13:48:24::SCWBDomain::el-shift -mxl-pattern-compare -mcpu=v9.2 -mxl-soft-mul -Os -flto -ffat-lto-objects   -c xpfw_mod_pm.c -o xpfw_mod_pm.o -Izynqmp
TRACE::2025-11-13.13:48:24::SCWBDomain::_pmufw_bsp/psu_pmu_0/include -I.

TRACE::2025-11-13.13:48:24::SCWBDomain::mb-gcc  -mlittle-endian -mxl-barrel-shift -mxl-pattern-compare -mxl-soft-mul -mcpu=v9.2 -MMD -MP      -mlittle-endian -mxl-barr
TRACE::2025-11-13.13:48:24::SCWBDomain::el-shift -mxl-pattern-compare -mcpu=v9.2 -mxl-soft-mul -Os -flto -ffat-lto-objects   -c pm_node.c -o pm_node.o -Izynqmp_pmufw_b
TRACE::2025-11-13.13:48:24::SCWBDomain::sp/psu_pmu_0/include -I.

TRACE::2025-11-13.13:48:25::SCWBDomain::mb-gcc  -mlittle-endian -mxl-barrel-shift -mxl-pattern-compare -mxl-soft-mul -mcpu=v9.2 -MMD -MP      -mlittle-endian -mxl-barr
TRACE::2025-11-13.13:48:25::SCWBDomain::el-shift -mxl-pattern-compare -mcpu=v9.2 -mxl-soft-mul -Os -flto -ffat-lto-objects   -c pm_extern.c -o pm_extern.o -Izynqmp_pmu
TRACE::2025-11-13.13:48:25::SCWBDomain::fw_bsp/psu_pmu_0/include -I.

TRACE::2025-11-13.13:48:25::SCWBDomain::mb-gcc  -mlittle-endian -mxl-barrel-shift -mxl-pattern-compare -mxl-soft-mul -mcpu=v9.2 -MMD -MP      -mlittle-endian -mxl-barr
TRACE::2025-11-13.13:48:25::SCWBDomain::el-shift -mxl-pattern-compare -mcpu=v9.2 -mxl-soft-mul -Os -flto -ffat-lto-objects   -c xpfw_mod_extwdt.c -o xpfw_mod_extwdt.o 
TRACE::2025-11-13.13:48:25::SCWBDomain::-Izynqmp_pmufw_bsp/psu_pmu_0/include -I.

TRACE::2025-11-13.13:48:25::SCWBDomain::mb-gcc  -mlittle-endian -mxl-barrel-shift -mxl-pattern-compare -mxl-soft-mul -mcpu=v9.2 -MMD -MP      -mlittle-endian -mxl-barr
TRACE::2025-11-13.13:48:25::SCWBDomain::el-shift -mxl-pattern-compare -mcpu=v9.2 -mxl-soft-mul -Os -flto -ffat-lto-objects   -c xpfw_mod_rpu.c -o xpfw_mod_rpu.o -Izynq
TRACE::2025-11-13.13:48:25::SCWBDomain::mp_pmufw_bsp/psu_pmu_0/include -I.

TRACE::2025-11-13.13:48:25::SCWBDomain::mb-gcc  -mlittle-endian -mxl-barrel-shift -mxl-pattern-compare -mxl-soft-mul -mcpu=v9.2 -MMD -MP      -mlittle-endian -mxl-barr
TRACE::2025-11-13.13:48:25::SCWBDomain::el-shift -mxl-pattern-compare -mcpu=v9.2 -mxl-soft-mul -Os -flto -ffat-lto-objects   -c xpfw_mod_dap.c -o xpfw_mod_dap.o -Izynq
TRACE::2025-11-13.13:48:25::SCWBDomain::mp_pmufw_bsp/psu_pmu_0/include -I.

TRACE::2025-11-13.13:48:25::SCWBDomain::mb-gcc  -mlittle-endian -mxl-barrel-shift -mxl-pattern-compare -mxl-soft-mul -mcpu=v9.2 -MMD -MP      -mlittle-endian -mxl-barr
TRACE::2025-11-13.13:48:25::SCWBDomain::el-shift -mxl-pattern-compare -mcpu=v9.2 -mxl-soft-mul -Os -flto -ffat-lto-objects   -c xpfw_util.c -o xpfw_util.o -Izynqmp_pmu
TRACE::2025-11-13.13:48:25::SCWBDomain::fw_bsp/psu_pmu_0/include -I.

TRACE::2025-11-13.13:48:25::SCWBDomain::mb-gcc  -mlittle-endian -mxl-barrel-shift -mxl-pattern-compare -mxl-soft-mul -mcpu=v9.2 -MMD -MP      -mlittle-endian -mxl-barr
TRACE::2025-11-13.13:48:25::SCWBDomain::el-shift -mxl-pattern-compare -mcpu=v9.2 -mxl-soft-mul -Os -flto -ffat-lto-objects   -c xpfw_mod_stl.c -o xpfw_mod_stl.o -Izynq
TRACE::2025-11-13.13:48:25::SCWBDomain::mp_pmufw_bsp/psu_pmu_0/include -I.

TRACE::2025-11-13.13:48:25::SCWBDomain::mb-gcc  -mlittle-endian -mxl-barrel-shift -mxl-pattern-compare -mxl-soft-mul -mcpu=v9.2 -MMD -MP      -mlittle-endian -mxl-barr
TRACE::2025-11-13.13:48:25::SCWBDomain::el-shift -mxl-pattern-compare -mcpu=v9.2 -mxl-soft-mul -Os -flto -ffat-lto-objects   -c pm_callbacks.c -o pm_callbacks.o -Izynq
TRACE::2025-11-13.13:48:25::SCWBDomain::mp_pmufw_bsp/psu_pmu_0/include -I.

TRACE::2025-11-13.13:48:25::SCWBDomain::mb-gcc  -mlittle-endian -mxl-barrel-shift -mxl-pattern-compare -mxl-soft-mul -mcpu=v9.2 -MMD -MP      -mlittle-endian -mxl-barr
TRACE::2025-11-13.13:48:25::SCWBDomain::el-shift -mxl-pattern-compare -mcpu=v9.2 -mxl-soft-mul -Os -flto -ffat-lto-objects   -c pm_reset.c -o pm_reset.o -Izynqmp_pmufw
TRACE::2025-11-13.13:48:25::SCWBDomain::_bsp/psu_pmu_0/include -I.

TRACE::2025-11-13.13:48:25::SCWBDomain::mb-gcc  -mlittle-endian -mxl-barrel-shift -mxl-pattern-compare -mxl-soft-mul -mcpu=v9.2 -MMD -MP      -mlittle-endian -mxl-barr
TRACE::2025-11-13.13:48:25::SCWBDomain::el-shift -mxl-pattern-compare -mcpu=v9.2 -mxl-soft-mul -Os -flto -ffat-lto-objects   -c pm_proc.c -o pm_proc.o -Izynqmp_pmufw_b
TRACE::2025-11-13.13:48:25::SCWBDomain::sp/psu_pmu_0/include -I.

TRACE::2025-11-13.13:48:25::SCWBDomain::mb-gcc  -mlittle-endian -mxl-barrel-shift -mxl-pattern-compare -mxl-soft-mul -mcpu=v9.2 -MMD -MP      -mlittle-endian -mxl-barr
TRACE::2025-11-13.13:48:25::SCWBDomain::el-shift -mxl-pattern-compare -mcpu=v9.2 -mxl-soft-mul -Os -flto -ffat-lto-objects   -c pm_csudma.c -o pm_csudma.o -Izynqmp_pmu
TRACE::2025-11-13.13:48:25::SCWBDomain::fw_bsp/psu_pmu_0/include -I.

TRACE::2025-11-13.13:48:25::SCWBDomain::mb-gcc  -mlittle-endian -mxl-barrel-shift -mxl-pattern-compare -mxl-soft-mul -mcpu=v9.2 -MMD -MP      -mlittle-endian -mxl-barr
TRACE::2025-11-13.13:48:25::SCWBDomain::el-shift -mxl-pattern-compare -mcpu=v9.2 -mxl-soft-mul -Os -flto -ffat-lto-objects   -c xpfw_rom_interface.c -o xpfw_rom_interf
TRACE::2025-11-13.13:48:25::SCWBDomain::ace.o -Izynqmp_pmufw_bsp/psu_pmu_0/include -I.

TRACE::2025-11-13.13:48:25::SCWBDomain::mb-gcc  -mlittle-endian -mxl-barrel-shift -mxl-pattern-compare -mxl-soft-mul -mcpu=v9.2 -MMD -MP      -mlittle-endian -mxl-barr
TRACE::2025-11-13.13:48:25::SCWBDomain::el-shift -mxl-pattern-compare -mcpu=v9.2 -mxl-soft-mul -Os -flto -ffat-lto-objects   -c xpfw_mod_sched.c -o xpfw_mod_sched.o -I
TRACE::2025-11-13.13:48:25::SCWBDomain::zynqmp_pmufw_bsp/psu_pmu_0/include -I.

TRACE::2025-11-13.13:48:25::SCWBDomain::mb-gcc  -mlittle-endian -mxl-barrel-shift -mxl-pattern-compare -mxl-soft-mul -mcpu=v9.2 -MMD -MP      -mlittle-endian -mxl-barr
TRACE::2025-11-13.13:48:25::SCWBDomain::el-shift -mxl-pattern-compare -mcpu=v9.2 -mxl-soft-mul -Os -flto -ffat-lto-objects   -c pm_sram.c -o pm_sram.o -Izynqmp_pmufw_b
TRACE::2025-11-13.13:48:25::SCWBDomain::sp/psu_pmu_0/include -I.

TRACE::2025-11-13.13:48:26::SCWBDomain::mb-gcc  -mlittle-endian -mxl-barrel-shift -mxl-pattern-compare -mxl-soft-mul -mcpu=v9.2 -MMD -MP      -mlittle-endian -mxl-barr
TRACE::2025-11-13.13:48:26::SCWBDomain::el-shift -mxl-pattern-compare -mcpu=v9.2 -mxl-soft-mul -Os -flto -ffat-lto-objects   -c xpfw_scheduler.c -o xpfw_scheduler.o -I
TRACE::2025-11-13.13:48:26::SCWBDomain::zynqmp_pmufw_bsp/psu_pmu_0/include -I.

TRACE::2025-11-13.13:48:26::SCWBDomain::mb-gcc  -mlittle-endian -mxl-barrel-shift -mxl-pattern-compare -mxl-soft-mul -mcpu=v9.2 -MMD -MP      -mlittle-endian -mxl-barr
TRACE::2025-11-13.13:48:26::SCWBDomain::el-shift -mxl-pattern-compare -mcpu=v9.2 -mxl-soft-mul -Os -flto -ffat-lto-objects   -c pm_qspi.c -o pm_qspi.o -Izynqmp_pmufw_b
TRACE::2025-11-13.13:48:26::SCWBDomain::sp/psu_pmu_0/include -I.

TRACE::2025-11-13.13:48:26::SCWBDomain::mb-gcc  -mlittle-endian -mxl-barrel-shift -mxl-pattern-compare -mxl-soft-mul -mcpu=v9.2 -MMD -MP      -mlittle-endian -mxl-barr
TRACE::2025-11-13.13:48:26::SCWBDomain::el-shift -mxl-pattern-compare -mcpu=v9.2 -mxl-soft-mul -Os -flto -ffat-lto-objects   -c xpfw_module.c -o xpfw_module.o -Izynqmp
TRACE::2025-11-13.13:48:26::SCWBDomain::_pmufw_bsp/psu_pmu_0/include -I.

TRACE::2025-11-13.13:48:26::SCWBDomain::mb-gcc  -mlittle-endian -mxl-barrel-shift -mxl-pattern-compare -mxl-soft-mul -mcpu=v9.2 -MMD -MP      -mlittle-endian -mxl-barr
TRACE::2025-11-13.13:48:26::SCWBDomain::el-shift -mxl-pattern-compare -mcpu=v9.2 -mxl-soft-mul -Os -flto -ffat-lto-objects   -c xpfw_interrupts.c -o xpfw_interrupts.o 
TRACE::2025-11-13.13:48:26::SCWBDomain::-Izynqmp_pmufw_bsp/psu_pmu_0/include -I.

TRACE::2025-11-13.13:48:26::SCWBDomain::mb-gcc  -mlittle-endian -mxl-barrel-shift -mxl-pattern-compare -mxl-soft-mul -mcpu=v9.2 -MMD -MP      -mlittle-endian -mxl-barr
TRACE::2025-11-13.13:48:26::SCWBDomain::el-shift -mxl-pattern-compare -mcpu=v9.2 -mxl-soft-mul -Os -flto -ffat-lto-objects   -c pm_ddr.c -o pm_ddr.o -Izynqmp_pmufw_bsp
TRACE::2025-11-13.13:48:26::SCWBDomain::/psu_pmu_0/include -I.

TRACE::2025-11-13.13:48:26::SCWBDomain::mb-gcc  -mlittle-endian -mxl-barrel-shift -mxl-pattern-compare -mxl-soft-mul -mcpu=v9.2 -MMD -MP      -mlittle-endian -mxl-barr
TRACE::2025-11-13.13:48:26::SCWBDomain::el-shift -mxl-pattern-compare -mcpu=v9.2 -mxl-soft-mul -Os -flto -ffat-lto-objects   -c xpfw_platform.c -o xpfw_platform.o -Izy
TRACE::2025-11-13.13:48:26::SCWBDomain::nqmp_pmufw_bsp/psu_pmu_0/include -I.

TRACE::2025-11-13.13:48:26::SCWBDomain::mb-gcc  -mlittle-endian -mxl-barrel-shift -mxl-pattern-compare -mxl-soft-mul -mcpu=v9.2 -MMD -MP      -mlittle-endian -mxl-barr
TRACE::2025-11-13.13:48:26::SCWBDomain::el-shift -mxl-pattern-compare -mcpu=v9.2 -mxl-soft-mul -Os -flto -ffat-lto-objects   -c xpfw_xpu.c -o xpfw_xpu.o -Izynqmp_pmufw
TRACE::2025-11-13.13:48:26::SCWBDomain::_bsp/psu_pmu_0/include -I.

TRACE::2025-11-13.13:48:26::SCWBDomain::mb-gcc  -mlittle-endian -mxl-barrel-shift -mxl-pattern-compare -mxl-soft-mul -mcpu=v9.2 -MMD -MP      -mlittle-endian -mxl-barr
TRACE::2025-11-13.13:48:26::SCWBDomain::el-shift -mxl-pattern-compare -mcpu=v9.2 -mxl-soft-mul -Os -flto -ffat-lto-objects   -c pm_pinctrl.c -o pm_pinctrl.o -Izynqmp_p
TRACE::2025-11-13.13:48:26::SCWBDomain::mufw_bsp/psu_pmu_0/include -I.

TRACE::2025-11-13.13:48:26::SCWBDomain::mb-gcc  -mlittle-endian -mxl-barrel-shift -mxl-pattern-compare -mxl-soft-mul -mcpu=v9.2 -MMD -MP      -mlittle-endian -mxl-barr
TRACE::2025-11-13.13:48:26::SCWBDomain::el-shift -mxl-pattern-compare -mcpu=v9.2 -mxl-soft-mul -Os -flto -ffat-lto-objects   -c xpfw_mod_rtc.c -o xpfw_mod_rtc.o -Izynq
TRACE::2025-11-13.13:48:26::SCWBDomain::mp_pmufw_bsp/psu_pmu_0/include -I.

TRACE::2025-11-13.13:48:26::SCWBDomain::mb-gcc  -mlittle-endian -mxl-barrel-shift -mxl-pattern-compare -mxl-soft-mul -mcpu=v9.2 -MMD -MP      -mlittle-endian -mxl-barr
TRACE::2025-11-13.13:48:26::SCWBDomain::el-shift -mxl-pattern-compare -mcpu=v9.2 -mxl-soft-mul -Os -flto -ffat-lto-objects   -c xpfw_events.c -o xpfw_events.o -Izynqmp
TRACE::2025-11-13.13:48:26::SCWBDomain::_pmufw_bsp/psu_pmu_0/include -I.

TRACE::2025-11-13.13:48:26::SCWBDomain::mb-gcc  -mlittle-endian -mxl-barrel-shift -mxl-pattern-compare -mxl-soft-mul -mcpu=v9.2 -MMD -MP      -mlittle-endian -mxl-barr
TRACE::2025-11-13.13:48:26::SCWBDomain::el-shift -mxl-pattern-compare -mcpu=v9.2 -mxl-soft-mul -Os -flto -ffat-lto-objects   -c xpfw_aib.c -o xpfw_aib.o -Izynqmp_pmufw
TRACE::2025-11-13.13:48:26::SCWBDomain::_bsp/psu_pmu_0/include -I.

TRACE::2025-11-13.13:48:26::SCWBDomain::mb-gcc  -mlittle-endian -mxl-barrel-shift -mxl-pattern-compare -mxl-soft-mul -mcpu=v9.2 -MMD -MP      -mlittle-endian -mxl-barr
TRACE::2025-11-13.13:48:26::SCWBDomain::el-shift -mxl-pattern-compare -mcpu=v9.2 -mxl-soft-mul -Os -flto -ffat-lto-objects   -c xpfw_mod_wdt.c -o xpfw_mod_wdt.o -Izynq
TRACE::2025-11-13.13:48:26::SCWBDomain::mp_pmufw_bsp/psu_pmu_0/include -I.

TRACE::2025-11-13.13:48:26::SCWBDomain::mb-gcc  -mlittle-endian -mxl-barrel-shift -mxl-pattern-compare -mxl-soft-mul -mcpu=v9.2 -MMD -MP      -mlittle-endian -mxl-barr
TRACE::2025-11-13.13:48:26::SCWBDomain::el-shift -mxl-pattern-compare -mcpu=v9.2 -mxl-soft-mul -Os -flto -ffat-lto-objects   -c pm_notifier.c -o pm_notifier.o -Izynqmp
TRACE::2025-11-13.13:48:26::SCWBDomain::_pmufw_bsp/psu_pmu_0/include -I.

TRACE::2025-11-13.13:48:27::SCWBDomain::mb-gcc  -mlittle-endian -mxl-barrel-shift -mxl-pattern-compare -mxl-soft-mul -mcpu=v9.2 -MMD -MP      -mlittle-endian -mxl-barr
TRACE::2025-11-13.13:48:27::SCWBDomain::el-shift -mxl-pattern-compare -mcpu=v9.2 -mxl-soft-mul -Os -flto -ffat-lto-objects   -c xpfw_mod_overtemp.c -o xpfw_mod_overtem
TRACE::2025-11-13.13:48:27::SCWBDomain::p.o -Izynqmp_pmufw_bsp/psu_pmu_0/include -I.

TRACE::2025-11-13.13:48:27::SCWBDomain::mb-gcc  -mlittle-endian -mxl-barrel-shift -mxl-pattern-compare -mxl-soft-mul -mcpu=v9.2 -MMD -MP      -mlittle-endian -mxl-barr
TRACE::2025-11-13.13:48:27::SCWBDomain::el-shift -mxl-pattern-compare -mcpu=v9.2 -mxl-soft-mul -Os -flto -ffat-lto-objects   -c pm_gic_proxy.c -o pm_gic_proxy.o -Izynq
TRACE::2025-11-13.13:48:27::SCWBDomain::mp_pmufw_bsp/psu_pmu_0/include -I.

TRACE::2025-11-13.13:48:27::SCWBDomain::mb-gcc  -mlittle-endian -mxl-barrel-shift -mxl-pattern-compare -mxl-soft-mul -mcpu=v9.2 -MMD -MP      -mlittle-endian -mxl-barr
TRACE::2025-11-13.13:48:27::SCWBDomain::el-shift -mxl-pattern-compare -mcpu=v9.2 -mxl-soft-mul -Os -flto -ffat-lto-objects   -c xpfw_core.c -o xpfw_core.o -Izynqmp_pmu
TRACE::2025-11-13.13:48:27::SCWBDomain::fw_bsp/psu_pmu_0/include -I.

TRACE::2025-11-13.13:48:27::SCWBDomain::mb-gcc  -mlittle-endian -mxl-barrel-shift -mxl-pattern-compare -mxl-soft-mul -mcpu=v9.2 -MMD -MP      -mlittle-endian -mxl-barr
TRACE::2025-11-13.13:48:27::SCWBDomain::el-shift -mxl-pattern-compare -mcpu=v9.2 -mxl-soft-mul -Os -flto -ffat-lto-objects   -c pm_core.c -o pm_core.o -Izynqmp_pmufw_b
TRACE::2025-11-13.13:48:27::SCWBDomain::sp/psu_pmu_0/include -I.

TRACE::2025-11-13.13:48:27::SCWBDomain::mb-gcc  -mlittle-endian -mxl-barrel-shift -mxl-pattern-compare -mxl-soft-mul -mcpu=v9.2 -MMD -MP      -mlittle-endian -mxl-barr
TRACE::2025-11-13.13:48:27::SCWBDomain::el-shift -mxl-pattern-compare -mcpu=v9.2 -mxl-soft-mul -Os -flto -ffat-lto-objects   -c pm_config.c -o pm_config.o -Izynqmp_pmu
TRACE::2025-11-13.13:48:27::SCWBDomain::fw_bsp/psu_pmu_0/include -I.

TRACE::2025-11-13.13:48:27::SCWBDomain::mb-gcc  -mlittle-endian -mxl-barrel-shift -mxl-pattern-compare -mxl-soft-mul -mcpu=v9.2 -MMD -MP      -mlittle-endian -mxl-barr
TRACE::2025-11-13.13:48:27::SCWBDomain::el-shift -mxl-pattern-compare -mcpu=v9.2 -mxl-soft-mul -Os -flto -ffat-lto-objects   -c pm_system.c -o pm_system.o -Izynqmp_pmu
TRACE::2025-11-13.13:48:27::SCWBDomain::fw_bsp/psu_pmu_0/include -I.

TRACE::2025-11-13.13:48:27::SCWBDomain::mb-gcc  -mlittle-endian -mxl-barrel-shift -mxl-pattern-compare -mxl-soft-mul -mcpu=v9.2 -MMD -MP      -mlittle-endian -mxl-barr
TRACE::2025-11-13.13:48:27::SCWBDomain::el-shift -mxl-pattern-compare -mcpu=v9.2 -mxl-soft-mul -Os -flto -ffat-lto-objects   -c pm_mmio_access.c -o pm_mmio_access.o -I
TRACE::2025-11-13.13:48:27::SCWBDomain::zynqmp_pmufw_bsp/psu_pmu_0/include -I.

TRACE::2025-11-13.13:48:27::SCWBDomain::mb-gcc  -mlittle-endian -mxl-barrel-shift -mxl-pattern-compare -mxl-soft-mul -mcpu=v9.2 -MMD -MP      -mlittle-endian -mxl-barr
TRACE::2025-11-13.13:48:27::SCWBDomain::el-shift -mxl-pattern-compare -mcpu=v9.2 -mxl-soft-mul -Os -flto -ffat-lto-objects   -c pm_node_reset.c -o pm_node_reset.o -Izy
TRACE::2025-11-13.13:48:27::SCWBDomain::nqmp_pmufw_bsp/psu_pmu_0/include -I.

TRACE::2025-11-13.13:48:27::SCWBDomain::mb-gcc  -mlittle-endian -mxl-barrel-shift -mxl-pattern-compare -mxl-soft-mul -mcpu=v9.2 -MMD -MP      -mlittle-endian -mxl-barr
TRACE::2025-11-13.13:48:27::SCWBDomain::el-shift -mxl-pattern-compare -mcpu=v9.2 -mxl-soft-mul -Os -flto -ffat-lto-objects   -c pm_requirement.c -o pm_requirement.o -I
TRACE::2025-11-13.13:48:27::SCWBDomain::zynqmp_pmufw_bsp/psu_pmu_0/include -I.

TRACE::2025-11-13.13:48:27::SCWBDomain::mb-gcc  -mlittle-endian -mxl-barrel-shift -mxl-pattern-compare -mxl-soft-mul -mcpu=v9.2 -MMD -MP      -mlittle-endian -mxl-barr
TRACE::2025-11-13.13:48:27::SCWBDomain::el-shift -mxl-pattern-compare -mcpu=v9.2 -mxl-soft-mul -Os -flto -ffat-lto-objects   -c xpfw_mod_legacy.c -o xpfw_mod_legacy.o 
TRACE::2025-11-13.13:48:27::SCWBDomain::-Izynqmp_pmufw_bsp/psu_pmu_0/include -I.

TRACE::2025-11-13.13:48:27::SCWBDomain::mb-gcc  -mlittle-endian -mxl-barrel-shift -mxl-pattern-compare -mxl-soft-mul -mcpu=v9.2 -MMD -MP      -mlittle-endian -mxl-barr
TRACE::2025-11-13.13:48:27::SCWBDomain::el-shift -mxl-pattern-compare -mcpu=v9.2 -mxl-soft-mul -Os -flto -ffat-lto-objects   -c xpfw_restart.c -o xpfw_restart.o -Izynq
TRACE::2025-11-13.13:48:27::SCWBDomain::mp_pmufw_bsp/psu_pmu_0/include -I.

TRACE::2025-11-13.13:48:28::SCWBDomain::mb-gcc  -mlittle-endian -mxl-barrel-shift -mxl-pattern-compare -mxl-soft-mul -mcpu=v9.2 -MMD -MP      -mlittle-endian -mxl-barr
TRACE::2025-11-13.13:48:28::SCWBDomain::el-shift -mxl-pattern-compare -mcpu=v9.2 -mxl-soft-mul -Os -flto -ffat-lto-objects   -c xpfw_error_manager.c -o xpfw_error_mana
TRACE::2025-11-13.13:48:28::SCWBDomain::ger.o -Izynqmp_pmufw_bsp/psu_pmu_0/include -I.

TRACE::2025-11-13.13:48:28::SCWBDomain::mb-gcc  -mlittle-endian -mxl-barrel-shift -mxl-pattern-compare -mxl-soft-mul -mcpu=v9.2 -MMD -MP      -mlittle-endian -mxl-barr
TRACE::2025-11-13.13:48:28::SCWBDomain::el-shift -mxl-pattern-compare -mcpu=v9.2 -mxl-soft-mul -Os -flto -ffat-lto-objects   -c pm_hooks.c -o pm_hooks.o -Izynqmp_pmufw
TRACE::2025-11-13.13:48:28::SCWBDomain::_bsp/psu_pmu_0/include -I.

TRACE::2025-11-13.13:48:28::SCWBDomain::mb-gcc  -mlittle-endian -mxl-barrel-shift -mxl-pattern-compare -mxl-soft-mul -mcpu=v9.2 -MMD -MP      -mlittle-endian -mxl-barr
TRACE::2025-11-13.13:48:28::SCWBDomain::el-shift -mxl-pattern-compare -mcpu=v9.2 -mxl-soft-mul -Os -flto -ffat-lto-objects   -c pm_ioctl.c -o pm_ioctl.o -Izynqmp_pmufw
TRACE::2025-11-13.13:48:28::SCWBDomain::_bsp/psu_pmu_0/include -I.

TRACE::2025-11-13.13:48:28::SCWBDomain::mb-gcc  -mlittle-endian -mxl-barrel-shift -mxl-pattern-compare -mxl-soft-mul -mcpu=v9.2 -MMD -MP      -mlittle-endian -mxl-barr
TRACE::2025-11-13.13:48:28::SCWBDomain::el-shift -mxl-pattern-compare -mcpu=v9.2 -mxl-soft-mul -Os -flto -ffat-lto-objects   -c pm_master.c -o pm_master.o -Izynqmp_pmu
TRACE::2025-11-13.13:48:28::SCWBDomain::fw_bsp/psu_pmu_0/include -I.

TRACE::2025-11-13.13:48:28::SCWBDomain::mb-gcc  -mlittle-endian -mxl-barrel-shift -mxl-pattern-compare -mxl-soft-mul -mcpu=v9.2 -MMD -MP      -mlittle-endian -mxl-barr
TRACE::2025-11-13.13:48:28::SCWBDomain::el-shift -mxl-pattern-compare -mcpu=v9.2 -mxl-soft-mul -Os -flto -ffat-lto-objects   -c xpfw_ipi_manager.c -o xpfw_ipi_manager.
TRACE::2025-11-13.13:48:28::SCWBDomain::o -Izynqmp_pmufw_bsp/psu_pmu_0/include -I.

TRACE::2025-11-13.13:48:28::SCWBDomain::mb-gcc  -mlittle-endian -mxl-barrel-shift -mxl-pattern-compare -mxl-soft-mul -mcpu=v9.2 -MMD -MP      -mlittle-endian -mxl-barr
TRACE::2025-11-13.13:48:28::SCWBDomain::el-shift -mxl-pattern-compare -mcpu=v9.2 -mxl-soft-mul -Os -flto -ffat-lto-objects   -c xpfw_start.S -o xpfw_start.o -Izynqmp_p
TRACE::2025-11-13.13:48:28::SCWBDomain::mufw_bsp/psu_pmu_0/include -I.

TRACE::2025-11-13.13:48:28::SCWBDomain::mb-gcc -o pmufw.elf idle_hooks.o pm_binding.o pm_callbacks.o pm_clock.o pm_config.o pm_core.o pm_csudma.o pm_ddr.o pm_extern.o 
TRACE::2025-11-13.13:48:28::SCWBDomain::pm_gic_proxy.o pm_gpp.o pm_hooks.o pm_ioctl.o pm_master.o pm_mmio_access.o pm_node.o pm_node_reset.o pm_notifier.o pm_periph.o 
TRACE::2025-11-13.13:48:28::SCWBDomain::pm_pinctrl.o pm_pll.o pm_power.o pm_proc.o pm_qspi.o pm_requirement.o pm_reset.o pm_slave.o pm_sram.o pm_system.o pm_usb.o xpfw
TRACE::2025-11-13.13:48:28::SCWBDomain::_aib.o xpfw_core.o xpfw_error_manager.o xpfw_events.o xpfw_interrupts.o xpfw_ipi_manager.o xpfw_main.o xpfw_mod_common.o xpfw_m
TRACE::2025-11-13.13:48:28::SCWBDomain::od_dap.o xpfw_mod_em.o xpfw_mod_extwdt.o xpfw_mod_legacy.o xpfw_mod_overtemp.o xpfw_mod_pm.o xpfw_mod_rpu.o xpfw_mod_rtc.o xpfw
TRACE::2025-11-13.13:48:28::SCWBDomain::_mod_sched.o xpfw_mod_stl.o xpfw_mod_ultra96.o xpfw_mod_wdt.o xpfw_module.o xpfw_platform.o xpfw_resets.o xpfw_restart.o xpfw_r
TRACE::2025-11-13.13:48:28::SCWBDomain::om_interface.o xpfw_scheduler.o xpfw_start.o xpfw_user_startup.o xpfw_util.o xpfw_xpu.o -MMD -MP      -mlittle-endian -mxl-barr
TRACE::2025-11-13.13:48:28::SCWBDomain::el-shift -mxl-pattern-compare -mcpu=v9.2 -mxl-soft-mul -Os -flto -ffat-lto-objects    -Wl,--start-group,-lxil,-lgcc,-lc,--end-g
TRACE::2025-11-13.13:48:28::SCWBDomain::roup -Wl,--start-group,-lxilfpga,-lxil,-lgcc,-lc,--end-group -Wl,--start-group,-lxilsecure,-lxil,-lgcc,-lc,--end-group -Wl,--st
TRACE::2025-11-13.13:48:28::SCWBDomain::art-group,-lxilskey,-lxil,-lgcc,-lc,--end-group                                                                                
TRACE::2025-11-13.13:48:28::SCWBDomain::                        -nostartfiles -Wl,--no-relax -Wl,--gc-sections -Lzynqmp_pmufw_bsp/psu_pmu_0/lib -Tlscript.ld

LOG::2025-11-13.13:48:30::SCWSystem::Checking the domain standalone_domain
LOG::2025-11-13.13:48:30::SCWSystem::Not a boot domain 
LOG::2025-11-13.13:48:30::SCWSystem::Started Processing the domain standalone_domain
TRACE::2025-11-13.13:48:30::SCWDomain::Generating domain artifcats
TRACE::2025-11-13.13:48:30::SCWMssOS::Generating standalone artifcats
TRACE::2025-11-13.13:48:30::SCWMssOS::Copying the qemu file from  C:/unswworks/workspace/project_plat/resources/project_plat/standalone_domain/qemu_args.txt To C:/unswworks/workspace/project_plat/export/project_plat/sw/project_plat/qemu/
TRACE::2025-11-13.13:48:30::SCWMssOS::Copying the qemu file from  C:/unswworks/workspace/project_plat/resources/project_plat/standalone_domain/qemu_args.txt To C:/unswworks/workspace/project_plat/export/project_plat/sw/project_plat/qemu/
TRACE::2025-11-13.13:48:30::SCWMssOS::Copying the qemu file from  C:/unswworks/workspace/project_plat/resources/project_plat/standalone_domain/qemu_args.txt To C:/unswworks/workspace/project_plat/export/project_plat/sw/project_plat/standalone_domain/qemu/
TRACE::2025-11-13.13:48:30::SCWMssOS::Copying the qemu file from  C:/unswworks/workspace/project_plat/resources/project_plat/standalone_domain/qemu_args.txt To C:/unswworks/workspace/project_plat/export/project_plat/sw/project_plat/standalone_domain/qemu/
TRACE::2025-11-13.13:48:30::SCWMssOS:: Copying the user libraries. 
TRACE::2025-11-13.13:48:30::SCWPlatform::Trying to open the hw design at C:/unswworks/workspace/project_plat/hw/v2.0.xsa
TRACE::2025-11-13.13:48:30::SCWPlatform::DSA given C:/unswworks/workspace/project_plat/hw/v2.0.xsa
TRACE::2025-11-13.13:48:30::SCWPlatform::DSA absoulate path C:/unswworks/workspace/project_plat/hw/v2.0.xsa
TRACE::2025-11-13.13:48:30::SCWPlatform::DSA directory C:/unswworks/workspace/project_plat/hw
TRACE::2025-11-13.13:48:30::SCWPlatform:: Platform Path C:/unswworks/workspace/project_plat/hw/v2.0.xsa
TRACE::2025-11-13.13:48:30::SCWPlatform:: Unique name xilinx:kv260_som::0.0
TRACE::2025-11-13.13:48:30::SCWPlatform::Trying to set the existing hwdb with name design_1_wrapper_1
TRACE::2025-11-13.13:48:30::SCWPlatform::Opened existing hwdb design_1_wrapper_1
TRACE::2025-11-13.13:48:30::SCWPlatform::Found the Hw Db part of the input DSA
TRACE::2025-11-13.13:48:30::SCWMssOS::Checking the sw design at  C:/unswworks/workspace/project_plat/psu_cortexa53_0/standalone_domain/bsp/system.mss
TRACE::2025-11-13.13:48:30::SCWMssOS::DEBUG:  swdes dump  C:/unswworks/workspace/147/zynqmp_fsbl/zynqmp_fsbl_bsp/system.mss|system_2||
C:/unswworks/workspace/147/zynqmp_pmufw/zynqmp_pmufw_bsp/system.mss|system_3||
C:/unswworks/workspace/project_plat/psu_cortexa53_0/standalone_domain/bsp/system.mss|system_1||
C:/unswworks/workspace/project_plat/zynqmp_fsbl/zynqmp_fsbl_bsp/system.mss|system||
C:/unswworks/workspace/project_plat/zynqmp_pmufw/zynqmp_pmufw_bsp/system.mss|system_0||

TRACE::2025-11-13.13:48:30::SCWMssOS::Sw design exists and opened at  C:/unswworks/workspace/project_plat/psu_cortexa53_0/standalone_domain/bsp/system.mss
TRACE::2025-11-13.13:48:30::SCWMssOS::Completed writing the mss file at C:/unswworks/workspace/project_plat/psu_cortexa53_0/standalone_domain/bsp
TRACE::2025-11-13.13:48:30::SCWMssOS::Mss edits present, copying mssfile into export location C:/unswworks/workspace/project_plat/psu_cortexa53_0/standalone_domain/bsp/system.mss
TRACE::2025-11-13.13:48:30::SCWMssOS::bsp generated is upto date with the mss file. Skipping bsp generation.
TRACE::2025-11-13.13:48:30::SCWMssOS::BSP is already built. skipping the bsp build ... 
TRACE::2025-11-13.13:48:30::SCWDomain::Building the domain as part of full build :  standalone_domain
TRACE::2025-11-13.13:48:30::SCWMssOS::doing bsp build ... 
TRACE::2025-11-13.13:48:30::SCWMssOS::System Command Ran  C: & cd  C:/unswworks/workspace/project_plat/psu_cortexa53_0/standalone_domain/bsp & make 
TRACE::2025-11-13.13:48:30::SCWMssOS::make --no-print-directory seq_libs

TRACE::2025-11-13.13:48:30::SCWMssOS::'Finished building libraries sequentially.'

TRACE::2025-11-13.13:48:30::SCWMssOS::make -j 10 --no-print-directory par_libs

TRACE::2025-11-13.13:48:30::SCWMssOS::"Running Make include in psu_cortexa53_0/libsrc/axidma_v9_18/src"

TRACE::2025-11-13.13:48:30::SCWMssOS::make -C psu_cortexa53_0/libsrc/axidma_v9_18/src -s include  "SHELL=CMD" "COMPILER=aarch64-none-elf-gcc" "ASSEMBLER=aarch64-none
TRACE::2025-11-13.13:48:30::SCWMssOS::-elf-as" "ARCHIVER=aarch64-none-elf-ar" "COMPILER_FLAGS=  -O2 -c" "EXTRA_COMPILER_FLAGS=-g -Wall -Wextra -fno-tree-loop-distrib
TRACE::2025-11-13.13:48:30::SCWMssOS::ute-patterns"

TRACE::2025-11-13.13:48:30::SCWMssOS::"Running Make include in psu_cortexa53_0/libsrc/axipmon_v6_11/src"

TRACE::2025-11-13.13:48:30::SCWMssOS::make -C psu_cortexa53_0/libsrc/axipmon_v6_11/src -s include  "SHELL=CMD" "COMPILER=aarch64-none-elf-gcc" "ASSEMBLER=aarch64-non
TRACE::2025-11-13.13:48:30::SCWMssOS::e-elf-as" "ARCHIVER=aarch64-none-elf-ar" "COMPILER_FLAGS=  -O2 -c" "EXTRA_COMPILER_FLAGS=-g -Wall -Wextra -fno-tree-loop-distri
TRACE::2025-11-13.13:48:30::SCWMssOS::bute-patterns"

TRACE::2025-11-13.13:48:30::SCWMssOS::"Running Make include in psu_cortexa53_0/libsrc/clockps_v1_6/src"

TRACE::2025-11-13.13:48:30::SCWMssOS::make -C psu_cortexa53_0/libsrc/clockps_v1_6/src -s include  "SHELL=CMD" "COMPILER=aarch64-none-elf-gcc" "ASSEMBLER=aarch64-none
TRACE::2025-11-13.13:48:30::SCWMssOS::-elf-as" "ARCHIVER=aarch64-none-elf-ar" "COMPILER_FLAGS=  -O2 -c" "EXTRA_COMPILER_FLAGS=-g -Wall -Wextra -fno-tree-loop-distrib
TRACE::2025-11-13.13:48:30::SCWMssOS::ute-patterns"

TRACE::2025-11-13.13:48:30::SCWMssOS::"Running Make include in psu_cortexa53_0/libsrc/coresightps_dcc_v1_10/src"

TRACE::2025-11-13.13:48:30::SCWMssOS::make -C psu_cortexa53_0/libsrc/coresightps_dcc_v1_10/src -s include  "SHELL=CMD" "COMPILER=aarch64-none-elf-gcc" "ASSEMBLER=aar
TRACE::2025-11-13.13:48:30::SCWMssOS::ch64-none-elf-as" "ARCHIVER=aarch64-none-elf-ar" "COMPILER_FLAGS=  -O2 -c" "EXTRA_COMPILER_FLAGS=-g -Wall -Wextra -fno-tree-loo
TRACE::2025-11-13.13:48:30::SCWMssOS::p-distribute-patterns"

TRACE::2025-11-13.13:48:30::SCWMssOS::"Running Make include in psu_cortexa53_0/libsrc/cpu_cortexa53_v2_1/src"

TRACE::2025-11-13.13:48:30::SCWMssOS::make -C psu_cortexa53_0/libsrc/cpu_cortexa53_v2_1/src -s include  "SHELL=CMD" "COMPILER=aarch64-none-elf-gcc" "ASSEMBLER=aarch6
TRACE::2025-11-13.13:48:30::SCWMssOS::4-none-elf-as" "ARCHIVER=aarch64-none-elf-ar" "COMPILER_FLAGS=  -O2 -c" "EXTRA_COMPILER_FLAGS=-g -Wall -Wextra -fno-tree-loop-d
TRACE::2025-11-13.13:48:30::SCWMssOS::istribute-patterns"

TRACE::2025-11-13.13:48:31::SCWMssOS::"Running Make include in psu_cortexa53_0/libsrc/csudma_v1_15/src"

TRACE::2025-11-13.13:48:31::SCWMssOS::make -C psu_cortexa53_0/libsrc/csudma_v1_15/src -s include  "SHELL=CMD" "COMPILER=aarch64-none-elf-gcc" "ASSEMBLER=aarch64-none
TRACE::2025-11-13.13:48:31::SCWMssOS::-elf-as" "ARCHIVER=aarch64-none-elf-ar" "COMPILER_FLAGS=  -O2 -c" "EXTRA_COMPILER_FLAGS=-g -Wall -Wextra -fno-tree-loop-distrib
TRACE::2025-11-13.13:48:31::SCWMssOS::ute-patterns"

TRACE::2025-11-13.13:48:31::SCWMssOS::"Running Make include in psu_cortexa53_0/libsrc/ddrcpsu_v1_6/src"

TRACE::2025-11-13.13:48:31::SCWMssOS::make -C psu_cortexa53_0/libsrc/ddrcpsu_v1_6/src -s include  "SHELL=CMD" "COMPILER=aarch64-none-elf-gcc" "ASSEMBLER=aarch64-none
TRACE::2025-11-13.13:48:31::SCWMssOS::-elf-as" "ARCHIVER=aarch64-none-elf-ar" "COMPILER_FLAGS=  -O2 -c" "EXTRA_COMPILER_FLAGS=-g -Wall -Wextra -fno-tree-loop-distrib
TRACE::2025-11-13.13:48:31::SCWMssOS::ute-patterns"

TRACE::2025-11-13.13:48:31::SCWMssOS::"Running Make include in psu_cortexa53_0/libsrc/gpiops_v3_13/src"

TRACE::2025-11-13.13:48:31::SCWMssOS::make -C psu_cortexa53_0/libsrc/gpiops_v3_13/src -s include  "SHELL=CMD" "COMPILER=aarch64-none-elf-gcc" "ASSEMBLER=aarch64-none
TRACE::2025-11-13.13:48:31::SCWMssOS::-elf-as" "ARCHIVER=aarch64-none-elf-ar" "COMPILER_FLAGS=  -O2 -c" "EXTRA_COMPILER_FLAGS=-g -Wall -Wextra -fno-tree-loop-distrib
TRACE::2025-11-13.13:48:31::SCWMssOS::ute-patterns"

TRACE::2025-11-13.13:48:31::SCWMssOS::"Running Make include in psu_cortexa53_0/libsrc/gpio_v4_11/src"

TRACE::2025-11-13.13:48:31::SCWMssOS::make -C psu_cortexa53_0/libsrc/gpio_v4_11/src -s include  "SHELL=CMD" "COMPILER=aarch64-none-elf-gcc" "ASSEMBLER=aarch64-none-e
TRACE::2025-11-13.13:48:31::SCWMssOS::lf-as" "ARCHIVER=aarch64-none-elf-ar" "COMPILER_FLAGS=  -O2 -c" "EXTRA_COMPILER_FLAGS=-g -Wall -Wextra -fno-tree-loop-distribut
TRACE::2025-11-13.13:48:31::SCWMssOS::e-patterns"

TRACE::2025-11-13.13:48:31::SCWMssOS::"Running Make include in psu_cortexa53_0/libsrc/iicps_v3_19/src"

TRACE::2025-11-13.13:48:31::SCWMssOS::make -C psu_cortexa53_0/libsrc/iicps_v3_19/src -s include  "SHELL=CMD" "COMPILER=aarch64-none-elf-gcc" "ASSEMBLER=aarch64-none-
TRACE::2025-11-13.13:48:31::SCWMssOS::elf-as" "ARCHIVER=aarch64-none-elf-ar" "COMPILER_FLAGS=  -O2 -c" "EXTRA_COMPILER_FLAGS=-g -Wall -Wextra -fno-tree-loop-distribu
TRACE::2025-11-13.13:48:31::SCWMssOS::te-patterns"

TRACE::2025-11-13.13:48:31::SCWMssOS::"Running Make include in psu_cortexa53_0/libsrc/ipipsu_v2_15/src"

TRACE::2025-11-13.13:48:31::SCWMssOS::make -C psu_cortexa53_0/libsrc/ipipsu_v2_15/src -s include  "SHELL=CMD" "COMPILER=aarch64-none-elf-gcc" "ASSEMBLER=aarch64-none
TRACE::2025-11-13.13:48:31::SCWMssOS::-elf-as" "ARCHIVER=aarch64-none-elf-ar" "COMPILER_FLAGS=  -O2 -c" "EXTRA_COMPILER_FLAGS=-g -Wall -Wextra -fno-tree-loop-distrib
TRACE::2025-11-13.13:48:31::SCWMssOS::ute-patterns"

TRACE::2025-11-13.13:48:31::SCWMssOS::"Running Make include in psu_cortexa53_0/libsrc/qspipsu_v1_19/src"

TRACE::2025-11-13.13:48:31::SCWMssOS::make -C psu_cortexa53_0/libsrc/qspipsu_v1_19/src -s include  "SHELL=CMD" "COMPILER=aarch64-none-elf-gcc" "ASSEMBLER=aarch64-non
TRACE::2025-11-13.13:48:31::SCWMssOS::e-elf-as" "ARCHIVER=aarch64-none-elf-ar" "COMPILER_FLAGS=  -O2 -c" "EXTRA_COMPILER_FLAGS=-g -Wall -Wextra -fno-tree-loop-distri
TRACE::2025-11-13.13:48:31::SCWMssOS::bute-patterns"

TRACE::2025-11-13.13:48:31::SCWMssOS::"Running Make include in psu_cortexa53_0/libsrc/resetps_v1_7/src"

TRACE::2025-11-13.13:48:31::SCWMssOS::make -C psu_cortexa53_0/libsrc/resetps_v1_7/src -s include  "SHELL=CMD" "COMPILER=aarch64-none-elf-gcc" "ASSEMBLER=aarch64-none
TRACE::2025-11-13.13:48:31::SCWMssOS::-elf-as" "ARCHIVER=aarch64-none-elf-ar" "COMPILER_FLAGS=  -O2 -c" "EXTRA_COMPILER_FLAGS=-g -Wall -Wextra -fno-tree-loop-distrib
TRACE::2025-11-13.13:48:31::SCWMssOS::ute-patterns"

TRACE::2025-11-13.13:48:31::SCWMssOS::"Running Make include in psu_cortexa53_0/libsrc/rtcpsu_v1_14/src"

TRACE::2025-11-13.13:48:31::SCWMssOS::make -C psu_cortexa53_0/libsrc/rtcpsu_v1_14/src -s include  "SHELL=CMD" "COMPILER=aarch64-none-elf-gcc" "ASSEMBLER=aarch64-none
TRACE::2025-11-13.13:48:31::SCWMssOS::-elf-as" "ARCHIVER=aarch64-none-elf-ar" "COMPILER_FLAGS=  -O2 -c" "EXTRA_COMPILER_FLAGS=-g -Wall -Wextra -fno-tree-loop-distrib
TRACE::2025-11-13.13:48:31::SCWMssOS::ute-patterns"

TRACE::2025-11-13.13:48:31::SCWMssOS::"Running Make include in psu_cortexa53_0/libsrc/scugic_v5_3/src"

TRACE::2025-11-13.13:48:31::SCWMssOS::make -C psu_cortexa53_0/libsrc/scugic_v5_3/src -s include  "SHELL=CMD" "COMPILER=aarch64-none-elf-gcc" "ASSEMBLER=aarch64-none-
TRACE::2025-11-13.13:48:31::SCWMssOS::elf-as" "ARCHIVER=aarch64-none-elf-ar" "COMPILER_FLAGS=  -O2 -c" "EXTRA_COMPILER_FLAGS=-g -Wall -Wextra -fno-tree-loop-distribu
TRACE::2025-11-13.13:48:31::SCWMssOS::te-patterns"

TRACE::2025-11-13.13:48:31::SCWMssOS::"Running Make include in psu_cortexa53_0/libsrc/sdps_v4_3/src"

TRACE::2025-11-13.13:48:31::SCWMssOS::make -C psu_cortexa53_0/libsrc/sdps_v4_3/src -s include  "SHELL=CMD" "COMPILER=aarch64-none-elf-gcc" "ASSEMBLER=aarch64-none-el
TRACE::2025-11-13.13:48:31::SCWMssOS::f-as" "ARCHIVER=aarch64-none-elf-ar" "COMPILER_FLAGS=  -O2 -c" "EXTRA_COMPILER_FLAGS=-g -Wall -Wextra -fno-tree-loop-distribute
TRACE::2025-11-13.13:48:31::SCWMssOS::-patterns"

TRACE::2025-11-13.13:48:31::SCWMssOS::"Running Make include in psu_cortexa53_0/libsrc/spips_v3_10/src"

TRACE::2025-11-13.13:48:31::SCWMssOS::make -C psu_cortexa53_0/libsrc/spips_v3_10/src -s include  "SHELL=CMD" "COMPILER=aarch64-none-elf-gcc" "ASSEMBLER=aarch64-none-
TRACE::2025-11-13.13:48:31::SCWMssOS::elf-as" "ARCHIVER=aarch64-none-elf-ar" "COMPILER_FLAGS=  -O2 -c" "EXTRA_COMPILER_FLAGS=-g -Wall -Wextra -fno-tree-loop-distribu
TRACE::2025-11-13.13:48:31::SCWMssOS::te-patterns"

TRACE::2025-11-13.13:48:31::SCWMssOS::"Running Make include in psu_cortexa53_0/libsrc/standalone_v9_1/src"

TRACE::2025-11-13.13:48:31::SCWMssOS::make -C psu_cortexa53_0/libsrc/standalone_v9_1/src -s include  "SHELL=CMD" "COMPILER=aarch64-none-elf-gcc" "ASSEMBLER=aarch64-n
TRACE::2025-11-13.13:48:31::SCWMssOS::one-elf-as" "ARCHIVER=aarch64-none-elf-ar" "COMPILER_FLAGS=  -O2 -c" "EXTRA_COMPILER_FLAGS=-g -Wall -Wextra -fno-tree-loop-dist
TRACE::2025-11-13.13:48:31::SCWMssOS::ribute-patterns"

TRACE::2025-11-13.13:48:31::SCWMssOS::"Running Make include in psu_cortexa53_0/libsrc/sysmonpsu_v2_10/src"

TRACE::2025-11-13.13:48:31::SCWMssOS::make -C psu_cortexa53_0/libsrc/sysmonpsu_v2_10/src -s include  "SHELL=CMD" "COMPILER=aarch64-none-elf-gcc" "ASSEMBLER=aarch64-n
TRACE::2025-11-13.13:48:31::SCWMssOS::one-elf-as" "ARCHIVER=aarch64-none-elf-ar" "COMPILER_FLAGS=  -O2 -c" "EXTRA_COMPILER_FLAGS=-g -Wall -Wextra -fno-tree-loop-dist
TRACE::2025-11-13.13:48:31::SCWMssOS::ribute-patterns"

TRACE::2025-11-13.13:48:31::SCWMssOS::"Running Make include in psu_cortexa53_0/libsrc/ttcps_v3_19/src"

TRACE::2025-11-13.13:48:31::SCWMssOS::make -C psu_cortexa53_0/libsrc/ttcps_v3_19/src -s include  "SHELL=CMD" "COMPILER=aarch64-none-elf-gcc" "ASSEMBLER=aarch64-none-
TRACE::2025-11-13.13:48:31::SCWMssOS::elf-as" "ARCHIVER=aarch64-none-elf-ar" "COMPILER_FLAGS=  -O2 -c" "EXTRA_COMPILER_FLAGS=-g -Wall -Wextra -fno-tree-loop-distribu
TRACE::2025-11-13.13:48:31::SCWMssOS::te-patterns"

TRACE::2025-11-13.13:48:31::SCWMssOS::"Running Make include in psu_cortexa53_0/libsrc/uartps_v3_14/src"

TRACE::2025-11-13.13:48:31::SCWMssOS::make -C psu_cortexa53_0/libsrc/uartps_v3_14/src -s include  "SHELL=CMD" "COMPILER=aarch64-none-elf-gcc" "ASSEMBLER=aarch64-none
TRACE::2025-11-13.13:48:31::SCWMssOS::-elf-as" "ARCHIVER=aarch64-none-elf-ar" "COMPILER_FLAGS=  -O2 -c" "EXTRA_COMPILER_FLAGS=-g -Wall -Wextra -fno-tree-loop-distrib
TRACE::2025-11-13.13:48:31::SCWMssOS::ute-patterns"

TRACE::2025-11-13.13:48:31::SCWMssOS::"Running Make include in psu_cortexa53_0/libsrc/wdtps_v3_7/src"

TRACE::2025-11-13.13:48:31::SCWMssOS::make -C psu_cortexa53_0/libsrc/wdtps_v3_7/src -s include  "SHELL=CMD" "COMPILER=aarch64-none-elf-gcc" "ASSEMBLER=aarch64-none-e
TRACE::2025-11-13.13:48:31::SCWMssOS::lf-as" "ARCHIVER=aarch64-none-elf-ar" "COMPILER_FLAGS=  -O2 -c" "EXTRA_COMPILER_FLAGS=-g -Wall -Wextra -fno-tree-loop-distribut
TRACE::2025-11-13.13:48:31::SCWMssOS::e-patterns"

TRACE::2025-11-13.13:48:31::SCWMssOS::"Running Make include in psu_cortexa53_0/libsrc/zdma_v1_18/src"

TRACE::2025-11-13.13:48:31::SCWMssOS::make -C psu_cortexa53_0/libsrc/zdma_v1_18/src -s include  "SHELL=CMD" "COMPILER=aarch64-none-elf-gcc" "ASSEMBLER=aarch64-none-e
TRACE::2025-11-13.13:48:31::SCWMssOS::lf-as" "ARCHIVER=aarch64-none-elf-ar" "COMPILER_FLAGS=  -O2 -c" "EXTRA_COMPILER_FLAGS=-g -Wall -Wextra -fno-tree-loop-distribut
TRACE::2025-11-13.13:48:31::SCWMssOS::e-patterns"

TRACE::2025-11-13.13:48:31::SCWMssOS::"Running Make libs in psu_cortexa53_0/libsrc/axidma_v9_18/src"

TRACE::2025-11-13.13:48:31::SCWMssOS::make -C psu_cortexa53_0/libsrc/axidma_v9_18/src -s libs  "SHELL=CMD" "COMPILER=aarch64-none-elf-gcc" "ASSEMBLER=aarch64-none-el
TRACE::2025-11-13.13:48:31::SCWMssOS::f-as" "ARCHIVER=aarch64-none-elf-ar" "COMPILER_FLAGS=  -O2 -c" "EXTRA_COMPILER_FLAGS=-g -Wall -Wextra -fno-tree-loop-distribute
TRACE::2025-11-13.13:48:31::SCWMssOS::-patterns"

TRACE::2025-11-13.13:48:31::SCWMssOS::"Running Make libs in psu_cortexa53_0/libsrc/axipmon_v6_11/src"

TRACE::2025-11-13.13:48:31::SCWMssOS::make -C psu_cortexa53_0/libsrc/axipmon_v6_11/src -s libs  "SHELL=CMD" "COMPILER=aarch64-none-elf-gcc" "ASSEMBLER=aarch64-none-e
TRACE::2025-11-13.13:48:31::SCWMssOS::lf-as" "ARCHIVER=aarch64-none-elf-ar" "COMPILER_FLAGS=  -O2 -c" "EXTRA_COMPILER_FLAGS=-g -Wall -Wextra -fno-tree-loop-distribut
TRACE::2025-11-13.13:48:31::SCWMssOS::e-patterns"

TRACE::2025-11-13.13:48:31::SCWMssOS::"Running Make libs in psu_cortexa53_0/libsrc/clockps_v1_6/src"

TRACE::2025-11-13.13:48:31::SCWMssOS::make -C psu_cortexa53_0/libsrc/clockps_v1_6/src -s libs  "SHELL=CMD" "COMPILER=aarch64-none-elf-gcc" "ASSEMBLER=aarch64-none-el
TRACE::2025-11-13.13:48:31::SCWMssOS::f-as" "ARCHIVER=aarch64-none-elf-ar" "COMPILER_FLAGS=  -O2 -c" "EXTRA_COMPILER_FLAGS=-g -Wall -Wextra -fno-tree-loop-distribute
TRACE::2025-11-13.13:48:31::SCWMssOS::-patterns"

TRACE::2025-11-13.13:48:31::SCWMssOS::"Running Make libs in psu_cortexa53_0/libsrc/coresightps_dcc_v1_10/src"

TRACE::2025-11-13.13:48:31::SCWMssOS::make -C psu_cortexa53_0/libsrc/coresightps_dcc_v1_10/src -s libs  "SHELL=CMD" "COMPILER=aarch64-none-elf-gcc" "ASSEMBLER=aarch6
TRACE::2025-11-13.13:48:31::SCWMssOS::4-none-elf-as" "ARCHIVER=aarch64-none-elf-ar" "COMPILER_FLAGS=  -O2 -c" "EXTRA_COMPILER_FLAGS=-g -Wall -Wextra -fno-tree-loop-d
TRACE::2025-11-13.13:48:31::SCWMssOS::istribute-patterns"

TRACE::2025-11-13.13:48:31::SCWMssOS::"Running Make libs in psu_cortexa53_0/libsrc/cpu_cortexa53_v2_1/src"

TRACE::2025-11-13.13:48:31::SCWMssOS::make -C psu_cortexa53_0/libsrc/cpu_cortexa53_v2_1/src -s libs  "SHELL=CMD" "COMPILER=aarch64-none-elf-gcc" "ASSEMBLER=aarch64-n
TRACE::2025-11-13.13:48:31::SCWMssOS::one-elf-as" "ARCHIVER=aarch64-none-elf-ar" "COMPILER_FLAGS=  -O2 -c" "EXTRA_COMPILER_FLAGS=-g -Wall -Wextra -fno-tree-loop-dist
TRACE::2025-11-13.13:48:31::SCWMssOS::ribute-patterns"

TRACE::2025-11-13.13:48:31::SCWMssOS::"Running Make libs in psu_cortexa53_0/libsrc/csudma_v1_15/src"

TRACE::2025-11-13.13:48:31::SCWMssOS::make -C psu_cortexa53_0/libsrc/csudma_v1_15/src -s libs  "SHELL=CMD" "COMPILER=aarch64-none-elf-gcc" "ASSEMBLER=aarch64-none-el
TRACE::2025-11-13.13:48:31::SCWMssOS::f-as" "ARCHIVER=aarch64-none-elf-ar" "COMPILER_FLAGS=  -O2 -c" "EXTRA_COMPILER_FLAGS=-g -Wall -Wextra -fno-tree-loop-distribute
TRACE::2025-11-13.13:48:31::SCWMssOS::-patterns"

TRACE::2025-11-13.13:48:31::SCWMssOS::"Running Make libs in psu_cortexa53_0/libsrc/ddrcpsu_v1_6/src"

TRACE::2025-11-13.13:48:31::SCWMssOS::make -C psu_cortexa53_0/libsrc/ddrcpsu_v1_6/src -s libs  "SHELL=CMD" "COMPILER=aarch64-none-elf-gcc" "ASSEMBLER=aarch64-none-el
TRACE::2025-11-13.13:48:31::SCWMssOS::f-as" "ARCHIVER=aarch64-none-elf-ar" "COMPILER_FLAGS=  -O2 -c" "EXTRA_COMPILER_FLAGS=-g -Wall -Wextra -fno-tree-loop-distribute
TRACE::2025-11-13.13:48:31::SCWMssOS::-patterns"

TRACE::2025-11-13.13:48:31::SCWMssOS::"Running Make libs in psu_cortexa53_0/libsrc/gpiops_v3_13/src"

TRACE::2025-11-13.13:48:31::SCWMssOS::make -C psu_cortexa53_0/libsrc/gpiops_v3_13/src -s libs  "SHELL=CMD" "COMPILER=aarch64-none-elf-gcc" "ASSEMBLER=aarch64-none-el
TRACE::2025-11-13.13:48:31::SCWMssOS::f-as" "ARCHIVER=aarch64-none-elf-ar" "COMPILER_FLAGS=  -O2 -c" "EXTRA_COMPILER_FLAGS=-g -Wall -Wextra -fno-tree-loop-distribute
TRACE::2025-11-13.13:48:31::SCWMssOS::-patterns"

TRACE::2025-11-13.13:48:32::SCWMssOS::"Running Make libs in psu_cortexa53_0/libsrc/gpio_v4_11/src"

TRACE::2025-11-13.13:48:32::SCWMssOS::"Running Make libs in psu_cortexa53_0/libsrc/iicps_v3_19/src"

TRACE::2025-11-13.13:48:32::SCWMssOS::make -C psu_cortexa53_0/libsrc/gpio_v4_11/src -s libs  "SHELL=CMD" "COMPILER=aarch64-none-elf-gcc" "ASSEMBLER=aarch64-none-elf-
TRACE::2025-11-13.13:48:32::SCWMssOS::as" "ARCHIVER=aarch64-none-elf-ar" "COMPILER_FLAGS=  -O2 -c" "EXTRA_COMPILER_FLAGS=-g -Wall -Wextra -fno-tree-loop-distribute-p
TRACE::2025-11-13.13:48:32::SCWMssOS::atterns"

TRACE::2025-11-13.13:48:32::SCWMssOS::make -C psu_cortexa53_0/libsrc/iicps_v3_19/src -s libs  "SHELL=CMD" "COMPILER=aarch64-none-elf-gcc" "ASSEMBLER=aarch64-none-elf
TRACE::2025-11-13.13:48:32::SCWMssOS::-as" "ARCHIVER=aarch64-none-elf-ar" "COMPILER_FLAGS=  -O2 -c" "EXTRA_COMPILER_FLAGS=-g -Wall -Wextra -fno-tree-loop-distribute-
TRACE::2025-11-13.13:48:32::SCWMssOS::patterns"

TRACE::2025-11-13.13:48:32::SCWMssOS::"Running Make libs in psu_cortexa53_0/libsrc/ipipsu_v2_15/src"

TRACE::2025-11-13.13:48:32::SCWMssOS::make -C psu_cortexa53_0/libsrc/ipipsu_v2_15/src -s libs  "SHELL=CMD" "COMPILER=aarch64-none-elf-gcc" "ASSEMBLER=aarch64-none-el
TRACE::2025-11-13.13:48:32::SCWMssOS::f-as" "ARCHIVER=aarch64-none-elf-ar" "COMPILER_FLAGS=  -O2 -c" "EXTRA_COMPILER_FLAGS=-g -Wall -Wextra -fno-tree-loop-distribute
TRACE::2025-11-13.13:48:32::SCWMssOS::-patterns"

TRACE::2025-11-13.13:48:32::SCWMssOS::"Running Make libs in psu_cortexa53_0/libsrc/qspipsu_v1_19/src"

TRACE::2025-11-13.13:48:32::SCWMssOS::make -C psu_cortexa53_0/libsrc/qspipsu_v1_19/src -s libs  "SHELL=CMD" "COMPILER=aarch64-none-elf-gcc" "ASSEMBLER=aarch64-none-e
TRACE::2025-11-13.13:48:32::SCWMssOS::lf-as" "ARCHIVER=aarch64-none-elf-ar" "COMPILER_FLAGS=  -O2 -c" "EXTRA_COMPILER_FLAGS=-g -Wall -Wextra -fno-tree-loop-distribut
TRACE::2025-11-13.13:48:32::SCWMssOS::e-patterns"

TRACE::2025-11-13.13:48:32::SCWMssOS::"Running Make libs in psu_cortexa53_0/libsrc/resetps_v1_7/src"

TRACE::2025-11-13.13:48:32::SCWMssOS::make -C psu_cortexa53_0/libsrc/resetps_v1_7/src -s libs  "SHELL=CMD" "COMPILER=aarch64-none-elf-gcc" "ASSEMBLER=aarch64-none-el
TRACE::2025-11-13.13:48:32::SCWMssOS::f-as" "ARCHIVER=aarch64-none-elf-ar" "COMPILER_FLAGS=  -O2 -c" "EXTRA_COMPILER_FLAGS=-g -Wall -Wextra -fno-tree-loop-distribute
TRACE::2025-11-13.13:48:32::SCWMssOS::-patterns"

TRACE::2025-11-13.13:48:32::SCWMssOS::"Running Make libs in psu_cortexa53_0/libsrc/rtcpsu_v1_14/src"

TRACE::2025-11-13.13:48:32::SCWMssOS::make -C psu_cortexa53_0/libsrc/rtcpsu_v1_14/src -s libs  "SHELL=CMD" "COMPILER=aarch64-none-elf-gcc" "ASSEMBLER=aarch64-none-el
TRACE::2025-11-13.13:48:32::SCWMssOS::f-as" "ARCHIVER=aarch64-none-elf-ar" "COMPILER_FLAGS=  -O2 -c" "EXTRA_COMPILER_FLAGS=-g -Wall -Wextra -fno-tree-loop-distribute
TRACE::2025-11-13.13:48:32::SCWMssOS::-patterns"

TRACE::2025-11-13.13:48:32::SCWMssOS::"Running Make libs in psu_cortexa53_0/libsrc/scugic_v5_3/src"

TRACE::2025-11-13.13:48:32::SCWMssOS::make -C psu_cortexa53_0/libsrc/scugic_v5_3/src -s libs  "SHELL=CMD" "COMPILER=aarch64-none-elf-gcc" "ASSEMBLER=aarch64-none-elf
TRACE::2025-11-13.13:48:32::SCWMssOS::-as" "ARCHIVER=aarch64-none-elf-ar" "COMPILER_FLAGS=  -O2 -c" "EXTRA_COMPILER_FLAGS=-g -Wall -Wextra -fno-tree-loop-distribute-
TRACE::2025-11-13.13:48:32::SCWMssOS::patterns"

TRACE::2025-11-13.13:48:32::SCWMssOS::"Running Make libs in psu_cortexa53_0/libsrc/sdps_v4_3/src"

TRACE::2025-11-13.13:48:32::SCWMssOS::make -C psu_cortexa53_0/libsrc/sdps_v4_3/src -s libs  "SHELL=CMD" "COMPILER=aarch64-none-elf-gcc" "ASSEMBLER=aarch64-none-elf-a
TRACE::2025-11-13.13:48:32::SCWMssOS::s" "ARCHIVER=aarch64-none-elf-ar" "COMPILER_FLAGS=  -O2 -c" "EXTRA_COMPILER_FLAGS=-g -Wall -Wextra -fno-tree-loop-distribute-pa
TRACE::2025-11-13.13:48:32::SCWMssOS::tterns"

TRACE::2025-11-13.13:48:32::SCWMssOS::"Running Make libs in psu_cortexa53_0/libsrc/spips_v3_10/src"

TRACE::2025-11-13.13:48:32::SCWMssOS::make -C psu_cortexa53_0/libsrc/spips_v3_10/src -s libs  "SHELL=CMD" "COMPILER=aarch64-none-elf-gcc" "ASSEMBLER=aarch64-none-elf
TRACE::2025-11-13.13:48:32::SCWMssOS::-as" "ARCHIVER=aarch64-none-elf-ar" "COMPILER_FLAGS=  -O2 -c" "EXTRA_COMPILER_FLAGS=-g -Wall -Wextra -fno-tree-loop-distribute-
TRACE::2025-11-13.13:48:32::SCWMssOS::patterns"

TRACE::2025-11-13.13:48:33::SCWMssOS::"Running Make libs in psu_cortexa53_0/libsrc/standalone_v9_1/src"

TRACE::2025-11-13.13:48:33::SCWMssOS::make -C psu_cortexa53_0/libsrc/standalone_v9_1/src -s libs  "SHELL=CMD" "COMPILER=aarch64-none-elf-gcc" "ASSEMBLER=aarch64-none
TRACE::2025-11-13.13:48:33::SCWMssOS::-elf-as" "ARCHIVER=aarch64-none-elf-ar" "COMPILER_FLAGS=  -O2 -c" "EXTRA_COMPILER_FLAGS=-g -Wall -Wextra -fno-tree-loop-distrib
TRACE::2025-11-13.13:48:33::SCWMssOS::ute-patterns"

TRACE::2025-11-13.13:48:33::SCWMssOS::"Running Make libs in psu_cortexa53_0/libsrc/sysmonpsu_v2_10/src"

TRACE::2025-11-13.13:48:33::SCWMssOS::make -C psu_cortexa53_0/libsrc/sysmonpsu_v2_10/src -s libs  "SHELL=CMD" "COMPILER=aarch64-none-elf-gcc" "ASSEMBLER=aarch64-none
TRACE::2025-11-13.13:48:33::SCWMssOS::-elf-as" "ARCHIVER=aarch64-none-elf-ar" "COMPILER_FLAGS=  -O2 -c" "EXTRA_COMPILER_FLAGS=-g -Wall -Wextra -fno-tree-loop-distrib
TRACE::2025-11-13.13:48:33::SCWMssOS::ute-patterns"

TRACE::2025-11-13.13:48:33::SCWMssOS::"Running Make libs in psu_cortexa53_0/libsrc/ttcps_v3_19/src"

TRACE::2025-11-13.13:48:33::SCWMssOS::make -C psu_cortexa53_0/libsrc/ttcps_v3_19/src -s libs  "SHELL=CMD" "COMPILER=aarch64-none-elf-gcc" "ASSEMBLER=aarch64-none-elf
TRACE::2025-11-13.13:48:33::SCWMssOS::-as" "ARCHIVER=aarch64-none-elf-ar" "COMPILER_FLAGS=  -O2 -c" "EXTRA_COMPILER_FLAGS=-g -Wall -Wextra -fno-tree-loop-distribute-
TRACE::2025-11-13.13:48:33::SCWMssOS::patterns"

TRACE::2025-11-13.13:48:33::SCWMssOS::"Running Make libs in psu_cortexa53_0/libsrc/uartps_v3_14/src"

TRACE::2025-11-13.13:48:33::SCWMssOS::make -C psu_cortexa53_0/libsrc/uartps_v3_14/src -s libs  "SHELL=CMD" "COMPILER=aarch64-none-elf-gcc" "ASSEMBLER=aarch64-none-el
TRACE::2025-11-13.13:48:33::SCWMssOS::f-as" "ARCHIVER=aarch64-none-elf-ar" "COMPILER_FLAGS=  -O2 -c" "EXTRA_COMPILER_FLAGS=-g -Wall -Wextra -fno-tree-loop-distribute
TRACE::2025-11-13.13:48:33::SCWMssOS::-patterns"

TRACE::2025-11-13.13:48:33::SCWMssOS::"Running Make libs in psu_cortexa53_0/libsrc/wdtps_v3_7/src"

TRACE::2025-11-13.13:48:33::SCWMssOS::make -C psu_cortexa53_0/libsrc/wdtps_v3_7/src -s libs  "SHELL=CMD" "COMPILER=aarch64-none-elf-gcc" "ASSEMBLER=aarch64-none-elf-
TRACE::2025-11-13.13:48:33::SCWMssOS::as" "ARCHIVER=aarch64-none-elf-ar" "COMPILER_FLAGS=  -O2 -c" "EXTRA_COMPILER_FLAGS=-g -Wall -Wextra -fno-tree-loop-distribute-p
TRACE::2025-11-13.13:48:33::SCWMssOS::atterns"

TRACE::2025-11-13.13:48:33::SCWMssOS::"Running Make libs in psu_cortexa53_0/libsrc/zdma_v1_18/src"

TRACE::2025-11-13.13:48:33::SCWMssOS::make -C psu_cortexa53_0/libsrc/zdma_v1_18/src -s libs  "SHELL=CMD" "COMPILER=aarch64-none-elf-gcc" "ASSEMBLER=aarch64-none-elf-
TRACE::2025-11-13.13:48:33::SCWMssOS::as" "ARCHIVER=aarch64-none-elf-ar" "COMPILER_FLAGS=  -O2 -c" "EXTRA_COMPILER_FLAGS=-g -Wall -Wextra -fno-tree-loop-distribute-p
TRACE::2025-11-13.13:48:33::SCWMssOS::atterns"

TRACE::2025-11-13.13:48:34::SCWMssOS::'Finished building libraries parallelly.'

TRACE::2025-11-13.13:48:34::SCWMssOS::make --no-print-directory archive

TRACE::2025-11-13.13:48:34::SCWMssOS::aarch64-none-elf-ar -r  psu_cortexa53_0/lib/libxil.a psu_cortexa53_0/lib/_exit.o psu_cortexa53_0/lib/_open.o psu_cortexa53_0/li
TRACE::2025-11-13.13:48:34::SCWMssOS::b/_sbrk.o psu_cortexa53_0/lib/abort.o psu_cortexa53_0/lib/asm_vectors.o psu_cortexa53_0/lib/boot.o psu_cortexa53_0/lib/close.o 
TRACE::2025-11-13.13:48:34::SCWMssOS::psu_cortexa53_0/lib/cpputest_time.o psu_cortexa53_0/lib/errno.o psu_cortexa53_0/lib/fcntl.o psu_cortexa53_0/lib/fstat.o psu_cor
TRACE::2025-11-13.13:48:34::SCWMssOS::texa53_0/lib/getentropy.o psu_cortexa53_0/lib/getpid.o psu_cortexa53_0/lib/inbyte.o psu_cortexa53_0/lib/initialise_monitor_hand
TRACE::2025-11-13.13:48:34::SCWMssOS::les.o psu_cortexa53_0/lib/isatty.o psu_cortexa53_0/lib/kill.o psu_cortexa53_0/lib/lseek.o psu_cortexa53_0/lib/open.o psu_cortex
TRACE::2025-11-13.13:48:34::SCWMssOS::a53_0/lib/outbyte.o psu_cortexa53_0/lib/print.o psu_cortexa53_0/lib/putnum.o psu_cortexa53_0/lib/read.o psu_cortexa53_0/lib/sbr
TRACE::2025-11-13.13:48:34::SCWMssOS::k.o psu_cortexa53_0/lib/sleep.o psu_cortexa53_0/lib/time.o psu_cortexa53_0/lib/translation_table.o psu_cortexa53_0/lib/unlink.o
TRACE::2025-11-13.13:48:34::SCWMssOS:: psu_cortexa53_0/lib/vectors.o psu_cortexa53_0/lib/write.o psu_cortexa53_0/lib/xaxidma.o psu_cortexa53_0/lib/xaxidma_bd.o psu_c
TRACE::2025-11-13.13:48:34::SCWMssOS::ortexa53_0/lib/xaxidma_bdring.o psu_cortexa53_0/lib/xaxidma_g.o psu_cortexa53_0/lib/xaxidma_selftest.o psu_cortexa53_0/lib/xaxi
TRACE::2025-11-13.13:48:34::SCWMssOS::dma_sinit.o psu_cortexa53_0/lib/xaxipmon.o psu_cortexa53_0/lib/xaxipmon_g.o psu_cortexa53_0/lib/xaxipmon_selftest.o psu_cortexa
TRACE::2025-11-13.13:48:34::SCWMssOS::53_0/lib/xaxipmon_sinit.o psu_cortexa53_0/lib/xclockps.o psu_cortexa53_0/lib/xclockps_divider.o psu_cortexa53_0/lib/xclockps_fi
TRACE::2025-11-13.13:48:34::SCWMssOS::xedfactor.o psu_cortexa53_0/lib/xclockps_g.o psu_cortexa53_0/lib/xclockps_gate.o psu_cortexa53_0/lib/xclockps_mux.o psu_cortexa
TRACE::2025-11-13.13:48:34::SCWMssOS::53_0/lib/xclockps_pll.o psu_cortexa53_0/lib/xclockps_sinit.o psu_cortexa53_0/lib/xcoresightpsdcc.o psu_cortexa53_0/lib/xcsudma.
TRACE::2025-11-13.13:48:34::SCWMssOS::o psu_cortexa53_0/lib/xcsudma_g.o psu_cortexa53_0/lib/xcsudma_intr.o psu_cortexa53_0/lib/xcsudma_selftest.o psu_cortexa53_0/lib
TRACE::2025-11-13.13:48:34::SCWMssOS::/xcsudma_sinit.o psu_cortexa53_0/lib/xddrcpsu.o psu_cortexa53_0/lib/xddrcpsu_sinit.o psu_cortexa53_0/lib/xgpio.o psu_cortexa53_
TRACE::2025-11-13.13:48:34::SCWMssOS::0/lib/xgpio_extra.o psu_cortexa53_0/lib/xgpio_g.o psu_cortexa53_0/lib/xgpio_intr.o psu_cortexa53_0/lib/xgpio_selftest.o psu_cor
TRACE::2025-11-13.13:48:34::SCWMssOS::texa53_0/lib/xgpio_sinit.o psu_cortexa53_0/lib/xgpiops.o psu_cortexa53_0/lib/xgpiops_g.o psu_cortexa53_0/lib/xgpiops_hw.o psu_c
TRACE::2025-11-13.13:48:34::SCWMssOS::ortexa53_0/lib/xgpiops_intr.o psu_cortexa53_0/lib/xgpiops_selftest.o psu_cortexa53_0/lib/xgpiops_sinit.o psu_cortexa53_0/lib/xi
TRACE::2025-11-13.13:48:34::SCWMssOS::icps.o psu_cortexa53_0/lib/xiicps_g.o psu_cortexa53_0/lib/xiicps_hw.o psu_cortexa53_0/lib/xiicps_intr.o psu_cortexa53_0/lib/xii
TRACE::2025-11-13.13:48:34::SCWMssOS::cps_master.o psu_cortexa53_0/lib/xiicps_options.o psu_cortexa53_0/lib/xiicps_selftest.o psu_cortexa53_0/lib/xiicps_sinit.o psu_
TRACE::2025-11-13.13:48:34::SCWMssOS::cortexa53_0/lib/xiicps_slave.o psu_cortexa53_0/lib/xiicps_xfer.o psu_cortexa53_0/lib/xil-crt0.o psu_cortexa53_0/lib/xil_assert.
TRACE::2025-11-13.13:48:34::SCWMssOS::o psu_cortexa53_0/lib/xil_cache.o psu_cortexa53_0/lib/xil_clocking.o psu_cortexa53_0/lib/xil_exception.o psu_cortexa53_0/lib/xi
TRACE::2025-11-13.13:48:34::SCWMssOS::l_mem.o psu_cortexa53_0/lib/xil_mmu.o psu_cortexa53_0/lib/xil_printf.o psu_cortexa53_0/lib/xil_sleepcommon.o psu_cortexa53_0/li
TRACE::2025-11-13.13:48:34::SCWMssOS::b/xil_sleeptimer.o psu_cortexa53_0/lib/xil_smc.o psu_cortexa53_0/lib/xil_spinlock.o psu_cortexa53_0/lib/xil_testcache.o psu_cor
TRACE::2025-11-13.13:48:34::SCWMssOS::texa53_0/lib/xil_testio.o psu_cortexa53_0/lib/xil_testmem.o psu_cortexa53_0/lib/xil_util.o psu_cortexa53_0/lib/xinterrupt_wrap.
TRACE::2025-11-13.13:48:34::SCWMssOS::o psu_cortexa53_0/lib/xipipsu.o psu_cortexa53_0/lib/xipipsu_buf.o psu_cortexa53_0/lib/xipipsu_g.o psu_cortexa53_0/lib/xipipsu_h
TRACE::2025-11-13.13:48:34::SCWMssOS::elper.o psu_cortexa53_0/lib/xipipsu_sinit.o psu_cortexa53_0/lib/xplatform_info.o psu_cortexa53_0/lib/xpm_counter.o psu_cortexa5
TRACE::2025-11-13.13:48:34::SCWMssOS::3_0/lib/xpm_init.o psu_cortexa53_0/lib/xqspipsu.o psu_cortexa53_0/lib/xqspipsu_control.o psu_cortexa53_0/lib/xqspipsu_g.o psu_c
TRACE::2025-11-13.13:48:34::SCWMssOS::ortexa53_0/lib/xqspipsu_hw.o psu_cortexa53_0/lib/xqspipsu_options.o psu_cortexa53_0/lib/xqspipsu_sinit.o psu_cortexa53_0/lib/xq
TRACE::2025-11-13.13:48:34::SCWMssOS::spipsu_xfer.o psu_cortexa53_0/lib/xresetps.o psu_cortexa53_0/lib/xresetps_g.o psu_cortexa53_0/lib/xresetps_sinit.o psu_cortexa5
TRACE::2025-11-13.13:48:34::SCWMssOS::3_0/lib/xrtcpsu.o psu_cortexa53_0/lib/xrtcpsu_g.o psu_cortexa53_0/lib/xrtcpsu_intr.o psu_cortexa53_0/lib/xrtcpsu_selftest.o psu
TRACE::2025-11-13.13:48:34::SCWMssOS::_cortexa53_0/lib/xrtcpsu_sinit.o psu_cortexa53_0/lib/xscugic.o psu_cortexa53_0/lib/xscugic_g.o psu_cortexa53_0/lib/xscugic_hw.o
TRACE::2025-11-13.13:48:34::SCWMssOS:: psu_cortexa53_0/lib/xscugic_intr.o psu_cortexa53_0/lib/xscugic_selftest.o psu_cortexa53_0/lib/xscugic_sinit.o psu_cortexa53_0/
TRACE::2025-11-13.13:48:34::SCWMssOS::lib/xsdps.o psu_cortexa53_0/lib/xsdps_card.o psu_cortexa53_0/lib/xsdps_g.o psu_cortexa53_0/lib/xsdps_host.o psu_cortexa53_0/lib
TRACE::2025-11-13.13:48:34::SCWMssOS::/xsdps_options.o psu_cortexa53_0/lib/xsdps_sinit.o psu_cortexa53_0/lib/xspips.o psu_cortexa53_0/lib/xspips_g.o psu_cortexa53_0/
TRACE::2025-11-13.13:48:34::SCWMssOS::lib/xspips_hw.o psu_cortexa53_0/lib/xspips_options.o psu_cortexa53_0/lib/xspips_selftest.o psu_cortexa53_0/lib/xspips_sinit.o p
TRACE::2025-11-13.13:48:34::SCWMssOS::su_cortexa53_0/lib/xsysmonpsu.o psu_cortexa53_0/lib/xsysmonpsu_g.o psu_cortexa53_0/lib/xsysmonpsu_intr.o psu_cortexa53_0/lib/xs
TRACE::2025-11-13.13:48:34::SCWMssOS::ysmonpsu_selftest.o psu_cortexa53_0/lib/xsysmonpsu_sinit.o psu_cortexa53_0/lib/xtime_l.o psu_cortexa53_0/lib/xttcps.o psu_corte
TRACE::2025-11-13.13:48:34::SCWMssOS::xa53_0/lib/xttcps_g.o psu_cortexa53_0/lib/xttcps_options.o psu_cortexa53_0/lib/xttcps_selftest.o psu_cortexa53_0/lib/xttcps_sin
TRACE::2025-11-13.13:48:34::SCWMssOS::it.o psu_cortexa53_0/lib/xuartps.o psu_cortexa53_0/lib/xuartps_g.o psu_cortexa53_0/lib/xuartps_hw.o psu_cortexa53_0/lib/xuartps
TRACE::2025-11-13.13:48:34::SCWMssOS::_intr.o psu_cortexa53_0/lib/xuartps_options.o psu_cortexa53_0/lib/xuartps_selftest.o psu_cortexa53_0/lib/xuartps_sinit.o psu_co
TRACE::2025-11-13.13:48:34::SCWMssOS::rtexa53_0/lib/xwdtps.o psu_cortexa53_0/lib/xwdtps_g.o psu_cortexa53_0/lib/xwdtps_selftest.o psu_cortexa53_0/lib/xwdtps_sinit.o 
TRACE::2025-11-13.13:48:34::SCWMssOS::psu_cortexa53_0/lib/xzdma.o psu_cortexa53_0/lib/xzdma_g.o psu_cortexa53_0/lib/xzdma_intr.o psu_cortexa53_0/lib/xzdma_selftest.o
TRACE::2025-11-13.13:48:34::SCWMssOS:: psu_cortexa53_0/lib/xzdma_sinit.o

TRACE::2025-11-13.13:48:34::SCWMssOS::'Finished building libraries'

TRACE::2025-11-13.13:48:34::SCWMssOS::Copying to export directory.
TRACE::2025-11-13.13:48:35::SCWMssOS:: Checking if to create the Supporting Applications
TRACE::2025-11-13.13:48:35::SCWMssOS:: No Linux domain exists, trying to generate FSBL 
LOG::2025-11-13.13:48:35::SCWSystem::Completed Processing the domain standalone_domain
LOG::2025-11-13.13:48:35::SCWSystem::Completed Processing the sysconfig project_plat
LOG::2025-11-13.13:48:35::SCWPlatform::Completed generating the artifacts for system configuration project_plat
TRACE::2025-11-13.13:48:35::SCWPlatform::Started preparing the platform 
TRACE::2025-11-13.13:48:35::SCWSystem::Writing the bif file for system config project_plat
TRACE::2025-11-13.13:48:35::SCWSystem::dir created 
TRACE::2025-11-13.13:48:35::SCWSystem::Writing the bif 
TRACE::2025-11-13.13:48:35::SCWPlatform::Started writing the spfm file 
TRACE::2025-11-13.13:48:35::SCWPlatform::Started writing the xpfm file 
TRACE::2025-11-13.13:48:35::SCWPlatform::Completed generating the platform
TRACE::2025-11-13.13:48:35::SCWMssOS::Saving the mss changes C:/unswworks/workspace/project_plat/zynqmp_fsbl/zynqmp_fsbl_bsp/system.mss
TRACE::2025-11-13.13:48:35::SCWMssOS::Found a swdesign opened with the mssfile.
TRACE::2025-11-13.13:48:35::SCWMssOS::Completed writemss as part of save.
TRACE::2025-11-13.13:48:35::SCWMssOS::Commit changes completed.
TRACE::2025-11-13.13:48:35::SCWMssOS::Saving the mss changes C:/unswworks/workspace/project_plat/zynqmp_pmufw/zynqmp_pmufw_bsp/system.mss
TRACE::2025-11-13.13:48:35::SCWMssOS::Found a swdesign opened with the mssfile.
TRACE::2025-11-13.13:48:35::SCWMssOS::Completed writemss as part of save.
TRACE::2025-11-13.13:48:35::SCWMssOS::Commit changes completed.
TRACE::2025-11-13.13:48:35::SCWMssOS::Saving the mss changes C:/unswworks/workspace/project_plat/psu_cortexa53_0/standalone_domain/bsp/system.mss
TRACE::2025-11-13.13:48:35::SCWMssOS::Found a swdesign opened with the mssfile.
TRACE::2025-11-13.13:48:35::SCWMssOS::Completed writemss as part of save.
TRACE::2025-11-13.13:48:35::SCWMssOS::Commit changes completed.
TRACE::2025-11-13.13:48:35::SCWPlatform::Trying to open the hw design at C:/unswworks/workspace/project_plat/hw/v2.0.xsa
TRACE::2025-11-13.13:48:35::SCWPlatform::DSA given C:/unswworks/workspace/project_plat/hw/v2.0.xsa
TRACE::2025-11-13.13:48:35::SCWPlatform::DSA absoulate path C:/unswworks/workspace/project_plat/hw/v2.0.xsa
TRACE::2025-11-13.13:48:35::SCWPlatform::DSA directory C:/unswworks/workspace/project_plat/hw
TRACE::2025-11-13.13:48:35::SCWPlatform:: Platform Path C:/unswworks/workspace/project_plat/hw/v2.0.xsa
TRACE::2025-11-13.13:48:35::SCWPlatform:: Unique name xilinx:kv260_som::0.0
TRACE::2025-11-13.13:48:35::SCWPlatform::Trying to set the existing hwdb with name design_1_wrapper_1
TRACE::2025-11-13.13:48:35::SCWPlatform::Opened existing hwdb design_1_wrapper_1
TRACE::2025-11-13.13:48:35::SCWPlatform::Found the Hw Db part of the input DSA
TRACE::2025-11-13.13:48:35::SCWMssOS::Checking the sw design at  C:/unswworks/workspace/project_plat/zynqmp_fsbl/zynqmp_fsbl_bsp/system.mss
TRACE::2025-11-13.13:48:35::SCWMssOS::DEBUG:  swdes dump  C:/unswworks/workspace/147/zynqmp_fsbl/zynqmp_fsbl_bsp/system.mss|system_2||
C:/unswworks/workspace/147/zynqmp_pmufw/zynqmp_pmufw_bsp/system.mss|system_3||
C:/unswworks/workspace/project_plat/psu_cortexa53_0/standalone_domain/bsp/system.mss|system_1||
C:/unswworks/workspace/project_plat/zynqmp_fsbl/zynqmp_fsbl_bsp/system.mss|system||
C:/unswworks/workspace/project_plat/zynqmp_pmufw/zynqmp_pmufw_bsp/system.mss|system_0||

TRACE::2025-11-13.13:48:35::SCWMssOS::Sw design exists and opened at  C:/unswworks/workspace/project_plat/zynqmp_fsbl/zynqmp_fsbl_bsp/system.mss
TRACE::2025-11-13.13:48:35::SCWPlatform::Trying to open the hw design at C:/unswworks/workspace/project_plat/hw/v2.0.xsa
TRACE::2025-11-13.13:48:35::SCWPlatform::DSA given C:/unswworks/workspace/project_plat/hw/v2.0.xsa
TRACE::2025-11-13.13:48:35::SCWPlatform::DSA absoulate path C:/unswworks/workspace/project_plat/hw/v2.0.xsa
TRACE::2025-11-13.13:48:35::SCWPlatform::DSA directory C:/unswworks/workspace/project_plat/hw
TRACE::2025-11-13.13:48:35::SCWPlatform:: Platform Path C:/unswworks/workspace/project_plat/hw/v2.0.xsa
TRACE::2025-11-13.13:48:35::SCWPlatform:: Unique name xilinx:kv260_som::0.0
TRACE::2025-11-13.13:48:35::SCWPlatform::Trying to set the existing hwdb with name design_1_wrapper_1
TRACE::2025-11-13.13:48:35::SCWPlatform::Opened existing hwdb design_1_wrapper_1
TRACE::2025-11-13.13:48:35::SCWPlatform::Found the Hw Db part of the input DSA
TRACE::2025-11-13.13:48:35::SCWMssOS::Checking the sw design at  C:/unswworks/workspace/project_plat/zynqmp_pmufw/zynqmp_pmufw_bsp/system.mss
TRACE::2025-11-13.13:48:35::SCWMssOS::DEBUG:  swdes dump  C:/unswworks/workspace/147/zynqmp_fsbl/zynqmp_fsbl_bsp/system.mss|system_2||
C:/unswworks/workspace/147/zynqmp_pmufw/zynqmp_pmufw_bsp/system.mss|system_3||
C:/unswworks/workspace/project_plat/psu_cortexa53_0/standalone_domain/bsp/system.mss|system_1||
C:/unswworks/workspace/project_plat/zynqmp_fsbl/zynqmp_fsbl_bsp/system.mss|system||
C:/unswworks/workspace/project_plat/zynqmp_pmufw/zynqmp_pmufw_bsp/system.mss|system_0||

TRACE::2025-11-13.13:48:35::SCWMssOS::Sw design exists and opened at  C:/unswworks/workspace/project_plat/zynqmp_pmufw/zynqmp_pmufw_bsp/system.mss
TRACE::2025-11-13.13:48:35::SCWPlatform::Trying to open the hw design at C:/unswworks/workspace/project_plat/hw/v2.0.xsa
TRACE::2025-11-13.13:48:35::SCWPlatform::DSA given C:/unswworks/workspace/project_plat/hw/v2.0.xsa
TRACE::2025-11-13.13:48:35::SCWPlatform::DSA absoulate path C:/unswworks/workspace/project_plat/hw/v2.0.xsa
TRACE::2025-11-13.13:48:35::SCWPlatform::DSA directory C:/unswworks/workspace/project_plat/hw
TRACE::2025-11-13.13:48:35::SCWPlatform:: Platform Path C:/unswworks/workspace/project_plat/hw/v2.0.xsa
TRACE::2025-11-13.13:48:35::SCWPlatform:: Unique name xilinx:kv260_som::0.0
TRACE::2025-11-13.13:48:35::SCWPlatform::Trying to set the existing hwdb with name design_1_wrapper_1
TRACE::2025-11-13.13:48:35::SCWPlatform::Opened existing hwdb design_1_wrapper_1
TRACE::2025-11-13.13:48:35::SCWPlatform::Found the Hw Db part of the input DSA
TRACE::2025-11-13.13:48:35::SCWMssOS::Checking the sw design at  C:/unswworks/workspace/project_plat/psu_cortexa53_0/standalone_domain/bsp/system.mss
TRACE::2025-11-13.13:48:35::SCWMssOS::DEBUG:  swdes dump  C:/unswworks/workspace/147/zynqmp_fsbl/zynqmp_fsbl_bsp/system.mss|system_2||
C:/unswworks/workspace/147/zynqmp_pmufw/zynqmp_pmufw_bsp/system.mss|system_3||
C:/unswworks/workspace/project_plat/psu_cortexa53_0/standalone_domain/bsp/system.mss|system_1||
C:/unswworks/workspace/project_plat/zynqmp_fsbl/zynqmp_fsbl_bsp/system.mss|system||
C:/unswworks/workspace/project_plat/zynqmp_pmufw/zynqmp_pmufw_bsp/system.mss|system_0||

TRACE::2025-11-13.13:48:35::SCWMssOS::Sw design exists and opened at  C:/unswworks/workspace/project_plat/psu_cortexa53_0/standalone_domain/bsp/system.mss
TRACE::2025-11-13.13:48:35::SCWWriter::formatted JSON is {
	"platformName":	"project_plat",
	"sprVersion":	"2.0",
	"mode":	"gui",
	"dsaType":	"Fixed",
	"platformDesc":	"project_plat",
	"platHandOff":	"C:/unswworks/COMP3601/COMP3601_Project_Audio_tuner/v2.0.xsa",
	"platIntHandOff":	"<platformDir>/hw/v2.0.xsa",
	"deviceType":	"zynqMP",
	"platIsPrebuiltAutogen":	"false",
	"platIsNoBootBsp":	"false",
	"platFsblTarget":	"psu_cortexa53_0",
	"hasFsblMakeHasChanges":	"false",
	"hasPmufwMakeHasChanges":	"false",
	"fsblExtraCompilerFlags":	"-MMD -MP      -Wall -fmessage-length=0 -DARMA53_64 -Os -flto -ffat-lto-objects  ",
	"pmufwExtraCompilerFlags":	"-MMD -MP      -mlittle-endian -mxl-barrel-shift -mxl-pattern-compare -mcpu=v9.2 -mxl-soft-mul -Os -flto -ffat-lto-objects  ",
	"platPreBuiltFlag":	false,
	"platformSamplesDir":	"",
	"platActiveSys":	"project_plat",
	"systems":	[{
			"systemName":	"project_plat",
			"systemDesc":	"project_plat",
			"sysIsBootAutoGen":	"true",
			"systemDispName":	"project_plat",
			"sysActiveDom":	"standalone_domain",
			"sysDefaultDom":	"standalone_domain",
			"domains":	[{
					"domainName":	"zynqmp_fsbl",
					"domainDispName":	"zynqmp_fsbl",
					"domainDesc":	"FSBL Application BSP - Auto Generated.",
					"processors":	"psu_cortexa53_0",
					"os":	"standalone",
					"sdxOs":	"standalone",
					"debugEnable":	"",
					"domRuntimes":	["cpp"],
					"swRepo":	"",
					"mssOsVer":	"9.1",
					"mssFile":	"",
					"md5Digest":	"c840dc5ca3c31eaf7e04acf9165c0038",
					"compatibleApp":	"zynqmp_fsbl",
					"domType":	"bootDomain",
					"arch":	"64-bit",
					"appSettings":	{
						"appCompilerFlags":	"",
						"appLinkerFlags":	""
					},
					"addedLibs":	["xilffs:5.2", "xilsecure:5.3", "xilpm:5.2"],
					"libOptions":	{
						"standalone":	{
							"zynqmp_fsbl_bsp":	"true",
							"libOptionNames":	["zynqmp_fsbl_bsp"]
						},
						"xilffs":	{
							"read_only":	"true",
							"use_mkfs":	"false",
							"libOptionNames":	["read_only", "use_mkfs"]
						},
						"xilsecure":	{
							"tpm_support":	"true",
							"libOptionNames":	["tpm_support"]
						},
						"libsContainingOptions":	["standalone", "xilffs", "xilsecure"]
					},
					"prebuiltLibs":	{
						"prebuiltIncPath":	[],
						"prebuiltLibPath":	[]
					},
					"isolation":	{
					}
				}, {
					"domainName":	"zynqmp_pmufw",
					"domainDispName":	"zynqmp_pmufw",
					"domainDesc":	"PMUFW Application BSP - Auto Generated.",
					"processors":	"psu_pmu_0",
					"os":	"standalone",
					"sdxOs":	"standalone",
					"debugEnable":	"",
					"domRuntimes":	["cpp"],
					"swRepo":	"",
					"mssOsVer":	"9.1",
					"mssFile":	"",
					"md5Digest":	"44b175d2d7d102d21d15df130611c3a1",
					"compatibleApp":	"zynqmp_pmufw",
					"domType":	"bootDomain",
					"arch":	"32-bit",
					"appSettings":	{
						"appCompilerFlags":	"",
						"appLinkerFlags":	""
					},
					"addedLibs":	["xilfpga:6.6", "xilsecure:5.3", "xilskey:7.6"],
					"libOptions":	{
						"psu_pmu_0":	{
							"extra_compiler_flags":	"-g -ffunction-sections -fdata-sections -Wall -Wextra -fno-tree-loop-distribute-patterns  -Os -flto -ffat-lto-objects",
							"libOptionNames":	["extra_compiler_flags"]
						},
						"libsContainingOptions":	["psu_pmu_0"]
					},
					"prebuiltLibs":	{
						"prebuiltIncPath":	[],
						"prebuiltLibPath":	[]
					},
					"isolation":	{
					}
				}, {
					"domainName":	"standalone_domain",
					"domainDispName":	"standalone on psu_cortexa53_0",
					"domainDesc":	"standalone_domain",
					"processors":	"psu_cortexa53_0",
					"os":	"standalone",
					"sdxOs":	"standalone",
					"qemuArgs":	"<platformDir>/resources/project_plat/standalone_domain/qemu_args.txt",
					"qemuData":	"<platformDir>/resources/project_plat/standalone_domain/qemu",
					"pmuQemuArgs":	"<platformDir>/resources/project_plat/standalone_domain/pmu_args.txt",
					"debugEnable":	"False",
					"domRuntimes":	["cpp"],
					"swRepo":	"",
					"mssOsVer":	"9.1",
					"mssFile":	"",
					"md5Digest":	"3d1111e1091d2a5a3256d77dd15cb6e5",
					"compatibleApp":	"",
					"domType":	"mssDomain",
					"arch":	"64-bit",
					"appSettings":	{
						"appCompilerFlags":	"",
						"appLinkerFlags":	""
					},
					"addedLibs":	[],
					"libOptions":	{
						"libsContainingOptions":	[]
					},
					"prebuiltLibs":	{
						"prebuiltIncPath":	[],
						"prebuiltLibPath":	[]
					},
					"isolation":	{
					}
				}]
		}]
}
KEYINFO::2025-11-13.13:48:35::SCWPlatform::updated the xpfm file.
TRACE::2025-11-13.13:48:35::SCWPlatform::Trying to open the hw design at C:/unswworks/workspace/project_plat/hw/v2.0.xsa
TRACE::2025-11-13.13:48:35::SCWPlatform::DSA given C:/unswworks/workspace/project_plat/hw/v2.0.xsa
TRACE::2025-11-13.13:48:35::SCWPlatform::DSA absoulate path C:/unswworks/workspace/project_plat/hw/v2.0.xsa
TRACE::2025-11-13.13:48:35::SCWPlatform::DSA directory C:/unswworks/workspace/project_plat/hw
TRACE::2025-11-13.13:48:35::SCWPlatform:: Platform Path C:/unswworks/workspace/project_plat/hw/v2.0.xsa
TRACE::2025-11-13.13:48:35::SCWPlatform:: Unique name xilinx:kv260_som::0.0
TRACE::2025-11-13.13:48:35::SCWPlatform::Trying to set the existing hwdb with name design_1_wrapper_1
TRACE::2025-11-13.13:48:35::SCWPlatform::Opened existing hwdb design_1_wrapper_1
TRACE::2025-11-13.13:48:35::SCWPlatform::Found the Hw Db part of the input DSA
TRACE::2025-11-13.13:48:35::SCWMssOS::Checking the sw design at  C:/unswworks/workspace/project_plat/psu_cortexa53_0/standalone_domain/bsp/system.mss
TRACE::2025-11-13.13:48:35::SCWMssOS::DEBUG:  swdes dump  C:/unswworks/workspace/147/zynqmp_fsbl/zynqmp_fsbl_bsp/system.mss|system_2||
C:/unswworks/workspace/147/zynqmp_pmufw/zynqmp_pmufw_bsp/system.mss|system_3||
C:/unswworks/workspace/project_plat/psu_cortexa53_0/standalone_domain/bsp/system.mss|system_1||
C:/unswworks/workspace/project_plat/zynqmp_fsbl/zynqmp_fsbl_bsp/system.mss|system||
C:/unswworks/workspace/project_plat/zynqmp_pmufw/zynqmp_pmufw_bsp/system.mss|system_0||

TRACE::2025-11-13.13:48:35::SCWMssOS::Sw design exists and opened at  C:/unswworks/workspace/project_plat/psu_cortexa53_0/standalone_domain/bsp/system.mss
TRACE::2025-11-13.13:48:59::SCWPlatform::Trying to open the hw design at C:/unswworks/workspace/project_plat/hw/v2.0.xsa
TRACE::2025-11-13.13:48:59::SCWPlatform::DSA given C:/unswworks/workspace/project_plat/hw/v2.0.xsa
TRACE::2025-11-13.13:48:59::SCWPlatform::DSA absoulate path C:/unswworks/workspace/project_plat/hw/v2.0.xsa
TRACE::2025-11-13.13:48:59::SCWPlatform::DSA directory C:/unswworks/workspace/project_plat/hw
TRACE::2025-11-13.13:48:59::SCWPlatform:: Platform Path C:/unswworks/workspace/project_plat/hw/v2.0.xsa
TRACE::2025-11-13.13:48:59::SCWPlatform:: Unique name xilinx:kv260_som::0.0
TRACE::2025-11-13.13:48:59::SCWPlatform::Trying to set the existing hwdb with name design_1_wrapper_1
TRACE::2025-11-13.13:48:59::SCWPlatform::Opened existing hwdb design_1_wrapper_1
TRACE::2025-11-13.13:48:59::SCWPlatform::Found the Hw Db part of the input DSA
TRACE::2025-11-13.13:48:59::SCWMssOS::Checking the sw design at  C:/unswworks/workspace/project_plat/psu_cortexa53_0/standalone_domain/bsp/system.mss
TRACE::2025-11-13.13:48:59::SCWMssOS::DEBUG:  swdes dump  C:/unswworks/workspace/147/zynqmp_fsbl/zynqmp_fsbl_bsp/system.mss|system_2||
C:/unswworks/workspace/147/zynqmp_pmufw/zynqmp_pmufw_bsp/system.mss|system_3||
C:/unswworks/workspace/project_plat/psu_cortexa53_0/standalone_domain/bsp/system.mss|system_1||
C:/unswworks/workspace/project_plat/zynqmp_fsbl/zynqmp_fsbl_bsp/system.mss|system||
C:/unswworks/workspace/project_plat/zynqmp_pmufw/zynqmp_pmufw_bsp/system.mss|system_0||

TRACE::2025-11-13.13:48:59::SCWMssOS::Sw design exists and opened at  C:/unswworks/workspace/project_plat/psu_cortexa53_0/standalone_domain/bsp/system.mss
TRACE::2025-11-13.13:49:03::SCWPlatform::Trying to open the hw design at C:/unswworks/workspace/project_plat/hw/v2.0.xsa
TRACE::2025-11-13.13:49:03::SCWPlatform::DSA given C:/unswworks/workspace/project_plat/hw/v2.0.xsa
TRACE::2025-11-13.13:49:03::SCWPlatform::DSA absoulate path C:/unswworks/workspace/project_plat/hw/v2.0.xsa
TRACE::2025-11-13.13:49:03::SCWPlatform::DSA directory C:/unswworks/workspace/project_plat/hw
TRACE::2025-11-13.13:49:03::SCWPlatform:: Platform Path C:/unswworks/workspace/project_plat/hw/v2.0.xsa
TRACE::2025-11-13.13:49:03::SCWPlatform:: Unique name xilinx:kv260_som::0.0
TRACE::2025-11-13.13:49:03::SCWPlatform::Trying to set the existing hwdb with name design_1_wrapper_1
TRACE::2025-11-13.13:49:03::SCWPlatform::Opened existing hwdb design_1_wrapper_1
TRACE::2025-11-13.13:49:03::SCWPlatform::Found the Hw Db part of the input DSA
TRACE::2025-11-13.13:49:03::SCWMssOS::Checking the sw design at  C:/unswworks/workspace/project_plat/psu_cortexa53_0/standalone_domain/bsp/system.mss
TRACE::2025-11-13.13:49:03::SCWMssOS::DEBUG:  swdes dump  C:/unswworks/workspace/147/zynqmp_fsbl/zynqmp_fsbl_bsp/system.mss|system_2||
C:/unswworks/workspace/147/zynqmp_pmufw/zynqmp_pmufw_bsp/system.mss|system_3||
C:/unswworks/workspace/project_plat/psu_cortexa53_0/standalone_domain/bsp/system.mss|system_1||
C:/unswworks/workspace/project_plat/zynqmp_fsbl/zynqmp_fsbl_bsp/system.mss|system||
C:/unswworks/workspace/project_plat/zynqmp_pmufw/zynqmp_pmufw_bsp/system.mss|system_0||

TRACE::2025-11-13.13:49:03::SCWMssOS::Sw design exists and opened at  C:/unswworks/workspace/project_plat/psu_cortexa53_0/standalone_domain/bsp/system.mss
TRACE::2025-11-13.13:49:03::SCWMssOS::Adding Library:  xilffs:5.2
TRACE::2025-11-13.13:49:03::SCWMssOS::Added Library:  xilffs
TRACE::2025-11-13.13:49:03::SCWPlatform::Trying to open the hw design at C:/unswworks/workspace/project_plat/hw/v2.0.xsa
TRACE::2025-11-13.13:49:03::SCWPlatform::DSA given C:/unswworks/workspace/project_plat/hw/v2.0.xsa
TRACE::2025-11-13.13:49:03::SCWPlatform::DSA absoulate path C:/unswworks/workspace/project_plat/hw/v2.0.xsa
TRACE::2025-11-13.13:49:03::SCWPlatform::DSA directory C:/unswworks/workspace/project_plat/hw
TRACE::2025-11-13.13:49:03::SCWPlatform:: Platform Path C:/unswworks/workspace/project_plat/hw/v2.0.xsa
TRACE::2025-11-13.13:49:03::SCWPlatform:: Unique name xilinx:kv260_som::0.0
TRACE::2025-11-13.13:49:03::SCWPlatform::Trying to set the existing hwdb with name design_1_wrapper_1
TRACE::2025-11-13.13:49:03::SCWPlatform::Opened existing hwdb design_1_wrapper_1
TRACE::2025-11-13.13:49:03::SCWPlatform::Found the Hw Db part of the input DSA
TRACE::2025-11-13.13:49:03::SCWMssOS::Checking the sw design at  C:/unswworks/workspace/project_plat/psu_cortexa53_0/standalone_domain/bsp/system.mss
TRACE::2025-11-13.13:49:03::SCWMssOS::DEBUG:  swdes dump  C:/unswworks/workspace/147/zynqmp_fsbl/zynqmp_fsbl_bsp/system.mss|system_2||
C:/unswworks/workspace/147/zynqmp_pmufw/zynqmp_pmufw_bsp/system.mss|system_3||
C:/unswworks/workspace/project_plat/psu_cortexa53_0/standalone_domain/bsp/system.mss|system_1||
C:/unswworks/workspace/project_plat/zynqmp_fsbl/zynqmp_fsbl_bsp/system.mss|system||
C:/unswworks/workspace/project_plat/zynqmp_pmufw/zynqmp_pmufw_bsp/system.mss|system_0||

TRACE::2025-11-13.13:49:03::SCWMssOS::Sw design exists and opened at  C:/unswworks/workspace/project_plat/psu_cortexa53_0/standalone_domain/bsp/system.mss
TRACE::2025-11-13.13:49:07::SCWMssOS::Saving the mss changes C:/unswworks/workspace/project_plat/zynqmp_fsbl/zynqmp_fsbl_bsp/system.mss
TRACE::2025-11-13.13:49:07::SCWMssOS::Found a swdesign opened with the mssfile.
TRACE::2025-11-13.13:49:07::SCWMssOS::Completed writemss as part of save.
TRACE::2025-11-13.13:49:07::SCWMssOS::Commit changes completed.
TRACE::2025-11-13.13:49:07::SCWMssOS::Saving the mss changes C:/unswworks/workspace/project_plat/zynqmp_pmufw/zynqmp_pmufw_bsp/system.mss
TRACE::2025-11-13.13:49:07::SCWMssOS::Found a swdesign opened with the mssfile.
TRACE::2025-11-13.13:49:07::SCWMssOS::Completed writemss as part of save.
TRACE::2025-11-13.13:49:07::SCWMssOS::Commit changes completed.
TRACE::2025-11-13.13:49:07::SCWMssOS::Saving the mss changes C:/unswworks/workspace/project_plat/psu_cortexa53_0/standalone_domain/bsp/system.mss
TRACE::2025-11-13.13:49:07::SCWMssOS::Found a swdesign opened with the mssfile.
TRACE::2025-11-13.13:49:07::SCWMssOS::Completed writemss as part of save.
TRACE::2025-11-13.13:49:07::SCWMssOS::Commit changes completed.
TRACE::2025-11-13.13:49:07::SCWPlatform::Trying to open the hw design at C:/unswworks/workspace/project_plat/hw/v2.0.xsa
TRACE::2025-11-13.13:49:07::SCWPlatform::DSA given C:/unswworks/workspace/project_plat/hw/v2.0.xsa
TRACE::2025-11-13.13:49:07::SCWPlatform::DSA absoulate path C:/unswworks/workspace/project_plat/hw/v2.0.xsa
TRACE::2025-11-13.13:49:07::SCWPlatform::DSA directory C:/unswworks/workspace/project_plat/hw
TRACE::2025-11-13.13:49:07::SCWPlatform:: Platform Path C:/unswworks/workspace/project_plat/hw/v2.0.xsa
TRACE::2025-11-13.13:49:07::SCWPlatform:: Unique name xilinx:kv260_som::0.0
TRACE::2025-11-13.13:49:07::SCWPlatform::Trying to set the existing hwdb with name design_1_wrapper_1
TRACE::2025-11-13.13:49:07::SCWPlatform::Opened existing hwdb design_1_wrapper_1
TRACE::2025-11-13.13:49:07::SCWPlatform::Found the Hw Db part of the input DSA
TRACE::2025-11-13.13:49:07::SCWMssOS::Checking the sw design at  C:/unswworks/workspace/project_plat/zynqmp_fsbl/zynqmp_fsbl_bsp/system.mss
TRACE::2025-11-13.13:49:07::SCWMssOS::DEBUG:  swdes dump  C:/unswworks/workspace/147/zynqmp_fsbl/zynqmp_fsbl_bsp/system.mss|system_2||
C:/unswworks/workspace/147/zynqmp_pmufw/zynqmp_pmufw_bsp/system.mss|system_3||
C:/unswworks/workspace/project_plat/psu_cortexa53_0/standalone_domain/bsp/system.mss|system_1||
C:/unswworks/workspace/project_plat/zynqmp_fsbl/zynqmp_fsbl_bsp/system.mss|system||
C:/unswworks/workspace/project_plat/zynqmp_pmufw/zynqmp_pmufw_bsp/system.mss|system_0||

TRACE::2025-11-13.13:49:07::SCWMssOS::Sw design exists and opened at  C:/unswworks/workspace/project_plat/zynqmp_fsbl/zynqmp_fsbl_bsp/system.mss
TRACE::2025-11-13.13:49:07::SCWPlatform::Trying to open the hw design at C:/unswworks/workspace/project_plat/hw/v2.0.xsa
TRACE::2025-11-13.13:49:07::SCWPlatform::DSA given C:/unswworks/workspace/project_plat/hw/v2.0.xsa
TRACE::2025-11-13.13:49:07::SCWPlatform::DSA absoulate path C:/unswworks/workspace/project_plat/hw/v2.0.xsa
TRACE::2025-11-13.13:49:07::SCWPlatform::DSA directory C:/unswworks/workspace/project_plat/hw
TRACE::2025-11-13.13:49:07::SCWPlatform:: Platform Path C:/unswworks/workspace/project_plat/hw/v2.0.xsa
TRACE::2025-11-13.13:49:07::SCWPlatform:: Unique name xilinx:kv260_som::0.0
TRACE::2025-11-13.13:49:07::SCWPlatform::Trying to set the existing hwdb with name design_1_wrapper_1
TRACE::2025-11-13.13:49:07::SCWPlatform::Opened existing hwdb design_1_wrapper_1
TRACE::2025-11-13.13:49:07::SCWPlatform::Found the Hw Db part of the input DSA
TRACE::2025-11-13.13:49:07::SCWMssOS::Checking the sw design at  C:/unswworks/workspace/project_plat/zynqmp_pmufw/zynqmp_pmufw_bsp/system.mss
TRACE::2025-11-13.13:49:07::SCWMssOS::DEBUG:  swdes dump  C:/unswworks/workspace/147/zynqmp_fsbl/zynqmp_fsbl_bsp/system.mss|system_2||
C:/unswworks/workspace/147/zynqmp_pmufw/zynqmp_pmufw_bsp/system.mss|system_3||
C:/unswworks/workspace/project_plat/psu_cortexa53_0/standalone_domain/bsp/system.mss|system_1||
C:/unswworks/workspace/project_plat/zynqmp_fsbl/zynqmp_fsbl_bsp/system.mss|system||
C:/unswworks/workspace/project_plat/zynqmp_pmufw/zynqmp_pmufw_bsp/system.mss|system_0||

TRACE::2025-11-13.13:49:07::SCWMssOS::Sw design exists and opened at  C:/unswworks/workspace/project_plat/zynqmp_pmufw/zynqmp_pmufw_bsp/system.mss
TRACE::2025-11-13.13:49:07::SCWPlatform::Trying to open the hw design at C:/unswworks/workspace/project_plat/hw/v2.0.xsa
TRACE::2025-11-13.13:49:07::SCWPlatform::DSA given C:/unswworks/workspace/project_plat/hw/v2.0.xsa
TRACE::2025-11-13.13:49:07::SCWPlatform::DSA absoulate path C:/unswworks/workspace/project_plat/hw/v2.0.xsa
TRACE::2025-11-13.13:49:07::SCWPlatform::DSA directory C:/unswworks/workspace/project_plat/hw
TRACE::2025-11-13.13:49:07::SCWPlatform:: Platform Path C:/unswworks/workspace/project_plat/hw/v2.0.xsa
TRACE::2025-11-13.13:49:07::SCWPlatform:: Unique name xilinx:kv260_som::0.0
TRACE::2025-11-13.13:49:07::SCWPlatform::Trying to set the existing hwdb with name design_1_wrapper_1
TRACE::2025-11-13.13:49:07::SCWPlatform::Opened existing hwdb design_1_wrapper_1
TRACE::2025-11-13.13:49:07::SCWPlatform::Found the Hw Db part of the input DSA
TRACE::2025-11-13.13:49:07::SCWMssOS::Checking the sw design at  C:/unswworks/workspace/project_plat/psu_cortexa53_0/standalone_domain/bsp/system.mss
TRACE::2025-11-13.13:49:07::SCWMssOS::DEBUG:  swdes dump  C:/unswworks/workspace/147/zynqmp_fsbl/zynqmp_fsbl_bsp/system.mss|system_2||
C:/unswworks/workspace/147/zynqmp_pmufw/zynqmp_pmufw_bsp/system.mss|system_3||
C:/unswworks/workspace/project_plat/psu_cortexa53_0/standalone_domain/bsp/system.mss|system_1||
C:/unswworks/workspace/project_plat/zynqmp_fsbl/zynqmp_fsbl_bsp/system.mss|system||
C:/unswworks/workspace/project_plat/zynqmp_pmufw/zynqmp_pmufw_bsp/system.mss|system_0||

TRACE::2025-11-13.13:49:07::SCWMssOS::Sw design exists and opened at  C:/unswworks/workspace/project_plat/psu_cortexa53_0/standalone_domain/bsp/system.mss
TRACE::2025-11-13.13:49:07::SCWWriter::formatted JSON is {
	"platformName":	"project_plat",
	"sprVersion":	"2.0",
	"mode":	"gui",
	"dsaType":	"Fixed",
	"platformDesc":	"project_plat",
	"platHandOff":	"C:/unswworks/COMP3601/COMP3601_Project_Audio_tuner/v2.0.xsa",
	"platIntHandOff":	"<platformDir>/hw/v2.0.xsa",
	"deviceType":	"zynqMP",
	"platIsPrebuiltAutogen":	"false",
	"platIsNoBootBsp":	"false",
	"platFsblTarget":	"psu_cortexa53_0",
	"hasFsblMakeHasChanges":	"false",
	"hasPmufwMakeHasChanges":	"false",
	"fsblExtraCompilerFlags":	"-MMD -MP      -Wall -fmessage-length=0 -DARMA53_64 -Os -flto -ffat-lto-objects  ",
	"pmufwExtraCompilerFlags":	"-MMD -MP      -mlittle-endian -mxl-barrel-shift -mxl-pattern-compare -mcpu=v9.2 -mxl-soft-mul -Os -flto -ffat-lto-objects  ",
	"platPreBuiltFlag":	false,
	"platformSamplesDir":	"",
	"platActiveSys":	"project_plat",
	"systems":	[{
			"systemName":	"project_plat",
			"systemDesc":	"project_plat",
			"sysIsBootAutoGen":	"true",
			"systemDispName":	"project_plat",
			"sysActiveDom":	"standalone_domain",
			"sysDefaultDom":	"standalone_domain",
			"domains":	[{
					"domainName":	"zynqmp_fsbl",
					"domainDispName":	"zynqmp_fsbl",
					"domainDesc":	"FSBL Application BSP - Auto Generated.",
					"processors":	"psu_cortexa53_0",
					"os":	"standalone",
					"sdxOs":	"standalone",
					"debugEnable":	"",
					"domRuntimes":	["cpp"],
					"swRepo":	"",
					"mssOsVer":	"9.1",
					"mssFile":	"",
					"md5Digest":	"c840dc5ca3c31eaf7e04acf9165c0038",
					"compatibleApp":	"zynqmp_fsbl",
					"domType":	"bootDomain",
					"arch":	"64-bit",
					"appSettings":	{
						"appCompilerFlags":	"",
						"appLinkerFlags":	""
					},
					"addedLibs":	["xilffs:5.2", "xilsecure:5.3", "xilpm:5.2"],
					"libOptions":	{
						"standalone":	{
							"zynqmp_fsbl_bsp":	"true",
							"libOptionNames":	["zynqmp_fsbl_bsp"]
						},
						"xilffs":	{
							"read_only":	"true",
							"use_mkfs":	"false",
							"libOptionNames":	["read_only", "use_mkfs"]
						},
						"xilsecure":	{
							"tpm_support":	"true",
							"libOptionNames":	["tpm_support"]
						},
						"libsContainingOptions":	["standalone", "xilffs", "xilsecure"]
					},
					"prebuiltLibs":	{
						"prebuiltIncPath":	[],
						"prebuiltLibPath":	[]
					},
					"isolation":	{
					}
				}, {
					"domainName":	"zynqmp_pmufw",
					"domainDispName":	"zynqmp_pmufw",
					"domainDesc":	"PMUFW Application BSP - Auto Generated.",
					"processors":	"psu_pmu_0",
					"os":	"standalone",
					"sdxOs":	"standalone",
					"debugEnable":	"",
					"domRuntimes":	["cpp"],
					"swRepo":	"",
					"mssOsVer":	"9.1",
					"mssFile":	"",
					"md5Digest":	"44b175d2d7d102d21d15df130611c3a1",
					"compatibleApp":	"zynqmp_pmufw",
					"domType":	"bootDomain",
					"arch":	"32-bit",
					"appSettings":	{
						"appCompilerFlags":	"",
						"appLinkerFlags":	""
					},
					"addedLibs":	["xilfpga:6.6", "xilsecure:5.3", "xilskey:7.6"],
					"libOptions":	{
						"psu_pmu_0":	{
							"extra_compiler_flags":	"-g -ffunction-sections -fdata-sections -Wall -Wextra -fno-tree-loop-distribute-patterns  -Os -flto -ffat-lto-objects",
							"libOptionNames":	["extra_compiler_flags"]
						},
						"libsContainingOptions":	["psu_pmu_0"]
					},
					"prebuiltLibs":	{
						"prebuiltIncPath":	[],
						"prebuiltLibPath":	[]
					},
					"isolation":	{
					}
				}, {
					"domainName":	"standalone_domain",
					"domainDispName":	"standalone on psu_cortexa53_0",
					"domainDesc":	"standalone_domain",
					"processors":	"psu_cortexa53_0",
					"os":	"standalone",
					"sdxOs":	"standalone",
					"qemuArgs":	"<platformDir>/resources/project_plat/standalone_domain/qemu_args.txt",
					"qemuData":	"<platformDir>/resources/project_plat/standalone_domain/qemu",
					"pmuQemuArgs":	"<platformDir>/resources/project_plat/standalone_domain/pmu_args.txt",
					"debugEnable":	"False",
					"domRuntimes":	["cpp"],
					"swRepo":	"",
					"mssOsVer":	"9.1",
					"mssFile":	"",
					"md5Digest":	"3d1111e1091d2a5a3256d77dd15cb6e5",
					"compatibleApp":	"",
					"domType":	"mssDomain",
					"arch":	"64-bit",
					"appSettings":	{
						"appCompilerFlags":	"",
						"appLinkerFlags":	""
					},
					"addedLibs":	["xilffs:5.2"],
					"libOptions":	{
						"libsContainingOptions":	[]
					},
					"prebuiltLibs":	{
						"prebuiltIncPath":	[],
						"prebuiltLibPath":	[]
					},
					"isolation":	{
					}
				}]
		}]
}
TRACE::2025-11-13.13:49:07::SCWMssOS::Saving the mss changes C:/unswworks/workspace/project_plat/psu_cortexa53_0/standalone_domain/bsp/system.mss
TRACE::2025-11-13.13:49:07::SCWMssOS::Found a swdesign opened with the mssfile.
TRACE::2025-11-13.13:49:07::SCWMssOS::Completed writemss as part of save.
TRACE::2025-11-13.13:49:07::SCWMssOS::Commit changes completed.
TRACE::2025-11-13.13:49:07::SCWPlatform::Trying to open the hw design at C:/unswworks/workspace/project_plat/hw/v2.0.xsa
TRACE::2025-11-13.13:49:07::SCWPlatform::DSA given C:/unswworks/workspace/project_plat/hw/v2.0.xsa
TRACE::2025-11-13.13:49:07::SCWPlatform::DSA absoulate path C:/unswworks/workspace/project_plat/hw/v2.0.xsa
TRACE::2025-11-13.13:49:07::SCWPlatform::DSA directory C:/unswworks/workspace/project_plat/hw
TRACE::2025-11-13.13:49:07::SCWPlatform:: Platform Path C:/unswworks/workspace/project_plat/hw/v2.0.xsa
TRACE::2025-11-13.13:49:07::SCWPlatform:: Unique name xilinx:kv260_som::0.0
TRACE::2025-11-13.13:49:07::SCWPlatform::Trying to set the existing hwdb with name design_1_wrapper_1
TRACE::2025-11-13.13:49:07::SCWPlatform::Opened existing hwdb design_1_wrapper_1
TRACE::2025-11-13.13:49:07::SCWPlatform::Found the Hw Db part of the input DSA
TRACE::2025-11-13.13:49:07::SCWMssOS::Checking the sw design at  C:/unswworks/workspace/project_plat/psu_cortexa53_0/standalone_domain/bsp/system.mss
TRACE::2025-11-13.13:49:07::SCWMssOS::DEBUG:  swdes dump  C:/unswworks/workspace/147/zynqmp_fsbl/zynqmp_fsbl_bsp/system.mss|system_2||
C:/unswworks/workspace/147/zynqmp_pmufw/zynqmp_pmufw_bsp/system.mss|system_3||
C:/unswworks/workspace/project_plat/psu_cortexa53_0/standalone_domain/bsp/system.mss|system_1||
C:/unswworks/workspace/project_plat/zynqmp_fsbl/zynqmp_fsbl_bsp/system.mss|system||
C:/unswworks/workspace/project_plat/zynqmp_pmufw/zynqmp_pmufw_bsp/system.mss|system_0||

TRACE::2025-11-13.13:49:07::SCWMssOS::Sw design exists and opened at  C:/unswworks/workspace/project_plat/psu_cortexa53_0/standalone_domain/bsp/system.mss
TRACE::2025-11-13.13:49:07::SCWMssOS::Removing the swdes entry for  C:/unswworks/workspace/project_plat/psu_cortexa53_0/standalone_domain/bsp/system.mss
TRACE::2025-11-13.13:49:07::SCWMssOS::In reload Mss file.
TRACE::2025-11-13.13:49:07::SCWPlatform::Trying to open the hw design at C:/unswworks/workspace/project_plat/hw/v2.0.xsa
TRACE::2025-11-13.13:49:07::SCWPlatform::DSA given C:/unswworks/workspace/project_plat/hw/v2.0.xsa
TRACE::2025-11-13.13:49:07::SCWPlatform::DSA absoulate path C:/unswworks/workspace/project_plat/hw/v2.0.xsa
TRACE::2025-11-13.13:49:07::SCWPlatform::DSA directory C:/unswworks/workspace/project_plat/hw
TRACE::2025-11-13.13:49:07::SCWPlatform:: Platform Path C:/unswworks/workspace/project_plat/hw/v2.0.xsa
TRACE::2025-11-13.13:49:07::SCWPlatform:: Unique name xilinx:kv260_som::0.0
TRACE::2025-11-13.13:49:07::SCWPlatform::Trying to set the existing hwdb with name design_1_wrapper_1
TRACE::2025-11-13.13:49:07::SCWPlatform::Opened existing hwdb design_1_wrapper_1
TRACE::2025-11-13.13:49:07::SCWPlatform::Found the Hw Db part of the input DSA
TRACE::2025-11-13.13:49:07::SCWMssOS::Checking the sw design at  C:/unswworks/workspace/project_plat/psu_cortexa53_0/standalone_domain/bsp/system.mss
TRACE::2025-11-13.13:49:07::SCWMssOS::DEBUG:  swdes dump  C:/unswworks/workspace/147/zynqmp_fsbl/zynqmp_fsbl_bsp/system.mss|system_2||
C:/unswworks/workspace/147/zynqmp_pmufw/zynqmp_pmufw_bsp/system.mss|system_3||
C:/unswworks/workspace/project_plat/zynqmp_fsbl/zynqmp_fsbl_bsp/system.mss|system||
C:/unswworks/workspace/project_plat/zynqmp_pmufw/zynqmp_pmufw_bsp/system.mss|system_0||

TRACE::2025-11-13.13:49:07::SCWMssOS::No sw design opened at  C:/unswworks/workspace/project_plat/psu_cortexa53_0/standalone_domain/bsp/system.mss
TRACE::2025-11-13.13:49:07::SCWMssOS::mss exists loading the mss file  C:/unswworks/workspace/project_plat/psu_cortexa53_0/standalone_domain/bsp/system.mss
TRACE::2025-11-13.13:49:07::SCWMssOS::Opened the sw design from mss  C:/unswworks/workspace/project_plat/psu_cortexa53_0/standalone_domain/bsp/system.mss
TRACE::2025-11-13.13:49:07::SCWMssOS::Adding the swdes entry C:/unswworks/workspace/project_plat/psu_cortexa53_0/standalone_domain/bsp/system.mss with des name system_4
TRACE::2025-11-13.13:49:07::SCWMssOS::updating the scw layer about changes
TRACE::2025-11-13.13:49:07::SCWMssOS::Opened the sw design.  C:/unswworks/workspace/project_plat/psu_cortexa53_0/standalone_domain/bsp/system.mss
TRACE::2025-11-13.13:49:07::SCWPlatform::Trying to open the hw design at C:/unswworks/workspace/project_plat/hw/v2.0.xsa
TRACE::2025-11-13.13:49:07::SCWPlatform::DSA given C:/unswworks/workspace/project_plat/hw/v2.0.xsa
TRACE::2025-11-13.13:49:07::SCWPlatform::DSA absoulate path C:/unswworks/workspace/project_plat/hw/v2.0.xsa
TRACE::2025-11-13.13:49:07::SCWPlatform::DSA directory C:/unswworks/workspace/project_plat/hw
TRACE::2025-11-13.13:49:07::SCWPlatform:: Platform Path C:/unswworks/workspace/project_plat/hw/v2.0.xsa
TRACE::2025-11-13.13:49:07::SCWPlatform:: Unique name xilinx:kv260_som::0.0
TRACE::2025-11-13.13:49:07::SCWPlatform::Trying to set the existing hwdb with name design_1_wrapper_1
TRACE::2025-11-13.13:49:07::SCWPlatform::Opened existing hwdb design_1_wrapper_1
TRACE::2025-11-13.13:49:07::SCWPlatform::Found the Hw Db part of the input DSA
TRACE::2025-11-13.13:49:07::SCWMssOS::Checking the sw design at  C:/unswworks/workspace/project_plat/psu_cortexa53_0/standalone_domain/bsp/system.mss
TRACE::2025-11-13.13:49:07::SCWMssOS::DEBUG:  swdes dump  C:/unswworks/workspace/147/zynqmp_fsbl/zynqmp_fsbl_bsp/system.mss|system_2||
C:/unswworks/workspace/147/zynqmp_pmufw/zynqmp_pmufw_bsp/system.mss|system_3||
C:/unswworks/workspace/project_plat/psu_cortexa53_0/standalone_domain/bsp/system.mss|system_4||
C:/unswworks/workspace/project_plat/zynqmp_fsbl/zynqmp_fsbl_bsp/system.mss|system||
C:/unswworks/workspace/project_plat/zynqmp_pmufw/zynqmp_pmufw_bsp/system.mss|system_0||

TRACE::2025-11-13.13:49:07::SCWMssOS::Sw design exists and opened at  C:/unswworks/workspace/project_plat/psu_cortexa53_0/standalone_domain/bsp/system.mss
TRACE::2025-11-13.13:49:07::SCWMssOS:: library already available in sw design:  xilffs:5.2
TRACE::2025-11-13.13:49:07::SCWMssOS::Saving the mss changes C:/unswworks/workspace/project_plat/psu_cortexa53_0/standalone_domain/bsp/system.mss
TRACE::2025-11-13.13:49:07::SCWMssOS::Found a swdesign opened with the mssfile.
TRACE::2025-11-13.13:49:07::SCWMssOS::Completed writemss as part of save.
TRACE::2025-11-13.13:49:07::SCWMssOS::Commit changes completed.
TRACE::2025-11-13.13:49:07::SCWPlatform::Trying to open the hw design at C:/unswworks/workspace/project_plat/hw/v2.0.xsa
TRACE::2025-11-13.13:49:07::SCWPlatform::DSA given C:/unswworks/workspace/project_plat/hw/v2.0.xsa
TRACE::2025-11-13.13:49:07::SCWPlatform::DSA absoulate path C:/unswworks/workspace/project_plat/hw/v2.0.xsa
TRACE::2025-11-13.13:49:07::SCWPlatform::DSA directory C:/unswworks/workspace/project_plat/hw
TRACE::2025-11-13.13:49:07::SCWPlatform:: Platform Path C:/unswworks/workspace/project_plat/hw/v2.0.xsa
TRACE::2025-11-13.13:49:07::SCWPlatform:: Unique name xilinx:kv260_som::0.0
TRACE::2025-11-13.13:49:07::SCWPlatform::Trying to set the existing hwdb with name design_1_wrapper_1
TRACE::2025-11-13.13:49:07::SCWPlatform::Opened existing hwdb design_1_wrapper_1
TRACE::2025-11-13.13:49:07::SCWPlatform::Found the Hw Db part of the input DSA
TRACE::2025-11-13.13:49:07::SCWMssOS::Checking the sw design at  C:/unswworks/workspace/project_plat/psu_cortexa53_0/standalone_domain/bsp/system.mss
TRACE::2025-11-13.13:49:07::SCWMssOS::DEBUG:  swdes dump  C:/unswworks/workspace/147/zynqmp_fsbl/zynqmp_fsbl_bsp/system.mss|system_2||
C:/unswworks/workspace/147/zynqmp_pmufw/zynqmp_pmufw_bsp/system.mss|system_3||
C:/unswworks/workspace/project_plat/psu_cortexa53_0/standalone_domain/bsp/system.mss|system_4||
C:/unswworks/workspace/project_plat/zynqmp_fsbl/zynqmp_fsbl_bsp/system.mss|system||
C:/unswworks/workspace/project_plat/zynqmp_pmufw/zynqmp_pmufw_bsp/system.mss|system_0||

TRACE::2025-11-13.13:49:07::SCWMssOS::Sw design exists and opened at  C:/unswworks/workspace/project_plat/psu_cortexa53_0/standalone_domain/bsp/system.mss
TRACE::2025-11-13.13:49:07::SCWMssOS::Removing the swdes entry for  C:/unswworks/workspace/project_plat/psu_cortexa53_0/standalone_domain/bsp/system.mss
TRACE::2025-11-13.13:49:07::SCWPlatform::Trying to open the hw design at C:/unswworks/workspace/project_plat/hw/v2.0.xsa
TRACE::2025-11-13.13:49:07::SCWPlatform::DSA given C:/unswworks/workspace/project_plat/hw/v2.0.xsa
TRACE::2025-11-13.13:49:07::SCWPlatform::DSA absoulate path C:/unswworks/workspace/project_plat/hw/v2.0.xsa
TRACE::2025-11-13.13:49:07::SCWPlatform::DSA directory C:/unswworks/workspace/project_plat/hw
TRACE::2025-11-13.13:49:07::SCWPlatform:: Platform Path C:/unswworks/workspace/project_plat/hw/v2.0.xsa
TRACE::2025-11-13.13:49:07::SCWPlatform:: Unique name xilinx:kv260_som::0.0
TRACE::2025-11-13.13:49:07::SCWPlatform::Trying to set the existing hwdb with name design_1_wrapper_1
TRACE::2025-11-13.13:49:07::SCWPlatform::Opened existing hwdb design_1_wrapper_1
TRACE::2025-11-13.13:49:07::SCWPlatform::Found the Hw Db part of the input DSA
TRACE::2025-11-13.13:49:07::SCWMssOS::Checking the sw design at  C:/unswworks/workspace/project_plat/psu_cortexa53_0/standalone_domain/bsp/system.mss
TRACE::2025-11-13.13:49:07::SCWMssOS::DEBUG:  swdes dump  C:/unswworks/workspace/147/zynqmp_fsbl/zynqmp_fsbl_bsp/system.mss|system_2||
C:/unswworks/workspace/147/zynqmp_pmufw/zynqmp_pmufw_bsp/system.mss|system_3||
C:/unswworks/workspace/project_plat/zynqmp_fsbl/zynqmp_fsbl_bsp/system.mss|system||
C:/unswworks/workspace/project_plat/zynqmp_pmufw/zynqmp_pmufw_bsp/system.mss|system_0||

TRACE::2025-11-13.13:49:07::SCWMssOS::No sw design opened at  C:/unswworks/workspace/project_plat/psu_cortexa53_0/standalone_domain/bsp/system.mss
TRACE::2025-11-13.13:49:07::SCWMssOS::mss exists loading the mss file  C:/unswworks/workspace/project_plat/psu_cortexa53_0/standalone_domain/bsp/system.mss
TRACE::2025-11-13.13:49:07::SCWMssOS::Opened the sw design from mss  C:/unswworks/workspace/project_plat/psu_cortexa53_0/standalone_domain/bsp/system.mss
TRACE::2025-11-13.13:49:07::SCWMssOS::Adding the swdes entry C:/unswworks/workspace/project_plat/psu_cortexa53_0/standalone_domain/bsp/system.mss with des name system_4
TRACE::2025-11-13.13:49:07::SCWMssOS::updating the scw layer about changes
TRACE::2025-11-13.13:49:07::SCWMssOS::Opened the sw design.  C:/unswworks/workspace/project_plat/psu_cortexa53_0/standalone_domain/bsp/system.mss
TRACE::2025-11-13.13:49:07::SCWMssOS::Completed writing the mss file at C:/unswworks/workspace/project_plat/psu_cortexa53_0/standalone_domain/bsp
TRACE::2025-11-13.13:49:07::SCWMssOS::Forcing BSP Sources regeneration.
KEYINFO::2025-11-13.13:49:10::SCWMssOS::Removing file C:/unswworks/workspace/project_plat/psu_cortexa53_0/standalone_domain/bsp\system_4.mss
LOG::2025-11-13.13:49:15::SCWPlatform::Started generating the artifacts platform project_plat
TRACE::2025-11-13.13:49:15::SCWPlatform::Sanity checking of platform is completed
LOG::2025-11-13.13:49:15::SCWPlatform::Started generating the artifacts for system configuration project_plat
LOG::2025-11-13.13:49:15::SCWSystem::Checking the domain zynqmp_fsbl
LOG::2025-11-13.13:49:15::SCWSystem::Doing application build for :  zynqmp_fsbl
TRACE::2025-11-13.13:49:15::SCWBDomain::Not a forced makefile updation, No changes are present. 
TRACE::2025-11-13.13:49:15::SCWDomain::Skipping the build for domain :  zynqmp_fsbl
LOG::2025-11-13.13:49:15::SCWSystem::Checking the domain zynqmp_pmufw
LOG::2025-11-13.13:49:15::SCWSystem::Doing application build for :  zynqmp_pmufw
TRACE::2025-11-13.13:49:15::SCWBDomain::Not a forced makefile updation, No changes are present. 
TRACE::2025-11-13.13:49:15::SCWDomain::Skipping the build for domain :  zynqmp_pmufw
LOG::2025-11-13.13:49:15::SCWSystem::Checking the domain standalone_domain
LOG::2025-11-13.13:49:15::SCWSystem::Not a boot domain 
LOG::2025-11-13.13:49:15::SCWSystem::Started Processing the domain standalone_domain
TRACE::2025-11-13.13:49:15::SCWDomain::Generating domain artifcats
TRACE::2025-11-13.13:49:15::SCWMssOS::Generating standalone artifcats
TRACE::2025-11-13.13:49:15::SCWMssOS::Copying the qemu file from  C:/unswworks/workspace/project_plat/resources/project_plat/standalone_domain/qemu_args.txt To C:/unswworks/workspace/project_plat/export/project_plat/sw/project_plat/qemu/
TRACE::2025-11-13.13:49:15::SCWMssOS::Copying the qemu file from  C:/unswworks/workspace/project_plat/resources/project_plat/standalone_domain/qemu_args.txt To C:/unswworks/workspace/project_plat/export/project_plat/sw/project_plat/qemu/
TRACE::2025-11-13.13:49:15::SCWMssOS::Copying the qemu file from  C:/unswworks/workspace/project_plat/resources/project_plat/standalone_domain/qemu_args.txt To C:/unswworks/workspace/project_plat/export/project_plat/sw/project_plat/standalone_domain/qemu/
TRACE::2025-11-13.13:49:15::SCWMssOS::Copying the qemu file from  C:/unswworks/workspace/project_plat/resources/project_plat/standalone_domain/qemu_args.txt To C:/unswworks/workspace/project_plat/export/project_plat/sw/project_plat/standalone_domain/qemu/
TRACE::2025-11-13.13:49:15::SCWMssOS:: Copying the user libraries. 
TRACE::2025-11-13.13:49:15::SCWPlatform::Trying to open the hw design at C:/unswworks/workspace/project_plat/hw/v2.0.xsa
TRACE::2025-11-13.13:49:15::SCWPlatform::DSA given C:/unswworks/workspace/project_plat/hw/v2.0.xsa
TRACE::2025-11-13.13:49:15::SCWPlatform::DSA absoulate path C:/unswworks/workspace/project_plat/hw/v2.0.xsa
TRACE::2025-11-13.13:49:15::SCWPlatform::DSA directory C:/unswworks/workspace/project_plat/hw
TRACE::2025-11-13.13:49:15::SCWPlatform:: Platform Path C:/unswworks/workspace/project_plat/hw/v2.0.xsa
TRACE::2025-11-13.13:49:15::SCWPlatform:: Unique name xilinx:kv260_som::0.0
TRACE::2025-11-13.13:49:15::SCWPlatform::Trying to set the existing hwdb with name design_1_wrapper_1
TRACE::2025-11-13.13:49:15::SCWPlatform::Opened existing hwdb design_1_wrapper_1
TRACE::2025-11-13.13:49:15::SCWPlatform::Found the Hw Db part of the input DSA
TRACE::2025-11-13.13:49:15::SCWMssOS::Checking the sw design at  C:/unswworks/workspace/project_plat/psu_cortexa53_0/standalone_domain/bsp/system.mss
TRACE::2025-11-13.13:49:15::SCWMssOS::DEBUG:  swdes dump  C:/unswworks/workspace/147/zynqmp_fsbl/zynqmp_fsbl_bsp/system.mss|system_2||
C:/unswworks/workspace/147/zynqmp_pmufw/zynqmp_pmufw_bsp/system.mss|system_3||
C:/unswworks/workspace/project_plat/zynqmp_fsbl/zynqmp_fsbl_bsp/system.mss|system||
C:/unswworks/workspace/project_plat/zynqmp_pmufw/zynqmp_pmufw_bsp/system.mss|system_0||

TRACE::2025-11-13.13:49:15::SCWMssOS::No sw design opened at  C:/unswworks/workspace/project_plat/psu_cortexa53_0/standalone_domain/bsp/system.mss
TRACE::2025-11-13.13:49:15::SCWMssOS::mss exists loading the mss file  C:/unswworks/workspace/project_plat/psu_cortexa53_0/standalone_domain/bsp/system.mss
TRACE::2025-11-13.13:49:15::SCWMssOS::Opened the sw design from mss  C:/unswworks/workspace/project_plat/psu_cortexa53_0/standalone_domain/bsp/system.mss
TRACE::2025-11-13.13:49:15::SCWMssOS::Adding the swdes entry C:/unswworks/workspace/project_plat/psu_cortexa53_0/standalone_domain/bsp/system.mss with des name system_4
TRACE::2025-11-13.13:49:15::SCWMssOS::updating the scw layer about changes
TRACE::2025-11-13.13:49:15::SCWMssOS::Opened the sw design.  C:/unswworks/workspace/project_plat/psu_cortexa53_0/standalone_domain/bsp/system.mss
TRACE::2025-11-13.13:49:15::SCWMssOS::Completed writing the mss file at C:/unswworks/workspace/project_plat/psu_cortexa53_0/standalone_domain/bsp
TRACE::2025-11-13.13:49:15::SCWMssOS::Mss edits present, copying mssfile into export location C:/unswworks/workspace/project_plat/psu_cortexa53_0/standalone_domain/bsp/system.mss
TRACE::2025-11-13.13:49:15::SCWMssOS::bsp generated is upto date with the mss file. Skipping bsp generation.
TRACE::2025-11-13.13:49:15::SCWMssOS::BSP is already built. skipping the bsp build ... 
TRACE::2025-11-13.13:49:15::SCWDomain::Building the domain :  standalone_domain
TRACE::2025-11-13.13:49:15::SCWMssOS::doing bsp build ... 
TRACE::2025-11-13.13:49:15::SCWMssOS::System Command Ran  C: & cd  C:/unswworks/workspace/project_plat/psu_cortexa53_0/standalone_domain/bsp & make 
TRACE::2025-11-13.13:49:15::SCWMssOS::make --no-print-directory seq_libs

TRACE::2025-11-13.13:49:15::SCWMssOS::'Finished building libraries sequentially.'

TRACE::2025-11-13.13:49:15::SCWMssOS::make -j 10 --no-print-directory par_libs

TRACE::2025-11-13.13:49:15::SCWMssOS::"Running Make include in psu_cortexa53_0/libsrc/axidma_v9_18/src"

TRACE::2025-11-13.13:49:15::SCWMssOS::make -C psu_cortexa53_0/libsrc/axidma_v9_18/src -s include  "SHELL=CMD" "COMPILER=aarch64-none-elf-gcc" "ASSEMBLER=aarch64-none
TRACE::2025-11-13.13:49:15::SCWMssOS::-elf-as" "ARCHIVER=aarch64-none-elf-ar" "COMPILER_FLAGS=  -O2 -c" "EXTRA_COMPILER_FLAGS=-g -Wall -Wextra -fno-tree-loop-distrib
TRACE::2025-11-13.13:49:15::SCWMssOS::ute-patterns"

TRACE::2025-11-13.13:49:15::SCWMssOS::"Running Make include in psu_cortexa53_0/libsrc/axipmon_v6_11/src"

TRACE::2025-11-13.13:49:16::SCWMssOS::make -C psu_cortexa53_0/libsrc/axipmon_v6_11/src -s include  "SHELL=CMD" "COMPILER=aarch64-none-elf-gcc" "ASSEMBLER=aarch64-non
TRACE::2025-11-13.13:49:16::SCWMssOS::e-elf-as" "ARCHIVER=aarch64-none-elf-ar" "COMPILER_FLAGS=  -O2 -c" "EXTRA_COMPILER_FLAGS=-g -Wall -Wextra -fno-tree-loop-distri
TRACE::2025-11-13.13:49:16::SCWMssOS::bute-patterns"

TRACE::2025-11-13.13:49:16::SCWMssOS::"Running Make include in psu_cortexa53_0/libsrc/clockps_v1_6/src"

TRACE::2025-11-13.13:49:16::SCWMssOS::make -C psu_cortexa53_0/libsrc/clockps_v1_6/src -s include  "SHELL=CMD" "COMPILER=aarch64-none-elf-gcc" "ASSEMBLER=aarch64-none
TRACE::2025-11-13.13:49:16::SCWMssOS::-elf-as" "ARCHIVER=aarch64-none-elf-ar" "COMPILER_FLAGS=  -O2 -c" "EXTRA_COMPILER_FLAGS=-g -Wall -Wextra -fno-tree-loop-distrib
TRACE::2025-11-13.13:49:16::SCWMssOS::ute-patterns"

TRACE::2025-11-13.13:49:16::SCWMssOS::"Running Make include in psu_cortexa53_0/libsrc/coresightps_dcc_v1_10/src"

TRACE::2025-11-13.13:49:16::SCWMssOS::make -C psu_cortexa53_0/libsrc/coresightps_dcc_v1_10/src -s include  "SHELL=CMD" "COMPILER=aarch64-none-elf-gcc" "ASSEMBLER=aar
TRACE::2025-11-13.13:49:16::SCWMssOS::ch64-none-elf-as" "ARCHIVER=aarch64-none-elf-ar" "COMPILER_FLAGS=  -O2 -c" "EXTRA_COMPILER_FLAGS=-g -Wall -Wextra -fno-tree-loo
TRACE::2025-11-13.13:49:16::SCWMssOS::p-distribute-patterns"

TRACE::2025-11-13.13:49:16::SCWMssOS::"Running Make include in psu_cortexa53_0/libsrc/cpu_cortexa53_v2_1/src"

TRACE::2025-11-13.13:49:16::SCWMssOS::make -C psu_cortexa53_0/libsrc/cpu_cortexa53_v2_1/src -s include  "SHELL=CMD" "COMPILER=aarch64-none-elf-gcc" "ASSEMBLER=aarch6
TRACE::2025-11-13.13:49:16::SCWMssOS::4-none-elf-as" "ARCHIVER=aarch64-none-elf-ar" "COMPILER_FLAGS=  -O2 -c" "EXTRA_COMPILER_FLAGS=-g -Wall -Wextra -fno-tree-loop-d
TRACE::2025-11-13.13:49:16::SCWMssOS::istribute-patterns"

TRACE::2025-11-13.13:49:16::SCWMssOS::"Running Make include in psu_cortexa53_0/libsrc/csudma_v1_15/src"

TRACE::2025-11-13.13:49:16::SCWMssOS::make -C psu_cortexa53_0/libsrc/csudma_v1_15/src -s include  "SHELL=CMD" "COMPILER=aarch64-none-elf-gcc" "ASSEMBLER=aarch64-none
TRACE::2025-11-13.13:49:16::SCWMssOS::-elf-as" "ARCHIVER=aarch64-none-elf-ar" "COMPILER_FLAGS=  -O2 -c" "EXTRA_COMPILER_FLAGS=-g -Wall -Wextra -fno-tree-loop-distrib
TRACE::2025-11-13.13:49:16::SCWMssOS::ute-patterns"

TRACE::2025-11-13.13:49:16::SCWMssOS::"Running Make include in psu_cortexa53_0/libsrc/ddrcpsu_v1_6/src"

TRACE::2025-11-13.13:49:16::SCWMssOS::make -C psu_cortexa53_0/libsrc/ddrcpsu_v1_6/src -s include  "SHELL=CMD" "COMPILER=aarch64-none-elf-gcc" "ASSEMBLER=aarch64-none
TRACE::2025-11-13.13:49:16::SCWMssOS::-elf-as" "ARCHIVER=aarch64-none-elf-ar" "COMPILER_FLAGS=  -O2 -c" "EXTRA_COMPILER_FLAGS=-g -Wall -Wextra -fno-tree-loop-distrib
TRACE::2025-11-13.13:49:16::SCWMssOS::ute-patterns"

TRACE::2025-11-13.13:49:16::SCWMssOS::"Running Make include in psu_cortexa53_0/libsrc/gpiops_v3_13/src"

TRACE::2025-11-13.13:49:16::SCWMssOS::make -C psu_cortexa53_0/libsrc/gpiops_v3_13/src -s include  "SHELL=CMD" "COMPILER=aarch64-none-elf-gcc" "ASSEMBLER=aarch64-none
TRACE::2025-11-13.13:49:16::SCWMssOS::-elf-as" "ARCHIVER=aarch64-none-elf-ar" "COMPILER_FLAGS=  -O2 -c" "EXTRA_COMPILER_FLAGS=-g -Wall -Wextra -fno-tree-loop-distrib
TRACE::2025-11-13.13:49:16::SCWMssOS::ute-patterns"

TRACE::2025-11-13.13:49:16::SCWMssOS::"Running Make include in psu_cortexa53_0/libsrc/gpio_v4_11/src"

TRACE::2025-11-13.13:49:16::SCWMssOS::make -C psu_cortexa53_0/libsrc/gpio_v4_11/src -s include  "SHELL=CMD" "COMPILER=aarch64-none-elf-gcc" "ASSEMBLER=aarch64-none-e
TRACE::2025-11-13.13:49:16::SCWMssOS::lf-as" "ARCHIVER=aarch64-none-elf-ar" "COMPILER_FLAGS=  -O2 -c" "EXTRA_COMPILER_FLAGS=-g -Wall -Wextra -fno-tree-loop-distribut
TRACE::2025-11-13.13:49:16::SCWMssOS::e-patterns"

TRACE::2025-11-13.13:49:16::SCWMssOS::"Running Make include in psu_cortexa53_0/libsrc/iicps_v3_19/src"

TRACE::2025-11-13.13:49:16::SCWMssOS::make -C psu_cortexa53_0/libsrc/iicps_v3_19/src -s include  "SHELL=CMD" "COMPILER=aarch64-none-elf-gcc" "ASSEMBLER=aarch64-none-
TRACE::2025-11-13.13:49:16::SCWMssOS::elf-as" "ARCHIVER=aarch64-none-elf-ar" "COMPILER_FLAGS=  -O2 -c" "EXTRA_COMPILER_FLAGS=-g -Wall -Wextra -fno-tree-loop-distribu
TRACE::2025-11-13.13:49:16::SCWMssOS::te-patterns"

TRACE::2025-11-13.13:49:16::SCWMssOS::"Running Make include in psu_cortexa53_0/libsrc/ipipsu_v2_15/src"

TRACE::2025-11-13.13:49:16::SCWMssOS::make -C psu_cortexa53_0/libsrc/ipipsu_v2_15/src -s include  "SHELL=CMD" "COMPILER=aarch64-none-elf-gcc" "ASSEMBLER=aarch64-none
TRACE::2025-11-13.13:49:16::SCWMssOS::-elf-as" "ARCHIVER=aarch64-none-elf-ar" "COMPILER_FLAGS=  -O2 -c" "EXTRA_COMPILER_FLAGS=-g -Wall -Wextra -fno-tree-loop-distrib
TRACE::2025-11-13.13:49:16::SCWMssOS::ute-patterns"

TRACE::2025-11-13.13:49:16::SCWMssOS::"Running Make include in psu_cortexa53_0/libsrc/qspipsu_v1_19/src"

TRACE::2025-11-13.13:49:16::SCWMssOS::make -C psu_cortexa53_0/libsrc/qspipsu_v1_19/src -s include  "SHELL=CMD" "COMPILER=aarch64-none-elf-gcc" "ASSEMBLER=aarch64-non
TRACE::2025-11-13.13:49:16::SCWMssOS::e-elf-as" "ARCHIVER=aarch64-none-elf-ar" "COMPILER_FLAGS=  -O2 -c" "EXTRA_COMPILER_FLAGS=-g -Wall -Wextra -fno-tree-loop-distri
TRACE::2025-11-13.13:49:16::SCWMssOS::bute-patterns"

TRACE::2025-11-13.13:49:16::SCWMssOS::"Running Make include in psu_cortexa53_0/libsrc/resetps_v1_7/src"

TRACE::2025-11-13.13:49:16::SCWMssOS::make -C psu_cortexa53_0/libsrc/resetps_v1_7/src -s include  "SHELL=CMD" "COMPILER=aarch64-none-elf-gcc" "ASSEMBLER=aarch64-none
TRACE::2025-11-13.13:49:16::SCWMssOS::-elf-as" "ARCHIVER=aarch64-none-elf-ar" "COMPILER_FLAGS=  -O2 -c" "EXTRA_COMPILER_FLAGS=-g -Wall -Wextra -fno-tree-loop-distrib
TRACE::2025-11-13.13:49:16::SCWMssOS::ute-patterns"

TRACE::2025-11-13.13:49:16::SCWMssOS::"Running Make include in psu_cortexa53_0/libsrc/rtcpsu_v1_14/src"

TRACE::2025-11-13.13:49:16::SCWMssOS::make -C psu_cortexa53_0/libsrc/rtcpsu_v1_14/src -s include  "SHELL=CMD" "COMPILER=aarch64-none-elf-gcc" "ASSEMBLER=aarch64-none
TRACE::2025-11-13.13:49:16::SCWMssOS::-elf-as" "ARCHIVER=aarch64-none-elf-ar" "COMPILER_FLAGS=  -O2 -c" "EXTRA_COMPILER_FLAGS=-g -Wall -Wextra -fno-tree-loop-distrib
TRACE::2025-11-13.13:49:16::SCWMssOS::ute-patterns"

TRACE::2025-11-13.13:49:16::SCWMssOS::"Running Make include in psu_cortexa53_0/libsrc/scugic_v5_3/src"

TRACE::2025-11-13.13:49:16::SCWMssOS::make -C psu_cortexa53_0/libsrc/scugic_v5_3/src -s include  "SHELL=CMD" "COMPILER=aarch64-none-elf-gcc" "ASSEMBLER=aarch64-none-
TRACE::2025-11-13.13:49:16::SCWMssOS::elf-as" "ARCHIVER=aarch64-none-elf-ar" "COMPILER_FLAGS=  -O2 -c" "EXTRA_COMPILER_FLAGS=-g -Wall -Wextra -fno-tree-loop-distribu
TRACE::2025-11-13.13:49:16::SCWMssOS::te-patterns"

TRACE::2025-11-13.13:49:16::SCWMssOS::"Running Make include in psu_cortexa53_0/libsrc/sdps_v4_3/src"

TRACE::2025-11-13.13:49:16::SCWMssOS::make -C psu_cortexa53_0/libsrc/sdps_v4_3/src -s include  "SHELL=CMD" "COMPILER=aarch64-none-elf-gcc" "ASSEMBLER=aarch64-none-el
TRACE::2025-11-13.13:49:16::SCWMssOS::f-as" "ARCHIVER=aarch64-none-elf-ar" "COMPILER_FLAGS=  -O2 -c" "EXTRA_COMPILER_FLAGS=-g -Wall -Wextra -fno-tree-loop-distribute
TRACE::2025-11-13.13:49:16::SCWMssOS::-patterns"

TRACE::2025-11-13.13:49:16::SCWMssOS::"Running Make include in psu_cortexa53_0/libsrc/spips_v3_10/src"

TRACE::2025-11-13.13:49:16::SCWMssOS::make -C psu_cortexa53_0/libsrc/spips_v3_10/src -s include  "SHELL=CMD" "COMPILER=aarch64-none-elf-gcc" "ASSEMBLER=aarch64-none-
TRACE::2025-11-13.13:49:16::SCWMssOS::elf-as" "ARCHIVER=aarch64-none-elf-ar" "COMPILER_FLAGS=  -O2 -c" "EXTRA_COMPILER_FLAGS=-g -Wall -Wextra -fno-tree-loop-distribu
TRACE::2025-11-13.13:49:16::SCWMssOS::te-patterns"

TRACE::2025-11-13.13:49:16::SCWMssOS::"Running Make include in psu_cortexa53_0/libsrc/standalone_v9_1/src"

TRACE::2025-11-13.13:49:16::SCWMssOS::make -C psu_cortexa53_0/libsrc/standalone_v9_1/src -s include  "SHELL=CMD" "COMPILER=aarch64-none-elf-gcc" "ASSEMBLER=aarch64-n
TRACE::2025-11-13.13:49:16::SCWMssOS::one-elf-as" "ARCHIVER=aarch64-none-elf-ar" "COMPILER_FLAGS=  -O2 -c" "EXTRA_COMPILER_FLAGS=-g -Wall -Wextra -fno-tree-loop-dist
TRACE::2025-11-13.13:49:16::SCWMssOS::ribute-patterns"

TRACE::2025-11-13.13:49:16::SCWMssOS::"Running Make include in psu_cortexa53_0/libsrc/sysmonpsu_v2_10/src"

TRACE::2025-11-13.13:49:16::SCWMssOS::make -C psu_cortexa53_0/libsrc/sysmonpsu_v2_10/src -s include  "SHELL=CMD" "COMPILER=aarch64-none-elf-gcc" "ASSEMBLER=aarch64-n
TRACE::2025-11-13.13:49:16::SCWMssOS::one-elf-as" "ARCHIVER=aarch64-none-elf-ar" "COMPILER_FLAGS=  -O2 -c" "EXTRA_COMPILER_FLAGS=-g -Wall -Wextra -fno-tree-loop-dist
TRACE::2025-11-13.13:49:16::SCWMssOS::ribute-patterns"

TRACE::2025-11-13.13:49:16::SCWMssOS::"Running Make include in psu_cortexa53_0/libsrc/ttcps_v3_19/src"

TRACE::2025-11-13.13:49:16::SCWMssOS::make -C psu_cortexa53_0/libsrc/ttcps_v3_19/src -s include  "SHELL=CMD" "COMPILER=aarch64-none-elf-gcc" "ASSEMBLER=aarch64-none-
TRACE::2025-11-13.13:49:16::SCWMssOS::elf-as" "ARCHIVER=aarch64-none-elf-ar" "COMPILER_FLAGS=  -O2 -c" "EXTRA_COMPILER_FLAGS=-g -Wall -Wextra -fno-tree-loop-distribu
TRACE::2025-11-13.13:49:16::SCWMssOS::te-patterns"

TRACE::2025-11-13.13:49:16::SCWMssOS::"Running Make include in psu_cortexa53_0/libsrc/uartps_v3_14/src"

TRACE::2025-11-13.13:49:16::SCWMssOS::"Running Make include in psu_cortexa53_0/libsrc/wdtps_v3_7/src"

TRACE::2025-11-13.13:49:16::SCWMssOS::make -C psu_cortexa53_0/libsrc/uartps_v3_14/src -s include  "SHELL=CMD" "COMPILER=aarch64-none-elf-gcc" "ASSEMBLER=aarch64-none
TRACE::2025-11-13.13:49:16::SCWMssOS::-elf-as" "ARCHIVER=aarch64-none-elf-ar" "COMPILER_FLAGS=  -O2 -c" "EXTRA_COMPILER_FLAGS=-g -Wall -Wextra -fno-tree-loop-distrib
TRACE::2025-11-13.13:49:16::SCWMssOS::ute-patterns"

TRACE::2025-11-13.13:49:16::SCWMssOS::make -C psu_cortexa53_0/libsrc/wdtps_v3_7/src -s include  "SHELL=CMD" "COMPILER=aarch64-none-elf-gcc" "ASSEMBLER=aarch64-none-e
TRACE::2025-11-13.13:49:16::SCWMssOS::lf-as" "ARCHIVER=aarch64-none-elf-ar" "COMPILER_FLAGS=  -O2 -c" "EXTRA_COMPILER_FLAGS=-g -Wall -Wextra -fno-tree-loop-distribut
TRACE::2025-11-13.13:49:16::SCWMssOS::e-patterns"

TRACE::2025-11-13.13:49:16::SCWMssOS::"Running Make include in psu_cortexa53_0/libsrc/xilffs_v5_2/src"

TRACE::2025-11-13.13:49:16::SCWMssOS::make -C psu_cortexa53_0/libsrc/xilffs_v5_2/src -s include  "SHELL=CMD" "COMPILER=aarch64-none-elf-gcc" "ASSEMBLER=aarch64-none-
TRACE::2025-11-13.13:49:16::SCWMssOS::elf-as" "ARCHIVER=aarch64-none-elf-ar" "COMPILER_FLAGS=  -O2 -c" "EXTRA_COMPILER_FLAGS=-g -Wall -Wextra -fno-tree-loop-distribu
TRACE::2025-11-13.13:49:16::SCWMssOS::te-patterns"

TRACE::2025-11-13.13:49:16::SCWMssOS::"Running Make include in psu_cortexa53_0/libsrc/zdma_v1_18/src"

TRACE::2025-11-13.13:49:16::SCWMssOS::make -C psu_cortexa53_0/libsrc/zdma_v1_18/src -s include  "SHELL=CMD" "COMPILER=aarch64-none-elf-gcc" "ASSEMBLER=aarch64-none-e
TRACE::2025-11-13.13:49:16::SCWMssOS::lf-as" "ARCHIVER=aarch64-none-elf-ar" "COMPILER_FLAGS=  -O2 -c" "EXTRA_COMPILER_FLAGS=-g -Wall -Wextra -fno-tree-loop-distribut
TRACE::2025-11-13.13:49:16::SCWMssOS::e-patterns"

TRACE::2025-11-13.13:49:16::SCWMssOS::"Running Make libs in psu_cortexa53_0/libsrc/axidma_v9_18/src"

TRACE::2025-11-13.13:49:16::SCWMssOS::make -C psu_cortexa53_0/libsrc/axidma_v9_18/src -s libs  "SHELL=CMD" "COMPILER=aarch64-none-elf-gcc" "ASSEMBLER=aarch64-none-el
TRACE::2025-11-13.13:49:16::SCWMssOS::f-as" "ARCHIVER=aarch64-none-elf-ar" "COMPILER_FLAGS=  -O2 -c" "EXTRA_COMPILER_FLAGS=-g -Wall -Wextra -fno-tree-loop-distribute
TRACE::2025-11-13.13:49:16::SCWMssOS::-patterns"

TRACE::2025-11-13.13:49:16::SCWMssOS::"Running Make libs in psu_cortexa53_0/libsrc/axipmon_v6_11/src"

TRACE::2025-11-13.13:49:16::SCWMssOS::make -C psu_cortexa53_0/libsrc/axipmon_v6_11/src -s libs  "SHELL=CMD" "COMPILER=aarch64-none-elf-gcc" "ASSEMBLER=aarch64-none-e
TRACE::2025-11-13.13:49:16::SCWMssOS::lf-as" "ARCHIVER=aarch64-none-elf-ar" "COMPILER_FLAGS=  -O2 -c" "EXTRA_COMPILER_FLAGS=-g -Wall -Wextra -fno-tree-loop-distribut
TRACE::2025-11-13.13:49:16::SCWMssOS::e-patterns"

TRACE::2025-11-13.13:49:16::SCWMssOS::"Running Make libs in psu_cortexa53_0/libsrc/clockps_v1_6/src"

TRACE::2025-11-13.13:49:16::SCWMssOS::make -C psu_cortexa53_0/libsrc/clockps_v1_6/src -s libs  "SHELL=CMD" "COMPILER=aarch64-none-elf-gcc" "ASSEMBLER=aarch64-none-el
TRACE::2025-11-13.13:49:16::SCWMssOS::f-as" "ARCHIVER=aarch64-none-elf-ar" "COMPILER_FLAGS=  -O2 -c" "EXTRA_COMPILER_FLAGS=-g -Wall -Wextra -fno-tree-loop-distribute
TRACE::2025-11-13.13:49:16::SCWMssOS::-patterns"

TRACE::2025-11-13.13:49:16::SCWMssOS::"Running Make libs in psu_cortexa53_0/libsrc/coresightps_dcc_v1_10/src"

TRACE::2025-11-13.13:49:16::SCWMssOS::make -C psu_cortexa53_0/libsrc/coresightps_dcc_v1_10/src -s libs  "SHELL=CMD" "COMPILER=aarch64-none-elf-gcc" "ASSEMBLER=aarch6
TRACE::2025-11-13.13:49:16::SCWMssOS::4-none-elf-as" "ARCHIVER=aarch64-none-elf-ar" "COMPILER_FLAGS=  -O2 -c" "EXTRA_COMPILER_FLAGS=-g -Wall -Wextra -fno-tree-loop-d
TRACE::2025-11-13.13:49:16::SCWMssOS::istribute-patterns"

TRACE::2025-11-13.13:49:16::SCWMssOS::"Running Make libs in psu_cortexa53_0/libsrc/cpu_cortexa53_v2_1/src"

TRACE::2025-11-13.13:49:16::SCWMssOS::make -C psu_cortexa53_0/libsrc/cpu_cortexa53_v2_1/src -s libs  "SHELL=CMD" "COMPILER=aarch64-none-elf-gcc" "ASSEMBLER=aarch64-n
TRACE::2025-11-13.13:49:16::SCWMssOS::one-elf-as" "ARCHIVER=aarch64-none-elf-ar" "COMPILER_FLAGS=  -O2 -c" "EXTRA_COMPILER_FLAGS=-g -Wall -Wextra -fno-tree-loop-dist
TRACE::2025-11-13.13:49:16::SCWMssOS::ribute-patterns"

TRACE::2025-11-13.13:49:16::SCWMssOS::"Running Make libs in psu_cortexa53_0/libsrc/csudma_v1_15/src"

TRACE::2025-11-13.13:49:16::SCWMssOS::make -C psu_cortexa53_0/libsrc/csudma_v1_15/src -s libs  "SHELL=CMD" "COMPILER=aarch64-none-elf-gcc" "ASSEMBLER=aarch64-none-el
TRACE::2025-11-13.13:49:16::SCWMssOS::f-as" "ARCHIVER=aarch64-none-elf-ar" "COMPILER_FLAGS=  -O2 -c" "EXTRA_COMPILER_FLAGS=-g -Wall -Wextra -fno-tree-loop-distribute
TRACE::2025-11-13.13:49:16::SCWMssOS::-patterns"

TRACE::2025-11-13.13:49:17::SCWMssOS::"Running Make libs in psu_cortexa53_0/libsrc/ddrcpsu_v1_6/src"

TRACE::2025-11-13.13:49:17::SCWMssOS::make -C psu_cortexa53_0/libsrc/ddrcpsu_v1_6/src -s libs  "SHELL=CMD" "COMPILER=aarch64-none-elf-gcc" "ASSEMBLER=aarch64-none-el
TRACE::2025-11-13.13:49:17::SCWMssOS::f-as" "ARCHIVER=aarch64-none-elf-ar" "COMPILER_FLAGS=  -O2 -c" "EXTRA_COMPILER_FLAGS=-g -Wall -Wextra -fno-tree-loop-distribute
TRACE::2025-11-13.13:49:17::SCWMssOS::-patterns"

TRACE::2025-11-13.13:49:17::SCWMssOS::"Running Make libs in psu_cortexa53_0/libsrc/gpiops_v3_13/src"

TRACE::2025-11-13.13:49:17::SCWMssOS::make -C psu_cortexa53_0/libsrc/gpiops_v3_13/src -s libs  "SHELL=CMD" "COMPILER=aarch64-none-elf-gcc" "ASSEMBLER=aarch64-none-el
TRACE::2025-11-13.13:49:17::SCWMssOS::f-as" "ARCHIVER=aarch64-none-elf-ar" "COMPILER_FLAGS=  -O2 -c" "EXTRA_COMPILER_FLAGS=-g -Wall -Wextra -fno-tree-loop-distribute
TRACE::2025-11-13.13:49:17::SCWMssOS::-patterns"

TRACE::2025-11-13.13:49:17::SCWMssOS::"Running Make libs in psu_cortexa53_0/libsrc/gpio_v4_11/src"

TRACE::2025-11-13.13:49:17::SCWMssOS::make -C psu_cortexa53_0/libsrc/gpio_v4_11/src -s libs  "SHELL=CMD" "COMPILER=aarch64-none-elf-gcc" "ASSEMBLER=aarch64-none-elf-
TRACE::2025-11-13.13:49:17::SCWMssOS::as" "ARCHIVER=aarch64-none-elf-ar" "COMPILER_FLAGS=  -O2 -c" "EXTRA_COMPILER_FLAGS=-g -Wall -Wextra -fno-tree-loop-distribute-p
TRACE::2025-11-13.13:49:17::SCWMssOS::atterns"

TRACE::2025-11-13.13:49:17::SCWMssOS::"Running Make libs in psu_cortexa53_0/libsrc/iicps_v3_19/src"

TRACE::2025-11-13.13:49:17::SCWMssOS::make -C psu_cortexa53_0/libsrc/iicps_v3_19/src -s libs  "SHELL=CMD" "COMPILER=aarch64-none-elf-gcc" "ASSEMBLER=aarch64-none-elf
TRACE::2025-11-13.13:49:17::SCWMssOS::-as" "ARCHIVER=aarch64-none-elf-ar" "COMPILER_FLAGS=  -O2 -c" "EXTRA_COMPILER_FLAGS=-g -Wall -Wextra -fno-tree-loop-distribute-
TRACE::2025-11-13.13:49:17::SCWMssOS::patterns"

TRACE::2025-11-13.13:49:17::SCWMssOS::"Running Make libs in psu_cortexa53_0/libsrc/ipipsu_v2_15/src"

TRACE::2025-11-13.13:49:17::SCWMssOS::make -C psu_cortexa53_0/libsrc/ipipsu_v2_15/src -s libs  "SHELL=CMD" "COMPILER=aarch64-none-elf-gcc" "ASSEMBLER=aarch64-none-el
TRACE::2025-11-13.13:49:17::SCWMssOS::f-as" "ARCHIVER=aarch64-none-elf-ar" "COMPILER_FLAGS=  -O2 -c" "EXTRA_COMPILER_FLAGS=-g -Wall -Wextra -fno-tree-loop-distribute
TRACE::2025-11-13.13:49:17::SCWMssOS::-patterns"

TRACE::2025-11-13.13:49:17::SCWMssOS::"Running Make libs in psu_cortexa53_0/libsrc/qspipsu_v1_19/src"

TRACE::2025-11-13.13:49:17::SCWMssOS::make -C psu_cortexa53_0/libsrc/qspipsu_v1_19/src -s libs  "SHELL=CMD" "COMPILER=aarch64-none-elf-gcc" "ASSEMBLER=aarch64-none-e
TRACE::2025-11-13.13:49:17::SCWMssOS::lf-as" "ARCHIVER=aarch64-none-elf-ar" "COMPILER_FLAGS=  -O2 -c" "EXTRA_COMPILER_FLAGS=-g -Wall -Wextra -fno-tree-loop-distribut
TRACE::2025-11-13.13:49:17::SCWMssOS::e-patterns"

TRACE::2025-11-13.13:49:17::SCWMssOS::"Running Make libs in psu_cortexa53_0/libsrc/resetps_v1_7/src"

TRACE::2025-11-13.13:49:17::SCWMssOS::make -C psu_cortexa53_0/libsrc/resetps_v1_7/src -s libs  "SHELL=CMD" "COMPILER=aarch64-none-elf-gcc" "ASSEMBLER=aarch64-none-el
TRACE::2025-11-13.13:49:17::SCWMssOS::f-as" "ARCHIVER=aarch64-none-elf-ar" "COMPILER_FLAGS=  -O2 -c" "EXTRA_COMPILER_FLAGS=-g -Wall -Wextra -fno-tree-loop-distribute
TRACE::2025-11-13.13:49:17::SCWMssOS::-patterns"

TRACE::2025-11-13.13:49:17::SCWMssOS::"Running Make libs in psu_cortexa53_0/libsrc/rtcpsu_v1_14/src"

TRACE::2025-11-13.13:49:17::SCWMssOS::make -C psu_cortexa53_0/libsrc/rtcpsu_v1_14/src -s libs  "SHELL=CMD" "COMPILER=aarch64-none-elf-gcc" "ASSEMBLER=aarch64-none-el
TRACE::2025-11-13.13:49:17::SCWMssOS::f-as" "ARCHIVER=aarch64-none-elf-ar" "COMPILER_FLAGS=  -O2 -c" "EXTRA_COMPILER_FLAGS=-g -Wall -Wextra -fno-tree-loop-distribute
TRACE::2025-11-13.13:49:17::SCWMssOS::-patterns"

TRACE::2025-11-13.13:49:17::SCWMssOS::"Running Make libs in psu_cortexa53_0/libsrc/scugic_v5_3/src"

TRACE::2025-11-13.13:49:17::SCWMssOS::make -C psu_cortexa53_0/libsrc/scugic_v5_3/src -s libs  "SHELL=CMD" "COMPILER=aarch64-none-elf-gcc" "ASSEMBLER=aarch64-none-elf
TRACE::2025-11-13.13:49:17::SCWMssOS::-as" "ARCHIVER=aarch64-none-elf-ar" "COMPILER_FLAGS=  -O2 -c" "EXTRA_COMPILER_FLAGS=-g -Wall -Wextra -fno-tree-loop-distribute-
TRACE::2025-11-13.13:49:17::SCWMssOS::patterns"

TRACE::2025-11-13.13:49:17::SCWMssOS::"Running Make libs in psu_cortexa53_0/libsrc/sdps_v4_3/src"

TRACE::2025-11-13.13:49:17::SCWMssOS::make -C psu_cortexa53_0/libsrc/sdps_v4_3/src -s libs  "SHELL=CMD" "COMPILER=aarch64-none-elf-gcc" "ASSEMBLER=aarch64-none-elf-a
TRACE::2025-11-13.13:49:17::SCWMssOS::s" "ARCHIVER=aarch64-none-elf-ar" "COMPILER_FLAGS=  -O2 -c" "EXTRA_COMPILER_FLAGS=-g -Wall -Wextra -fno-tree-loop-distribute-pa
TRACE::2025-11-13.13:49:17::SCWMssOS::tterns"

TRACE::2025-11-13.13:49:18::SCWMssOS::"Running Make libs in psu_cortexa53_0/libsrc/spips_v3_10/src"

TRACE::2025-11-13.13:49:18::SCWMssOS::make -C psu_cortexa53_0/libsrc/spips_v3_10/src -s libs  "SHELL=CMD" "COMPILER=aarch64-none-elf-gcc" "ASSEMBLER=aarch64-none-elf
TRACE::2025-11-13.13:49:18::SCWMssOS::-as" "ARCHIVER=aarch64-none-elf-ar" "COMPILER_FLAGS=  -O2 -c" "EXTRA_COMPILER_FLAGS=-g -Wall -Wextra -fno-tree-loop-distribute-
TRACE::2025-11-13.13:49:18::SCWMssOS::patterns"

TRACE::2025-11-13.13:49:18::SCWMssOS::"Running Make libs in psu_cortexa53_0/libsrc/standalone_v9_1/src"

TRACE::2025-11-13.13:49:18::SCWMssOS::make -C psu_cortexa53_0/libsrc/standalone_v9_1/src -s libs  "SHELL=CMD" "COMPILER=aarch64-none-elf-gcc" "ASSEMBLER=aarch64-none
TRACE::2025-11-13.13:49:18::SCWMssOS::-elf-as" "ARCHIVER=aarch64-none-elf-ar" "COMPILER_FLAGS=  -O2 -c" "EXTRA_COMPILER_FLAGS=-g -Wall -Wextra -fno-tree-loop-distrib
TRACE::2025-11-13.13:49:18::SCWMssOS::ute-patterns"

TRACE::2025-11-13.13:49:18::SCWMssOS::"Running Make libs in psu_cortexa53_0/libsrc/sysmonpsu_v2_10/src"

TRACE::2025-11-13.13:49:18::SCWMssOS::make -C psu_cortexa53_0/libsrc/sysmonpsu_v2_10/src -s libs  "SHELL=CMD" "COMPILER=aarch64-none-elf-gcc" "ASSEMBLER=aarch64-none
TRACE::2025-11-13.13:49:18::SCWMssOS::-elf-as" "ARCHIVER=aarch64-none-elf-ar" "COMPILER_FLAGS=  -O2 -c" "EXTRA_COMPILER_FLAGS=-g -Wall -Wextra -fno-tree-loop-distrib
TRACE::2025-11-13.13:49:18::SCWMssOS::ute-patterns"

TRACE::2025-11-13.13:49:18::SCWMssOS::"Running Make libs in psu_cortexa53_0/libsrc/ttcps_v3_19/src"

TRACE::2025-11-13.13:49:18::SCWMssOS::make -C psu_cortexa53_0/libsrc/ttcps_v3_19/src -s libs  "SHELL=CMD" "COMPILER=aarch64-none-elf-gcc" "ASSEMBLER=aarch64-none-elf
TRACE::2025-11-13.13:49:18::SCWMssOS::-as" "ARCHIVER=aarch64-none-elf-ar" "COMPILER_FLAGS=  -O2 -c" "EXTRA_COMPILER_FLAGS=-g -Wall -Wextra -fno-tree-loop-distribute-
TRACE::2025-11-13.13:49:18::SCWMssOS::patterns"

TRACE::2025-11-13.13:49:18::SCWMssOS::"Running Make libs in psu_cortexa53_0/libsrc/uartps_v3_14/src"

TRACE::2025-11-13.13:49:18::SCWMssOS::make -C psu_cortexa53_0/libsrc/uartps_v3_14/src -s libs  "SHELL=CMD" "COMPILER=aarch64-none-elf-gcc" "ASSEMBLER=aarch64-none-el
TRACE::2025-11-13.13:49:18::SCWMssOS::f-as" "ARCHIVER=aarch64-none-elf-ar" "COMPILER_FLAGS=  -O2 -c" "EXTRA_COMPILER_FLAGS=-g -Wall -Wextra -fno-tree-loop-distribute
TRACE::2025-11-13.13:49:18::SCWMssOS::-patterns"

TRACE::2025-11-13.13:49:18::SCWMssOS::"Running Make libs in psu_cortexa53_0/libsrc/wdtps_v3_7/src"

TRACE::2025-11-13.13:49:18::SCWMssOS::make -C psu_cortexa53_0/libsrc/wdtps_v3_7/src -s libs  "SHELL=CMD" "COMPILER=aarch64-none-elf-gcc" "ASSEMBLER=aarch64-none-elf-
TRACE::2025-11-13.13:49:18::SCWMssOS::as" "ARCHIVER=aarch64-none-elf-ar" "COMPILER_FLAGS=  -O2 -c" "EXTRA_COMPILER_FLAGS=-g -Wall -Wextra -fno-tree-loop-distribute-p
TRACE::2025-11-13.13:49:18::SCWMssOS::atterns"

TRACE::2025-11-13.13:49:18::SCWMssOS::"Running Make libs in psu_cortexa53_0/libsrc/xilffs_v5_2/src"

TRACE::2025-11-13.13:49:18::SCWMssOS::make -C psu_cortexa53_0/libsrc/xilffs_v5_2/src -s libs  "SHELL=CMD" "COMPILER=aarch64-none-elf-gcc" "ASSEMBLER=aarch64-none-elf
TRACE::2025-11-13.13:49:18::SCWMssOS::-as" "ARCHIVER=aarch64-none-elf-ar" "COMPILER_FLAGS=  -O2 -c" "EXTRA_COMPILER_FLAGS=-g -Wall -Wextra -fno-tree-loop-distribute-
TRACE::2025-11-13.13:49:18::SCWMssOS::patterns"

TRACE::2025-11-13.13:49:18::SCWMssOS::"Running Make libs in psu_cortexa53_0/libsrc/zdma_v1_18/src"

TRACE::2025-11-13.13:49:18::SCWMssOS::make -C psu_cortexa53_0/libsrc/zdma_v1_18/src -s libs  "SHELL=CMD" "COMPILER=aarch64-none-elf-gcc" "ASSEMBLER=aarch64-none-elf-
TRACE::2025-11-13.13:49:18::SCWMssOS::as" "ARCHIVER=aarch64-none-elf-ar" "COMPILER_FLAGS=  -O2 -c" "EXTRA_COMPILER_FLAGS=-g -Wall -Wextra -fno-tree-loop-distribute-p
TRACE::2025-11-13.13:49:18::SCWMssOS::atterns"

TRACE::2025-11-13.13:49:19::SCWMssOS::'Finished building libraries parallelly.'

TRACE::2025-11-13.13:49:19::SCWMssOS::make --no-print-directory archive

TRACE::2025-11-13.13:49:19::SCWMssOS::aarch64-none-elf-ar -r  psu_cortexa53_0/lib/libxil.a psu_cortexa53_0/lib/_exit.o psu_cortexa53_0/lib/_open.o psu_cortexa53_0/li
TRACE::2025-11-13.13:49:19::SCWMssOS::b/_sbrk.o psu_cortexa53_0/lib/abort.o psu_cortexa53_0/lib/asm_vectors.o psu_cortexa53_0/lib/boot.o psu_cortexa53_0/lib/close.o 
TRACE::2025-11-13.13:49:19::SCWMssOS::psu_cortexa53_0/lib/cpputest_time.o psu_cortexa53_0/lib/errno.o psu_cortexa53_0/lib/fcntl.o psu_cortexa53_0/lib/fstat.o psu_cor
TRACE::2025-11-13.13:49:19::SCWMssOS::texa53_0/lib/getentropy.o psu_cortexa53_0/lib/getpid.o psu_cortexa53_0/lib/inbyte.o psu_cortexa53_0/lib/initialise_monitor_hand
TRACE::2025-11-13.13:49:19::SCWMssOS::les.o psu_cortexa53_0/lib/isatty.o psu_cortexa53_0/lib/kill.o psu_cortexa53_0/lib/lseek.o psu_cortexa53_0/lib/open.o psu_cortex
TRACE::2025-11-13.13:49:19::SCWMssOS::a53_0/lib/outbyte.o psu_cortexa53_0/lib/print.o psu_cortexa53_0/lib/putnum.o psu_cortexa53_0/lib/read.o psu_cortexa53_0/lib/sbr
TRACE::2025-11-13.13:49:19::SCWMssOS::k.o psu_cortexa53_0/lib/sleep.o psu_cortexa53_0/lib/time.o psu_cortexa53_0/lib/translation_table.o psu_cortexa53_0/lib/unlink.o
TRACE::2025-11-13.13:49:19::SCWMssOS:: psu_cortexa53_0/lib/vectors.o psu_cortexa53_0/lib/write.o psu_cortexa53_0/lib/xaxidma.o psu_cortexa53_0/lib/xaxidma_bd.o psu_c
TRACE::2025-11-13.13:49:19::SCWMssOS::ortexa53_0/lib/xaxidma_bdring.o psu_cortexa53_0/lib/xaxidma_g.o psu_cortexa53_0/lib/xaxidma_selftest.o psu_cortexa53_0/lib/xaxi
TRACE::2025-11-13.13:49:19::SCWMssOS::dma_sinit.o psu_cortexa53_0/lib/xaxipmon.o psu_cortexa53_0/lib/xaxipmon_g.o psu_cortexa53_0/lib/xaxipmon_selftest.o psu_cortexa
TRACE::2025-11-13.13:49:19::SCWMssOS::53_0/lib/xaxipmon_sinit.o psu_cortexa53_0/lib/xclockps.o psu_cortexa53_0/lib/xclockps_divider.o psu_cortexa53_0/lib/xclockps_fi
TRACE::2025-11-13.13:49:19::SCWMssOS::xedfactor.o psu_cortexa53_0/lib/xclockps_g.o psu_cortexa53_0/lib/xclockps_gate.o psu_cortexa53_0/lib/xclockps_mux.o psu_cortexa
TRACE::2025-11-13.13:49:19::SCWMssOS::53_0/lib/xclockps_pll.o psu_cortexa53_0/lib/xclockps_sinit.o psu_cortexa53_0/lib/xcoresightpsdcc.o psu_cortexa53_0/lib/xcsudma.
TRACE::2025-11-13.13:49:19::SCWMssOS::o psu_cortexa53_0/lib/xcsudma_g.o psu_cortexa53_0/lib/xcsudma_intr.o psu_cortexa53_0/lib/xcsudma_selftest.o psu_cortexa53_0/lib
TRACE::2025-11-13.13:49:19::SCWMssOS::/xcsudma_sinit.o psu_cortexa53_0/lib/xddrcpsu.o psu_cortexa53_0/lib/xddrcpsu_sinit.o psu_cortexa53_0/lib/xgpio.o psu_cortexa53_
TRACE::2025-11-13.13:49:19::SCWMssOS::0/lib/xgpio_extra.o psu_cortexa53_0/lib/xgpio_g.o psu_cortexa53_0/lib/xgpio_intr.o psu_cortexa53_0/lib/xgpio_selftest.o psu_cor
TRACE::2025-11-13.13:49:19::SCWMssOS::texa53_0/lib/xgpio_sinit.o psu_cortexa53_0/lib/xgpiops.o psu_cortexa53_0/lib/xgpiops_g.o psu_cortexa53_0/lib/xgpiops_hw.o psu_c
TRACE::2025-11-13.13:49:19::SCWMssOS::ortexa53_0/lib/xgpiops_intr.o psu_cortexa53_0/lib/xgpiops_selftest.o psu_cortexa53_0/lib/xgpiops_sinit.o psu_cortexa53_0/lib/xi
TRACE::2025-11-13.13:49:19::SCWMssOS::icps.o psu_cortexa53_0/lib/xiicps_g.o psu_cortexa53_0/lib/xiicps_hw.o psu_cortexa53_0/lib/xiicps_intr.o psu_cortexa53_0/lib/xii
TRACE::2025-11-13.13:49:19::SCWMssOS::cps_master.o psu_cortexa53_0/lib/xiicps_options.o psu_cortexa53_0/lib/xiicps_selftest.o psu_cortexa53_0/lib/xiicps_sinit.o psu_
TRACE::2025-11-13.13:49:19::SCWMssOS::cortexa53_0/lib/xiicps_slave.o psu_cortexa53_0/lib/xiicps_xfer.o psu_cortexa53_0/lib/xil-crt0.o psu_cortexa53_0/lib/xil_assert.
TRACE::2025-11-13.13:49:19::SCWMssOS::o psu_cortexa53_0/lib/xil_cache.o psu_cortexa53_0/lib/xil_clocking.o psu_cortexa53_0/lib/xil_exception.o psu_cortexa53_0/lib/xi
TRACE::2025-11-13.13:49:19::SCWMssOS::l_mem.o psu_cortexa53_0/lib/xil_mmu.o psu_cortexa53_0/lib/xil_printf.o psu_cortexa53_0/lib/xil_sleepcommon.o psu_cortexa53_0/li
TRACE::2025-11-13.13:49:19::SCWMssOS::b/xil_sleeptimer.o psu_cortexa53_0/lib/xil_smc.o psu_cortexa53_0/lib/xil_spinlock.o psu_cortexa53_0/lib/xil_testcache.o psu_cor
TRACE::2025-11-13.13:49:19::SCWMssOS::texa53_0/lib/xil_testio.o psu_cortexa53_0/lib/xil_testmem.o psu_cortexa53_0/lib/xil_util.o psu_cortexa53_0/lib/xinterrupt_wrap.
TRACE::2025-11-13.13:49:19::SCWMssOS::o psu_cortexa53_0/lib/xipipsu.o psu_cortexa53_0/lib/xipipsu_buf.o psu_cortexa53_0/lib/xipipsu_g.o psu_cortexa53_0/lib/xipipsu_h
TRACE::2025-11-13.13:49:19::SCWMssOS::elper.o psu_cortexa53_0/lib/xipipsu_sinit.o psu_cortexa53_0/lib/xplatform_info.o psu_cortexa53_0/lib/xpm_counter.o psu_cortexa5
TRACE::2025-11-13.13:49:19::SCWMssOS::3_0/lib/xpm_init.o psu_cortexa53_0/lib/xqspipsu.o psu_cortexa53_0/lib/xqspipsu_control.o psu_cortexa53_0/lib/xqspipsu_g.o psu_c
TRACE::2025-11-13.13:49:19::SCWMssOS::ortexa53_0/lib/xqspipsu_hw.o psu_cortexa53_0/lib/xqspipsu_options.o psu_cortexa53_0/lib/xqspipsu_sinit.o psu_cortexa53_0/lib/xq
TRACE::2025-11-13.13:49:19::SCWMssOS::spipsu_xfer.o psu_cortexa53_0/lib/xresetps.o psu_cortexa53_0/lib/xresetps_g.o psu_cortexa53_0/lib/xresetps_sinit.o psu_cortexa5
TRACE::2025-11-13.13:49:19::SCWMssOS::3_0/lib/xrtcpsu.o psu_cortexa53_0/lib/xrtcpsu_g.o psu_cortexa53_0/lib/xrtcpsu_intr.o psu_cortexa53_0/lib/xrtcpsu_selftest.o psu
TRACE::2025-11-13.13:49:19::SCWMssOS::_cortexa53_0/lib/xrtcpsu_sinit.o psu_cortexa53_0/lib/xscugic.o psu_cortexa53_0/lib/xscugic_g.o psu_cortexa53_0/lib/xscugic_hw.o
TRACE::2025-11-13.13:49:19::SCWMssOS:: psu_cortexa53_0/lib/xscugic_intr.o psu_cortexa53_0/lib/xscugic_selftest.o psu_cortexa53_0/lib/xscugic_sinit.o psu_cortexa53_0/
TRACE::2025-11-13.13:49:19::SCWMssOS::lib/xsdps.o psu_cortexa53_0/lib/xsdps_card.o psu_cortexa53_0/lib/xsdps_g.o psu_cortexa53_0/lib/xsdps_host.o psu_cortexa53_0/lib
TRACE::2025-11-13.13:49:19::SCWMssOS::/xsdps_options.o psu_cortexa53_0/lib/xsdps_sinit.o psu_cortexa53_0/lib/xspips.o psu_cortexa53_0/lib/xspips_g.o psu_cortexa53_0/
TRACE::2025-11-13.13:49:19::SCWMssOS::lib/xspips_hw.o psu_cortexa53_0/lib/xspips_options.o psu_cortexa53_0/lib/xspips_selftest.o psu_cortexa53_0/lib/xspips_sinit.o p
TRACE::2025-11-13.13:49:19::SCWMssOS::su_cortexa53_0/lib/xsysmonpsu.o psu_cortexa53_0/lib/xsysmonpsu_g.o psu_cortexa53_0/lib/xsysmonpsu_intr.o psu_cortexa53_0/lib/xs
TRACE::2025-11-13.13:49:19::SCWMssOS::ysmonpsu_selftest.o psu_cortexa53_0/lib/xsysmonpsu_sinit.o psu_cortexa53_0/lib/xtime_l.o psu_cortexa53_0/lib/xttcps.o psu_corte
TRACE::2025-11-13.13:49:19::SCWMssOS::xa53_0/lib/xttcps_g.o psu_cortexa53_0/lib/xttcps_options.o psu_cortexa53_0/lib/xttcps_selftest.o psu_cortexa53_0/lib/xttcps_sin
TRACE::2025-11-13.13:49:19::SCWMssOS::it.o psu_cortexa53_0/lib/xuartps.o psu_cortexa53_0/lib/xuartps_g.o psu_cortexa53_0/lib/xuartps_hw.o psu_cortexa53_0/lib/xuartps
TRACE::2025-11-13.13:49:19::SCWMssOS::_intr.o psu_cortexa53_0/lib/xuartps_options.o psu_cortexa53_0/lib/xuartps_selftest.o psu_cortexa53_0/lib/xuartps_sinit.o psu_co
TRACE::2025-11-13.13:49:19::SCWMssOS::rtexa53_0/lib/xwdtps.o psu_cortexa53_0/lib/xwdtps_g.o psu_cortexa53_0/lib/xwdtps_selftest.o psu_cortexa53_0/lib/xwdtps_sinit.o 
TRACE::2025-11-13.13:49:19::SCWMssOS::psu_cortexa53_0/lib/xzdma.o psu_cortexa53_0/lib/xzdma_g.o psu_cortexa53_0/lib/xzdma_intr.o psu_cortexa53_0/lib/xzdma_selftest.o
TRACE::2025-11-13.13:49:19::SCWMssOS:: psu_cortexa53_0/lib/xzdma_sinit.o

TRACE::2025-11-13.13:49:20::SCWMssOS::'Finished building libraries'

TRACE::2025-11-13.13:49:20::SCWMssOS::Copying to export directory.
TRACE::2025-11-13.13:49:20::SCWMssOS:: Checking if to create the Supporting Applications
TRACE::2025-11-13.13:49:20::SCWMssOS:: No Linux domain exists, trying to generate FSBL 
LOG::2025-11-13.13:49:20::SCWSystem::Completed Processing the domain standalone_domain
LOG::2025-11-13.13:49:20::SCWSystem::Completed Processing the sysconfig project_plat
LOG::2025-11-13.13:49:20::SCWPlatform::Completed generating the artifacts for system configuration project_plat
TRACE::2025-11-13.13:49:20::SCWPlatform::Started preparing the platform 
TRACE::2025-11-13.13:49:20::SCWSystem::Writing the bif file for system config project_plat
TRACE::2025-11-13.13:49:20::SCWSystem::dir created 
TRACE::2025-11-13.13:49:20::SCWSystem::Writing the bif 
TRACE::2025-11-13.13:49:20::SCWPlatform::Started writing the spfm file 
TRACE::2025-11-13.13:49:20::SCWPlatform::Started writing the xpfm file 
TRACE::2025-11-13.13:49:20::SCWPlatform::Completed generating the platform
TRACE::2025-11-13.13:49:20::SCWMssOS::Saving the mss changes C:/unswworks/workspace/project_plat/zynqmp_fsbl/zynqmp_fsbl_bsp/system.mss
TRACE::2025-11-13.13:49:20::SCWMssOS::Found a swdesign opened with the mssfile.
TRACE::2025-11-13.13:49:20::SCWMssOS::Completed writemss as part of save.
TRACE::2025-11-13.13:49:20::SCWMssOS::Commit changes completed.
TRACE::2025-11-13.13:49:20::SCWMssOS::Saving the mss changes C:/unswworks/workspace/project_plat/zynqmp_pmufw/zynqmp_pmufw_bsp/system.mss
TRACE::2025-11-13.13:49:20::SCWMssOS::Found a swdesign opened with the mssfile.
TRACE::2025-11-13.13:49:20::SCWMssOS::Completed writemss as part of save.
TRACE::2025-11-13.13:49:20::SCWMssOS::Commit changes completed.
TRACE::2025-11-13.13:49:20::SCWMssOS::Saving the mss changes C:/unswworks/workspace/project_plat/psu_cortexa53_0/standalone_domain/bsp/system.mss
TRACE::2025-11-13.13:49:20::SCWMssOS::Found a swdesign opened with the mssfile.
TRACE::2025-11-13.13:49:20::SCWMssOS::Completed writemss as part of save.
TRACE::2025-11-13.13:49:20::SCWMssOS::Commit changes completed.
TRACE::2025-11-13.13:49:20::SCWPlatform::Trying to open the hw design at C:/unswworks/workspace/project_plat/hw/v2.0.xsa
TRACE::2025-11-13.13:49:20::SCWPlatform::DSA given C:/unswworks/workspace/project_plat/hw/v2.0.xsa
TRACE::2025-11-13.13:49:20::SCWPlatform::DSA absoulate path C:/unswworks/workspace/project_plat/hw/v2.0.xsa
TRACE::2025-11-13.13:49:20::SCWPlatform::DSA directory C:/unswworks/workspace/project_plat/hw
TRACE::2025-11-13.13:49:20::SCWPlatform:: Platform Path C:/unswworks/workspace/project_plat/hw/v2.0.xsa
TRACE::2025-11-13.13:49:20::SCWPlatform:: Unique name xilinx:kv260_som::0.0
TRACE::2025-11-13.13:49:20::SCWPlatform::Trying to set the existing hwdb with name design_1_wrapper_1
TRACE::2025-11-13.13:49:20::SCWPlatform::Opened existing hwdb design_1_wrapper_1
TRACE::2025-11-13.13:49:20::SCWPlatform::Found the Hw Db part of the input DSA
TRACE::2025-11-13.13:49:20::SCWMssOS::Checking the sw design at  C:/unswworks/workspace/project_plat/zynqmp_fsbl/zynqmp_fsbl_bsp/system.mss
TRACE::2025-11-13.13:49:20::SCWMssOS::DEBUG:  swdes dump  C:/unswworks/workspace/147/zynqmp_fsbl/zynqmp_fsbl_bsp/system.mss|system_2||
C:/unswworks/workspace/147/zynqmp_pmufw/zynqmp_pmufw_bsp/system.mss|system_3||
C:/unswworks/workspace/project_plat/psu_cortexa53_0/standalone_domain/bsp/system.mss|system_4||
C:/unswworks/workspace/project_plat/zynqmp_fsbl/zynqmp_fsbl_bsp/system.mss|system||
C:/unswworks/workspace/project_plat/zynqmp_pmufw/zynqmp_pmufw_bsp/system.mss|system_0||

TRACE::2025-11-13.13:49:20::SCWMssOS::Sw design exists and opened at  C:/unswworks/workspace/project_plat/zynqmp_fsbl/zynqmp_fsbl_bsp/system.mss
TRACE::2025-11-13.13:49:20::SCWPlatform::Trying to open the hw design at C:/unswworks/workspace/project_plat/hw/v2.0.xsa
TRACE::2025-11-13.13:49:20::SCWPlatform::DSA given C:/unswworks/workspace/project_plat/hw/v2.0.xsa
TRACE::2025-11-13.13:49:20::SCWPlatform::DSA absoulate path C:/unswworks/workspace/project_plat/hw/v2.0.xsa
TRACE::2025-11-13.13:49:20::SCWPlatform::DSA directory C:/unswworks/workspace/project_plat/hw
TRACE::2025-11-13.13:49:20::SCWPlatform:: Platform Path C:/unswworks/workspace/project_plat/hw/v2.0.xsa
TRACE::2025-11-13.13:49:20::SCWPlatform:: Unique name xilinx:kv260_som::0.0
TRACE::2025-11-13.13:49:20::SCWPlatform::Trying to set the existing hwdb with name design_1_wrapper_1
TRACE::2025-11-13.13:49:20::SCWPlatform::Opened existing hwdb design_1_wrapper_1
TRACE::2025-11-13.13:49:20::SCWPlatform::Found the Hw Db part of the input DSA
TRACE::2025-11-13.13:49:20::SCWMssOS::Checking the sw design at  C:/unswworks/workspace/project_plat/zynqmp_pmufw/zynqmp_pmufw_bsp/system.mss
TRACE::2025-11-13.13:49:20::SCWMssOS::DEBUG:  swdes dump  C:/unswworks/workspace/147/zynqmp_fsbl/zynqmp_fsbl_bsp/system.mss|system_2||
C:/unswworks/workspace/147/zynqmp_pmufw/zynqmp_pmufw_bsp/system.mss|system_3||
C:/unswworks/workspace/project_plat/psu_cortexa53_0/standalone_domain/bsp/system.mss|system_4||
C:/unswworks/workspace/project_plat/zynqmp_fsbl/zynqmp_fsbl_bsp/system.mss|system||
C:/unswworks/workspace/project_plat/zynqmp_pmufw/zynqmp_pmufw_bsp/system.mss|system_0||

TRACE::2025-11-13.13:49:20::SCWMssOS::Sw design exists and opened at  C:/unswworks/workspace/project_plat/zynqmp_pmufw/zynqmp_pmufw_bsp/system.mss
TRACE::2025-11-13.13:49:20::SCWPlatform::Trying to open the hw design at C:/unswworks/workspace/project_plat/hw/v2.0.xsa
TRACE::2025-11-13.13:49:20::SCWPlatform::DSA given C:/unswworks/workspace/project_plat/hw/v2.0.xsa
TRACE::2025-11-13.13:49:20::SCWPlatform::DSA absoulate path C:/unswworks/workspace/project_plat/hw/v2.0.xsa
TRACE::2025-11-13.13:49:20::SCWPlatform::DSA directory C:/unswworks/workspace/project_plat/hw
TRACE::2025-11-13.13:49:20::SCWPlatform:: Platform Path C:/unswworks/workspace/project_plat/hw/v2.0.xsa
TRACE::2025-11-13.13:49:20::SCWPlatform:: Unique name xilinx:kv260_som::0.0
TRACE::2025-11-13.13:49:20::SCWPlatform::Trying to set the existing hwdb with name design_1_wrapper_1
TRACE::2025-11-13.13:49:20::SCWPlatform::Opened existing hwdb design_1_wrapper_1
TRACE::2025-11-13.13:49:20::SCWPlatform::Found the Hw Db part of the input DSA
TRACE::2025-11-13.13:49:20::SCWMssOS::Checking the sw design at  C:/unswworks/workspace/project_plat/psu_cortexa53_0/standalone_domain/bsp/system.mss
TRACE::2025-11-13.13:49:20::SCWMssOS::DEBUG:  swdes dump  C:/unswworks/workspace/147/zynqmp_fsbl/zynqmp_fsbl_bsp/system.mss|system_2||
C:/unswworks/workspace/147/zynqmp_pmufw/zynqmp_pmufw_bsp/system.mss|system_3||
C:/unswworks/workspace/project_plat/psu_cortexa53_0/standalone_domain/bsp/system.mss|system_4||
C:/unswworks/workspace/project_plat/zynqmp_fsbl/zynqmp_fsbl_bsp/system.mss|system||
C:/unswworks/workspace/project_plat/zynqmp_pmufw/zynqmp_pmufw_bsp/system.mss|system_0||

TRACE::2025-11-13.13:49:20::SCWMssOS::Sw design exists and opened at  C:/unswworks/workspace/project_plat/psu_cortexa53_0/standalone_domain/bsp/system.mss
TRACE::2025-11-13.13:49:20::SCWWriter::formatted JSON is {
	"platformName":	"project_plat",
	"sprVersion":	"2.0",
	"mode":	"gui",
	"dsaType":	"Fixed",
	"platformDesc":	"project_plat",
	"platHandOff":	"C:/unswworks/COMP3601/COMP3601_Project_Audio_tuner/v2.0.xsa",
	"platIntHandOff":	"<platformDir>/hw/v2.0.xsa",
	"deviceType":	"zynqMP",
	"platIsPrebuiltAutogen":	"false",
	"platIsNoBootBsp":	"false",
	"platFsblTarget":	"psu_cortexa53_0",
	"hasFsblMakeHasChanges":	"false",
	"hasPmufwMakeHasChanges":	"false",
	"fsblExtraCompilerFlags":	"-MMD -MP      -Wall -fmessage-length=0 -DARMA53_64 -Os -flto -ffat-lto-objects  ",
	"pmufwExtraCompilerFlags":	"-MMD -MP      -mlittle-endian -mxl-barrel-shift -mxl-pattern-compare -mcpu=v9.2 -mxl-soft-mul -Os -flto -ffat-lto-objects  ",
	"platPreBuiltFlag":	false,
	"platformSamplesDir":	"",
	"platActiveSys":	"project_plat",
	"systems":	[{
			"systemName":	"project_plat",
			"systemDesc":	"project_plat",
			"sysIsBootAutoGen":	"true",
			"systemDispName":	"project_plat",
			"sysActiveDom":	"standalone_domain",
			"sysDefaultDom":	"standalone_domain",
			"domains":	[{
					"domainName":	"zynqmp_fsbl",
					"domainDispName":	"zynqmp_fsbl",
					"domainDesc":	"FSBL Application BSP - Auto Generated.",
					"processors":	"psu_cortexa53_0",
					"os":	"standalone",
					"sdxOs":	"standalone",
					"debugEnable":	"",
					"domRuntimes":	["cpp"],
					"swRepo":	"",
					"mssOsVer":	"9.1",
					"mssFile":	"",
					"md5Digest":	"c840dc5ca3c31eaf7e04acf9165c0038",
					"compatibleApp":	"zynqmp_fsbl",
					"domType":	"bootDomain",
					"arch":	"64-bit",
					"appSettings":	{
						"appCompilerFlags":	"",
						"appLinkerFlags":	""
					},
					"addedLibs":	["xilffs:5.2", "xilsecure:5.3", "xilpm:5.2"],
					"libOptions":	{
						"standalone":	{
							"zynqmp_fsbl_bsp":	"true",
							"libOptionNames":	["zynqmp_fsbl_bsp"]
						},
						"xilffs":	{
							"read_only":	"true",
							"use_mkfs":	"false",
							"libOptionNames":	["read_only", "use_mkfs"]
						},
						"xilsecure":	{
							"tpm_support":	"true",
							"libOptionNames":	["tpm_support"]
						},
						"libsContainingOptions":	["standalone", "xilffs", "xilsecure"]
					},
					"prebuiltLibs":	{
						"prebuiltIncPath":	[],
						"prebuiltLibPath":	[]
					},
					"isolation":	{
					}
				}, {
					"domainName":	"zynqmp_pmufw",
					"domainDispName":	"zynqmp_pmufw",
					"domainDesc":	"PMUFW Application BSP - Auto Generated.",
					"processors":	"psu_pmu_0",
					"os":	"standalone",
					"sdxOs":	"standalone",
					"debugEnable":	"",
					"domRuntimes":	["cpp"],
					"swRepo":	"",
					"mssOsVer":	"9.1",
					"mssFile":	"",
					"md5Digest":	"44b175d2d7d102d21d15df130611c3a1",
					"compatibleApp":	"zynqmp_pmufw",
					"domType":	"bootDomain",
					"arch":	"32-bit",
					"appSettings":	{
						"appCompilerFlags":	"",
						"appLinkerFlags":	""
					},
					"addedLibs":	["xilfpga:6.6", "xilsecure:5.3", "xilskey:7.6"],
					"libOptions":	{
						"psu_pmu_0":	{
							"extra_compiler_flags":	"-g -ffunction-sections -fdata-sections -Wall -Wextra -fno-tree-loop-distribute-patterns  -Os -flto -ffat-lto-objects",
							"libOptionNames":	["extra_compiler_flags"]
						},
						"libsContainingOptions":	["psu_pmu_0"]
					},
					"prebuiltLibs":	{
						"prebuiltIncPath":	[],
						"prebuiltLibPath":	[]
					},
					"isolation":	{
					}
				}, {
					"domainName":	"standalone_domain",
					"domainDispName":	"standalone on psu_cortexa53_0",
					"domainDesc":	"standalone_domain",
					"processors":	"psu_cortexa53_0",
					"os":	"standalone",
					"sdxOs":	"standalone",
					"qemuArgs":	"<platformDir>/resources/project_plat/standalone_domain/qemu_args.txt",
					"qemuData":	"<platformDir>/resources/project_plat/standalone_domain/qemu",
					"pmuQemuArgs":	"<platformDir>/resources/project_plat/standalone_domain/pmu_args.txt",
					"debugEnable":	"False",
					"domRuntimes":	["cpp"],
					"swRepo":	"",
					"mssOsVer":	"9.1",
					"mssFile":	"",
					"md5Digest":	"68ee78d4060bce63b8c9c14134947ef2",
					"compatibleApp":	"",
					"domType":	"mssDomain",
					"arch":	"64-bit",
					"appSettings":	{
						"appCompilerFlags":	"",
						"appLinkerFlags":	""
					},
					"addedLibs":	["xilffs:5.2"],
					"libOptions":	{
						"libsContainingOptions":	[]
					},
					"prebuiltLibs":	{
						"prebuiltIncPath":	[],
						"prebuiltLibPath":	[]
					},
					"isolation":	{
					}
				}]
		}]
}
KEYINFO::2025-11-13.13:49:20::SCWPlatform::updated the xpfm file.
TRACE::2025-11-13.13:49:21::SCWPlatform::Trying to open the hw design at C:/unswworks/workspace/project_plat/hw/v2.0.xsa
TRACE::2025-11-13.13:49:21::SCWPlatform::DSA given C:/unswworks/workspace/project_plat/hw/v2.0.xsa
TRACE::2025-11-13.13:49:21::SCWPlatform::DSA absoulate path C:/unswworks/workspace/project_plat/hw/v2.0.xsa
TRACE::2025-11-13.13:49:21::SCWPlatform::DSA directory C:/unswworks/workspace/project_plat/hw
TRACE::2025-11-13.13:49:21::SCWPlatform:: Platform Path C:/unswworks/workspace/project_plat/hw/v2.0.xsa
TRACE::2025-11-13.13:49:21::SCWPlatform:: Unique name xilinx:kv260_som::0.0
TRACE::2025-11-13.13:49:21::SCWPlatform::Trying to set the existing hwdb with name design_1_wrapper_1
TRACE::2025-11-13.13:49:21::SCWPlatform::Opened existing hwdb design_1_wrapper_1
TRACE::2025-11-13.13:49:21::SCWPlatform::Found the Hw Db part of the input DSA
TRACE::2025-11-13.13:49:21::SCWMssOS::Checking the sw design at  C:/unswworks/workspace/project_plat/psu_cortexa53_0/standalone_domain/bsp/system.mss
TRACE::2025-11-13.13:49:21::SCWMssOS::DEBUG:  swdes dump  C:/unswworks/workspace/147/zynqmp_fsbl/zynqmp_fsbl_bsp/system.mss|system_2||
C:/unswworks/workspace/147/zynqmp_pmufw/zynqmp_pmufw_bsp/system.mss|system_3||
C:/unswworks/workspace/project_plat/psu_cortexa53_0/standalone_domain/bsp/system.mss|system_4||
C:/unswworks/workspace/project_plat/zynqmp_fsbl/zynqmp_fsbl_bsp/system.mss|system||
C:/unswworks/workspace/project_plat/zynqmp_pmufw/zynqmp_pmufw_bsp/system.mss|system_0||

TRACE::2025-11-13.13:49:21::SCWMssOS::Sw design exists and opened at  C:/unswworks/workspace/project_plat/psu_cortexa53_0/standalone_domain/bsp/system.mss
TRACE::2025-11-13.13:49:24::SCWPlatform::Trying to open the hw design at C:/unswworks/workspace/project_plat/hw/v2.0.xsa
TRACE::2025-11-13.13:49:24::SCWPlatform::DSA given C:/unswworks/workspace/project_plat/hw/v2.0.xsa
TRACE::2025-11-13.13:49:24::SCWPlatform::DSA absoulate path C:/unswworks/workspace/project_plat/hw/v2.0.xsa
TRACE::2025-11-13.13:49:24::SCWPlatform::DSA directory C:/unswworks/workspace/project_plat/hw
TRACE::2025-11-13.13:49:24::SCWPlatform:: Platform Path C:/unswworks/workspace/project_plat/hw/v2.0.xsa
TRACE::2025-11-13.13:49:24::SCWPlatform:: Unique name xilinx:kv260_som::0.0
TRACE::2025-11-13.13:49:24::SCWPlatform::Trying to set the existing hwdb with name design_1_wrapper_1
TRACE::2025-11-13.13:49:24::SCWPlatform::Opened existing hwdb design_1_wrapper_1
TRACE::2025-11-13.13:49:24::SCWPlatform::Found the Hw Db part of the input DSA
TRACE::2025-11-13.13:49:24::SCWMssOS::Checking the sw design at  C:/unswworks/workspace/project_plat/psu_cortexa53_0/standalone_domain/bsp/system.mss
TRACE::2025-11-13.13:49:24::SCWMssOS::DEBUG:  swdes dump  C:/unswworks/workspace/147/zynqmp_fsbl/zynqmp_fsbl_bsp/system.mss|system_2||
C:/unswworks/workspace/147/zynqmp_pmufw/zynqmp_pmufw_bsp/system.mss|system_3||
C:/unswworks/workspace/project_plat/psu_cortexa53_0/standalone_domain/bsp/system.mss|system_4||
C:/unswworks/workspace/project_plat/zynqmp_fsbl/zynqmp_fsbl_bsp/system.mss|system||
C:/unswworks/workspace/project_plat/zynqmp_pmufw/zynqmp_pmufw_bsp/system.mss|system_0||

TRACE::2025-11-13.13:49:24::SCWMssOS::Sw design exists and opened at  C:/unswworks/workspace/project_plat/psu_cortexa53_0/standalone_domain/bsp/system.mss
TRACE::2025-11-13.13:49:27::SCWMssOS::Saving the mss changes C:/unswworks/workspace/project_plat/zynqmp_fsbl/zynqmp_fsbl_bsp/system.mss
TRACE::2025-11-13.13:49:27::SCWMssOS::Found a swdesign opened with the mssfile.
TRACE::2025-11-13.13:49:27::SCWMssOS::Completed writemss as part of save.
TRACE::2025-11-13.13:49:27::SCWMssOS::Commit changes completed.
TRACE::2025-11-13.13:49:27::SCWMssOS::Saving the mss changes C:/unswworks/workspace/project_plat/zynqmp_pmufw/zynqmp_pmufw_bsp/system.mss
TRACE::2025-11-13.13:49:27::SCWMssOS::Found a swdesign opened with the mssfile.
TRACE::2025-11-13.13:49:27::SCWMssOS::Completed writemss as part of save.
TRACE::2025-11-13.13:49:27::SCWMssOS::Commit changes completed.
TRACE::2025-11-13.13:49:27::SCWMssOS::Saving the mss changes C:/unswworks/workspace/project_plat/psu_cortexa53_0/standalone_domain/bsp/system.mss
TRACE::2025-11-13.13:49:27::SCWMssOS::Found a swdesign opened with the mssfile.
TRACE::2025-11-13.13:49:27::SCWMssOS::Completed writemss as part of save.
TRACE::2025-11-13.13:49:27::SCWMssOS::Commit changes completed.
TRACE::2025-11-13.13:49:27::SCWPlatform::Trying to open the hw design at C:/unswworks/workspace/project_plat/hw/v2.0.xsa
TRACE::2025-11-13.13:49:27::SCWPlatform::DSA given C:/unswworks/workspace/project_plat/hw/v2.0.xsa
TRACE::2025-11-13.13:49:27::SCWPlatform::DSA absoulate path C:/unswworks/workspace/project_plat/hw/v2.0.xsa
TRACE::2025-11-13.13:49:27::SCWPlatform::DSA directory C:/unswworks/workspace/project_plat/hw
TRACE::2025-11-13.13:49:28::SCWPlatform:: Platform Path C:/unswworks/workspace/project_plat/hw/v2.0.xsa
TRACE::2025-11-13.13:49:28::SCWPlatform:: Unique name xilinx:kv260_som::0.0
TRACE::2025-11-13.13:49:28::SCWPlatform::Trying to set the existing hwdb with name design_1_wrapper_1
TRACE::2025-11-13.13:49:28::SCWPlatform::Opened existing hwdb design_1_wrapper_1
TRACE::2025-11-13.13:49:28::SCWPlatform::Found the Hw Db part of the input DSA
TRACE::2025-11-13.13:49:28::SCWMssOS::Checking the sw design at  C:/unswworks/workspace/project_plat/zynqmp_fsbl/zynqmp_fsbl_bsp/system.mss
TRACE::2025-11-13.13:49:28::SCWMssOS::DEBUG:  swdes dump  C:/unswworks/workspace/147/zynqmp_fsbl/zynqmp_fsbl_bsp/system.mss|system_2||
C:/unswworks/workspace/147/zynqmp_pmufw/zynqmp_pmufw_bsp/system.mss|system_3||
C:/unswworks/workspace/project_plat/psu_cortexa53_0/standalone_domain/bsp/system.mss|system_4||
C:/unswworks/workspace/project_plat/zynqmp_fsbl/zynqmp_fsbl_bsp/system.mss|system||
C:/unswworks/workspace/project_plat/zynqmp_pmufw/zynqmp_pmufw_bsp/system.mss|system_0||

TRACE::2025-11-13.13:49:28::SCWMssOS::Sw design exists and opened at  C:/unswworks/workspace/project_plat/zynqmp_fsbl/zynqmp_fsbl_bsp/system.mss
TRACE::2025-11-13.13:49:28::SCWPlatform::Trying to open the hw design at C:/unswworks/workspace/project_plat/hw/v2.0.xsa
TRACE::2025-11-13.13:49:28::SCWPlatform::DSA given C:/unswworks/workspace/project_plat/hw/v2.0.xsa
TRACE::2025-11-13.13:49:28::SCWPlatform::DSA absoulate path C:/unswworks/workspace/project_plat/hw/v2.0.xsa
TRACE::2025-11-13.13:49:28::SCWPlatform::DSA directory C:/unswworks/workspace/project_plat/hw
TRACE::2025-11-13.13:49:28::SCWPlatform:: Platform Path C:/unswworks/workspace/project_plat/hw/v2.0.xsa
TRACE::2025-11-13.13:49:28::SCWPlatform:: Unique name xilinx:kv260_som::0.0
TRACE::2025-11-13.13:49:28::SCWPlatform::Trying to set the existing hwdb with name design_1_wrapper_1
TRACE::2025-11-13.13:49:28::SCWPlatform::Opened existing hwdb design_1_wrapper_1
TRACE::2025-11-13.13:49:28::SCWPlatform::Found the Hw Db part of the input DSA
TRACE::2025-11-13.13:49:28::SCWMssOS::Checking the sw design at  C:/unswworks/workspace/project_plat/zynqmp_pmufw/zynqmp_pmufw_bsp/system.mss
TRACE::2025-11-13.13:49:28::SCWMssOS::DEBUG:  swdes dump  C:/unswworks/workspace/147/zynqmp_fsbl/zynqmp_fsbl_bsp/system.mss|system_2||
C:/unswworks/workspace/147/zynqmp_pmufw/zynqmp_pmufw_bsp/system.mss|system_3||
C:/unswworks/workspace/project_plat/psu_cortexa53_0/standalone_domain/bsp/system.mss|system_4||
C:/unswworks/workspace/project_plat/zynqmp_fsbl/zynqmp_fsbl_bsp/system.mss|system||
C:/unswworks/workspace/project_plat/zynqmp_pmufw/zynqmp_pmufw_bsp/system.mss|system_0||

TRACE::2025-11-13.13:49:28::SCWMssOS::Sw design exists and opened at  C:/unswworks/workspace/project_plat/zynqmp_pmufw/zynqmp_pmufw_bsp/system.mss
TRACE::2025-11-13.13:49:28::SCWPlatform::Trying to open the hw design at C:/unswworks/workspace/project_plat/hw/v2.0.xsa
TRACE::2025-11-13.13:49:28::SCWPlatform::DSA given C:/unswworks/workspace/project_plat/hw/v2.0.xsa
TRACE::2025-11-13.13:49:28::SCWPlatform::DSA absoulate path C:/unswworks/workspace/project_plat/hw/v2.0.xsa
TRACE::2025-11-13.13:49:28::SCWPlatform::DSA directory C:/unswworks/workspace/project_plat/hw
TRACE::2025-11-13.13:49:28::SCWPlatform:: Platform Path C:/unswworks/workspace/project_plat/hw/v2.0.xsa
TRACE::2025-11-13.13:49:28::SCWPlatform:: Unique name xilinx:kv260_som::0.0
TRACE::2025-11-13.13:49:28::SCWPlatform::Trying to set the existing hwdb with name design_1_wrapper_1
TRACE::2025-11-13.13:49:28::SCWPlatform::Opened existing hwdb design_1_wrapper_1
TRACE::2025-11-13.13:49:28::SCWPlatform::Found the Hw Db part of the input DSA
TRACE::2025-11-13.13:49:28::SCWMssOS::Checking the sw design at  C:/unswworks/workspace/project_plat/psu_cortexa53_0/standalone_domain/bsp/system.mss
TRACE::2025-11-13.13:49:28::SCWMssOS::DEBUG:  swdes dump  C:/unswworks/workspace/147/zynqmp_fsbl/zynqmp_fsbl_bsp/system.mss|system_2||
C:/unswworks/workspace/147/zynqmp_pmufw/zynqmp_pmufw_bsp/system.mss|system_3||
C:/unswworks/workspace/project_plat/psu_cortexa53_0/standalone_domain/bsp/system.mss|system_4||
C:/unswworks/workspace/project_plat/zynqmp_fsbl/zynqmp_fsbl_bsp/system.mss|system||
C:/unswworks/workspace/project_plat/zynqmp_pmufw/zynqmp_pmufw_bsp/system.mss|system_0||

TRACE::2025-11-13.13:49:28::SCWMssOS::Sw design exists and opened at  C:/unswworks/workspace/project_plat/psu_cortexa53_0/standalone_domain/bsp/system.mss
TRACE::2025-11-13.13:49:28::SCWWriter::formatted JSON is {
	"platformName":	"project_plat",
	"sprVersion":	"2.0",
	"mode":	"gui",
	"dsaType":	"Fixed",
	"platformDesc":	"project_plat",
	"platHandOff":	"C:/unswworks/COMP3601/COMP3601_Project_Audio_tuner/v2.0.xsa",
	"platIntHandOff":	"<platformDir>/hw/v2.0.xsa",
	"deviceType":	"zynqMP",
	"platIsPrebuiltAutogen":	"false",
	"platIsNoBootBsp":	"false",
	"platFsblTarget":	"psu_cortexa53_0",
	"hasFsblMakeHasChanges":	"false",
	"hasPmufwMakeHasChanges":	"false",
	"fsblExtraCompilerFlags":	"-MMD -MP      -Wall -fmessage-length=0 -DARMA53_64 -Os -flto -ffat-lto-objects  ",
	"pmufwExtraCompilerFlags":	"-MMD -MP      -mlittle-endian -mxl-barrel-shift -mxl-pattern-compare -mcpu=v9.2 -mxl-soft-mul -Os -flto -ffat-lto-objects  ",
	"platPreBuiltFlag":	false,
	"platformSamplesDir":	"",
	"platActiveSys":	"project_plat",
	"systems":	[{
			"systemName":	"project_plat",
			"systemDesc":	"project_plat",
			"sysIsBootAutoGen":	"true",
			"systemDispName":	"project_plat",
			"sysActiveDom":	"standalone_domain",
			"sysDefaultDom":	"standalone_domain",
			"domains":	[{
					"domainName":	"zynqmp_fsbl",
					"domainDispName":	"zynqmp_fsbl",
					"domainDesc":	"FSBL Application BSP - Auto Generated.",
					"processors":	"psu_cortexa53_0",
					"os":	"standalone",
					"sdxOs":	"standalone",
					"debugEnable":	"",
					"domRuntimes":	["cpp"],
					"swRepo":	"",
					"mssOsVer":	"9.1",
					"mssFile":	"",
					"md5Digest":	"c840dc5ca3c31eaf7e04acf9165c0038",
					"compatibleApp":	"zynqmp_fsbl",
					"domType":	"bootDomain",
					"arch":	"64-bit",
					"appSettings":	{
						"appCompilerFlags":	"",
						"appLinkerFlags":	""
					},
					"addedLibs":	["xilffs:5.2", "xilsecure:5.3", "xilpm:5.2"],
					"libOptions":	{
						"standalone":	{
							"zynqmp_fsbl_bsp":	"true",
							"libOptionNames":	["zynqmp_fsbl_bsp"]
						},
						"xilffs":	{
							"read_only":	"true",
							"use_mkfs":	"false",
							"libOptionNames":	["read_only", "use_mkfs"]
						},
						"xilsecure":	{
							"tpm_support":	"true",
							"libOptionNames":	["tpm_support"]
						},
						"libsContainingOptions":	["standalone", "xilffs", "xilsecure"]
					},
					"prebuiltLibs":	{
						"prebuiltIncPath":	[],
						"prebuiltLibPath":	[]
					},
					"isolation":	{
					}
				}, {
					"domainName":	"zynqmp_pmufw",
					"domainDispName":	"zynqmp_pmufw",
					"domainDesc":	"PMUFW Application BSP - Auto Generated.",
					"processors":	"psu_pmu_0",
					"os":	"standalone",
					"sdxOs":	"standalone",
					"debugEnable":	"",
					"domRuntimes":	["cpp"],
					"swRepo":	"",
					"mssOsVer":	"9.1",
					"mssFile":	"",
					"md5Digest":	"44b175d2d7d102d21d15df130611c3a1",
					"compatibleApp":	"zynqmp_pmufw",
					"domType":	"bootDomain",
					"arch":	"32-bit",
					"appSettings":	{
						"appCompilerFlags":	"",
						"appLinkerFlags":	""
					},
					"addedLibs":	["xilfpga:6.6", "xilsecure:5.3", "xilskey:7.6"],
					"libOptions":	{
						"psu_pmu_0":	{
							"extra_compiler_flags":	"-g -ffunction-sections -fdata-sections -Wall -Wextra -fno-tree-loop-distribute-patterns  -Os -flto -ffat-lto-objects",
							"libOptionNames":	["extra_compiler_flags"]
						},
						"libsContainingOptions":	["psu_pmu_0"]
					},
					"prebuiltLibs":	{
						"prebuiltIncPath":	[],
						"prebuiltLibPath":	[]
					},
					"isolation":	{
					}
				}, {
					"domainName":	"standalone_domain",
					"domainDispName":	"standalone on psu_cortexa53_0",
					"domainDesc":	"standalone_domain",
					"processors":	"psu_cortexa53_0",
					"os":	"standalone",
					"sdxOs":	"standalone",
					"qemuArgs":	"<platformDir>/resources/project_plat/standalone_domain/qemu_args.txt",
					"qemuData":	"<platformDir>/resources/project_plat/standalone_domain/qemu",
					"pmuQemuArgs":	"<platformDir>/resources/project_plat/standalone_domain/pmu_args.txt",
					"debugEnable":	"False",
					"domRuntimes":	["cpp"],
					"swRepo":	"",
					"mssOsVer":	"9.1",
					"mssFile":	"",
					"md5Digest":	"68ee78d4060bce63b8c9c14134947ef2",
					"compatibleApp":	"",
					"domType":	"mssDomain",
					"arch":	"64-bit",
					"appSettings":	{
						"appCompilerFlags":	"",
						"appLinkerFlags":	""
					},
					"addedLibs":	["xilffs:5.2"],
					"libOptions":	{
						"libsContainingOptions":	[]
					},
					"prebuiltLibs":	{
						"prebuiltIncPath":	[],
						"prebuiltLibPath":	[]
					},
					"isolation":	{
					}
				}]
		}]
}
TRACE::2025-11-13.13:49:28::SCWMssOS::Saving the mss changes C:/unswworks/workspace/project_plat/psu_cortexa53_0/standalone_domain/bsp/system.mss
TRACE::2025-11-13.13:49:28::SCWMssOS::Found a swdesign opened with the mssfile.
TRACE::2025-11-13.13:49:28::SCWMssOS::Completed writemss as part of save.
TRACE::2025-11-13.13:49:28::SCWMssOS::Commit changes completed.
TRACE::2025-11-13.13:49:28::SCWPlatform::Trying to open the hw design at C:/unswworks/workspace/project_plat/hw/v2.0.xsa
TRACE::2025-11-13.13:49:28::SCWPlatform::DSA given C:/unswworks/workspace/project_plat/hw/v2.0.xsa
TRACE::2025-11-13.13:49:28::SCWPlatform::DSA absoulate path C:/unswworks/workspace/project_plat/hw/v2.0.xsa
TRACE::2025-11-13.13:49:28::SCWPlatform::DSA directory C:/unswworks/workspace/project_plat/hw
TRACE::2025-11-13.13:49:28::SCWPlatform:: Platform Path C:/unswworks/workspace/project_plat/hw/v2.0.xsa
TRACE::2025-11-13.13:49:28::SCWPlatform:: Unique name xilinx:kv260_som::0.0
TRACE::2025-11-13.13:49:28::SCWPlatform::Trying to set the existing hwdb with name design_1_wrapper_1
TRACE::2025-11-13.13:49:28::SCWPlatform::Opened existing hwdb design_1_wrapper_1
TRACE::2025-11-13.13:49:28::SCWPlatform::Found the Hw Db part of the input DSA
TRACE::2025-11-13.13:49:28::SCWMssOS::Checking the sw design at  C:/unswworks/workspace/project_plat/psu_cortexa53_0/standalone_domain/bsp/system.mss
TRACE::2025-11-13.13:49:28::SCWMssOS::DEBUG:  swdes dump  C:/unswworks/workspace/147/zynqmp_fsbl/zynqmp_fsbl_bsp/system.mss|system_2||
C:/unswworks/workspace/147/zynqmp_pmufw/zynqmp_pmufw_bsp/system.mss|system_3||
C:/unswworks/workspace/project_plat/psu_cortexa53_0/standalone_domain/bsp/system.mss|system_4||
C:/unswworks/workspace/project_plat/zynqmp_fsbl/zynqmp_fsbl_bsp/system.mss|system||
C:/unswworks/workspace/project_plat/zynqmp_pmufw/zynqmp_pmufw_bsp/system.mss|system_0||

TRACE::2025-11-13.13:49:28::SCWMssOS::Sw design exists and opened at  C:/unswworks/workspace/project_plat/psu_cortexa53_0/standalone_domain/bsp/system.mss
TRACE::2025-11-13.13:49:28::SCWMssOS::Removing the swdes entry for  C:/unswworks/workspace/project_plat/psu_cortexa53_0/standalone_domain/bsp/system.mss
TRACE::2025-11-13.13:49:34::SCWBDomain::System Command Ran  C:&  cd  C:/unswworks/workspace/project_plat/zynqmp_fsbl & make clean
TRACE::2025-11-13.13:49:34::SCWBDomain::rm -rf  xfsbl_partition_load.o  xfsbl_qspi.o  xfsbl_csu_dma.o  xfsbl_nand.o  xfsbl_image_header.o  xfsbl_hooks.o  xfsbl_main.o 
TRACE::2025-11-13.13:49:34::SCWBDomain:: xfsbl_dfu_util.o  xfsbl_tpm.o  xfsbl_initialization.o  xfsbl_ddr_init.o  xfsbl_handoff.o  psu_init.o  xfsbl_sd.o  xfsbl_board.
TRACE::2025-11-13.13:49:34::SCWBDomain::o  xfsbl_misc_drivers.o  xfsbl_rsa_sha.o  xfsbl_bs.o  xfsbl_tpm_util.o  xfsbl_plpartition_valid.o  xfsbl_misc.o  xfsbl_authenti
TRACE::2025-11-13.13:49:34::SCWBDomain::cation.o  xfsbl_usb.o  xfsbl_exit.o  xfsbl_translation_table.o zynqmp_fsbl_bsp/psu_cortexa53_0/lib/libxil.a fsbl_a53.elf *.o

TRACE::2025-11-13.13:49:34::SCWBDomain::System Command Ran  C:&  cd  C:/unswworks/workspace/project_plat/zynqmp_fsbl/zynqmp_fsbl_bsp & make clean
TRACE::2025-11-13.13:49:34::SCWBDomain::make -C psu_cortexa53_0/libsrc/axidma_v9_18/src -s clean 

TRACE::2025-11-13.13:49:34::SCWBDomain::make -C psu_cortexa53_0/libsrc/axipmon_v6_11/src -s clean 

TRACE::2025-11-13.13:49:34::SCWBDomain::make -C psu_cortexa53_0/libsrc/clockps_v1_6/src -s clean 

TRACE::2025-11-13.13:49:34::SCWBDomain::make -C psu_cortexa53_0/libsrc/coresightps_dcc_v1_10/src -s clean 

TRACE::2025-11-13.13:49:34::SCWBDomain::make -C psu_cortexa53_0/libsrc/cpu_cortexa53_v2_1/src -s clean 

TRACE::2025-11-13.13:49:34::SCWBDomain::make -C psu_cortexa53_0/libsrc/csudma_v1_15/src -s clean 

TRACE::2025-11-13.13:49:34::SCWBDomain::make -C psu_cortexa53_0/libsrc/ddrcpsu_v1_6/src -s clean 

TRACE::2025-11-13.13:49:34::SCWBDomain::make -C psu_cortexa53_0/libsrc/gpiops_v3_13/src -s clean 

TRACE::2025-11-13.13:49:34::SCWBDomain::make -C psu_cortexa53_0/libsrc/gpio_v4_11/src -s clean 

TRACE::2025-11-13.13:49:34::SCWBDomain::make -C psu_cortexa53_0/libsrc/iicps_v3_19/src -s clean 

TRACE::2025-11-13.13:49:35::SCWBDomain::make -C psu_cortexa53_0/libsrc/ipipsu_v2_15/src -s clean 

TRACE::2025-11-13.13:49:35::SCWBDomain::make -C psu_cortexa53_0/libsrc/qspipsu_v1_19/src -s clean 

TRACE::2025-11-13.13:49:35::SCWBDomain::make -C psu_cortexa53_0/libsrc/resetps_v1_7/src -s clean 

TRACE::2025-11-13.13:49:35::SCWBDomain::make -C psu_cortexa53_0/libsrc/rtcpsu_v1_14/src -s clean 

TRACE::2025-11-13.13:49:35::SCWBDomain::make -C psu_cortexa53_0/libsrc/scugic_v5_3/src -s clean 

TRACE::2025-11-13.13:49:35::SCWBDomain::make -C psu_cortexa53_0/libsrc/sdps_v4_3/src -s clean 

TRACE::2025-11-13.13:49:35::SCWBDomain::make -C psu_cortexa53_0/libsrc/spips_v3_10/src -s clean 

TRACE::2025-11-13.13:49:35::SCWBDomain::make -C psu_cortexa53_0/libsrc/standalone_v9_1/src -s clean 

TRACE::2025-11-13.13:49:35::SCWBDomain::make -C psu_cortexa53_0/libsrc/sysmonpsu_v2_10/src -s clean 

TRACE::2025-11-13.13:49:35::SCWBDomain::make -C psu_cortexa53_0/libsrc/ttcps_v3_19/src -s clean 

TRACE::2025-11-13.13:49:35::SCWBDomain::make -C psu_cortexa53_0/libsrc/uartps_v3_14/src -s clean 

TRACE::2025-11-13.13:49:35::SCWBDomain::make -C psu_cortexa53_0/libsrc/wdtps_v3_7/src -s clean 

TRACE::2025-11-13.13:49:35::SCWBDomain::make -C psu_cortexa53_0/libsrc/xilffs_v5_2/src -s clean 

TRACE::2025-11-13.13:49:35::SCWBDomain::make -C psu_cortexa53_0/libsrc/xilpm_v5_2/src -s clean 

TRACE::2025-11-13.13:49:35::SCWBDomain::make -C psu_cortexa53_0/libsrc/xilsecure_v5_3/src -s clean 

TRACE::2025-11-13.13:49:36::SCWBDomain::make -C psu_cortexa53_0/libsrc/zdma_v1_18/src -s clean 

TRACE::2025-11-13.13:49:36::SCWBDomain::rm -f psu_cortexa53_0/lib/libxil.a

TRACE::2025-11-13.13:49:36::SCWBDomain::System Command Ran  C:&  cd  C:/unswworks/workspace/project_plat/zynqmp_pmufw & make clean
TRACE::2025-11-13.13:49:36::SCWBDomain::rm -rf  xpfw_mod_legacy.o  pm_csudma.o  xpfw_mod_em.o  xpfw_main.o  pm_power.o  xpfw_mod_rpu.o  pm_gpp.o  pm_periph.o  pm_pll.o
TRACE::2025-11-13.13:49:36::SCWBDomain::  idle_hooks.o  xpfw_core.o  pm_clock.o  pm_extern.o  xpfw_mod_extwdt.o  pm_reset.o  xpfw_mod_overtemp.o  xpfw_mod_stl.o  pm_ca
TRACE::2025-11-13.13:49:36::SCWBDomain::llbacks.o  pm_node_reset.o  xpfw_rom_interface.o  xpfw_mod_rtc.o  xpfw_util.o  xpfw_resets.o  xpfw_mod_pm.o  pm_slave.o  pm_bin
TRACE::2025-11-13.13:49:36::SCWBDomain::ding.o  pm_qspi.o  xpfw_xpu.o  pm_core.o  pm_sram.o  pm_requirement.o  pm_notifier.o  xpfw_module.o  xpfw_restart.o  xpfw_error
TRACE::2025-11-13.13:49:36::SCWBDomain::_manager.o  pm_master.o  xpfw_ipi_manager.o  xpfw_mod_ultra96.o  xpfw_mod_sched.o  pm_usb.o  xpfw_mod_common.o  pm_node.o  xpfw
TRACE::2025-11-13.13:49:36::SCWBDomain::_platform.o  xpfw_mod_dap.o  pm_proc.o  xpfw_mod_wdt.o  xpfw_user_startup.o  pm_ioctl.o  pm_ddr.o  pm_pinctrl.o  xpfw_events.o 
TRACE::2025-11-13.13:49:36::SCWBDomain:: xpfw_aib.o  pm_gic_proxy.o  xpfw_scheduler.o  pm_system.o  pm_mmio_access.o  pm_config.o  pm_hooks.o  xpfw_interrupts.o  xpfw_
TRACE::2025-11-13.13:49:36::SCWBDomain::start.o zynqmp_pmufw_bsp/psu_pmu_0/lib/libxil.a pmufw.elf *.o

TRACE::2025-11-13.13:49:36::SCWBDomain::System Command Ran  C:&  cd  C:/unswworks/workspace/project_plat/zynqmp_pmufw/zynqmp_pmufw_bsp & make clean
TRACE::2025-11-13.13:49:36::SCWBDomain::make -C psu_pmu_0/libsrc/axidma_v9_18/src -s clean 

TRACE::2025-11-13.13:49:36::SCWBDomain::make -C psu_pmu_0/libsrc/axipmon_v6_11/src -s clean 

TRACE::2025-11-13.13:49:36::SCWBDomain::make -C psu_pmu_0/libsrc/clockps_v1_6/src -s clean 

TRACE::2025-11-13.13:49:36::SCWBDomain::make -C psu_pmu_0/libsrc/cpu_v2_18/src -s clean 

TRACE::2025-11-13.13:49:36::SCWBDomain::make -C psu_pmu_0/libsrc/csudma_v1_15/src -s clean 

TRACE::2025-11-13.13:49:36::SCWBDomain::make -C psu_pmu_0/libsrc/ddrcpsu_v1_6/src -s clean 

TRACE::2025-11-13.13:49:36::SCWBDomain::make -C psu_pmu_0/libsrc/gpiops_v3_13/src -s clean 

TRACE::2025-11-13.13:49:36::SCWBDomain::make -C psu_pmu_0/libsrc/gpio_v4_11/src -s clean 

TRACE::2025-11-13.13:49:36::SCWBDomain::make -C psu_pmu_0/libsrc/iicps_v3_19/src -s clean 

TRACE::2025-11-13.13:49:36::SCWBDomain::make -C psu_pmu_0/libsrc/ipipsu_v2_15/src -s clean 

TRACE::2025-11-13.13:49:36::SCWBDomain::make -C psu_pmu_0/libsrc/qspipsu_v1_19/src -s clean 

TRACE::2025-11-13.13:49:36::SCWBDomain::make -C psu_pmu_0/libsrc/resetps_v1_7/src -s clean 

TRACE::2025-11-13.13:49:36::SCWBDomain::make -C psu_pmu_0/libsrc/rtcpsu_v1_14/src -s clean 

TRACE::2025-11-13.13:49:37::SCWBDomain::make -C psu_pmu_0/libsrc/sdps_v4_3/src -s clean 

TRACE::2025-11-13.13:49:37::SCWBDomain::make -C psu_pmu_0/libsrc/spips_v3_10/src -s clean 

TRACE::2025-11-13.13:49:37::SCWBDomain::make -C psu_pmu_0/libsrc/standalone_v9_1/src -s clean 

TRACE::2025-11-13.13:49:37::SCWBDomain::make -C psu_pmu_0/libsrc/sysmonpsu_v2_10/src -s clean 

TRACE::2025-11-13.13:49:37::SCWBDomain::make -C psu_pmu_0/libsrc/ttcps_v3_19/src -s clean 

TRACE::2025-11-13.13:49:37::SCWBDomain::make -C psu_pmu_0/libsrc/uartps_v3_14/src -s clean 

TRACE::2025-11-13.13:49:37::SCWBDomain::make -C psu_pmu_0/libsrc/wdtps_v3_7/src -s clean 

TRACE::2025-11-13.13:49:37::SCWBDomain::make -C psu_pmu_0/libsrc/xilfpga_v6_6/src -s clean 

TRACE::2025-11-13.13:49:37::SCWBDomain::make -C psu_pmu_0/libsrc/xilsecure_v5_3/src -s clean 

TRACE::2025-11-13.13:49:37::SCWBDomain::make -C psu_pmu_0/libsrc/xilskey_v7_6/src -s clean 

TRACE::2025-11-13.13:49:37::SCWBDomain::make -C psu_pmu_0/libsrc/zdma_v1_18/src -s clean 

TRACE::2025-11-13.13:49:37::SCWBDomain::rm -f psu_pmu_0/lib/libxil.a

TRACE::2025-11-13.13:49:37::SCWMssOS::cleaning the bsp 
TRACE::2025-11-13.13:49:37::SCWMssOS::System Command Ran  C: & cd  C:/unswworks/workspace/project_plat/psu_cortexa53_0/standalone_domain/bsp & make clean 
TRACE::2025-11-13.13:49:37::SCWMssOS::make -C psu_cortexa53_0/libsrc/axidma_v9_18/src -s clean 

TRACE::2025-11-13.13:49:37::SCWMssOS::make -C psu_cortexa53_0/libsrc/axipmon_v6_11/src -s clean 

TRACE::2025-11-13.13:49:37::SCWMssOS::make -C psu_cortexa53_0/libsrc/clockps_v1_6/src -s clean 

TRACE::2025-11-13.13:49:38::SCWMssOS::make -C psu_cortexa53_0/libsrc/coresightps_dcc_v1_10/src -s clean 

TRACE::2025-11-13.13:49:38::SCWMssOS::make -C psu_cortexa53_0/libsrc/cpu_cortexa53_v2_1/src -s clean 

TRACE::2025-11-13.13:49:38::SCWMssOS::make -C psu_cortexa53_0/libsrc/csudma_v1_15/src -s clean 

TRACE::2025-11-13.13:49:38::SCWMssOS::make -C psu_cortexa53_0/libsrc/ddrcpsu_v1_6/src -s clean 

TRACE::2025-11-13.13:49:38::SCWMssOS::make -C psu_cortexa53_0/libsrc/gpiops_v3_13/src -s clean 

TRACE::2025-11-13.13:49:38::SCWMssOS::make -C psu_cortexa53_0/libsrc/gpio_v4_11/src -s clean 

TRACE::2025-11-13.13:49:38::SCWMssOS::make -C psu_cortexa53_0/libsrc/iicps_v3_19/src -s clean 

TRACE::2025-11-13.13:49:38::SCWMssOS::make -C psu_cortexa53_0/libsrc/ipipsu_v2_15/src -s clean 

TRACE::2025-11-13.13:49:38::SCWMssOS::make -C psu_cortexa53_0/libsrc/qspipsu_v1_19/src -s clean 

TRACE::2025-11-13.13:49:38::SCWMssOS::make -C psu_cortexa53_0/libsrc/resetps_v1_7/src -s clean 

TRACE::2025-11-13.13:49:38::SCWMssOS::make -C psu_cortexa53_0/libsrc/rtcpsu_v1_14/src -s clean 

TRACE::2025-11-13.13:49:38::SCWMssOS::make -C psu_cortexa53_0/libsrc/scugic_v5_3/src -s clean 

TRACE::2025-11-13.13:49:38::SCWMssOS::make -C psu_cortexa53_0/libsrc/sdps_v4_3/src -s clean 

TRACE::2025-11-13.13:49:38::SCWMssOS::make -C psu_cortexa53_0/libsrc/spips_v3_10/src -s clean 

TRACE::2025-11-13.13:49:38::SCWMssOS::make -C psu_cortexa53_0/libsrc/standalone_v9_1/src -s clean 

TRACE::2025-11-13.13:49:39::SCWMssOS::make -C psu_cortexa53_0/libsrc/sysmonpsu_v2_10/src -s clean 

TRACE::2025-11-13.13:49:39::SCWMssOS::make -C psu_cortexa53_0/libsrc/ttcps_v3_19/src -s clean 

TRACE::2025-11-13.13:49:39::SCWMssOS::make -C psu_cortexa53_0/libsrc/uartps_v3_14/src -s clean 

TRACE::2025-11-13.13:49:39::SCWMssOS::make -C psu_cortexa53_0/libsrc/wdtps_v3_7/src -s clean 

TRACE::2025-11-13.13:49:39::SCWMssOS::make -C psu_cortexa53_0/libsrc/xilffs_v5_2/src -s clean 

TRACE::2025-11-13.13:49:39::SCWMssOS::make -C psu_cortexa53_0/libsrc/zdma_v1_18/src -s clean 

TRACE::2025-11-13.13:49:39::SCWMssOS::rm -f psu_cortexa53_0/lib/libxil.a

TRACE::2025-11-13.13:49:43::SCWPlatform::Trying to open the hw design at C:/unswworks/workspace/project_plat/hw/v2.0.xsa
TRACE::2025-11-13.13:49:43::SCWPlatform::DSA given C:/unswworks/workspace/project_plat/hw/v2.0.xsa
TRACE::2025-11-13.13:49:43::SCWPlatform::DSA absoulate path C:/unswworks/workspace/project_plat/hw/v2.0.xsa
TRACE::2025-11-13.13:49:43::SCWPlatform::DSA directory C:/unswworks/workspace/project_plat/hw
TRACE::2025-11-13.13:49:43::SCWPlatform:: Platform Path C:/unswworks/workspace/project_plat/hw/v2.0.xsa
TRACE::2025-11-13.13:49:43::SCWPlatform:: Unique name xilinx:kv260_som::0.0
TRACE::2025-11-13.13:49:43::SCWPlatform::Trying to set the existing hwdb with name design_1_wrapper_1
TRACE::2025-11-13.13:49:43::SCWPlatform::Opened existing hwdb design_1_wrapper_1
TRACE::2025-11-13.13:49:43::SCWPlatform::Found the Hw Db part of the input DSA
TRACE::2025-11-13.13:49:43::SCWMssOS::Checking the sw design at  C:/unswworks/workspace/project_plat/psu_cortexa53_0/standalone_domain/bsp/system.mss
TRACE::2025-11-13.13:49:43::SCWMssOS::DEBUG:  swdes dump  C:/unswworks/workspace/147/zynqmp_fsbl/zynqmp_fsbl_bsp/system.mss|system_2||
C:/unswworks/workspace/147/zynqmp_pmufw/zynqmp_pmufw_bsp/system.mss|system_3||
C:/unswworks/workspace/project_plat/zynqmp_fsbl/zynqmp_fsbl_bsp/system.mss|system||
C:/unswworks/workspace/project_plat/zynqmp_pmufw/zynqmp_pmufw_bsp/system.mss|system_0||

TRACE::2025-11-13.13:49:43::SCWMssOS::No sw design opened at  C:/unswworks/workspace/project_plat/psu_cortexa53_0/standalone_domain/bsp/system.mss
TRACE::2025-11-13.13:49:43::SCWMssOS::mss exists loading the mss file  C:/unswworks/workspace/project_plat/psu_cortexa53_0/standalone_domain/bsp/system.mss
TRACE::2025-11-13.13:49:43::SCWMssOS::Opened the sw design from mss  C:/unswworks/workspace/project_plat/psu_cortexa53_0/standalone_domain/bsp/system.mss
TRACE::2025-11-13.13:49:43::SCWMssOS::Adding the swdes entry C:/unswworks/workspace/project_plat/psu_cortexa53_0/standalone_domain/bsp/system.mss with des name system_4
TRACE::2025-11-13.13:49:43::SCWMssOS::updating the scw layer about changes
TRACE::2025-11-13.13:49:44::SCWMssOS::Opened the sw design.  C:/unswworks/workspace/project_plat/psu_cortexa53_0/standalone_domain/bsp/system.mss
TRACE::2025-11-13.13:49:47::SCWMssOS::In reload Mss file.
TRACE::2025-11-13.13:49:47::SCWPlatform::Trying to open the hw design at C:/unswworks/workspace/project_plat/hw/v2.0.xsa
TRACE::2025-11-13.13:49:47::SCWPlatform::DSA given C:/unswworks/workspace/project_plat/hw/v2.0.xsa
TRACE::2025-11-13.13:49:47::SCWPlatform::DSA absoulate path C:/unswworks/workspace/project_plat/hw/v2.0.xsa
TRACE::2025-11-13.13:49:47::SCWPlatform::DSA directory C:/unswworks/workspace/project_plat/hw
TRACE::2025-11-13.13:49:47::SCWPlatform:: Platform Path C:/unswworks/workspace/project_plat/hw/v2.0.xsa
TRACE::2025-11-13.13:49:47::SCWPlatform:: Unique name xilinx:kv260_som::0.0
TRACE::2025-11-13.13:49:47::SCWPlatform::Trying to set the existing hwdb with name design_1_wrapper_1
TRACE::2025-11-13.13:49:47::SCWPlatform::Opened existing hwdb design_1_wrapper_1
TRACE::2025-11-13.13:49:47::SCWPlatform::Found the Hw Db part of the input DSA
TRACE::2025-11-13.13:49:47::SCWMssOS::Checking the sw design at  C:/unswworks/workspace/project_plat/psu_cortexa53_0/standalone_domain/bsp/system.mss
TRACE::2025-11-13.13:49:47::SCWMssOS::DEBUG:  swdes dump  C:/unswworks/workspace/147/zynqmp_fsbl/zynqmp_fsbl_bsp/system.mss|system_2||
C:/unswworks/workspace/147/zynqmp_pmufw/zynqmp_pmufw_bsp/system.mss|system_3||
C:/unswworks/workspace/project_plat/zynqmp_fsbl/zynqmp_fsbl_bsp/system.mss|system||
C:/unswworks/workspace/project_plat/zynqmp_pmufw/zynqmp_pmufw_bsp/system.mss|system_0||

TRACE::2025-11-13.13:49:47::SCWMssOS::No sw design opened at  C:/unswworks/workspace/project_plat/psu_cortexa53_0/standalone_domain/bsp/system.mss
TRACE::2025-11-13.13:49:47::SCWMssOS::mss exists loading the mss file  C:/unswworks/workspace/project_plat/psu_cortexa53_0/standalone_domain/bsp/system.mss
TRACE::2025-11-13.13:49:47::SCWMssOS::Opened the sw design from mss  C:/unswworks/workspace/project_plat/psu_cortexa53_0/standalone_domain/bsp/system.mss
TRACE::2025-11-13.13:49:47::SCWMssOS::Adding the swdes entry C:/unswworks/workspace/project_plat/psu_cortexa53_0/standalone_domain/bsp/system.mss with des name system_4
TRACE::2025-11-13.13:49:47::SCWMssOS::updating the scw layer about changes
TRACE::2025-11-13.13:49:47::SCWMssOS::Opened the sw design.  C:/unswworks/workspace/project_plat/psu_cortexa53_0/standalone_domain/bsp/system.mss
TRACE::2025-11-13.13:49:47::SCWPlatform::Trying to open the hw design at C:/unswworks/workspace/project_plat/hw/v2.0.xsa
TRACE::2025-11-13.13:49:47::SCWPlatform::DSA given C:/unswworks/workspace/project_plat/hw/v2.0.xsa
TRACE::2025-11-13.13:49:47::SCWPlatform::DSA absoulate path C:/unswworks/workspace/project_plat/hw/v2.0.xsa
TRACE::2025-11-13.13:49:47::SCWPlatform::DSA directory C:/unswworks/workspace/project_plat/hw
TRACE::2025-11-13.13:49:47::SCWPlatform:: Platform Path C:/unswworks/workspace/project_plat/hw/v2.0.xsa
TRACE::2025-11-13.13:49:47::SCWPlatform:: Unique name xilinx:kv260_som::0.0
TRACE::2025-11-13.13:49:47::SCWPlatform::Trying to set the existing hwdb with name design_1_wrapper_1
TRACE::2025-11-13.13:49:47::SCWPlatform::Opened existing hwdb design_1_wrapper_1
TRACE::2025-11-13.13:49:47::SCWPlatform::Found the Hw Db part of the input DSA
TRACE::2025-11-13.13:49:47::SCWMssOS::Checking the sw design at  C:/unswworks/workspace/project_plat/psu_cortexa53_0/standalone_domain/bsp/system.mss
TRACE::2025-11-13.13:49:47::SCWMssOS::DEBUG:  swdes dump  C:/unswworks/workspace/147/zynqmp_fsbl/zynqmp_fsbl_bsp/system.mss|system_2||
C:/unswworks/workspace/147/zynqmp_pmufw/zynqmp_pmufw_bsp/system.mss|system_3||
C:/unswworks/workspace/project_plat/psu_cortexa53_0/standalone_domain/bsp/system.mss|system_4||
C:/unswworks/workspace/project_plat/zynqmp_fsbl/zynqmp_fsbl_bsp/system.mss|system||
C:/unswworks/workspace/project_plat/zynqmp_pmufw/zynqmp_pmufw_bsp/system.mss|system_0||

TRACE::2025-11-13.13:49:47::SCWMssOS::Sw design exists and opened at  C:/unswworks/workspace/project_plat/psu_cortexa53_0/standalone_domain/bsp/system.mss
TRACE::2025-11-13.13:49:47::SCWMssOS:: library already available in sw design:  xilffs:5.2
TRACE::2025-11-13.13:49:47::SCWMssOS::Saving the mss changes C:/unswworks/workspace/project_plat/psu_cortexa53_0/standalone_domain/bsp/system.mss
TRACE::2025-11-13.13:49:47::SCWMssOS::Found a swdesign opened with the mssfile.
TRACE::2025-11-13.13:49:47::SCWMssOS::Completed writemss as part of save.
TRACE::2025-11-13.13:49:47::SCWMssOS::Commit changes completed.
TRACE::2025-11-13.13:49:47::SCWPlatform::Trying to open the hw design at C:/unswworks/workspace/project_plat/hw/v2.0.xsa
TRACE::2025-11-13.13:49:47::SCWPlatform::DSA given C:/unswworks/workspace/project_plat/hw/v2.0.xsa
TRACE::2025-11-13.13:49:47::SCWPlatform::DSA absoulate path C:/unswworks/workspace/project_plat/hw/v2.0.xsa
TRACE::2025-11-13.13:49:47::SCWPlatform::DSA directory C:/unswworks/workspace/project_plat/hw
TRACE::2025-11-13.13:49:47::SCWPlatform:: Platform Path C:/unswworks/workspace/project_plat/hw/v2.0.xsa
TRACE::2025-11-13.13:49:47::SCWPlatform:: Unique name xilinx:kv260_som::0.0
TRACE::2025-11-13.13:49:47::SCWPlatform::Trying to set the existing hwdb with name design_1_wrapper_1
TRACE::2025-11-13.13:49:47::SCWPlatform::Opened existing hwdb design_1_wrapper_1
TRACE::2025-11-13.13:49:47::SCWPlatform::Found the Hw Db part of the input DSA
TRACE::2025-11-13.13:49:47::SCWMssOS::Checking the sw design at  C:/unswworks/workspace/project_plat/psu_cortexa53_0/standalone_domain/bsp/system.mss
TRACE::2025-11-13.13:49:47::SCWMssOS::DEBUG:  swdes dump  C:/unswworks/workspace/147/zynqmp_fsbl/zynqmp_fsbl_bsp/system.mss|system_2||
C:/unswworks/workspace/147/zynqmp_pmufw/zynqmp_pmufw_bsp/system.mss|system_3||
C:/unswworks/workspace/project_plat/psu_cortexa53_0/standalone_domain/bsp/system.mss|system_4||
C:/unswworks/workspace/project_plat/zynqmp_fsbl/zynqmp_fsbl_bsp/system.mss|system||
C:/unswworks/workspace/project_plat/zynqmp_pmufw/zynqmp_pmufw_bsp/system.mss|system_0||

TRACE::2025-11-13.13:49:47::SCWMssOS::Sw design exists and opened at  C:/unswworks/workspace/project_plat/psu_cortexa53_0/standalone_domain/bsp/system.mss
TRACE::2025-11-13.13:49:47::SCWMssOS::Removing the swdes entry for  C:/unswworks/workspace/project_plat/psu_cortexa53_0/standalone_domain/bsp/system.mss
LOG::2025-11-13.13:49:52::SCWPlatform::Started generating the artifacts platform project_plat
TRACE::2025-11-13.13:49:52::SCWPlatform::Sanity checking of platform is completed
LOG::2025-11-13.13:49:52::SCWPlatform::Started generating the artifacts for system configuration project_plat
LOG::2025-11-13.13:49:52::SCWSystem::Checking the domain zynqmp_fsbl
LOG::2025-11-13.13:49:52::SCWSystem::Doing application build for :  zynqmp_fsbl
TRACE::2025-11-13.13:49:52::SCWBDomain::Not a forced makefile updation, No changes are present. 
TRACE::2025-11-13.13:49:52::SCWDomain::Building the domain as part of full build :  zynqmp_fsbl
TRACE::2025-11-13.13:49:52::SCWPlatform::Trying to open the hw design at C:/unswworks/workspace/project_plat/hw/v2.0.xsa
TRACE::2025-11-13.13:49:52::SCWPlatform::DSA given C:/unswworks/workspace/project_plat/hw/v2.0.xsa
TRACE::2025-11-13.13:49:52::SCWPlatform::DSA absoulate path C:/unswworks/workspace/project_plat/hw/v2.0.xsa
TRACE::2025-11-13.13:49:52::SCWPlatform::DSA directory C:/unswworks/workspace/project_plat/hw
TRACE::2025-11-13.13:49:52::SCWPlatform:: Platform Path C:/unswworks/workspace/project_plat/hw/v2.0.xsa
TRACE::2025-11-13.13:49:52::SCWPlatform:: Unique name xilinx:kv260_som::0.0
TRACE::2025-11-13.13:49:52::SCWPlatform::Trying to set the existing hwdb with name design_1_wrapper_1
TRACE::2025-11-13.13:49:52::SCWPlatform::Opened existing hwdb design_1_wrapper_1
TRACE::2025-11-13.13:49:52::SCWPlatform::Found the Hw Db part of the input DSA
TRACE::2025-11-13.13:49:52::SCWMssOS::Checking the sw design at  C:/unswworks/workspace/project_plat/zynqmp_fsbl/zynqmp_fsbl_bsp/system.mss
TRACE::2025-11-13.13:49:52::SCWMssOS::DEBUG:  swdes dump  C:/unswworks/workspace/147/zynqmp_fsbl/zynqmp_fsbl_bsp/system.mss|system_2||
C:/unswworks/workspace/147/zynqmp_pmufw/zynqmp_pmufw_bsp/system.mss|system_3||
C:/unswworks/workspace/project_plat/zynqmp_fsbl/zynqmp_fsbl_bsp/system.mss|system||
C:/unswworks/workspace/project_plat/zynqmp_pmufw/zynqmp_pmufw_bsp/system.mss|system_0||

TRACE::2025-11-13.13:49:52::SCWMssOS::Sw design exists and opened at  C:/unswworks/workspace/project_plat/zynqmp_fsbl/zynqmp_fsbl_bsp/system.mss
TRACE::2025-11-13.13:49:52::SCWBDomain::Completed writing the mss file at C:/unswworks/workspace/project_plat/zynqmp_fsbl/zynqmp_fsbl_bsp
TRACE::2025-11-13.13:49:52::SCWBDomain::bsp generated is upto date with the mss file. Skipping bsp generation.
TRACE::2025-11-13.13:49:52::SCWBDomain::Not a forced makefile updation, No changes are present. 
TRACE::2025-11-13.13:49:52::SCWBDomain::System Command Ran  C:&  cd  C:/unswworks/workspace/project_plat/zynqmp_fsbl& make -C  zynqmp_fsbl_bsp & make 
TRACE::2025-11-13.13:49:52::SCWBDomain::make: Entering directory 'C:/unswworks/workspace/project_plat/zynqmp_fsbl/zynqmp_fsbl_bsp'

TRACE::2025-11-13.13:49:52::SCWBDomain::make --no-print-directory seq_libs

TRACE::2025-11-13.13:49:52::SCWBDomain::"Running Make include in psu_cortexa53_0/libsrc/axidma_v9_18/src"

TRACE::2025-11-13.13:49:52::SCWBDomain::make -C psu_cortexa53_0/libsrc/axidma_v9_18/src -s include  "SHELL=CMD" "COMPILER=aarch64-none-elf-gcc" "ASSEMBLER=aarch64-none
TRACE::2025-11-13.13:49:52::SCWBDomain::-elf-as" "ARCHIVER=aarch64-none-elf-ar" "COMPILER_FLAGS=  -c" "EXTRA_COMPILER_FLAGS=-g -Wall -Wextra -fno-tree-loop-distribute-
TRACE::2025-11-13.13:49:52::SCWBDomain::patterns -Os -flto -ffat-lto-objects"

TRACE::2025-11-13.13:49:52::SCWBDomain::"Running Make include in psu_cortexa53_0/libsrc/axipmon_v6_11/src"

TRACE::2025-11-13.13:49:52::SCWBDomain::make -C psu_cortexa53_0/libsrc/axipmon_v6_11/src -s include  "SHELL=CMD" "COMPILER=aarch64-none-elf-gcc" "ASSEMBLER=aarch64-non
TRACE::2025-11-13.13:49:52::SCWBDomain::e-elf-as" "ARCHIVER=aarch64-none-elf-ar" "COMPILER_FLAGS=  -c" "EXTRA_COMPILER_FLAGS=-g -Wall -Wextra -fno-tree-loop-distribute
TRACE::2025-11-13.13:49:52::SCWBDomain::-patterns -Os -flto -ffat-lto-objects"

TRACE::2025-11-13.13:49:52::SCWBDomain::"Running Make include in psu_cortexa53_0/libsrc/clockps_v1_6/src"

TRACE::2025-11-13.13:49:52::SCWBDomain::make -C psu_cortexa53_0/libsrc/clockps_v1_6/src -s include  "SHELL=CMD" "COMPILER=aarch64-none-elf-gcc" "ASSEMBLER=aarch64-none
TRACE::2025-11-13.13:49:52::SCWBDomain::-elf-as" "ARCHIVER=aarch64-none-elf-ar" "COMPILER_FLAGS=  -c" "EXTRA_COMPILER_FLAGS=-g -Wall -Wextra -fno-tree-loop-distribute-
TRACE::2025-11-13.13:49:52::SCWBDomain::patterns -Os -flto -ffat-lto-objects"

TRACE::2025-11-13.13:49:52::SCWBDomain::"Running Make include in psu_cortexa53_0/libsrc/coresightps_dcc_v1_10/src"

TRACE::2025-11-13.13:49:52::SCWBDomain::make -C psu_cortexa53_0/libsrc/coresightps_dcc_v1_10/src -s include  "SHELL=CMD" "COMPILER=aarch64-none-elf-gcc" "ASSEMBLER=aar
TRACE::2025-11-13.13:49:52::SCWBDomain::ch64-none-elf-as" "ARCHIVER=aarch64-none-elf-ar" "COMPILER_FLAGS=  -c" "EXTRA_COMPILER_FLAGS=-g -Wall -Wextra -fno-tree-loop-di
TRACE::2025-11-13.13:49:52::SCWBDomain::stribute-patterns -Os -flto -ffat-lto-objects"

TRACE::2025-11-13.13:49:52::SCWBDomain::"Running Make include in psu_cortexa53_0/libsrc/cpu_cortexa53_v2_1/src"

TRACE::2025-11-13.13:49:52::SCWBDomain::make -C psu_cortexa53_0/libsrc/cpu_cortexa53_v2_1/src -s include  "SHELL=CMD" "COMPILER=aarch64-none-elf-gcc" "ASSEMBLER=aarch6
TRACE::2025-11-13.13:49:52::SCWBDomain::4-none-elf-as" "ARCHIVER=aarch64-none-elf-ar" "COMPILER_FLAGS=  -c" "EXTRA_COMPILER_FLAGS=-g -Wall -Wextra -fno-tree-loop-distr
TRACE::2025-11-13.13:49:52::SCWBDomain::ibute-patterns -Os -flto -ffat-lto-objects"

TRACE::2025-11-13.13:49:52::SCWBDomain::"Running Make include in psu_cortexa53_0/libsrc/csudma_v1_15/src"

TRACE::2025-11-13.13:49:52::SCWBDomain::make -C psu_cortexa53_0/libsrc/csudma_v1_15/src -s include  "SHELL=CMD" "COMPILER=aarch64-none-elf-gcc" "ASSEMBLER=aarch64-none
TRACE::2025-11-13.13:49:52::SCWBDomain::-elf-as" "ARCHIVER=aarch64-none-elf-ar" "COMPILER_FLAGS=  -c" "EXTRA_COMPILER_FLAGS=-g -Wall -Wextra -fno-tree-loop-distribute-
TRACE::2025-11-13.13:49:52::SCWBDomain::patterns -Os -flto -ffat-lto-objects"

TRACE::2025-11-13.13:49:52::SCWBDomain::"Running Make include in psu_cortexa53_0/libsrc/ddrcpsu_v1_6/src"

TRACE::2025-11-13.13:49:52::SCWBDomain::make -C psu_cortexa53_0/libsrc/ddrcpsu_v1_6/src -s include  "SHELL=CMD" "COMPILER=aarch64-none-elf-gcc" "ASSEMBLER=aarch64-none
TRACE::2025-11-13.13:49:52::SCWBDomain::-elf-as" "ARCHIVER=aarch64-none-elf-ar" "COMPILER_FLAGS=  -c" "EXTRA_COMPILER_FLAGS=-g -Wall -Wextra -fno-tree-loop-distribute-
TRACE::2025-11-13.13:49:52::SCWBDomain::patterns -Os -flto -ffat-lto-objects"

TRACE::2025-11-13.13:49:52::SCWBDomain::"Running Make include in psu_cortexa53_0/libsrc/gpiops_v3_13/src"

TRACE::2025-11-13.13:49:52::SCWBDomain::make -C psu_cortexa53_0/libsrc/gpiops_v3_13/src -s include  "SHELL=CMD" "COMPILER=aarch64-none-elf-gcc" "ASSEMBLER=aarch64-none
TRACE::2025-11-13.13:49:52::SCWBDomain::-elf-as" "ARCHIVER=aarch64-none-elf-ar" "COMPILER_FLAGS=  -c" "EXTRA_COMPILER_FLAGS=-g -Wall -Wextra -fno-tree-loop-distribute-
TRACE::2025-11-13.13:49:52::SCWBDomain::patterns -Os -flto -ffat-lto-objects"

TRACE::2025-11-13.13:49:52::SCWBDomain::"Running Make include in psu_cortexa53_0/libsrc/gpio_v4_11/src"

TRACE::2025-11-13.13:49:52::SCWBDomain::make -C psu_cortexa53_0/libsrc/gpio_v4_11/src -s include  "SHELL=CMD" "COMPILER=aarch64-none-elf-gcc" "ASSEMBLER=aarch64-none-e
TRACE::2025-11-13.13:49:52::SCWBDomain::lf-as" "ARCHIVER=aarch64-none-elf-ar" "COMPILER_FLAGS=  -c" "EXTRA_COMPILER_FLAGS=-g -Wall -Wextra -fno-tree-loop-distribute-pa
TRACE::2025-11-13.13:49:52::SCWBDomain::tterns -Os -flto -ffat-lto-objects"

TRACE::2025-11-13.13:49:52::SCWBDomain::"Running Make include in psu_cortexa53_0/libsrc/iicps_v3_19/src"

TRACE::2025-11-13.13:49:52::SCWBDomain::make -C psu_cortexa53_0/libsrc/iicps_v3_19/src -s include  "SHELL=CMD" "COMPILER=aarch64-none-elf-gcc" "ASSEMBLER=aarch64-none-
TRACE::2025-11-13.13:49:52::SCWBDomain::elf-as" "ARCHIVER=aarch64-none-elf-ar" "COMPILER_FLAGS=  -c" "EXTRA_COMPILER_FLAGS=-g -Wall -Wextra -fno-tree-loop-distribute-p
TRACE::2025-11-13.13:49:52::SCWBDomain::atterns -Os -flto -ffat-lto-objects"

TRACE::2025-11-13.13:49:52::SCWBDomain::"Running Make include in psu_cortexa53_0/libsrc/ipipsu_v2_15/src"

TRACE::2025-11-13.13:49:52::SCWBDomain::make -C psu_cortexa53_0/libsrc/ipipsu_v2_15/src -s include  "SHELL=CMD" "COMPILER=aarch64-none-elf-gcc" "ASSEMBLER=aarch64-none
TRACE::2025-11-13.13:49:52::SCWBDomain::-elf-as" "ARCHIVER=aarch64-none-elf-ar" "COMPILER_FLAGS=  -c" "EXTRA_COMPILER_FLAGS=-g -Wall -Wextra -fno-tree-loop-distribute-
TRACE::2025-11-13.13:49:52::SCWBDomain::patterns -Os -flto -ffat-lto-objects"

TRACE::2025-11-13.13:49:52::SCWBDomain::"Running Make include in psu_cortexa53_0/libsrc/qspipsu_v1_19/src"

TRACE::2025-11-13.13:49:52::SCWBDomain::make -C psu_cortexa53_0/libsrc/qspipsu_v1_19/src -s include  "SHELL=CMD" "COMPILER=aarch64-none-elf-gcc" "ASSEMBLER=aarch64-non
TRACE::2025-11-13.13:49:52::SCWBDomain::e-elf-as" "ARCHIVER=aarch64-none-elf-ar" "COMPILER_FLAGS=  -c" "EXTRA_COMPILER_FLAGS=-g -Wall -Wextra -fno-tree-loop-distribute
TRACE::2025-11-13.13:49:52::SCWBDomain::-patterns -Os -flto -ffat-lto-objects"

TRACE::2025-11-13.13:49:52::SCWBDomain::"Running Make include in psu_cortexa53_0/libsrc/resetps_v1_7/src"

TRACE::2025-11-13.13:49:52::SCWBDomain::make -C psu_cortexa53_0/libsrc/resetps_v1_7/src -s include  "SHELL=CMD" "COMPILER=aarch64-none-elf-gcc" "ASSEMBLER=aarch64-none
TRACE::2025-11-13.13:49:52::SCWBDomain::-elf-as" "ARCHIVER=aarch64-none-elf-ar" "COMPILER_FLAGS=  -c" "EXTRA_COMPILER_FLAGS=-g -Wall -Wextra -fno-tree-loop-distribute-
TRACE::2025-11-13.13:49:52::SCWBDomain::patterns -Os -flto -ffat-lto-objects"

TRACE::2025-11-13.13:49:52::SCWBDomain::"Running Make include in psu_cortexa53_0/libsrc/rtcpsu_v1_14/src"

TRACE::2025-11-13.13:49:52::SCWBDomain::make -C psu_cortexa53_0/libsrc/rtcpsu_v1_14/src -s include  "SHELL=CMD" "COMPILER=aarch64-none-elf-gcc" "ASSEMBLER=aarch64-none
TRACE::2025-11-13.13:49:52::SCWBDomain::-elf-as" "ARCHIVER=aarch64-none-elf-ar" "COMPILER_FLAGS=  -c" "EXTRA_COMPILER_FLAGS=-g -Wall -Wextra -fno-tree-loop-distribute-
TRACE::2025-11-13.13:49:52::SCWBDomain::patterns -Os -flto -ffat-lto-objects"

TRACE::2025-11-13.13:49:52::SCWBDomain::"Running Make include in psu_cortexa53_0/libsrc/scugic_v5_3/src"

TRACE::2025-11-13.13:49:52::SCWBDomain::make -C psu_cortexa53_0/libsrc/scugic_v5_3/src -s include  "SHELL=CMD" "COMPILER=aarch64-none-elf-gcc" "ASSEMBLER=aarch64-none-
TRACE::2025-11-13.13:49:52::SCWBDomain::elf-as" "ARCHIVER=aarch64-none-elf-ar" "COMPILER_FLAGS=  -c" "EXTRA_COMPILER_FLAGS=-g -Wall -Wextra -fno-tree-loop-distribute-p
TRACE::2025-11-13.13:49:52::SCWBDomain::atterns -Os -flto -ffat-lto-objects"

TRACE::2025-11-13.13:49:53::SCWBDomain::"Running Make include in psu_cortexa53_0/libsrc/sdps_v4_3/src"

TRACE::2025-11-13.13:49:53::SCWBDomain::make -C psu_cortexa53_0/libsrc/sdps_v4_3/src -s include  "SHELL=CMD" "COMPILER=aarch64-none-elf-gcc" "ASSEMBLER=aarch64-none-el
TRACE::2025-11-13.13:49:53::SCWBDomain::f-as" "ARCHIVER=aarch64-none-elf-ar" "COMPILER_FLAGS=  -c" "EXTRA_COMPILER_FLAGS=-g -Wall -Wextra -fno-tree-loop-distribute-pat
TRACE::2025-11-13.13:49:53::SCWBDomain::terns -Os -flto -ffat-lto-objects"

TRACE::2025-11-13.13:49:53::SCWBDomain::"Running Make include in psu_cortexa53_0/libsrc/spips_v3_10/src"

TRACE::2025-11-13.13:49:53::SCWBDomain::make -C psu_cortexa53_0/libsrc/spips_v3_10/src -s include  "SHELL=CMD" "COMPILER=aarch64-none-elf-gcc" "ASSEMBLER=aarch64-none-
TRACE::2025-11-13.13:49:53::SCWBDomain::elf-as" "ARCHIVER=aarch64-none-elf-ar" "COMPILER_FLAGS=  -c" "EXTRA_COMPILER_FLAGS=-g -Wall -Wextra -fno-tree-loop-distribute-p
TRACE::2025-11-13.13:49:53::SCWBDomain::atterns -Os -flto -ffat-lto-objects"

TRACE::2025-11-13.13:49:53::SCWBDomain::"Running Make include in psu_cortexa53_0/libsrc/standalone_v9_1/src"

TRACE::2025-11-13.13:49:53::SCWBDomain::make -C psu_cortexa53_0/libsrc/standalone_v9_1/src -s include  "SHELL=CMD" "COMPILER=aarch64-none-elf-gcc" "ASSEMBLER=aarch64-n
TRACE::2025-11-13.13:49:53::SCWBDomain::one-elf-as" "ARCHIVER=aarch64-none-elf-ar" "COMPILER_FLAGS=  -c" "EXTRA_COMPILER_FLAGS=-g -Wall -Wextra -fno-tree-loop-distribu
TRACE::2025-11-13.13:49:53::SCWBDomain::te-patterns -Os -flto -ffat-lto-objects"

TRACE::2025-11-13.13:49:53::SCWBDomain::"Running Make include in psu_cortexa53_0/libsrc/sysmonpsu_v2_10/src"

TRACE::2025-11-13.13:49:53::SCWBDomain::make -C psu_cortexa53_0/libsrc/sysmonpsu_v2_10/src -s include  "SHELL=CMD" "COMPILER=aarch64-none-elf-gcc" "ASSEMBLER=aarch64-n
TRACE::2025-11-13.13:49:53::SCWBDomain::one-elf-as" "ARCHIVER=aarch64-none-elf-ar" "COMPILER_FLAGS=  -c" "EXTRA_COMPILER_FLAGS=-g -Wall -Wextra -fno-tree-loop-distribu
TRACE::2025-11-13.13:49:53::SCWBDomain::te-patterns -Os -flto -ffat-lto-objects"

TRACE::2025-11-13.13:49:53::SCWBDomain::"Running Make include in psu_cortexa53_0/libsrc/ttcps_v3_19/src"

TRACE::2025-11-13.13:49:53::SCWBDomain::make -C psu_cortexa53_0/libsrc/ttcps_v3_19/src -s include  "SHELL=CMD" "COMPILER=aarch64-none-elf-gcc" "ASSEMBLER=aarch64-none-
TRACE::2025-11-13.13:49:53::SCWBDomain::elf-as" "ARCHIVER=aarch64-none-elf-ar" "COMPILER_FLAGS=  -c" "EXTRA_COMPILER_FLAGS=-g -Wall -Wextra -fno-tree-loop-distribute-p
TRACE::2025-11-13.13:49:53::SCWBDomain::atterns -Os -flto -ffat-lto-objects"

TRACE::2025-11-13.13:49:53::SCWBDomain::"Running Make include in psu_cortexa53_0/libsrc/uartps_v3_14/src"

TRACE::2025-11-13.13:49:53::SCWBDomain::make -C psu_cortexa53_0/libsrc/uartps_v3_14/src -s include  "SHELL=CMD" "COMPILER=aarch64-none-elf-gcc" "ASSEMBLER=aarch64-none
TRACE::2025-11-13.13:49:53::SCWBDomain::-elf-as" "ARCHIVER=aarch64-none-elf-ar" "COMPILER_FLAGS=  -c" "EXTRA_COMPILER_FLAGS=-g -Wall -Wextra -fno-tree-loop-distribute-
TRACE::2025-11-13.13:49:53::SCWBDomain::patterns -Os -flto -ffat-lto-objects"

TRACE::2025-11-13.13:49:53::SCWBDomain::"Running Make include in psu_cortexa53_0/libsrc/wdtps_v3_7/src"

TRACE::2025-11-13.13:49:53::SCWBDomain::make -C psu_cortexa53_0/libsrc/wdtps_v3_7/src -s include  "SHELL=CMD" "COMPILER=aarch64-none-elf-gcc" "ASSEMBLER=aarch64-none-e
TRACE::2025-11-13.13:49:53::SCWBDomain::lf-as" "ARCHIVER=aarch64-none-elf-ar" "COMPILER_FLAGS=  -c" "EXTRA_COMPILER_FLAGS=-g -Wall -Wextra -fno-tree-loop-distribute-pa
TRACE::2025-11-13.13:49:53::SCWBDomain::tterns -Os -flto -ffat-lto-objects"

TRACE::2025-11-13.13:49:53::SCWBDomain::"Running Make include in psu_cortexa53_0/libsrc/xilffs_v5_2/src"

TRACE::2025-11-13.13:49:53::SCWBDomain::make -C psu_cortexa53_0/libsrc/xilffs_v5_2/src -s include  "SHELL=CMD" "COMPILER=aarch64-none-elf-gcc" "ASSEMBLER=aarch64-none-
TRACE::2025-11-13.13:49:53::SCWBDomain::elf-as" "ARCHIVER=aarch64-none-elf-ar" "COMPILER_FLAGS=  -c" "EXTRA_COMPILER_FLAGS=-g -Wall -Wextra -fno-tree-loop-distribute-p
TRACE::2025-11-13.13:49:53::SCWBDomain::atterns -Os -flto -ffat-lto-objects"

TRACE::2025-11-13.13:49:53::SCWBDomain::"Running Make include in psu_cortexa53_0/libsrc/xilpm_v5_2/src"

TRACE::2025-11-13.13:49:53::SCWBDomain::make -C psu_cortexa53_0/libsrc/xilpm_v5_2/src -s include  "SHELL=CMD" "COMPILER=aarch64-none-elf-gcc" "ASSEMBLER=aarch64-none-e
TRACE::2025-11-13.13:49:53::SCWBDomain::lf-as" "ARCHIVER=aarch64-none-elf-ar" "COMPILER_FLAGS=  -c" "EXTRA_COMPILER_FLAGS=-g -Wall -Wextra -fno-tree-loop-distribute-pa
TRACE::2025-11-13.13:49:53::SCWBDomain::tterns -Os -flto -ffat-lto-objects"

TRACE::2025-11-13.13:49:53::SCWBDomain::"Include files for this library have already been copied."

TRACE::2025-11-13.13:49:53::SCWBDomain::"Running Make include in psu_cortexa53_0/libsrc/xilsecure_v5_3/src"

TRACE::2025-11-13.13:49:53::SCWBDomain::make -C psu_cortexa53_0/libsrc/xilsecure_v5_3/src -s include  "SHELL=CMD" "COMPILER=aarch64-none-elf-gcc" "ASSEMBLER=aarch64-no
TRACE::2025-11-13.13:49:53::SCWBDomain::ne-elf-as" "ARCHIVER=aarch64-none-elf-ar" "COMPILER_FLAGS=  -c" "EXTRA_COMPILER_FLAGS=-g -Wall -Wextra -fno-tree-loop-distribut
TRACE::2025-11-13.13:49:53::SCWBDomain::e-patterns -Os -flto -ffat-lto-objects"

TRACE::2025-11-13.13:49:53::SCWBDomain::"Running Make include in psu_cortexa53_0/libsrc/zdma_v1_18/src"

TRACE::2025-11-13.13:49:53::SCWBDomain::make -C psu_cortexa53_0/libsrc/zdma_v1_18/src -s include  "SHELL=CMD" "COMPILER=aarch64-none-elf-gcc" "ASSEMBLER=aarch64-none-e
TRACE::2025-11-13.13:49:53::SCWBDomain::lf-as" "ARCHIVER=aarch64-none-elf-ar" "COMPILER_FLAGS=  -c" "EXTRA_COMPILER_FLAGS=-g -Wall -Wextra -fno-tree-loop-distribute-pa
TRACE::2025-11-13.13:49:53::SCWBDomain::tterns -Os -flto -ffat-lto-objects"

TRACE::2025-11-13.13:49:53::SCWBDomain::"Running Make libs in psu_cortexa53_0/libsrc/xilpm_v5_2/src"

TRACE::2025-11-13.13:49:53::SCWBDomain::make -C psu_cortexa53_0/libsrc/xilpm_v5_2/src -s libs  "SHELL=CMD" "COMPILER=aarch64-none-elf-gcc" "ASSEMBLER=aarch64-none-elf-
TRACE::2025-11-13.13:49:53::SCWBDomain::as" "ARCHIVER=aarch64-none-elf-ar" "COMPILER_FLAGS=  -c" "EXTRA_COMPILER_FLAGS=-g -Wall -Wextra -fno-tree-loop-distribute-patte
TRACE::2025-11-13.13:49:53::SCWBDomain::rns -Os -flto -ffat-lto-objects"

TRACE::2025-11-13.13:49:53::SCWBDomain::"Compiling xilpm library"

TRACE::2025-11-13.13:49:54::SCWBDomain::"Running Make libs in psu_cortexa53_0/libsrc/xilsecure_v5_3/src"

TRACE::2025-11-13.13:49:54::SCWBDomain::make -C psu_cortexa53_0/libsrc/xilsecure_v5_3/src -s libs  "SHELL=CMD" "COMPILER=aarch64-none-elf-gcc" "ASSEMBLER=aarch64-none-
TRACE::2025-11-13.13:49:54::SCWBDomain::elf-as" "ARCHIVER=aarch64-none-elf-ar" "COMPILER_FLAGS=  -c" "EXTRA_COMPILER_FLAGS=-g -Wall -Wextra -fno-tree-loop-distribute-p
TRACE::2025-11-13.13:49:54::SCWBDomain::atterns -Os -flto -ffat-lto-objects"

TRACE::2025-11-13.13:49:54::SCWBDomain::"Compiling XilSecure Library"

TRACE::2025-11-13.13:49:55::SCWBDomain::'Finished building libraries sequentially.'

TRACE::2025-11-13.13:49:55::SCWBDomain::make -j 10 --no-print-directory par_libs

TRACE::2025-11-13.13:49:55::SCWBDomain::"Running Make include in psu_cortexa53_0/libsrc/axidma_v9_18/src"

TRACE::2025-11-13.13:49:55::SCWBDomain::make -C psu_cortexa53_0/libsrc/axidma_v9_18/src -s include  "SHELL=CMD" "COMPILER=aarch64-none-elf-gcc" "ASSEMBLER=aarch64-none
TRACE::2025-11-13.13:49:55::SCWBDomain::-elf-as" "ARCHIVER=aarch64-none-elf-ar" "COMPILER_FLAGS=  -c" "EXTRA_COMPILER_FLAGS=-g -Wall -Wextra -fno-tree-loop-distribute-
TRACE::2025-11-13.13:49:55::SCWBDomain::patterns -Os -flto -ffat-lto-objects"

TRACE::2025-11-13.13:49:55::SCWBDomain::"Running Make include in psu_cortexa53_0/libsrc/axipmon_v6_11/src"

TRACE::2025-11-13.13:49:55::SCWBDomain::make -C psu_cortexa53_0/libsrc/axipmon_v6_11/src -s include  "SHELL=CMD" "COMPILER=aarch64-none-elf-gcc" "ASSEMBLER=aarch64-non
TRACE::2025-11-13.13:49:55::SCWBDomain::e-elf-as" "ARCHIVER=aarch64-none-elf-ar" "COMPILER_FLAGS=  -c" "EXTRA_COMPILER_FLAGS=-g -Wall -Wextra -fno-tree-loop-distribute
TRACE::2025-11-13.13:49:55::SCWBDomain::-patterns -Os -flto -ffat-lto-objects"

TRACE::2025-11-13.13:49:55::SCWBDomain::"Running Make include in psu_cortexa53_0/libsrc/clockps_v1_6/src"

TRACE::2025-11-13.13:49:55::SCWBDomain::make -C psu_cortexa53_0/libsrc/clockps_v1_6/src -s include  "SHELL=CMD" "COMPILER=aarch64-none-elf-gcc" "ASSEMBLER=aarch64-none
TRACE::2025-11-13.13:49:55::SCWBDomain::-elf-as" "ARCHIVER=aarch64-none-elf-ar" "COMPILER_FLAGS=  -c" "EXTRA_COMPILER_FLAGS=-g -Wall -Wextra -fno-tree-loop-distribute-
TRACE::2025-11-13.13:49:55::SCWBDomain::patterns -Os -flto -ffat-lto-objects"

TRACE::2025-11-13.13:49:55::SCWBDomain::"Running Make include in psu_cortexa53_0/libsrc/coresightps_dcc_v1_10/src"

TRACE::2025-11-13.13:49:55::SCWBDomain::make -C psu_cortexa53_0/libsrc/coresightps_dcc_v1_10/src -s include  "SHELL=CMD" "COMPILER=aarch64-none-elf-gcc" "ASSEMBLER=aar
TRACE::2025-11-13.13:49:55::SCWBDomain::ch64-none-elf-as" "ARCHIVER=aarch64-none-elf-ar" "COMPILER_FLAGS=  -c" "EXTRA_COMPILER_FLAGS=-g -Wall -Wextra -fno-tree-loop-di
TRACE::2025-11-13.13:49:55::SCWBDomain::stribute-patterns -Os -flto -ffat-lto-objects"

TRACE::2025-11-13.13:49:55::SCWBDomain::"Running Make include in psu_cortexa53_0/libsrc/cpu_cortexa53_v2_1/src"

TRACE::2025-11-13.13:49:55::SCWBDomain::make -C psu_cortexa53_0/libsrc/cpu_cortexa53_v2_1/src -s include  "SHELL=CMD" "COMPILER=aarch64-none-elf-gcc" "ASSEMBLER=aarch6
TRACE::2025-11-13.13:49:55::SCWBDomain::4-none-elf-as" "ARCHIVER=aarch64-none-elf-ar" "COMPILER_FLAGS=  -c" "EXTRA_COMPILER_FLAGS=-g -Wall -Wextra -fno-tree-loop-distr
TRACE::2025-11-13.13:49:55::SCWBDomain::ibute-patterns -Os -flto -ffat-lto-objects"

TRACE::2025-11-13.13:49:55::SCWBDomain::"Running Make include in psu_cortexa53_0/libsrc/csudma_v1_15/src"

TRACE::2025-11-13.13:49:55::SCWBDomain::make -C psu_cortexa53_0/libsrc/csudma_v1_15/src -s include  "SHELL=CMD" "COMPILER=aarch64-none-elf-gcc" "ASSEMBLER=aarch64-none
TRACE::2025-11-13.13:49:55::SCWBDomain::-elf-as" "ARCHIVER=aarch64-none-elf-ar" "COMPILER_FLAGS=  -c" "EXTRA_COMPILER_FLAGS=-g -Wall -Wextra -fno-tree-loop-distribute-
TRACE::2025-11-13.13:49:55::SCWBDomain::patterns -Os -flto -ffat-lto-objects"

TRACE::2025-11-13.13:49:55::SCWBDomain::"Running Make include in psu_cortexa53_0/libsrc/ddrcpsu_v1_6/src"

TRACE::2025-11-13.13:49:55::SCWBDomain::make -C psu_cortexa53_0/libsrc/ddrcpsu_v1_6/src -s include  "SHELL=CMD" "COMPILER=aarch64-none-elf-gcc" "ASSEMBLER=aarch64-none
TRACE::2025-11-13.13:49:55::SCWBDomain::-elf-as" "ARCHIVER=aarch64-none-elf-ar" "COMPILER_FLAGS=  -c" "EXTRA_COMPILER_FLAGS=-g -Wall -Wextra -fno-tree-loop-distribute-
TRACE::2025-11-13.13:49:55::SCWBDomain::patterns -Os -flto -ffat-lto-objects"

TRACE::2025-11-13.13:49:55::SCWBDomain::"Running Make include in psu_cortexa53_0/libsrc/gpiops_v3_13/src"

TRACE::2025-11-13.13:49:55::SCWBDomain::make -C psu_cortexa53_0/libsrc/gpiops_v3_13/src -s include  "SHELL=CMD" "COMPILER=aarch64-none-elf-gcc" "ASSEMBLER=aarch64-none
TRACE::2025-11-13.13:49:55::SCWBDomain::-elf-as" "ARCHIVER=aarch64-none-elf-ar" "COMPILER_FLAGS=  -c" "EXTRA_COMPILER_FLAGS=-g -Wall -Wextra -fno-tree-loop-distribute-
TRACE::2025-11-13.13:49:55::SCWBDomain::patterns -Os -flto -ffat-lto-objects"

TRACE::2025-11-13.13:49:55::SCWBDomain::"Running Make include in psu_cortexa53_0/libsrc/gpio_v4_11/src"

TRACE::2025-11-13.13:49:55::SCWBDomain::make -C psu_cortexa53_0/libsrc/gpio_v4_11/src -s include  "SHELL=CMD" "COMPILER=aarch64-none-elf-gcc" "ASSEMBLER=aarch64-none-e
TRACE::2025-11-13.13:49:55::SCWBDomain::lf-as" "ARCHIVER=aarch64-none-elf-ar" "COMPILER_FLAGS=  -c" "EXTRA_COMPILER_FLAGS=-g -Wall -Wextra -fno-tree-loop-distribute-pa
TRACE::2025-11-13.13:49:55::SCWBDomain::tterns -Os -flto -ffat-lto-objects"

TRACE::2025-11-13.13:49:55::SCWBDomain::"Running Make include in psu_cortexa53_0/libsrc/iicps_v3_19/src"

TRACE::2025-11-13.13:49:55::SCWBDomain::make -C psu_cortexa53_0/libsrc/iicps_v3_19/src -s include  "SHELL=CMD" "COMPILER=aarch64-none-elf-gcc" "ASSEMBLER=aarch64-none-
TRACE::2025-11-13.13:49:55::SCWBDomain::elf-as" "ARCHIVER=aarch64-none-elf-ar" "COMPILER_FLAGS=  -c" "EXTRA_COMPILER_FLAGS=-g -Wall -Wextra -fno-tree-loop-distribute-p
TRACE::2025-11-13.13:49:55::SCWBDomain::atterns -Os -flto -ffat-lto-objects"

TRACE::2025-11-13.13:49:55::SCWBDomain::"Running Make include in psu_cortexa53_0/libsrc/ipipsu_v2_15/src"

TRACE::2025-11-13.13:49:55::SCWBDomain::make -C psu_cortexa53_0/libsrc/ipipsu_v2_15/src -s include  "SHELL=CMD" "COMPILER=aarch64-none-elf-gcc" "ASSEMBLER=aarch64-none
TRACE::2025-11-13.13:49:55::SCWBDomain::-elf-as" "ARCHIVER=aarch64-none-elf-ar" "COMPILER_FLAGS=  -c" "EXTRA_COMPILER_FLAGS=-g -Wall -Wextra -fno-tree-loop-distribute-
TRACE::2025-11-13.13:49:55::SCWBDomain::patterns -Os -flto -ffat-lto-objects"

TRACE::2025-11-13.13:49:55::SCWBDomain::"Running Make include in psu_cortexa53_0/libsrc/qspipsu_v1_19/src"

TRACE::2025-11-13.13:49:55::SCWBDomain::make -C psu_cortexa53_0/libsrc/qspipsu_v1_19/src -s include  "SHELL=CMD" "COMPILER=aarch64-none-elf-gcc" "ASSEMBLER=aarch64-non
TRACE::2025-11-13.13:49:55::SCWBDomain::e-elf-as" "ARCHIVER=aarch64-none-elf-ar" "COMPILER_FLAGS=  -c" "EXTRA_COMPILER_FLAGS=-g -Wall -Wextra -fno-tree-loop-distribute
TRACE::2025-11-13.13:49:55::SCWBDomain::-patterns -Os -flto -ffat-lto-objects"

TRACE::2025-11-13.13:49:55::SCWBDomain::"Running Make include in psu_cortexa53_0/libsrc/resetps_v1_7/src"

TRACE::2025-11-13.13:49:55::SCWBDomain::make -C psu_cortexa53_0/libsrc/resetps_v1_7/src -s include  "SHELL=CMD" "COMPILER=aarch64-none-elf-gcc" "ASSEMBLER=aarch64-none
TRACE::2025-11-13.13:49:55::SCWBDomain::-elf-as" "ARCHIVER=aarch64-none-elf-ar" "COMPILER_FLAGS=  -c" "EXTRA_COMPILER_FLAGS=-g -Wall -Wextra -fno-tree-loop-distribute-
TRACE::2025-11-13.13:49:55::SCWBDomain::patterns -Os -flto -ffat-lto-objects"

TRACE::2025-11-13.13:49:55::SCWBDomain::"Running Make include in psu_cortexa53_0/libsrc/rtcpsu_v1_14/src"

TRACE::2025-11-13.13:49:55::SCWBDomain::make -C psu_cortexa53_0/libsrc/rtcpsu_v1_14/src -s include  "SHELL=CMD" "COMPILER=aarch64-none-elf-gcc" "ASSEMBLER=aarch64-none
TRACE::2025-11-13.13:49:55::SCWBDomain::-elf-as" "ARCHIVER=aarch64-none-elf-ar" "COMPILER_FLAGS=  -c" "EXTRA_COMPILER_FLAGS=-g -Wall -Wextra -fno-tree-loop-distribute-
TRACE::2025-11-13.13:49:55::SCWBDomain::patterns -Os -flto -ffat-lto-objects"

TRACE::2025-11-13.13:49:55::SCWBDomain::"Running Make include in psu_cortexa53_0/libsrc/scugic_v5_3/src"

TRACE::2025-11-13.13:49:55::SCWBDomain::make -C psu_cortexa53_0/libsrc/scugic_v5_3/src -s include  "SHELL=CMD" "COMPILER=aarch64-none-elf-gcc" "ASSEMBLER=aarch64-none-
TRACE::2025-11-13.13:49:55::SCWBDomain::elf-as" "ARCHIVER=aarch64-none-elf-ar" "COMPILER_FLAGS=  -c" "EXTRA_COMPILER_FLAGS=-g -Wall -Wextra -fno-tree-loop-distribute-p
TRACE::2025-11-13.13:49:55::SCWBDomain::atterns -Os -flto -ffat-lto-objects"

TRACE::2025-11-13.13:49:55::SCWBDomain::"Running Make include in psu_cortexa53_0/libsrc/sdps_v4_3/src"

TRACE::2025-11-13.13:49:55::SCWBDomain::make -C psu_cortexa53_0/libsrc/sdps_v4_3/src -s include  "SHELL=CMD" "COMPILER=aarch64-none-elf-gcc" "ASSEMBLER=aarch64-none-el
TRACE::2025-11-13.13:49:55::SCWBDomain::f-as" "ARCHIVER=aarch64-none-elf-ar" "COMPILER_FLAGS=  -c" "EXTRA_COMPILER_FLAGS=-g -Wall -Wextra -fno-tree-loop-distribute-pat
TRACE::2025-11-13.13:49:55::SCWBDomain::terns -Os -flto -ffat-lto-objects"

TRACE::2025-11-13.13:49:55::SCWBDomain::"Running Make include in psu_cortexa53_0/libsrc/spips_v3_10/src"

TRACE::2025-11-13.13:49:55::SCWBDomain::make -C psu_cortexa53_0/libsrc/spips_v3_10/src -s include  "SHELL=CMD" "COMPILER=aarch64-none-elf-gcc" "ASSEMBLER=aarch64-none-
TRACE::2025-11-13.13:49:55::SCWBDomain::elf-as" "ARCHIVER=aarch64-none-elf-ar" "COMPILER_FLAGS=  -c" "EXTRA_COMPILER_FLAGS=-g -Wall -Wextra -fno-tree-loop-distribute-p
TRACE::2025-11-13.13:49:55::SCWBDomain::atterns -Os -flto -ffat-lto-objects"

TRACE::2025-11-13.13:49:55::SCWBDomain::"Running Make include in psu_cortexa53_0/libsrc/standalone_v9_1/src"

TRACE::2025-11-13.13:49:55::SCWBDomain::make -C psu_cortexa53_0/libsrc/standalone_v9_1/src -s include  "SHELL=CMD" "COMPILER=aarch64-none-elf-gcc" "ASSEMBLER=aarch64-n
TRACE::2025-11-13.13:49:55::SCWBDomain::one-elf-as" "ARCHIVER=aarch64-none-elf-ar" "COMPILER_FLAGS=  -c" "EXTRA_COMPILER_FLAGS=-g -Wall -Wextra -fno-tree-loop-distribu
TRACE::2025-11-13.13:49:55::SCWBDomain::te-patterns -Os -flto -ffat-lto-objects"

TRACE::2025-11-13.13:49:55::SCWBDomain::"Running Make include in psu_cortexa53_0/libsrc/sysmonpsu_v2_10/src"

TRACE::2025-11-13.13:49:55::SCWBDomain::make -C psu_cortexa53_0/libsrc/sysmonpsu_v2_10/src -s include  "SHELL=CMD" "COMPILER=aarch64-none-elf-gcc" "ASSEMBLER=aarch64-n
TRACE::2025-11-13.13:49:55::SCWBDomain::one-elf-as" "ARCHIVER=aarch64-none-elf-ar" "COMPILER_FLAGS=  -c" "EXTRA_COMPILER_FLAGS=-g -Wall -Wextra -fno-tree-loop-distribu
TRACE::2025-11-13.13:49:55::SCWBDomain::te-patterns -Os -flto -ffat-lto-objects"

TRACE::2025-11-13.13:49:55::SCWBDomain::"Running Make include in psu_cortexa53_0/libsrc/ttcps_v3_19/src"

TRACE::2025-11-13.13:49:55::SCWBDomain::make -C psu_cortexa53_0/libsrc/ttcps_v3_19/src -s include  "SHELL=CMD" "COMPILER=aarch64-none-elf-gcc" "ASSEMBLER=aarch64-none-
TRACE::2025-11-13.13:49:55::SCWBDomain::elf-as" "ARCHIVER=aarch64-none-elf-ar" "COMPILER_FLAGS=  -c" "EXTRA_COMPILER_FLAGS=-g -Wall -Wextra -fno-tree-loop-distribute-p
TRACE::2025-11-13.13:49:55::SCWBDomain::atterns -Os -flto -ffat-lto-objects"

TRACE::2025-11-13.13:49:55::SCWBDomain::"Running Make include in psu_cortexa53_0/libsrc/uartps_v3_14/src"

TRACE::2025-11-13.13:49:55::SCWBDomain::make -C psu_cortexa53_0/libsrc/uartps_v3_14/src -s include  "SHELL=CMD" "COMPILER=aarch64-none-elf-gcc" "ASSEMBLER=aarch64-none
TRACE::2025-11-13.13:49:55::SCWBDomain::-elf-as" "ARCHIVER=aarch64-none-elf-ar" "COMPILER_FLAGS=  -c" "EXTRA_COMPILER_FLAGS=-g -Wall -Wextra -fno-tree-loop-distribute-
TRACE::2025-11-13.13:49:55::SCWBDomain::patterns -Os -flto -ffat-lto-objects"

TRACE::2025-11-13.13:49:55::SCWBDomain::"Running Make include in psu_cortexa53_0/libsrc/wdtps_v3_7/src"

TRACE::2025-11-13.13:49:55::SCWBDomain::make -C psu_cortexa53_0/libsrc/wdtps_v3_7/src -s include  "SHELL=CMD" "COMPILER=aarch64-none-elf-gcc" "ASSEMBLER=aarch64-none-e
TRACE::2025-11-13.13:49:55::SCWBDomain::lf-as" "ARCHIVER=aarch64-none-elf-ar" "COMPILER_FLAGS=  -c" "EXTRA_COMPILER_FLAGS=-g -Wall -Wextra -fno-tree-loop-distribute-pa
TRACE::2025-11-13.13:49:55::SCWBDomain::tterns -Os -flto -ffat-lto-objects"

TRACE::2025-11-13.13:49:55::SCWBDomain::"Running Make include in psu_cortexa53_0/libsrc/xilffs_v5_2/src"

TRACE::2025-11-13.13:49:55::SCWBDomain::make -C psu_cortexa53_0/libsrc/xilffs_v5_2/src -s include  "SHELL=CMD" "COMPILER=aarch64-none-elf-gcc" "ASSEMBLER=aarch64-none-
TRACE::2025-11-13.13:49:55::SCWBDomain::elf-as" "ARCHIVER=aarch64-none-elf-ar" "COMPILER_FLAGS=  -c" "EXTRA_COMPILER_FLAGS=-g -Wall -Wextra -fno-tree-loop-distribute-p
TRACE::2025-11-13.13:49:55::SCWBDomain::atterns -Os -flto -ffat-lto-objects"

TRACE::2025-11-13.13:49:55::SCWBDomain::"Running Make include in psu_cortexa53_0/libsrc/xilpm_v5_2/src"

TRACE::2025-11-13.13:49:55::SCWBDomain::make -C psu_cortexa53_0/libsrc/xilpm_v5_2/src -s include  "SHELL=CMD" "COMPILER=aarch64-none-elf-gcc" "ASSEMBLER=aarch64-none-e
TRACE::2025-11-13.13:49:55::SCWBDomain::lf-as" "ARCHIVER=aarch64-none-elf-ar" "COMPILER_FLAGS=  -c" "EXTRA_COMPILER_FLAGS=-g -Wall -Wextra -fno-tree-loop-distribute-pa
TRACE::2025-11-13.13:49:55::SCWBDomain::tterns -Os -flto -ffat-lto-objects"

TRACE::2025-11-13.13:49:55::SCWBDomain::"Running Make include in psu_cortexa53_0/libsrc/xilsecure_v5_3/src"

TRACE::2025-11-13.13:49:55::SCWBDomain::make -C psu_cortexa53_0/libsrc/xilsecure_v5_3/src -s include  "SHELL=CMD" "COMPILER=aarch64-none-elf-gcc" "ASSEMBLER=aarch64-no
TRACE::2025-11-13.13:49:55::SCWBDomain::ne-elf-as" "ARCHIVER=aarch64-none-elf-ar" "COMPILER_FLAGS=  -c" "EXTRA_COMPILER_FLAGS=-g -Wall -Wextra -fno-tree-loop-distribut
TRACE::2025-11-13.13:49:55::SCWBDomain::e-patterns -Os -flto -ffat-lto-objects"

TRACE::2025-11-13.13:49:55::SCWBDomain::"Running Make include in psu_cortexa53_0/libsrc/zdma_v1_18/src"

TRACE::2025-11-13.13:49:55::SCWBDomain::make -C psu_cortexa53_0/libsrc/zdma_v1_18/src -s include  "SHELL=CMD" "COMPILER=aarch64-none-elf-gcc" "ASSEMBLER=aarch64-none-e
TRACE::2025-11-13.13:49:55::SCWBDomain::lf-as" "ARCHIVER=aarch64-none-elf-ar" "COMPILER_FLAGS=  -c" "EXTRA_COMPILER_FLAGS=-g -Wall -Wextra -fno-tree-loop-distribute-pa
TRACE::2025-11-13.13:49:55::SCWBDomain::tterns -Os -flto -ffat-lto-objects"

TRACE::2025-11-13.13:49:55::SCWBDomain::"Include files for this library have already been copied."

TRACE::2025-11-13.13:49:55::SCWBDomain::"Running Make libs in psu_cortexa53_0/libsrc/axidma_v9_18/src"

TRACE::2025-11-13.13:49:55::SCWBDomain::make -C psu_cortexa53_0/libsrc/axidma_v9_18/src -s libs  "SHELL=CMD" "COMPILER=aarch64-none-elf-gcc" "ASSEMBLER=aarch64-none-el
TRACE::2025-11-13.13:49:55::SCWBDomain::f-as" "ARCHIVER=aarch64-none-elf-ar" "COMPILER_FLAGS=  -c" "EXTRA_COMPILER_FLAGS=-g -Wall -Wextra -fno-tree-loop-distribute-pat
TRACE::2025-11-13.13:49:55::SCWBDomain::terns -Os -flto -ffat-lto-objects"

TRACE::2025-11-13.13:49:55::SCWBDomain::"Running Make libs in psu_cortexa53_0/libsrc/axipmon_v6_11/src"

TRACE::2025-11-13.13:49:55::SCWBDomain::make -C psu_cortexa53_0/libsrc/axipmon_v6_11/src -s libs  "SHELL=CMD" "COMPILER=aarch64-none-elf-gcc" "ASSEMBLER=aarch64-none-e
TRACE::2025-11-13.13:49:55::SCWBDomain::lf-as" "ARCHIVER=aarch64-none-elf-ar" "COMPILER_FLAGS=  -c" "EXTRA_COMPILER_FLAGS=-g -Wall -Wextra -fno-tree-loop-distribute-pa
TRACE::2025-11-13.13:49:55::SCWBDomain::tterns -Os -flto -ffat-lto-objects"

TRACE::2025-11-13.13:49:55::SCWBDomain::"Running Make libs in psu_cortexa53_0/libsrc/clockps_v1_6/src"

TRACE::2025-11-13.13:49:55::SCWBDomain::make -C psu_cortexa53_0/libsrc/clockps_v1_6/src -s libs  "SHELL=CMD" "COMPILER=aarch64-none-elf-gcc" "ASSEMBLER=aarch64-none-el
TRACE::2025-11-13.13:49:55::SCWBDomain::f-as" "ARCHIVER=aarch64-none-elf-ar" "COMPILER_FLAGS=  -c" "EXTRA_COMPILER_FLAGS=-g -Wall -Wextra -fno-tree-loop-distribute-pat
TRACE::2025-11-13.13:49:55::SCWBDomain::terns -Os -flto -ffat-lto-objects"

TRACE::2025-11-13.13:49:55::SCWBDomain::"Running Make libs in psu_cortexa53_0/libsrc/coresightps_dcc_v1_10/src"

TRACE::2025-11-13.13:49:55::SCWBDomain::make -C psu_cortexa53_0/libsrc/coresightps_dcc_v1_10/src -s libs  "SHELL=CMD" "COMPILER=aarch64-none-elf-gcc" "ASSEMBLER=aarch6
TRACE::2025-11-13.13:49:55::SCWBDomain::4-none-elf-as" "ARCHIVER=aarch64-none-elf-ar" "COMPILER_FLAGS=  -c" "EXTRA_COMPILER_FLAGS=-g -Wall -Wextra -fno-tree-loop-distr
TRACE::2025-11-13.13:49:55::SCWBDomain::ibute-patterns -Os -flto -ffat-lto-objects"

TRACE::2025-11-13.13:49:55::SCWBDomain::"Running Make libs in psu_cortexa53_0/libsrc/cpu_cortexa53_v2_1/src"

TRACE::2025-11-13.13:49:55::SCWBDomain::make -C psu_cortexa53_0/libsrc/cpu_cortexa53_v2_1/src -s libs  "SHELL=CMD" "COMPILER=aarch64-none-elf-gcc" "ASSEMBLER=aarch64-n
TRACE::2025-11-13.13:49:55::SCWBDomain::one-elf-as" "ARCHIVER=aarch64-none-elf-ar" "COMPILER_FLAGS=  -c" "EXTRA_COMPILER_FLAGS=-g -Wall -Wextra -fno-tree-loop-distribu
TRACE::2025-11-13.13:49:55::SCWBDomain::te-patterns -Os -flto -ffat-lto-objects"

TRACE::2025-11-13.13:49:56::SCWBDomain::"Running Make libs in psu_cortexa53_0/libsrc/csudma_v1_15/src"

TRACE::2025-11-13.13:49:56::SCWBDomain::make -C psu_cortexa53_0/libsrc/csudma_v1_15/src -s libs  "SHELL=CMD" "COMPILER=aarch64-none-elf-gcc" "ASSEMBLER=aarch64-none-el
TRACE::2025-11-13.13:49:56::SCWBDomain::f-as" "ARCHIVER=aarch64-none-elf-ar" "COMPILER_FLAGS=  -c" "EXTRA_COMPILER_FLAGS=-g -Wall -Wextra -fno-tree-loop-distribute-pat
TRACE::2025-11-13.13:49:56::SCWBDomain::terns -Os -flto -ffat-lto-objects"

TRACE::2025-11-13.13:49:56::SCWBDomain::"Running Make libs in psu_cortexa53_0/libsrc/ddrcpsu_v1_6/src"

TRACE::2025-11-13.13:49:56::SCWBDomain::make -C psu_cortexa53_0/libsrc/ddrcpsu_v1_6/src -s libs  "SHELL=CMD" "COMPILER=aarch64-none-elf-gcc" "ASSEMBLER=aarch64-none-el
TRACE::2025-11-13.13:49:56::SCWBDomain::f-as" "ARCHIVER=aarch64-none-elf-ar" "COMPILER_FLAGS=  -c" "EXTRA_COMPILER_FLAGS=-g -Wall -Wextra -fno-tree-loop-distribute-pat
TRACE::2025-11-13.13:49:56::SCWBDomain::terns -Os -flto -ffat-lto-objects"

TRACE::2025-11-13.13:49:56::SCWBDomain::"Running Make libs in psu_cortexa53_0/libsrc/gpiops_v3_13/src"

TRACE::2025-11-13.13:49:56::SCWBDomain::make -C psu_cortexa53_0/libsrc/gpiops_v3_13/src -s libs  "SHELL=CMD" "COMPILER=aarch64-none-elf-gcc" "ASSEMBLER=aarch64-none-el
TRACE::2025-11-13.13:49:56::SCWBDomain::f-as" "ARCHIVER=aarch64-none-elf-ar" "COMPILER_FLAGS=  -c" "EXTRA_COMPILER_FLAGS=-g -Wall -Wextra -fno-tree-loop-distribute-pat
TRACE::2025-11-13.13:49:56::SCWBDomain::terns -Os -flto -ffat-lto-objects"

TRACE::2025-11-13.13:49:56::SCWBDomain::"Running Make libs in psu_cortexa53_0/libsrc/gpio_v4_11/src"

TRACE::2025-11-13.13:49:56::SCWBDomain::make -C psu_cortexa53_0/libsrc/gpio_v4_11/src -s libs  "SHELL=CMD" "COMPILER=aarch64-none-elf-gcc" "ASSEMBLER=aarch64-none-elf-
TRACE::2025-11-13.13:49:56::SCWBDomain::as" "ARCHIVER=aarch64-none-elf-ar" "COMPILER_FLAGS=  -c" "EXTRA_COMPILER_FLAGS=-g -Wall -Wextra -fno-tree-loop-distribute-patte
TRACE::2025-11-13.13:49:56::SCWBDomain::rns -Os -flto -ffat-lto-objects"

TRACE::2025-11-13.13:49:56::SCWBDomain::"Running Make libs in psu_cortexa53_0/libsrc/iicps_v3_19/src"

TRACE::2025-11-13.13:49:56::SCWBDomain::make -C psu_cortexa53_0/libsrc/iicps_v3_19/src -s libs  "SHELL=CMD" "COMPILER=aarch64-none-elf-gcc" "ASSEMBLER=aarch64-none-elf
TRACE::2025-11-13.13:49:56::SCWBDomain::-as" "ARCHIVER=aarch64-none-elf-ar" "COMPILER_FLAGS=  -c" "EXTRA_COMPILER_FLAGS=-g -Wall -Wextra -fno-tree-loop-distribute-patt
TRACE::2025-11-13.13:49:56::SCWBDomain::erns -Os -flto -ffat-lto-objects"

TRACE::2025-11-13.13:49:56::SCWBDomain::"Running Make libs in psu_cortexa53_0/libsrc/ipipsu_v2_15/src"

TRACE::2025-11-13.13:49:56::SCWBDomain::"Running Make libs in psu_cortexa53_0/libsrc/qspipsu_v1_19/src"

TRACE::2025-11-13.13:49:56::SCWBDomain::make -C psu_cortexa53_0/libsrc/ipipsu_v2_15/src -s libs  "SHELL=CMD" "COMPILER=aarch64-none-elf-gcc" "ASSEMBLER=aarch64-none-el
TRACE::2025-11-13.13:49:56::SCWBDomain::f-as" "ARCHIVER=aarch64-none-elf-ar" "COMPILER_FLAGS=  -c" "EXTRA_COMPILER_FLAGS=-g -Wall -Wextra -fno-tree-loop-distribute-pat
TRACE::2025-11-13.13:49:56::SCWBDomain::terns -Os -flto -ffat-lto-objects"

TRACE::2025-11-13.13:49:56::SCWBDomain::make -C psu_cortexa53_0/libsrc/qspipsu_v1_19/src -s libs  "SHELL=CMD" "COMPILER=aarch64-none-elf-gcc" "ASSEMBLER=aarch64-none-e
TRACE::2025-11-13.13:49:56::SCWBDomain::lf-as" "ARCHIVER=aarch64-none-elf-ar" "COMPILER_FLAGS=  -c" "EXTRA_COMPILER_FLAGS=-g -Wall -Wextra -fno-tree-loop-distribute-pa
TRACE::2025-11-13.13:49:56::SCWBDomain::tterns -Os -flto -ffat-lto-objects"

TRACE::2025-11-13.13:49:56::SCWBDomain::"Running Make libs in psu_cortexa53_0/libsrc/resetps_v1_7/src"

TRACE::2025-11-13.13:49:56::SCWBDomain::make -C psu_cortexa53_0/libsrc/resetps_v1_7/src -s libs  "SHELL=CMD" "COMPILER=aarch64-none-elf-gcc" "ASSEMBLER=aarch64-none-el
TRACE::2025-11-13.13:49:56::SCWBDomain::f-as" "ARCHIVER=aarch64-none-elf-ar" "COMPILER_FLAGS=  -c" "EXTRA_COMPILER_FLAGS=-g -Wall -Wextra -fno-tree-loop-distribute-pat
TRACE::2025-11-13.13:49:56::SCWBDomain::terns -Os -flto -ffat-lto-objects"

TRACE::2025-11-13.13:49:56::SCWBDomain::"Running Make libs in psu_cortexa53_0/libsrc/rtcpsu_v1_14/src"

TRACE::2025-11-13.13:49:56::SCWBDomain::make -C psu_cortexa53_0/libsrc/rtcpsu_v1_14/src -s libs  "SHELL=CMD" "COMPILER=aarch64-none-elf-gcc" "ASSEMBLER=aarch64-none-el
TRACE::2025-11-13.13:49:56::SCWBDomain::f-as" "ARCHIVER=aarch64-none-elf-ar" "COMPILER_FLAGS=  -c" "EXTRA_COMPILER_FLAGS=-g -Wall -Wextra -fno-tree-loop-distribute-pat
TRACE::2025-11-13.13:49:56::SCWBDomain::terns -Os -flto -ffat-lto-objects"

TRACE::2025-11-13.13:49:57::SCWBDomain::"Running Make libs in psu_cortexa53_0/libsrc/scugic_v5_3/src"

TRACE::2025-11-13.13:49:57::SCWBDomain::make -C psu_cortexa53_0/libsrc/scugic_v5_3/src -s libs  "SHELL=CMD" "COMPILER=aarch64-none-elf-gcc" "ASSEMBLER=aarch64-none-elf
TRACE::2025-11-13.13:49:57::SCWBDomain::-as" "ARCHIVER=aarch64-none-elf-ar" "COMPILER_FLAGS=  -c" "EXTRA_COMPILER_FLAGS=-g -Wall -Wextra -fno-tree-loop-distribute-patt
TRACE::2025-11-13.13:49:57::SCWBDomain::erns -Os -flto -ffat-lto-objects"

TRACE::2025-11-13.13:49:57::SCWBDomain::"Running Make libs in psu_cortexa53_0/libsrc/sdps_v4_3/src"

TRACE::2025-11-13.13:49:57::SCWBDomain::make -C psu_cortexa53_0/libsrc/sdps_v4_3/src -s libs  "SHELL=CMD" "COMPILER=aarch64-none-elf-gcc" "ASSEMBLER=aarch64-none-elf-a
TRACE::2025-11-13.13:49:57::SCWBDomain::s" "ARCHIVER=aarch64-none-elf-ar" "COMPILER_FLAGS=  -c" "EXTRA_COMPILER_FLAGS=-g -Wall -Wextra -fno-tree-loop-distribute-patter
TRACE::2025-11-13.13:49:57::SCWBDomain::ns -Os -flto -ffat-lto-objects"

TRACE::2025-11-13.13:49:57::SCWBDomain::"Running Make libs in psu_cortexa53_0/libsrc/spips_v3_10/src"

TRACE::2025-11-13.13:49:57::SCWBDomain::make -C psu_cortexa53_0/libsrc/spips_v3_10/src -s libs  "SHELL=CMD" "COMPILER=aarch64-none-elf-gcc" "ASSEMBLER=aarch64-none-elf
TRACE::2025-11-13.13:49:57::SCWBDomain::-as" "ARCHIVER=aarch64-none-elf-ar" "COMPILER_FLAGS=  -c" "EXTRA_COMPILER_FLAGS=-g -Wall -Wextra -fno-tree-loop-distribute-patt
TRACE::2025-11-13.13:49:57::SCWBDomain::erns -Os -flto -ffat-lto-objects"

TRACE::2025-11-13.13:49:57::SCWBDomain::"Running Make libs in psu_cortexa53_0/libsrc/standalone_v9_1/src"

TRACE::2025-11-13.13:49:57::SCWBDomain::make -C psu_cortexa53_0/libsrc/standalone_v9_1/src -s libs  "SHELL=CMD" "COMPILER=aarch64-none-elf-gcc" "ASSEMBLER=aarch64-none
TRACE::2025-11-13.13:49:57::SCWBDomain::-elf-as" "ARCHIVER=aarch64-none-elf-ar" "COMPILER_FLAGS=  -c" "EXTRA_COMPILER_FLAGS=-g -Wall -Wextra -fno-tree-loop-distribute-
TRACE::2025-11-13.13:49:57::SCWBDomain::patterns -Os -flto -ffat-lto-objects"

TRACE::2025-11-13.13:49:58::SCWBDomain::"Running Make libs in psu_cortexa53_0/libsrc/sysmonpsu_v2_10/src"

TRACE::2025-11-13.13:49:58::SCWBDomain::make -C psu_cortexa53_0/libsrc/sysmonpsu_v2_10/src -s libs  "SHELL=CMD" "COMPILER=aarch64-none-elf-gcc" "ASSEMBLER=aarch64-none
TRACE::2025-11-13.13:49:58::SCWBDomain::-elf-as" "ARCHIVER=aarch64-none-elf-ar" "COMPILER_FLAGS=  -c" "EXTRA_COMPILER_FLAGS=-g -Wall -Wextra -fno-tree-loop-distribute-
TRACE::2025-11-13.13:49:58::SCWBDomain::patterns -Os -flto -ffat-lto-objects"

TRACE::2025-11-13.13:49:58::SCWBDomain::"Running Make libs in psu_cortexa53_0/libsrc/ttcps_v3_19/src"

TRACE::2025-11-13.13:49:58::SCWBDomain::make -C psu_cortexa53_0/libsrc/ttcps_v3_19/src -s libs  "SHELL=CMD" "COMPILER=aarch64-none-elf-gcc" "ASSEMBLER=aarch64-none-elf
TRACE::2025-11-13.13:49:58::SCWBDomain::-as" "ARCHIVER=aarch64-none-elf-ar" "COMPILER_FLAGS=  -c" "EXTRA_COMPILER_FLAGS=-g -Wall -Wextra -fno-tree-loop-distribute-patt
TRACE::2025-11-13.13:49:58::SCWBDomain::erns -Os -flto -ffat-lto-objects"

TRACE::2025-11-13.13:49:58::SCWBDomain::"Running Make libs in psu_cortexa53_0/libsrc/uartps_v3_14/src"

TRACE::2025-11-13.13:49:58::SCWBDomain::make -C psu_cortexa53_0/libsrc/uartps_v3_14/src -s libs  "SHELL=CMD" "COMPILER=aarch64-none-elf-gcc" "ASSEMBLER=aarch64-none-el
TRACE::2025-11-13.13:49:58::SCWBDomain::f-as" "ARCHIVER=aarch64-none-elf-ar" "COMPILER_FLAGS=  -c" "EXTRA_COMPILER_FLAGS=-g -Wall -Wextra -fno-tree-loop-distribute-pat
TRACE::2025-11-13.13:49:58::SCWBDomain::terns -Os -flto -ffat-lto-objects"

TRACE::2025-11-13.13:49:58::SCWBDomain::"Running Make libs in psu_cortexa53_0/libsrc/wdtps_v3_7/src"

TRACE::2025-11-13.13:49:58::SCWBDomain::make -C psu_cortexa53_0/libsrc/wdtps_v3_7/src -s libs  "SHELL=CMD" "COMPILER=aarch64-none-elf-gcc" "ASSEMBLER=aarch64-none-elf-
TRACE::2025-11-13.13:49:58::SCWBDomain::as" "ARCHIVER=aarch64-none-elf-ar" "COMPILER_FLAGS=  -c" "EXTRA_COMPILER_FLAGS=-g -Wall -Wextra -fno-tree-loop-distribute-patte
TRACE::2025-11-13.13:49:58::SCWBDomain::rns -Os -flto -ffat-lto-objects"

TRACE::2025-11-13.13:49:58::SCWBDomain::"Running Make libs in psu_cortexa53_0/libsrc/xilffs_v5_2/src"

TRACE::2025-11-13.13:49:58::SCWBDomain::make -C psu_cortexa53_0/libsrc/xilffs_v5_2/src -s libs  "SHELL=CMD" "COMPILER=aarch64-none-elf-gcc" "ASSEMBLER=aarch64-none-elf
TRACE::2025-11-13.13:49:58::SCWBDomain::-as" "ARCHIVER=aarch64-none-elf-ar" "COMPILER_FLAGS=  -c" "EXTRA_COMPILER_FLAGS=-g -Wall -Wextra -fno-tree-loop-distribute-patt
TRACE::2025-11-13.13:49:58::SCWBDomain::erns -Os -flto -ffat-lto-objects"

TRACE::2025-11-13.13:49:58::SCWBDomain::"Running Make libs in psu_cortexa53_0/libsrc/zdma_v1_18/src"

TRACE::2025-11-13.13:49:58::SCWBDomain::make -C psu_cortexa53_0/libsrc/zdma_v1_18/src -s libs  "SHELL=CMD" "COMPILER=aarch64-none-elf-gcc" "ASSEMBLER=aarch64-none-elf-
TRACE::2025-11-13.13:49:58::SCWBDomain::as" "ARCHIVER=aarch64-none-elf-ar" "COMPILER_FLAGS=  -c" "EXTRA_COMPILER_FLAGS=-g -Wall -Wextra -fno-tree-loop-distribute-patte
TRACE::2025-11-13.13:49:58::SCWBDomain::rns -Os -flto -ffat-lto-objects"

TRACE::2025-11-13.13:49:59::SCWBDomain::'Finished building libraries parallelly.'

TRACE::2025-11-13.13:49:59::SCWBDomain::make --no-print-directory archive

TRACE::2025-11-13.13:49:59::SCWBDomain::aarch64-none-elf-ar -r  psu_cortexa53_0/lib/libxil.a psu_cortexa53_0/lib/_exit.o psu_cortexa53_0/lib/_open.o psu_cortexa53_0/li
TRACE::2025-11-13.13:49:59::SCWBDomain::b/_sbrk.o psu_cortexa53_0/lib/abort.o psu_cortexa53_0/lib/asm_vectors.o psu_cortexa53_0/lib/boot.o psu_cortexa53_0/lib/close.o 
TRACE::2025-11-13.13:49:59::SCWBDomain::psu_cortexa53_0/lib/cpputest_time.o psu_cortexa53_0/lib/errno.o psu_cortexa53_0/lib/fcntl.o psu_cortexa53_0/lib/fstat.o psu_cor
TRACE::2025-11-13.13:49:59::SCWBDomain::texa53_0/lib/getentropy.o psu_cortexa53_0/lib/getpid.o psu_cortexa53_0/lib/inbyte.o psu_cortexa53_0/lib/initialise_monitor_hand
TRACE::2025-11-13.13:49:59::SCWBDomain::les.o psu_cortexa53_0/lib/isatty.o psu_cortexa53_0/lib/kill.o psu_cortexa53_0/lib/lseek.o psu_cortexa53_0/lib/open.o psu_cortex
TRACE::2025-11-13.13:49:59::SCWBDomain::a53_0/lib/outbyte.o psu_cortexa53_0/lib/print.o psu_cortexa53_0/lib/putnum.o psu_cortexa53_0/lib/read.o psu_cortexa53_0/lib/sbr
TRACE::2025-11-13.13:49:59::SCWBDomain::k.o psu_cortexa53_0/lib/sleep.o psu_cortexa53_0/lib/time.o psu_cortexa53_0/lib/translation_table.o psu_cortexa53_0/lib/unlink.o
TRACE::2025-11-13.13:49:59::SCWBDomain:: psu_cortexa53_0/lib/vectors.o psu_cortexa53_0/lib/write.o psu_cortexa53_0/lib/xaxidma.o psu_cortexa53_0/lib/xaxidma_bd.o psu_c
TRACE::2025-11-13.13:49:59::SCWBDomain::ortexa53_0/lib/xaxidma_bdring.o psu_cortexa53_0/lib/xaxidma_g.o psu_cortexa53_0/lib/xaxidma_selftest.o psu_cortexa53_0/lib/xaxi
TRACE::2025-11-13.13:49:59::SCWBDomain::dma_sinit.o psu_cortexa53_0/lib/xaxipmon.o psu_cortexa53_0/lib/xaxipmon_g.o psu_cortexa53_0/lib/xaxipmon_selftest.o psu_cortexa
TRACE::2025-11-13.13:49:59::SCWBDomain::53_0/lib/xaxipmon_sinit.o psu_cortexa53_0/lib/xclockps.o psu_cortexa53_0/lib/xclockps_divider.o psu_cortexa53_0/lib/xclockps_fi
TRACE::2025-11-13.13:49:59::SCWBDomain::xedfactor.o psu_cortexa53_0/lib/xclockps_g.o psu_cortexa53_0/lib/xclockps_gate.o psu_cortexa53_0/lib/xclockps_mux.o psu_cortexa
TRACE::2025-11-13.13:49:59::SCWBDomain::53_0/lib/xclockps_pll.o psu_cortexa53_0/lib/xclockps_sinit.o psu_cortexa53_0/lib/xcoresightpsdcc.o psu_cortexa53_0/lib/xcsudma.
TRACE::2025-11-13.13:49:59::SCWBDomain::o psu_cortexa53_0/lib/xcsudma_g.o psu_cortexa53_0/lib/xcsudma_intr.o psu_cortexa53_0/lib/xcsudma_selftest.o psu_cortexa53_0/lib
TRACE::2025-11-13.13:49:59::SCWBDomain::/xcsudma_sinit.o psu_cortexa53_0/lib/xddrcpsu.o psu_cortexa53_0/lib/xddrcpsu_sinit.o psu_cortexa53_0/lib/xgpio.o psu_cortexa53_
TRACE::2025-11-13.13:49:59::SCWBDomain::0/lib/xgpio_extra.o psu_cortexa53_0/lib/xgpio_g.o psu_cortexa53_0/lib/xgpio_intr.o psu_cortexa53_0/lib/xgpio_selftest.o psu_cor
TRACE::2025-11-13.13:49:59::SCWBDomain::texa53_0/lib/xgpio_sinit.o psu_cortexa53_0/lib/xgpiops.o psu_cortexa53_0/lib/xgpiops_g.o psu_cortexa53_0/lib/xgpiops_hw.o psu_c
TRACE::2025-11-13.13:49:59::SCWBDomain::ortexa53_0/lib/xgpiops_intr.o psu_cortexa53_0/lib/xgpiops_selftest.o psu_cortexa53_0/lib/xgpiops_sinit.o psu_cortexa53_0/lib/xi
TRACE::2025-11-13.13:49:59::SCWBDomain::icps.o psu_cortexa53_0/lib/xiicps_g.o psu_cortexa53_0/lib/xiicps_hw.o psu_cortexa53_0/lib/xiicps_intr.o psu_cortexa53_0/lib/xii
TRACE::2025-11-13.13:49:59::SCWBDomain::cps_master.o psu_cortexa53_0/lib/xiicps_options.o psu_cortexa53_0/lib/xiicps_selftest.o psu_cortexa53_0/lib/xiicps_sinit.o psu_
TRACE::2025-11-13.13:49:59::SCWBDomain::cortexa53_0/lib/xiicps_slave.o psu_cortexa53_0/lib/xiicps_xfer.o psu_cortexa53_0/lib/xil-crt0.o psu_cortexa53_0/lib/xil_assert.
TRACE::2025-11-13.13:49:59::SCWBDomain::o psu_cortexa53_0/lib/xil_cache.o psu_cortexa53_0/lib/xil_clocking.o psu_cortexa53_0/lib/xil_exception.o psu_cortexa53_0/lib/xi
TRACE::2025-11-13.13:49:59::SCWBDomain::l_mem.o psu_cortexa53_0/lib/xil_mmu.o psu_cortexa53_0/lib/xil_printf.o psu_cortexa53_0/lib/xil_sleepcommon.o psu_cortexa53_0/li
TRACE::2025-11-13.13:49:59::SCWBDomain::b/xil_sleeptimer.o psu_cortexa53_0/lib/xil_smc.o psu_cortexa53_0/lib/xil_spinlock.o psu_cortexa53_0/lib/xil_testcache.o psu_cor
TRACE::2025-11-13.13:49:59::SCWBDomain::texa53_0/lib/xil_testio.o psu_cortexa53_0/lib/xil_testmem.o psu_cortexa53_0/lib/xil_util.o psu_cortexa53_0/lib/xinterrupt_wrap.
TRACE::2025-11-13.13:49:59::SCWBDomain::o psu_cortexa53_0/lib/xipipsu.o psu_cortexa53_0/lib/xipipsu_buf.o psu_cortexa53_0/lib/xipipsu_g.o psu_cortexa53_0/lib/xipipsu_h
TRACE::2025-11-13.13:49:59::SCWBDomain::elper.o psu_cortexa53_0/lib/xipipsu_sinit.o psu_cortexa53_0/lib/xplatform_info.o psu_cortexa53_0/lib/xpm_counter.o psu_cortexa5
TRACE::2025-11-13.13:49:59::SCWBDomain::3_0/lib/xpm_init.o psu_cortexa53_0/lib/xqspipsu.o psu_cortexa53_0/lib/xqspipsu_control.o psu_cortexa53_0/lib/xqspipsu_g.o psu_c
TRACE::2025-11-13.13:49:59::SCWBDomain::ortexa53_0/lib/xqspipsu_hw.o psu_cortexa53_0/lib/xqspipsu_options.o psu_cortexa53_0/lib/xqspipsu_sinit.o psu_cortexa53_0/lib/xq
TRACE::2025-11-13.13:49:59::SCWBDomain::spipsu_xfer.o psu_cortexa53_0/lib/xresetps.o psu_cortexa53_0/lib/xresetps_g.o psu_cortexa53_0/lib/xresetps_sinit.o psu_cortexa5
TRACE::2025-11-13.13:49:59::SCWBDomain::3_0/lib/xrtcpsu.o psu_cortexa53_0/lib/xrtcpsu_g.o psu_cortexa53_0/lib/xrtcpsu_intr.o psu_cortexa53_0/lib/xrtcpsu_selftest.o psu
TRACE::2025-11-13.13:49:59::SCWBDomain::_cortexa53_0/lib/xrtcpsu_sinit.o psu_cortexa53_0/lib/xscugic.o psu_cortexa53_0/lib/xscugic_g.o psu_cortexa53_0/lib/xscugic_hw.o
TRACE::2025-11-13.13:49:59::SCWBDomain:: psu_cortexa53_0/lib/xscugic_intr.o psu_cortexa53_0/lib/xscugic_selftest.o psu_cortexa53_0/lib/xscugic_sinit.o psu_cortexa53_0/
TRACE::2025-11-13.13:49:59::SCWBDomain::lib/xsdps.o psu_cortexa53_0/lib/xsdps_card.o psu_cortexa53_0/lib/xsdps_g.o psu_cortexa53_0/lib/xsdps_host.o psu_cortexa53_0/lib
TRACE::2025-11-13.13:49:59::SCWBDomain::/xsdps_options.o psu_cortexa53_0/lib/xsdps_sinit.o psu_cortexa53_0/lib/xspips.o psu_cortexa53_0/lib/xspips_g.o psu_cortexa53_0/
TRACE::2025-11-13.13:49:59::SCWBDomain::lib/xspips_hw.o psu_cortexa53_0/lib/xspips_options.o psu_cortexa53_0/lib/xspips_selftest.o psu_cortexa53_0/lib/xspips_sinit.o p
TRACE::2025-11-13.13:49:59::SCWBDomain::su_cortexa53_0/lib/xsysmonpsu.o psu_cortexa53_0/lib/xsysmonpsu_g.o psu_cortexa53_0/lib/xsysmonpsu_intr.o psu_cortexa53_0/lib/xs
TRACE::2025-11-13.13:49:59::SCWBDomain::ysmonpsu_selftest.o psu_cortexa53_0/lib/xsysmonpsu_sinit.o psu_cortexa53_0/lib/xtime_l.o psu_cortexa53_0/lib/xttcps.o psu_corte
TRACE::2025-11-13.13:49:59::SCWBDomain::xa53_0/lib/xttcps_g.o psu_cortexa53_0/lib/xttcps_options.o psu_cortexa53_0/lib/xttcps_selftest.o psu_cortexa53_0/lib/xttcps_sin
TRACE::2025-11-13.13:49:59::SCWBDomain::it.o psu_cortexa53_0/lib/xuartps.o psu_cortexa53_0/lib/xuartps_g.o psu_cortexa53_0/lib/xuartps_hw.o psu_cortexa53_0/lib/xuartps
TRACE::2025-11-13.13:49:59::SCWBDomain::_intr.o psu_cortexa53_0/lib/xuartps_options.o psu_cortexa53_0/lib/xuartps_selftest.o psu_cortexa53_0/lib/xuartps_sinit.o psu_co
TRACE::2025-11-13.13:49:59::SCWBDomain::rtexa53_0/lib/xwdtps.o psu_cortexa53_0/lib/xwdtps_g.o psu_cortexa53_0/lib/xwdtps_selftest.o psu_cortexa53_0/lib/xwdtps_sinit.o 
TRACE::2025-11-13.13:49:59::SCWBDomain::psu_cortexa53_0/lib/xzdma.o psu_cortexa53_0/lib/xzdma_g.o psu_cortexa53_0/lib/xzdma_intr.o psu_cortexa53_0/lib/xzdma_selftest.o
TRACE::2025-11-13.13:49:59::SCWBDomain:: psu_cortexa53_0/lib/xzdma_sinit.o

TRACE::2025-11-13.13:49:59::SCWBDomain::'Finished building libraries'

TRACE::2025-11-13.13:49:59::SCWBDomain::make: Leaving directory 'C:/unswworks/workspace/project_plat/zynqmp_fsbl/zynqmp_fsbl_bsp'

TRACE::2025-11-13.13:49:59::SCWBDomain::aarch64-none-elf-gcc  -c -MMD -MP      -Wall -fmessage-length=0 -DARMA53_64 -Os -flto -ffat-lto-objects   -c xfsbl_partition_lo
TRACE::2025-11-13.13:49:59::SCWBDomain::ad.c -o xfsbl_partition_load.o -Izynqmp_fsbl_bsp/psu_cortexa53_0/include -I.

TRACE::2025-11-13.13:49:59::SCWBDomain::aarch64-none-elf-gcc  -c -MMD -MP      -Wall -fmessage-length=0 -DARMA53_64 -Os -flto -ffat-lto-objects   -c xfsbl_qspi.c -o xf
TRACE::2025-11-13.13:49:59::SCWBDomain::sbl_qspi.o -Izynqmp_fsbl_bsp/psu_cortexa53_0/include -I.

TRACE::2025-11-13.13:50:00::SCWBDomain::aarch64-none-elf-gcc  -c -MMD -MP      -Wall -fmessage-length=0 -DARMA53_64 -Os -flto -ffat-lto-objects   -c xfsbl_csu_dma.c -o
TRACE::2025-11-13.13:50:00::SCWBDomain:: xfsbl_csu_dma.o -Izynqmp_fsbl_bsp/psu_cortexa53_0/include -I.

TRACE::2025-11-13.13:50:00::SCWBDomain::aarch64-none-elf-gcc  -c -MMD -MP      -Wall -fmessage-length=0 -DARMA53_64 -Os -flto -ffat-lto-objects   -c xfsbl_nand.c -o xf
TRACE::2025-11-13.13:50:00::SCWBDomain::sbl_nand.o -Izynqmp_fsbl_bsp/psu_cortexa53_0/include -I.

TRACE::2025-11-13.13:50:00::SCWBDomain::aarch64-none-elf-gcc  -c -MMD -MP      -Wall -fmessage-length=0 -DARMA53_64 -Os -flto -ffat-lto-objects   -c xfsbl_usb.c -o xfs
TRACE::2025-11-13.13:50:00::SCWBDomain::bl_usb.o -Izynqmp_fsbl_bsp/psu_cortexa53_0/include -I.

TRACE::2025-11-13.13:50:00::SCWBDomain::aarch64-none-elf-gcc  -c -MMD -MP      -Wall -fmessage-length=0 -DARMA53_64 -Os -flto -ffat-lto-objects   -c xfsbl_sd.c -o xfsb
TRACE::2025-11-13.13:50:00::SCWBDomain::l_sd.o -Izynqmp_fsbl_bsp/psu_cortexa53_0/include -I.

TRACE::2025-11-13.13:50:00::SCWBDomain::aarch64-none-elf-gcc  -c -MMD -MP      -Wall -fmessage-length=0 -DARMA53_64 -Os -flto -ffat-lto-objects   -c xfsbl_hooks.c -o x
TRACE::2025-11-13.13:50:00::SCWBDomain::fsbl_hooks.o -Izynqmp_fsbl_bsp/psu_cortexa53_0/include -I.

TRACE::2025-11-13.13:50:00::SCWBDomain::aarch64-none-elf-gcc  -c -MMD -MP      -Wall -fmessage-length=0 -DARMA53_64 -Os -flto -ffat-lto-objects   -c xfsbl_main.c -o xf
TRACE::2025-11-13.13:50:00::SCWBDomain::sbl_main.o -Izynqmp_fsbl_bsp/psu_cortexa53_0/include -I.

TRACE::2025-11-13.13:50:00::SCWBDomain::aarch64-none-elf-gcc  -c -MMD -MP      -Wall -fmessage-length=0 -DARMA53_64 -Os -flto -ffat-lto-objects   -c xfsbl_dfu_util.c -
TRACE::2025-11-13.13:50:00::SCWBDomain::o xfsbl_dfu_util.o -Izynqmp_fsbl_bsp/psu_cortexa53_0/include -I.

TRACE::2025-11-13.13:50:00::SCWBDomain::aarch64-none-elf-gcc  -c -MMD -MP      -Wall -fmessage-length=0 -DARMA53_64 -Os -flto -ffat-lto-objects   -c xfsbl_tpm.c -o xfs
TRACE::2025-11-13.13:50:00::SCWBDomain::bl_tpm.o -Izynqmp_fsbl_bsp/psu_cortexa53_0/include -I.

TRACE::2025-11-13.13:50:00::SCWBDomain::aarch64-none-elf-gcc  -c -MMD -MP      -Wall -fmessage-length=0 -DARMA53_64 -Os -flto -ffat-lto-objects   -c xfsbl_initializati
TRACE::2025-11-13.13:50:00::SCWBDomain::on.c -o xfsbl_initialization.o -Izynqmp_fsbl_bsp/psu_cortexa53_0/include -I.

TRACE::2025-11-13.13:50:00::SCWBDomain::aarch64-none-elf-gcc  -c -MMD -MP      -Wall -fmessage-length=0 -DARMA53_64 -Os -flto -ffat-lto-objects   -c xfsbl_ddr_init.c -
TRACE::2025-11-13.13:50:00::SCWBDomain::o xfsbl_ddr_init.o -Izynqmp_fsbl_bsp/psu_cortexa53_0/include -I.

TRACE::2025-11-13.13:50:00::SCWBDomain::aarch64-none-elf-gcc  -c -MMD -MP      -Wall -fmessage-length=0 -DARMA53_64 -Os -flto -ffat-lto-objects   -c xfsbl_handoff.c -o
TRACE::2025-11-13.13:50:00::SCWBDomain:: xfsbl_handoff.o -Izynqmp_fsbl_bsp/psu_cortexa53_0/include -I.

TRACE::2025-11-13.13:50:00::SCWBDomain::aarch64-none-elf-gcc  -c -MMD -MP      -Wall -fmessage-length=0 -DARMA53_64 -Os -flto -ffat-lto-objects   -c psu_init.c -o psu_
TRACE::2025-11-13.13:50:00::SCWBDomain::init.o -Izynqmp_fsbl_bsp/psu_cortexa53_0/include -I.

TRACE::2025-11-13.13:50:01::SCWBDomain::aarch64-none-elf-gcc  -c -MMD -MP      -Wall -fmessage-length=0 -DARMA53_64 -Os -flto -ffat-lto-objects   -c xfsbl_board.c -o x
TRACE::2025-11-13.13:50:01::SCWBDomain::fsbl_board.o -Izynqmp_fsbl_bsp/psu_cortexa53_0/include -I.

TRACE::2025-11-13.13:50:01::SCWBDomain::aarch64-none-elf-gcc  -c -MMD -MP      -Wall -fmessage-length=0 -DARMA53_64 -Os -flto -ffat-lto-objects   -c xfsbl_misc_drivers
TRACE::2025-11-13.13:50:01::SCWBDomain::.c -o xfsbl_misc_drivers.o -Izynqmp_fsbl_bsp/psu_cortexa53_0/include -I.

TRACE::2025-11-13.13:50:01::SCWBDomain::aarch64-none-elf-gcc  -c -MMD -MP      -Wall -fmessage-length=0 -DARMA53_64 -Os -flto -ffat-lto-objects   -c xfsbl_rsa_sha.c -o
TRACE::2025-11-13.13:50:01::SCWBDomain:: xfsbl_rsa_sha.o -Izynqmp_fsbl_bsp/psu_cortexa53_0/include -I.

TRACE::2025-11-13.13:50:01::SCWBDomain::aarch64-none-elf-gcc  -c -MMD -MP      -Wall -fmessage-length=0 -DARMA53_64 -Os -flto -ffat-lto-objects   -c xfsbl_bs.c -o xfsb
TRACE::2025-11-13.13:50:01::SCWBDomain::l_bs.o -Izynqmp_fsbl_bsp/psu_cortexa53_0/include -I.

TRACE::2025-11-13.13:50:01::SCWBDomain::aarch64-none-elf-gcc  -c -MMD -MP      -Wall -fmessage-length=0 -DARMA53_64 -Os -flto -ffat-lto-objects   -c xfsbl_tpm_util.c -
TRACE::2025-11-13.13:50:01::SCWBDomain::o xfsbl_tpm_util.o -Izynqmp_fsbl_bsp/psu_cortexa53_0/include -I.

TRACE::2025-11-13.13:50:01::SCWBDomain::aarch64-none-elf-gcc  -c -MMD -MP      -Wall -fmessage-length=0 -DARMA53_64 -Os -flto -ffat-lto-objects   -c xfsbl_plpartition_
TRACE::2025-11-13.13:50:01::SCWBDomain::valid.c -o xfsbl_plpartition_valid.o -Izynqmp_fsbl_bsp/psu_cortexa53_0/include -I.

TRACE::2025-11-13.13:50:01::SCWBDomain::aarch64-none-elf-gcc  -c -MMD -MP      -Wall -fmessage-length=0 -DARMA53_64 -Os -flto -ffat-lto-objects   -c xfsbl_image_header
TRACE::2025-11-13.13:50:01::SCWBDomain::.c -o xfsbl_image_header.o -Izynqmp_fsbl_bsp/psu_cortexa53_0/include -I.

TRACE::2025-11-13.13:50:01::SCWBDomain::aarch64-none-elf-gcc  -c -MMD -MP      -Wall -fmessage-length=0 -DARMA53_64 -Os -flto -ffat-lto-objects   -c xfsbl_misc.c -o xf
TRACE::2025-11-13.13:50:01::SCWBDomain::sbl_misc.o -Izynqmp_fsbl_bsp/psu_cortexa53_0/include -I.

TRACE::2025-11-13.13:50:01::SCWBDomain::aarch64-none-elf-gcc  -c -MMD -MP      -Wall -fmessage-length=0 -DARMA53_64 -Os -flto -ffat-lto-objects   -c xfsbl_authenticati
TRACE::2025-11-13.13:50:01::SCWBDomain::on.c -o xfsbl_authentication.o -Izynqmp_fsbl_bsp/psu_cortexa53_0/include -I.

TRACE::2025-11-13.13:50:01::SCWBDomain::aarch64-none-elf-gcc  -c -MMD -MP      -Wall -fmessage-length=0 -DARMA53_64 -Os -flto -ffat-lto-objects   -c xfsbl_translation_
TRACE::2025-11-13.13:50:01::SCWBDomain::table.S -o xfsbl_translation_table.o -Izynqmp_fsbl_bsp/psu_cortexa53_0/include -I.

TRACE::2025-11-13.13:50:01::SCWBDomain::aarch64-none-elf-gcc  -c -MMD -MP      -Wall -fmessage-length=0 -DARMA53_64 -Os -flto -ffat-lto-objects   -c xfsbl_exit.S -o xf
TRACE::2025-11-13.13:50:01::SCWBDomain::sbl_exit.o -Izynqmp_fsbl_bsp/psu_cortexa53_0/include -I.

TRACE::2025-11-13.13:50:01::SCWBDomain::aarch64-none-elf-gcc -o fsbl_a53.elf psu_init.o xfsbl_authentication.o xfsbl_board.o xfsbl_bs.o xfsbl_csu_dma.o xfsbl_ddr_init.
TRACE::2025-11-13.13:50:01::SCWBDomain::o xfsbl_dfu_util.o xfsbl_exit.o xfsbl_handoff.o xfsbl_hooks.o xfsbl_image_header.o xfsbl_initialization.o xfsbl_main.o xfsbl_mi
TRACE::2025-11-13.13:50:01::SCWBDomain::sc.o xfsbl_misc_drivers.o xfsbl_nand.o xfsbl_partition_load.o xfsbl_plpartition_valid.o xfsbl_qspi.o xfsbl_rsa_sha.o xfsbl_sd.o
TRACE::2025-11-13.13:50:01::SCWBDomain:: xfsbl_tpm.o xfsbl_tpm_util.o xfsbl_translation_table.o xfsbl_usb.o -MMD -MP      -Wall -fmessage-length=0 -DARMA53_64 -Os -flt
TRACE::2025-11-13.13:50:01::SCWBDomain::o -ffat-lto-objects    -Wl,--start-group,-lxil,-lgcc,-lc,--end-group -Wl,--start-group,-lxilffs,-lxil,-lgcc,-lc,--end-group -Wl
TRACE::2025-11-13.13:50:01::SCWBDomain::,--start-group,-lxilsecure,-lxil,-lgcc,-lc,--end-group -Wl,--start-group,-lxilpm,-lxil,-lgcc,-lc,--end-group                   
TRACE::2025-11-13.13:50:01::SCWBDomain::                                                                                  -n  -Wl,--gc-sections -Lzynqmp_fsbl_bsp/psu_c
TRACE::2025-11-13.13:50:01::SCWBDomain::ortexa53_0/lib -Tlscript.ld

LOG::2025-11-13.13:50:03::SCWSystem::Checking the domain zynqmp_pmufw
LOG::2025-11-13.13:50:03::SCWSystem::Doing application build for :  zynqmp_pmufw
TRACE::2025-11-13.13:50:03::SCWBDomain::Not a forced makefile updation, No changes are present. 
TRACE::2025-11-13.13:50:03::SCWDomain::Building the domain as part of full build :  zynqmp_pmufw
TRACE::2025-11-13.13:50:03::SCWPlatform::Trying to open the hw design at C:/unswworks/workspace/project_plat/hw/v2.0.xsa
TRACE::2025-11-13.13:50:03::SCWPlatform::DSA given C:/unswworks/workspace/project_plat/hw/v2.0.xsa
TRACE::2025-11-13.13:50:03::SCWPlatform::DSA absoulate path C:/unswworks/workspace/project_plat/hw/v2.0.xsa
TRACE::2025-11-13.13:50:03::SCWPlatform::DSA directory C:/unswworks/workspace/project_plat/hw
TRACE::2025-11-13.13:50:03::SCWPlatform:: Platform Path C:/unswworks/workspace/project_plat/hw/v2.0.xsa
TRACE::2025-11-13.13:50:03::SCWPlatform:: Unique name xilinx:kv260_som::0.0
TRACE::2025-11-13.13:50:03::SCWPlatform::Trying to set the existing hwdb with name design_1_wrapper_1
TRACE::2025-11-13.13:50:03::SCWPlatform::Opened existing hwdb design_1_wrapper_1
TRACE::2025-11-13.13:50:03::SCWPlatform::Found the Hw Db part of the input DSA
TRACE::2025-11-13.13:50:03::SCWMssOS::Checking the sw design at  C:/unswworks/workspace/project_plat/zynqmp_pmufw/zynqmp_pmufw_bsp/system.mss
TRACE::2025-11-13.13:50:03::SCWMssOS::DEBUG:  swdes dump  C:/unswworks/workspace/147/zynqmp_fsbl/zynqmp_fsbl_bsp/system.mss|system_2||
C:/unswworks/workspace/147/zynqmp_pmufw/zynqmp_pmufw_bsp/system.mss|system_3||
C:/unswworks/workspace/project_plat/zynqmp_fsbl/zynqmp_fsbl_bsp/system.mss|system||
C:/unswworks/workspace/project_plat/zynqmp_pmufw/zynqmp_pmufw_bsp/system.mss|system_0||

TRACE::2025-11-13.13:50:03::SCWMssOS::Sw design exists and opened at  C:/unswworks/workspace/project_plat/zynqmp_pmufw/zynqmp_pmufw_bsp/system.mss
TRACE::2025-11-13.13:50:03::SCWBDomain::Completed writing the mss file at C:/unswworks/workspace/project_plat/zynqmp_pmufw/zynqmp_pmufw_bsp
TRACE::2025-11-13.13:50:03::SCWBDomain::bsp generated is upto date with the mss file. Skipping bsp generation.
TRACE::2025-11-13.13:50:03::SCWBDomain::Not a forced makefile updation, No changes are present. 
TRACE::2025-11-13.13:50:03::SCWBDomain::System Command Ran  C:&  cd  C:/unswworks/workspace/project_plat/zynqmp_pmufw& make -C  zynqmp_pmufw_bsp & make 
TRACE::2025-11-13.13:50:03::SCWBDomain::make: Entering directory 'C:/unswworks/workspace/project_plat/zynqmp_pmufw/zynqmp_pmufw_bsp'

TRACE::2025-11-13.13:50:03::SCWBDomain::make --no-print-directory seq_libs

TRACE::2025-11-13.13:50:03::SCWBDomain::"Running Make include in psu_pmu_0/libsrc/axidma_v9_18/src"

TRACE::2025-11-13.13:50:03::SCWBDomain::make -C psu_pmu_0/libsrc/axidma_v9_18/src -s include  "SHELL=CMD" "COMPILER=mb-gcc" "ASSEMBLER=mb-as" "ARCHIVER=mb-ar" "COMPILE
TRACE::2025-11-13.13:50:03::SCWBDomain::R_FLAGS=  -O2 -c -mcpu=v9.2 -mlittle-endian -mxl-barrel-shift -mxl-pattern-compare -mxl-soft-mul" "EXTRA_COMPILER_FLAGS=-g -ffu
TRACE::2025-11-13.13:50:03::SCWBDomain::nction-sections -fdata-sections -Wall -Wextra -fno-tree-loop-distribute-patterns  -Os -flto -ffat-lto-objects"

TRACE::2025-11-13.13:50:03::SCWBDomain::"Running Make include in psu_pmu_0/libsrc/axipmon_v6_11/src"

TRACE::2025-11-13.13:50:03::SCWBDomain::make -C psu_pmu_0/libsrc/axipmon_v6_11/src -s include  "SHELL=CMD" "COMPILER=mb-gcc" "ASSEMBLER=mb-as" "ARCHIVER=mb-ar" "COMPIL
TRACE::2025-11-13.13:50:03::SCWBDomain::ER_FLAGS=  -O2 -c -mcpu=v9.2 -mlittle-endian -mxl-barrel-shift -mxl-pattern-compare -mxl-soft-mul" "EXTRA_COMPILER_FLAGS=-g -ff
TRACE::2025-11-13.13:50:03::SCWBDomain::unction-sections -fdata-sections -Wall -Wextra -fno-tree-loop-distribute-patterns  -Os -flto -ffat-lto-objects"

TRACE::2025-11-13.13:50:03::SCWBDomain::"Running Make include in psu_pmu_0/libsrc/clockps_v1_6/src"

TRACE::2025-11-13.13:50:03::SCWBDomain::make -C psu_pmu_0/libsrc/clockps_v1_6/src -s include  "SHELL=CMD" "COMPILER=mb-gcc" "ASSEMBLER=mb-as" "ARCHIVER=mb-ar" "COMPILE
TRACE::2025-11-13.13:50:03::SCWBDomain::R_FLAGS=  -O2 -c -mcpu=v9.2 -mlittle-endian -mxl-barrel-shift -mxl-pattern-compare -mxl-soft-mul" "EXTRA_COMPILER_FLAGS=-g -ffu
TRACE::2025-11-13.13:50:03::SCWBDomain::nction-sections -fdata-sections -Wall -Wextra -fno-tree-loop-distribute-patterns  -Os -flto -ffat-lto-objects"

TRACE::2025-11-13.13:50:03::SCWBDomain::"Running Make include in psu_pmu_0/libsrc/cpu_v2_18/src"

TRACE::2025-11-13.13:50:03::SCWBDomain::make -C psu_pmu_0/libsrc/cpu_v2_18/src -s include  "SHELL=CMD" "COMPILER=mb-gcc" "ASSEMBLER=mb-as" "ARCHIVER=mb-ar" "COMPILER_F
TRACE::2025-11-13.13:50:03::SCWBDomain::LAGS=  -O2 -c -mcpu=v9.2 -mlittle-endian -mxl-barrel-shift -mxl-pattern-compare -mxl-soft-mul" "EXTRA_COMPILER_FLAGS=-g -ffunct
TRACE::2025-11-13.13:50:03::SCWBDomain::ion-sections -fdata-sections -Wall -Wextra -fno-tree-loop-distribute-patterns  -Os -flto -ffat-lto-objects"

TRACE::2025-11-13.13:50:03::SCWBDomain::"Running Make include in psu_pmu_0/libsrc/csudma_v1_15/src"

TRACE::2025-11-13.13:50:03::SCWBDomain::make -C psu_pmu_0/libsrc/csudma_v1_15/src -s include  "SHELL=CMD" "COMPILER=mb-gcc" "ASSEMBLER=mb-as" "ARCHIVER=mb-ar" "COMPILE
TRACE::2025-11-13.13:50:03::SCWBDomain::R_FLAGS=  -O2 -c -mcpu=v9.2 -mlittle-endian -mxl-barrel-shift -mxl-pattern-compare -mxl-soft-mul" "EXTRA_COMPILER_FLAGS=-g -ffu
TRACE::2025-11-13.13:50:03::SCWBDomain::nction-sections -fdata-sections -Wall -Wextra -fno-tree-loop-distribute-patterns  -Os -flto -ffat-lto-objects"

TRACE::2025-11-13.13:50:03::SCWBDomain::"Running Make include in psu_pmu_0/libsrc/ddrcpsu_v1_6/src"

TRACE::2025-11-13.13:50:03::SCWBDomain::make -C psu_pmu_0/libsrc/ddrcpsu_v1_6/src -s include  "SHELL=CMD" "COMPILER=mb-gcc" "ASSEMBLER=mb-as" "ARCHIVER=mb-ar" "COMPILE
TRACE::2025-11-13.13:50:03::SCWBDomain::R_FLAGS=  -O2 -c -mcpu=v9.2 -mlittle-endian -mxl-barrel-shift -mxl-pattern-compare -mxl-soft-mul" "EXTRA_COMPILER_FLAGS=-g -ffu
TRACE::2025-11-13.13:50:03::SCWBDomain::nction-sections -fdata-sections -Wall -Wextra -fno-tree-loop-distribute-patterns  -Os -flto -ffat-lto-objects"

TRACE::2025-11-13.13:50:03::SCWBDomain::"Running Make include in psu_pmu_0/libsrc/gpiops_v3_13/src"

TRACE::2025-11-13.13:50:03::SCWBDomain::make -C psu_pmu_0/libsrc/gpiops_v3_13/src -s include  "SHELL=CMD" "COMPILER=mb-gcc" "ASSEMBLER=mb-as" "ARCHIVER=mb-ar" "COMPILE
TRACE::2025-11-13.13:50:03::SCWBDomain::R_FLAGS=  -O2 -c -mcpu=v9.2 -mlittle-endian -mxl-barrel-shift -mxl-pattern-compare -mxl-soft-mul" "EXTRA_COMPILER_FLAGS=-g -ffu
TRACE::2025-11-13.13:50:03::SCWBDomain::nction-sections -fdata-sections -Wall -Wextra -fno-tree-loop-distribute-patterns  -Os -flto -ffat-lto-objects"

TRACE::2025-11-13.13:50:03::SCWBDomain::"Running Make include in psu_pmu_0/libsrc/gpio_v4_11/src"

TRACE::2025-11-13.13:50:03::SCWBDomain::make -C psu_pmu_0/libsrc/gpio_v4_11/src -s include  "SHELL=CMD" "COMPILER=mb-gcc" "ASSEMBLER=mb-as" "ARCHIVER=mb-ar" "COMPILER_
TRACE::2025-11-13.13:50:03::SCWBDomain::FLAGS=  -O2 -c -mcpu=v9.2 -mlittle-endian -mxl-barrel-shift -mxl-pattern-compare -mxl-soft-mul" "EXTRA_COMPILER_FLAGS=-g -ffunc
TRACE::2025-11-13.13:50:03::SCWBDomain::tion-sections -fdata-sections -Wall -Wextra -fno-tree-loop-distribute-patterns  -Os -flto -ffat-lto-objects"

TRACE::2025-11-13.13:50:03::SCWBDomain::"Running Make include in psu_pmu_0/libsrc/iicps_v3_19/src"

TRACE::2025-11-13.13:50:03::SCWBDomain::make -C psu_pmu_0/libsrc/iicps_v3_19/src -s include  "SHELL=CMD" "COMPILER=mb-gcc" "ASSEMBLER=mb-as" "ARCHIVER=mb-ar" "COMPILER
TRACE::2025-11-13.13:50:03::SCWBDomain::_FLAGS=  -O2 -c -mcpu=v9.2 -mlittle-endian -mxl-barrel-shift -mxl-pattern-compare -mxl-soft-mul" "EXTRA_COMPILER_FLAGS=-g -ffun
TRACE::2025-11-13.13:50:03::SCWBDomain::ction-sections -fdata-sections -Wall -Wextra -fno-tree-loop-distribute-patterns  -Os -flto -ffat-lto-objects"

TRACE::2025-11-13.13:50:03::SCWBDomain::"Running Make include in psu_pmu_0/libsrc/ipipsu_v2_15/src"

TRACE::2025-11-13.13:50:03::SCWBDomain::make -C psu_pmu_0/libsrc/ipipsu_v2_15/src -s include  "SHELL=CMD" "COMPILER=mb-gcc" "ASSEMBLER=mb-as" "ARCHIVER=mb-ar" "COMPILE
TRACE::2025-11-13.13:50:03::SCWBDomain::R_FLAGS=  -O2 -c -mcpu=v9.2 -mlittle-endian -mxl-barrel-shift -mxl-pattern-compare -mxl-soft-mul" "EXTRA_COMPILER_FLAGS=-g -ffu
TRACE::2025-11-13.13:50:03::SCWBDomain::nction-sections -fdata-sections -Wall -Wextra -fno-tree-loop-distribute-patterns  -Os -flto -ffat-lto-objects"

TRACE::2025-11-13.13:50:03::SCWBDomain::"Running Make include in psu_pmu_0/libsrc/qspipsu_v1_19/src"

TRACE::2025-11-13.13:50:03::SCWBDomain::make -C psu_pmu_0/libsrc/qspipsu_v1_19/src -s include  "SHELL=CMD" "COMPILER=mb-gcc" "ASSEMBLER=mb-as" "ARCHIVER=mb-ar" "COMPIL
TRACE::2025-11-13.13:50:03::SCWBDomain::ER_FLAGS=  -O2 -c -mcpu=v9.2 -mlittle-endian -mxl-barrel-shift -mxl-pattern-compare -mxl-soft-mul" "EXTRA_COMPILER_FLAGS=-g -ff
TRACE::2025-11-13.13:50:03::SCWBDomain::unction-sections -fdata-sections -Wall -Wextra -fno-tree-loop-distribute-patterns  -Os -flto -ffat-lto-objects"

TRACE::2025-11-13.13:50:03::SCWBDomain::"Running Make include in psu_pmu_0/libsrc/resetps_v1_7/src"

TRACE::2025-11-13.13:50:03::SCWBDomain::make -C psu_pmu_0/libsrc/resetps_v1_7/src -s include  "SHELL=CMD" "COMPILER=mb-gcc" "ASSEMBLER=mb-as" "ARCHIVER=mb-ar" "COMPILE
TRACE::2025-11-13.13:50:03::SCWBDomain::R_FLAGS=  -O2 -c -mcpu=v9.2 -mlittle-endian -mxl-barrel-shift -mxl-pattern-compare -mxl-soft-mul" "EXTRA_COMPILER_FLAGS=-g -ffu
TRACE::2025-11-13.13:50:03::SCWBDomain::nction-sections -fdata-sections -Wall -Wextra -fno-tree-loop-distribute-patterns  -Os -flto -ffat-lto-objects"

TRACE::2025-11-13.13:50:03::SCWBDomain::"Running Make include in psu_pmu_0/libsrc/rtcpsu_v1_14/src"

TRACE::2025-11-13.13:50:03::SCWBDomain::make -C psu_pmu_0/libsrc/rtcpsu_v1_14/src -s include  "SHELL=CMD" "COMPILER=mb-gcc" "ASSEMBLER=mb-as" "ARCHIVER=mb-ar" "COMPILE
TRACE::2025-11-13.13:50:03::SCWBDomain::R_FLAGS=  -O2 -c -mcpu=v9.2 -mlittle-endian -mxl-barrel-shift -mxl-pattern-compare -mxl-soft-mul" "EXTRA_COMPILER_FLAGS=-g -ffu
TRACE::2025-11-13.13:50:03::SCWBDomain::nction-sections -fdata-sections -Wall -Wextra -fno-tree-loop-distribute-patterns  -Os -flto -ffat-lto-objects"

TRACE::2025-11-13.13:50:04::SCWBDomain::"Running Make include in psu_pmu_0/libsrc/sdps_v4_3/src"

TRACE::2025-11-13.13:50:04::SCWBDomain::make -C psu_pmu_0/libsrc/sdps_v4_3/src -s include  "SHELL=CMD" "COMPILER=mb-gcc" "ASSEMBLER=mb-as" "ARCHIVER=mb-ar" "COMPILER_F
TRACE::2025-11-13.13:50:04::SCWBDomain::LAGS=  -O2 -c -mcpu=v9.2 -mlittle-endian -mxl-barrel-shift -mxl-pattern-compare -mxl-soft-mul" "EXTRA_COMPILER_FLAGS=-g -ffunct
TRACE::2025-11-13.13:50:04::SCWBDomain::ion-sections -fdata-sections -Wall -Wextra -fno-tree-loop-distribute-patterns  -Os -flto -ffat-lto-objects"

TRACE::2025-11-13.13:50:04::SCWBDomain::"Running Make include in psu_pmu_0/libsrc/spips_v3_10/src"

TRACE::2025-11-13.13:50:04::SCWBDomain::make -C psu_pmu_0/libsrc/spips_v3_10/src -s include  "SHELL=CMD" "COMPILER=mb-gcc" "ASSEMBLER=mb-as" "ARCHIVER=mb-ar" "COMPILER
TRACE::2025-11-13.13:50:04::SCWBDomain::_FLAGS=  -O2 -c -mcpu=v9.2 -mlittle-endian -mxl-barrel-shift -mxl-pattern-compare -mxl-soft-mul" "EXTRA_COMPILER_FLAGS=-g -ffun
TRACE::2025-11-13.13:50:04::SCWBDomain::ction-sections -fdata-sections -Wall -Wextra -fno-tree-loop-distribute-patterns  -Os -flto -ffat-lto-objects"

TRACE::2025-11-13.13:50:04::SCWBDomain::"Running Make include in psu_pmu_0/libsrc/standalone_v9_1/src"

TRACE::2025-11-13.13:50:04::SCWBDomain::make -C psu_pmu_0/libsrc/standalone_v9_1/src -s include  "SHELL=CMD" "COMPILER=mb-gcc" "ASSEMBLER=mb-as" "ARCHIVER=mb-ar" "COMP
TRACE::2025-11-13.13:50:04::SCWBDomain::ILER_FLAGS=  -O2 -c -mcpu=v9.2 -mlittle-endian -mxl-barrel-shift -mxl-pattern-compare -mxl-soft-mul" "EXTRA_COMPILER_FLAGS=-g -
TRACE::2025-11-13.13:50:04::SCWBDomain::ffunction-sections -fdata-sections -Wall -Wextra -fno-tree-loop-distribute-patterns  -Os -flto -ffat-lto-objects"

TRACE::2025-11-13.13:50:04::SCWBDomain::"Running Make include in psu_pmu_0/libsrc/sysmonpsu_v2_10/src"

TRACE::2025-11-13.13:50:04::SCWBDomain::make -C psu_pmu_0/libsrc/sysmonpsu_v2_10/src -s include  "SHELL=CMD" "COMPILER=mb-gcc" "ASSEMBLER=mb-as" "ARCHIVER=mb-ar" "COMP
TRACE::2025-11-13.13:50:04::SCWBDomain::ILER_FLAGS=  -O2 -c -mcpu=v9.2 -mlittle-endian -mxl-barrel-shift -mxl-pattern-compare -mxl-soft-mul" "EXTRA_COMPILER_FLAGS=-g -
TRACE::2025-11-13.13:50:04::SCWBDomain::ffunction-sections -fdata-sections -Wall -Wextra -fno-tree-loop-distribute-patterns  -Os -flto -ffat-lto-objects"

TRACE::2025-11-13.13:50:04::SCWBDomain::"Running Make include in psu_pmu_0/libsrc/ttcps_v3_19/src"

TRACE::2025-11-13.13:50:04::SCWBDomain::make -C psu_pmu_0/libsrc/ttcps_v3_19/src -s include  "SHELL=CMD" "COMPILER=mb-gcc" "ASSEMBLER=mb-as" "ARCHIVER=mb-ar" "COMPILER
TRACE::2025-11-13.13:50:04::SCWBDomain::_FLAGS=  -O2 -c -mcpu=v9.2 -mlittle-endian -mxl-barrel-shift -mxl-pattern-compare -mxl-soft-mul" "EXTRA_COMPILER_FLAGS=-g -ffun
TRACE::2025-11-13.13:50:04::SCWBDomain::ction-sections -fdata-sections -Wall -Wextra -fno-tree-loop-distribute-patterns  -Os -flto -ffat-lto-objects"

TRACE::2025-11-13.13:50:04::SCWBDomain::"Running Make include in psu_pmu_0/libsrc/uartps_v3_14/src"

TRACE::2025-11-13.13:50:04::SCWBDomain::make -C psu_pmu_0/libsrc/uartps_v3_14/src -s include  "SHELL=CMD" "COMPILER=mb-gcc" "ASSEMBLER=mb-as" "ARCHIVER=mb-ar" "COMPILE
TRACE::2025-11-13.13:50:04::SCWBDomain::R_FLAGS=  -O2 -c -mcpu=v9.2 -mlittle-endian -mxl-barrel-shift -mxl-pattern-compare -mxl-soft-mul" "EXTRA_COMPILER_FLAGS=-g -ffu
TRACE::2025-11-13.13:50:04::SCWBDomain::nction-sections -fdata-sections -Wall -Wextra -fno-tree-loop-distribute-patterns  -Os -flto -ffat-lto-objects"

TRACE::2025-11-13.13:50:04::SCWBDomain::"Running Make include in psu_pmu_0/libsrc/wdtps_v3_7/src"

TRACE::2025-11-13.13:50:04::SCWBDomain::make -C psu_pmu_0/libsrc/wdtps_v3_7/src -s include  "SHELL=CMD" "COMPILER=mb-gcc" "ASSEMBLER=mb-as" "ARCHIVER=mb-ar" "COMPILER_
TRACE::2025-11-13.13:50:04::SCWBDomain::FLAGS=  -O2 -c -mcpu=v9.2 -mlittle-endian -mxl-barrel-shift -mxl-pattern-compare -mxl-soft-mul" "EXTRA_COMPILER_FLAGS=-g -ffunc
TRACE::2025-11-13.13:50:04::SCWBDomain::tion-sections -fdata-sections -Wall -Wextra -fno-tree-loop-distribute-patterns  -Os -flto -ffat-lto-objects"

TRACE::2025-11-13.13:50:04::SCWBDomain::"Running Make include in psu_pmu_0/libsrc/xilfpga_v6_6/src"

TRACE::2025-11-13.13:50:04::SCWBDomain::make -C psu_pmu_0/libsrc/xilfpga_v6_6/src -s include  "SHELL=CMD" "COMPILER=mb-gcc" "ASSEMBLER=mb-as" "ARCHIVER=mb-ar" "COMPILE
TRACE::2025-11-13.13:50:04::SCWBDomain::R_FLAGS=  -O2 -c -mcpu=v9.2 -mlittle-endian -mxl-barrel-shift -mxl-pattern-compare -mxl-soft-mul" "EXTRA_COMPILER_FLAGS=-g -ffu
TRACE::2025-11-13.13:50:04::SCWBDomain::nction-sections -fdata-sections -Wall -Wextra -fno-tree-loop-distribute-patterns  -Os -flto -ffat-lto-objects"

TRACE::2025-11-13.13:50:04::SCWBDomain::"Running Make include in psu_pmu_0/libsrc/xilsecure_v5_3/src"

TRACE::2025-11-13.13:50:04::SCWBDomain::make -C psu_pmu_0/libsrc/xilsecure_v5_3/src -s include  "SHELL=CMD" "COMPILER=mb-gcc" "ASSEMBLER=mb-as" "ARCHIVER=mb-ar" "COMPI
TRACE::2025-11-13.13:50:04::SCWBDomain::LER_FLAGS=  -O2 -c -mcpu=v9.2 -mlittle-endian -mxl-barrel-shift -mxl-pattern-compare -mxl-soft-mul" "EXTRA_COMPILER_FLAGS=-g -f
TRACE::2025-11-13.13:50:04::SCWBDomain::function-sections -fdata-sections -Wall -Wextra -fno-tree-loop-distribute-patterns  -Os -flto -ffat-lto-objects"

TRACE::2025-11-13.13:50:04::SCWBDomain::"Running Make include in psu_pmu_0/libsrc/xilskey_v7_6/src"

TRACE::2025-11-13.13:50:04::SCWBDomain::make -C psu_pmu_0/libsrc/xilskey_v7_6/src -s include  "SHELL=CMD" "COMPILER=mb-gcc" "ASSEMBLER=mb-as" "ARCHIVER=mb-ar" "COMPILE
TRACE::2025-11-13.13:50:04::SCWBDomain::R_FLAGS=  -O2 -c -mcpu=v9.2 -mlittle-endian -mxl-barrel-shift -mxl-pattern-compare -mxl-soft-mul" "EXTRA_COMPILER_FLAGS=-g -ffu
TRACE::2025-11-13.13:50:04::SCWBDomain::nction-sections -fdata-sections -Wall -Wextra -fno-tree-loop-distribute-patterns  -Os -flto -ffat-lto-objects"

TRACE::2025-11-13.13:50:04::SCWBDomain::"Running Make include in psu_pmu_0/libsrc/zdma_v1_18/src"

TRACE::2025-11-13.13:50:04::SCWBDomain::make -C psu_pmu_0/libsrc/zdma_v1_18/src -s include  "SHELL=CMD" "COMPILER=mb-gcc" "ASSEMBLER=mb-as" "ARCHIVER=mb-ar" "COMPILER_
TRACE::2025-11-13.13:50:04::SCWBDomain::FLAGS=  -O2 -c -mcpu=v9.2 -mlittle-endian -mxl-barrel-shift -mxl-pattern-compare -mxl-soft-mul" "EXTRA_COMPILER_FLAGS=-g -ffunc
TRACE::2025-11-13.13:50:04::SCWBDomain::tion-sections -fdata-sections -Wall -Wextra -fno-tree-loop-distribute-patterns  -Os -flto -ffat-lto-objects"

TRACE::2025-11-13.13:50:04::SCWBDomain::"Running Make libs in psu_pmu_0/libsrc/xilsecure_v5_3/src"

TRACE::2025-11-13.13:50:04::SCWBDomain::make -C psu_pmu_0/libsrc/xilsecure_v5_3/src -s libs  "SHELL=CMD" "COMPILER=mb-gcc" "ASSEMBLER=mb-as" "ARCHIVER=mb-ar" "COMPILER
TRACE::2025-11-13.13:50:04::SCWBDomain::_FLAGS=  -O2 -c -mcpu=v9.2 -mlittle-endian -mxl-barrel-shift -mxl-pattern-compare -mxl-soft-mul" "EXTRA_COMPILER_FLAGS=-g -ffun
TRACE::2025-11-13.13:50:04::SCWBDomain::ction-sections -fdata-sections -Wall -Wextra -fno-tree-loop-distribute-patterns  -Os -flto -ffat-lto-objects"

TRACE::2025-11-13.13:50:04::SCWBDomain::"Compiling XilSecure Library"

TRACE::2025-11-13.13:50:05::SCWBDomain::"Running Make libs in psu_pmu_0/libsrc/xilskey_v7_6/src"

TRACE::2025-11-13.13:50:05::SCWBDomain::make -C psu_pmu_0/libsrc/xilskey_v7_6/src -s libs  "SHELL=CMD" "COMPILER=mb-gcc" "ASSEMBLER=mb-as" "ARCHIVER=mb-ar" "COMPILER_F
TRACE::2025-11-13.13:50:05::SCWBDomain::LAGS=  -O2 -c -mcpu=v9.2 -mlittle-endian -mxl-barrel-shift -mxl-pattern-compare -mxl-soft-mul" "EXTRA_COMPILER_FLAGS=-g -ffunct
TRACE::2025-11-13.13:50:05::SCWBDomain::ion-sections -fdata-sections -Wall -Wextra -fno-tree-loop-distribute-patterns  -Os -flto -ffat-lto-objects"

TRACE::2025-11-13.13:50:05::SCWBDomain::"Compiling Xilskey Library"

TRACE::2025-11-13.13:50:06::SCWBDomain::'Finished building libraries sequentially.'

TRACE::2025-11-13.13:50:06::SCWBDomain::make -j 10 --no-print-directory par_libs

TRACE::2025-11-13.13:50:06::SCWBDomain::"Running Make include in psu_pmu_0/libsrc/axidma_v9_18/src"

TRACE::2025-11-13.13:50:06::SCWBDomain::make -C psu_pmu_0/libsrc/axidma_v9_18/src -s include  "SHELL=CMD" "COMPILER=mb-gcc" "ASSEMBLER=mb-as" "ARCHIVER=mb-ar" "COMPILE
TRACE::2025-11-13.13:50:06::SCWBDomain::R_FLAGS=  -O2 -c -mcpu=v9.2 -mlittle-endian -mxl-barrel-shift -mxl-pattern-compare -mxl-soft-mul" "EXTRA_COMPILER_FLAGS=-g -ffu
TRACE::2025-11-13.13:50:06::SCWBDomain::nction-sections -fdata-sections -Wall -Wextra -fno-tree-loop-distribute-patterns  -Os -flto -ffat-lto-objects"

TRACE::2025-11-13.13:50:06::SCWBDomain::"Running Make include in psu_pmu_0/libsrc/axipmon_v6_11/src"

TRACE::2025-11-13.13:50:06::SCWBDomain::make -C psu_pmu_0/libsrc/axipmon_v6_11/src -s include  "SHELL=CMD" "COMPILER=mb-gcc" "ASSEMBLER=mb-as" "ARCHIVER=mb-ar" "COMPIL
TRACE::2025-11-13.13:50:06::SCWBDomain::ER_FLAGS=  -O2 -c -mcpu=v9.2 -mlittle-endian -mxl-barrel-shift -mxl-pattern-compare -mxl-soft-mul" "EXTRA_COMPILER_FLAGS=-g -ff
TRACE::2025-11-13.13:50:06::SCWBDomain::unction-sections -fdata-sections -Wall -Wextra -fno-tree-loop-distribute-patterns  -Os -flto -ffat-lto-objects"

TRACE::2025-11-13.13:50:06::SCWBDomain::"Running Make include in psu_pmu_0/libsrc/clockps_v1_6/src"

TRACE::2025-11-13.13:50:06::SCWBDomain::make -C psu_pmu_0/libsrc/clockps_v1_6/src -s include  "SHELL=CMD" "COMPILER=mb-gcc" "ASSEMBLER=mb-as" "ARCHIVER=mb-ar" "COMPILE
TRACE::2025-11-13.13:50:06::SCWBDomain::R_FLAGS=  -O2 -c -mcpu=v9.2 -mlittle-endian -mxl-barrel-shift -mxl-pattern-compare -mxl-soft-mul" "EXTRA_COMPILER_FLAGS=-g -ffu
TRACE::2025-11-13.13:50:06::SCWBDomain::nction-sections -fdata-sections -Wall -Wextra -fno-tree-loop-distribute-patterns  -Os -flto -ffat-lto-objects"

TRACE::2025-11-13.13:50:06::SCWBDomain::"Running Make include in psu_pmu_0/libsrc/cpu_v2_18/src"

TRACE::2025-11-13.13:50:06::SCWBDomain::make -C psu_pmu_0/libsrc/cpu_v2_18/src -s include  "SHELL=CMD" "COMPILER=mb-gcc" "ASSEMBLER=mb-as" "ARCHIVER=mb-ar" "COMPILER_F
TRACE::2025-11-13.13:50:06::SCWBDomain::LAGS=  -O2 -c -mcpu=v9.2 -mlittle-endian -mxl-barrel-shift -mxl-pattern-compare -mxl-soft-mul" "EXTRA_COMPILER_FLAGS=-g -ffunct
TRACE::2025-11-13.13:50:06::SCWBDomain::ion-sections -fdata-sections -Wall -Wextra -fno-tree-loop-distribute-patterns  -Os -flto -ffat-lto-objects"

TRACE::2025-11-13.13:50:06::SCWBDomain::"Running Make include in psu_pmu_0/libsrc/csudma_v1_15/src"

TRACE::2025-11-13.13:50:06::SCWBDomain::make -C psu_pmu_0/libsrc/csudma_v1_15/src -s include  "SHELL=CMD" "COMPILER=mb-gcc" "ASSEMBLER=mb-as" "ARCHIVER=mb-ar" "COMPILE
TRACE::2025-11-13.13:50:06::SCWBDomain::R_FLAGS=  -O2 -c -mcpu=v9.2 -mlittle-endian -mxl-barrel-shift -mxl-pattern-compare -mxl-soft-mul" "EXTRA_COMPILER_FLAGS=-g -ffu
TRACE::2025-11-13.13:50:06::SCWBDomain::nction-sections -fdata-sections -Wall -Wextra -fno-tree-loop-distribute-patterns  -Os -flto -ffat-lto-objects"

TRACE::2025-11-13.13:50:06::SCWBDomain::"Running Make include in psu_pmu_0/libsrc/ddrcpsu_v1_6/src"

TRACE::2025-11-13.13:50:06::SCWBDomain::make -C psu_pmu_0/libsrc/ddrcpsu_v1_6/src -s include  "SHELL=CMD" "COMPILER=mb-gcc" "ASSEMBLER=mb-as" "ARCHIVER=mb-ar" "COMPILE
TRACE::2025-11-13.13:50:06::SCWBDomain::R_FLAGS=  -O2 -c -mcpu=v9.2 -mlittle-endian -mxl-barrel-shift -mxl-pattern-compare -mxl-soft-mul" "EXTRA_COMPILER_FLAGS=-g -ffu
TRACE::2025-11-13.13:50:06::SCWBDomain::nction-sections -fdata-sections -Wall -Wextra -fno-tree-loop-distribute-patterns  -Os -flto -ffat-lto-objects"

TRACE::2025-11-13.13:50:06::SCWBDomain::"Running Make include in psu_pmu_0/libsrc/gpiops_v3_13/src"

TRACE::2025-11-13.13:50:06::SCWBDomain::make -C psu_pmu_0/libsrc/gpiops_v3_13/src -s include  "SHELL=CMD" "COMPILER=mb-gcc" "ASSEMBLER=mb-as" "ARCHIVER=mb-ar" "COMPILE
TRACE::2025-11-13.13:50:06::SCWBDomain::R_FLAGS=  -O2 -c -mcpu=v9.2 -mlittle-endian -mxl-barrel-shift -mxl-pattern-compare -mxl-soft-mul" "EXTRA_COMPILER_FLAGS=-g -ffu
TRACE::2025-11-13.13:50:06::SCWBDomain::nction-sections -fdata-sections -Wall -Wextra -fno-tree-loop-distribute-patterns  -Os -flto -ffat-lto-objects"

TRACE::2025-11-13.13:50:06::SCWBDomain::"Running Make include in psu_pmu_0/libsrc/gpio_v4_11/src"

TRACE::2025-11-13.13:50:06::SCWBDomain::make -C psu_pmu_0/libsrc/gpio_v4_11/src -s include  "SHELL=CMD" "COMPILER=mb-gcc" "ASSEMBLER=mb-as" "ARCHIVER=mb-ar" "COMPILER_
TRACE::2025-11-13.13:50:06::SCWBDomain::FLAGS=  -O2 -c -mcpu=v9.2 -mlittle-endian -mxl-barrel-shift -mxl-pattern-compare -mxl-soft-mul" "EXTRA_COMPILER_FLAGS=-g -ffunc
TRACE::2025-11-13.13:50:06::SCWBDomain::tion-sections -fdata-sections -Wall -Wextra -fno-tree-loop-distribute-patterns  -Os -flto -ffat-lto-objects"

TRACE::2025-11-13.13:50:06::SCWBDomain::"Running Make include in psu_pmu_0/libsrc/iicps_v3_19/src"

TRACE::2025-11-13.13:50:06::SCWBDomain::make -C psu_pmu_0/libsrc/iicps_v3_19/src -s include  "SHELL=CMD" "COMPILER=mb-gcc" "ASSEMBLER=mb-as" "ARCHIVER=mb-ar" "COMPILER
TRACE::2025-11-13.13:50:06::SCWBDomain::_FLAGS=  -O2 -c -mcpu=v9.2 -mlittle-endian -mxl-barrel-shift -mxl-pattern-compare -mxl-soft-mul" "EXTRA_COMPILER_FLAGS=-g -ffun
TRACE::2025-11-13.13:50:06::SCWBDomain::ction-sections -fdata-sections -Wall -Wextra -fno-tree-loop-distribute-patterns  -Os -flto -ffat-lto-objects"

TRACE::2025-11-13.13:50:06::SCWBDomain::"Running Make include in psu_pmu_0/libsrc/ipipsu_v2_15/src"

TRACE::2025-11-13.13:50:06::SCWBDomain::make -C psu_pmu_0/libsrc/ipipsu_v2_15/src -s include  "SHELL=CMD" "COMPILER=mb-gcc" "ASSEMBLER=mb-as" "ARCHIVER=mb-ar" "COMPILE
TRACE::2025-11-13.13:50:06::SCWBDomain::R_FLAGS=  -O2 -c -mcpu=v9.2 -mlittle-endian -mxl-barrel-shift -mxl-pattern-compare -mxl-soft-mul" "EXTRA_COMPILER_FLAGS=-g -ffu
TRACE::2025-11-13.13:50:06::SCWBDomain::nction-sections -fdata-sections -Wall -Wextra -fno-tree-loop-distribute-patterns  -Os -flto -ffat-lto-objects"

TRACE::2025-11-13.13:50:06::SCWBDomain::"Running Make include in psu_pmu_0/libsrc/qspipsu_v1_19/src"

TRACE::2025-11-13.13:50:06::SCWBDomain::make -C psu_pmu_0/libsrc/qspipsu_v1_19/src -s include  "SHELL=CMD" "COMPILER=mb-gcc" "ASSEMBLER=mb-as" "ARCHIVER=mb-ar" "COMPIL
TRACE::2025-11-13.13:50:06::SCWBDomain::ER_FLAGS=  -O2 -c -mcpu=v9.2 -mlittle-endian -mxl-barrel-shift -mxl-pattern-compare -mxl-soft-mul" "EXTRA_COMPILER_FLAGS=-g -ff
TRACE::2025-11-13.13:50:06::SCWBDomain::unction-sections -fdata-sections -Wall -Wextra -fno-tree-loop-distribute-patterns  -Os -flto -ffat-lto-objects"

TRACE::2025-11-13.13:50:06::SCWBDomain::"Running Make include in psu_pmu_0/libsrc/resetps_v1_7/src"

TRACE::2025-11-13.13:50:06::SCWBDomain::make -C psu_pmu_0/libsrc/resetps_v1_7/src -s include  "SHELL=CMD" "COMPILER=mb-gcc" "ASSEMBLER=mb-as" "ARCHIVER=mb-ar" "COMPILE
TRACE::2025-11-13.13:50:06::SCWBDomain::R_FLAGS=  -O2 -c -mcpu=v9.2 -mlittle-endian -mxl-barrel-shift -mxl-pattern-compare -mxl-soft-mul" "EXTRA_COMPILER_FLAGS=-g -ffu
TRACE::2025-11-13.13:50:06::SCWBDomain::nction-sections -fdata-sections -Wall -Wextra -fno-tree-loop-distribute-patterns  -Os -flto -ffat-lto-objects"

TRACE::2025-11-13.13:50:06::SCWBDomain::"Running Make include in psu_pmu_0/libsrc/rtcpsu_v1_14/src"

TRACE::2025-11-13.13:50:06::SCWBDomain::make -C psu_pmu_0/libsrc/rtcpsu_v1_14/src -s include  "SHELL=CMD" "COMPILER=mb-gcc" "ASSEMBLER=mb-as" "ARCHIVER=mb-ar" "COMPILE
TRACE::2025-11-13.13:50:06::SCWBDomain::R_FLAGS=  -O2 -c -mcpu=v9.2 -mlittle-endian -mxl-barrel-shift -mxl-pattern-compare -mxl-soft-mul" "EXTRA_COMPILER_FLAGS=-g -ffu
TRACE::2025-11-13.13:50:06::SCWBDomain::nction-sections -fdata-sections -Wall -Wextra -fno-tree-loop-distribute-patterns  -Os -flto -ffat-lto-objects"

TRACE::2025-11-13.13:50:06::SCWBDomain::"Running Make include in psu_pmu_0/libsrc/sdps_v4_3/src"

TRACE::2025-11-13.13:50:06::SCWBDomain::make -C psu_pmu_0/libsrc/sdps_v4_3/src -s include  "SHELL=CMD" "COMPILER=mb-gcc" "ASSEMBLER=mb-as" "ARCHIVER=mb-ar" "COMPILER_F
TRACE::2025-11-13.13:50:06::SCWBDomain::LAGS=  -O2 -c -mcpu=v9.2 -mlittle-endian -mxl-barrel-shift -mxl-pattern-compare -mxl-soft-mul" "EXTRA_COMPILER_FLAGS=-g -ffunct
TRACE::2025-11-13.13:50:06::SCWBDomain::ion-sections -fdata-sections -Wall -Wextra -fno-tree-loop-distribute-patterns  -Os -flto -ffat-lto-objects"

TRACE::2025-11-13.13:50:06::SCWBDomain::"Running Make include in psu_pmu_0/libsrc/spips_v3_10/src"

TRACE::2025-11-13.13:50:06::SCWBDomain::make -C psu_pmu_0/libsrc/spips_v3_10/src -s include  "SHELL=CMD" "COMPILER=mb-gcc" "ASSEMBLER=mb-as" "ARCHIVER=mb-ar" "COMPILER
TRACE::2025-11-13.13:50:06::SCWBDomain::_FLAGS=  -O2 -c -mcpu=v9.2 -mlittle-endian -mxl-barrel-shift -mxl-pattern-compare -mxl-soft-mul" "EXTRA_COMPILER_FLAGS=-g -ffun
TRACE::2025-11-13.13:50:06::SCWBDomain::ction-sections -fdata-sections -Wall -Wextra -fno-tree-loop-distribute-patterns  -Os -flto -ffat-lto-objects"

TRACE::2025-11-13.13:50:06::SCWBDomain::"Running Make include in psu_pmu_0/libsrc/standalone_v9_1/src"

TRACE::2025-11-13.13:50:06::SCWBDomain::make -C psu_pmu_0/libsrc/standalone_v9_1/src -s include  "SHELL=CMD" "COMPILER=mb-gcc" "ASSEMBLER=mb-as" "ARCHIVER=mb-ar" "COMP
TRACE::2025-11-13.13:50:06::SCWBDomain::ILER_FLAGS=  -O2 -c -mcpu=v9.2 -mlittle-endian -mxl-barrel-shift -mxl-pattern-compare -mxl-soft-mul" "EXTRA_COMPILER_FLAGS=-g -
TRACE::2025-11-13.13:50:06::SCWBDomain::ffunction-sections -fdata-sections -Wall -Wextra -fno-tree-loop-distribute-patterns  -Os -flto -ffat-lto-objects"

TRACE::2025-11-13.13:50:06::SCWBDomain::"Running Make include in psu_pmu_0/libsrc/sysmonpsu_v2_10/src"

TRACE::2025-11-13.13:50:06::SCWBDomain::make -C psu_pmu_0/libsrc/sysmonpsu_v2_10/src -s include  "SHELL=CMD" "COMPILER=mb-gcc" "ASSEMBLER=mb-as" "ARCHIVER=mb-ar" "COMP
TRACE::2025-11-13.13:50:06::SCWBDomain::ILER_FLAGS=  -O2 -c -mcpu=v9.2 -mlittle-endian -mxl-barrel-shift -mxl-pattern-compare -mxl-soft-mul" "EXTRA_COMPILER_FLAGS=-g -
TRACE::2025-11-13.13:50:06::SCWBDomain::ffunction-sections -fdata-sections -Wall -Wextra -fno-tree-loop-distribute-patterns  -Os -flto -ffat-lto-objects"

TRACE::2025-11-13.13:50:06::SCWBDomain::"Running Make include in psu_pmu_0/libsrc/ttcps_v3_19/src"

TRACE::2025-11-13.13:50:06::SCWBDomain::make -C psu_pmu_0/libsrc/ttcps_v3_19/src -s include  "SHELL=CMD" "COMPILER=mb-gcc" "ASSEMBLER=mb-as" "ARCHIVER=mb-ar" "COMPILER
TRACE::2025-11-13.13:50:06::SCWBDomain::_FLAGS=  -O2 -c -mcpu=v9.2 -mlittle-endian -mxl-barrel-shift -mxl-pattern-compare -mxl-soft-mul" "EXTRA_COMPILER_FLAGS=-g -ffun
TRACE::2025-11-13.13:50:06::SCWBDomain::ction-sections -fdata-sections -Wall -Wextra -fno-tree-loop-distribute-patterns  -Os -flto -ffat-lto-objects"

TRACE::2025-11-13.13:50:06::SCWBDomain::"Running Make include in psu_pmu_0/libsrc/uartps_v3_14/src"

TRACE::2025-11-13.13:50:06::SCWBDomain::make -C psu_pmu_0/libsrc/uartps_v3_14/src -s include  "SHELL=CMD" "COMPILER=mb-gcc" "ASSEMBLER=mb-as" "ARCHIVER=mb-ar" "COMPILE
TRACE::2025-11-13.13:50:06::SCWBDomain::R_FLAGS=  -O2 -c -mcpu=v9.2 -mlittle-endian -mxl-barrel-shift -mxl-pattern-compare -mxl-soft-mul" "EXTRA_COMPILER_FLAGS=-g -ffu
TRACE::2025-11-13.13:50:06::SCWBDomain::nction-sections -fdata-sections -Wall -Wextra -fno-tree-loop-distribute-patterns  -Os -flto -ffat-lto-objects"

TRACE::2025-11-13.13:50:06::SCWBDomain::"Running Make include in psu_pmu_0/libsrc/wdtps_v3_7/src"

TRACE::2025-11-13.13:50:06::SCWBDomain::make -C psu_pmu_0/libsrc/wdtps_v3_7/src -s include  "SHELL=CMD" "COMPILER=mb-gcc" "ASSEMBLER=mb-as" "ARCHIVER=mb-ar" "COMPILER_
TRACE::2025-11-13.13:50:06::SCWBDomain::FLAGS=  -O2 -c -mcpu=v9.2 -mlittle-endian -mxl-barrel-shift -mxl-pattern-compare -mxl-soft-mul" "EXTRA_COMPILER_FLAGS=-g -ffunc
TRACE::2025-11-13.13:50:06::SCWBDomain::tion-sections -fdata-sections -Wall -Wextra -fno-tree-loop-distribute-patterns  -Os -flto -ffat-lto-objects"

TRACE::2025-11-13.13:50:06::SCWBDomain::"Running Make include in psu_pmu_0/libsrc/xilfpga_v6_6/src"

TRACE::2025-11-13.13:50:06::SCWBDomain::make -C psu_pmu_0/libsrc/xilfpga_v6_6/src -s include  "SHELL=CMD" "COMPILER=mb-gcc" "ASSEMBLER=mb-as" "ARCHIVER=mb-ar" "COMPILE
TRACE::2025-11-13.13:50:06::SCWBDomain::R_FLAGS=  -O2 -c -mcpu=v9.2 -mlittle-endian -mxl-barrel-shift -mxl-pattern-compare -mxl-soft-mul" "EXTRA_COMPILER_FLAGS=-g -ffu
TRACE::2025-11-13.13:50:06::SCWBDomain::nction-sections -fdata-sections -Wall -Wextra -fno-tree-loop-distribute-patterns  -Os -flto -ffat-lto-objects"

TRACE::2025-11-13.13:50:06::SCWBDomain::"Running Make include in psu_pmu_0/libsrc/xilsecure_v5_3/src"

TRACE::2025-11-13.13:50:06::SCWBDomain::make -C psu_pmu_0/libsrc/xilsecure_v5_3/src -s include  "SHELL=CMD" "COMPILER=mb-gcc" "ASSEMBLER=mb-as" "ARCHIVER=mb-ar" "COMPI
TRACE::2025-11-13.13:50:06::SCWBDomain::LER_FLAGS=  -O2 -c -mcpu=v9.2 -mlittle-endian -mxl-barrel-shift -mxl-pattern-compare -mxl-soft-mul" "EXTRA_COMPILER_FLAGS=-g -f
TRACE::2025-11-13.13:50:06::SCWBDomain::function-sections -fdata-sections -Wall -Wextra -fno-tree-loop-distribute-patterns  -Os -flto -ffat-lto-objects"

TRACE::2025-11-13.13:50:06::SCWBDomain::"Running Make include in psu_pmu_0/libsrc/xilskey_v7_6/src"

TRACE::2025-11-13.13:50:06::SCWBDomain::make -C psu_pmu_0/libsrc/xilskey_v7_6/src -s include  "SHELL=CMD" "COMPILER=mb-gcc" "ASSEMBLER=mb-as" "ARCHIVER=mb-ar" "COMPILE
TRACE::2025-11-13.13:50:06::SCWBDomain::R_FLAGS=  -O2 -c -mcpu=v9.2 -mlittle-endian -mxl-barrel-shift -mxl-pattern-compare -mxl-soft-mul" "EXTRA_COMPILER_FLAGS=-g -ffu
TRACE::2025-11-13.13:50:06::SCWBDomain::nction-sections -fdata-sections -Wall -Wextra -fno-tree-loop-distribute-patterns  -Os -flto -ffat-lto-objects"

TRACE::2025-11-13.13:50:06::SCWBDomain::"Running Make include in psu_pmu_0/libsrc/zdma_v1_18/src"

TRACE::2025-11-13.13:50:06::SCWBDomain::make -C psu_pmu_0/libsrc/zdma_v1_18/src -s include  "SHELL=CMD" "COMPILER=mb-gcc" "ASSEMBLER=mb-as" "ARCHIVER=mb-ar" "COMPILER_
TRACE::2025-11-13.13:50:06::SCWBDomain::FLAGS=  -O2 -c -mcpu=v9.2 -mlittle-endian -mxl-barrel-shift -mxl-pattern-compare -mxl-soft-mul" "EXTRA_COMPILER_FLAGS=-g -ffunc
TRACE::2025-11-13.13:50:06::SCWBDomain::tion-sections -fdata-sections -Wall -Wextra -fno-tree-loop-distribute-patterns  -Os -flto -ffat-lto-objects"

TRACE::2025-11-13.13:50:06::SCWBDomain::"Running Make libs in psu_pmu_0/libsrc/axidma_v9_18/src"

TRACE::2025-11-13.13:50:06::SCWBDomain::make -C psu_pmu_0/libsrc/axidma_v9_18/src -s libs  "SHELL=CMD" "COMPILER=mb-gcc" "ASSEMBLER=mb-as" "ARCHIVER=mb-ar" "COMPILER_F
TRACE::2025-11-13.13:50:06::SCWBDomain::LAGS=  -O2 -c -mcpu=v9.2 -mlittle-endian -mxl-barrel-shift -mxl-pattern-compare -mxl-soft-mul" "EXTRA_COMPILER_FLAGS=-g -ffunct
TRACE::2025-11-13.13:50:06::SCWBDomain::ion-sections -fdata-sections -Wall -Wextra -fno-tree-loop-distribute-patterns  -Os -flto -ffat-lto-objects"

TRACE::2025-11-13.13:50:06::SCWBDomain::"Running Make libs in psu_pmu_0/libsrc/axipmon_v6_11/src"

TRACE::2025-11-13.13:50:06::SCWBDomain::make -C psu_pmu_0/libsrc/axipmon_v6_11/src -s libs  "SHELL=CMD" "COMPILER=mb-gcc" "ASSEMBLER=mb-as" "ARCHIVER=mb-ar" "COMPILER_
TRACE::2025-11-13.13:50:06::SCWBDomain::FLAGS=  -O2 -c -mcpu=v9.2 -mlittle-endian -mxl-barrel-shift -mxl-pattern-compare -mxl-soft-mul" "EXTRA_COMPILER_FLAGS=-g -ffunc
TRACE::2025-11-13.13:50:06::SCWBDomain::tion-sections -fdata-sections -Wall -Wextra -fno-tree-loop-distribute-patterns  -Os -flto -ffat-lto-objects"

TRACE::2025-11-13.13:50:06::SCWBDomain::"Running Make libs in psu_pmu_0/libsrc/clockps_v1_6/src"

TRACE::2025-11-13.13:50:06::SCWBDomain::make -C psu_pmu_0/libsrc/clockps_v1_6/src -s libs  "SHELL=CMD" "COMPILER=mb-gcc" "ASSEMBLER=mb-as" "ARCHIVER=mb-ar" "COMPILER_F
TRACE::2025-11-13.13:50:06::SCWBDomain::LAGS=  -O2 -c -mcpu=v9.2 -mlittle-endian -mxl-barrel-shift -mxl-pattern-compare -mxl-soft-mul" "EXTRA_COMPILER_FLAGS=-g -ffunct
TRACE::2025-11-13.13:50:06::SCWBDomain::ion-sections -fdata-sections -Wall -Wextra -fno-tree-loop-distribute-patterns  -Os -flto -ffat-lto-objects"

TRACE::2025-11-13.13:50:06::SCWBDomain::"Running Make libs in psu_pmu_0/libsrc/cpu_v2_18/src"

TRACE::2025-11-13.13:50:06::SCWBDomain::make -C psu_pmu_0/libsrc/cpu_v2_18/src -s libs  "SHELL=CMD" "COMPILER=mb-gcc" "ASSEMBLER=mb-as" "ARCHIVER=mb-ar" "COMPILER_FLAG
TRACE::2025-11-13.13:50:06::SCWBDomain::S=  -O2 -c -mcpu=v9.2 -mlittle-endian -mxl-barrel-shift -mxl-pattern-compare -mxl-soft-mul" "EXTRA_COMPILER_FLAGS=-g -ffunction
TRACE::2025-11-13.13:50:06::SCWBDomain::-sections -fdata-sections -Wall -Wextra -fno-tree-loop-distribute-patterns  -Os -flto -ffat-lto-objects"

TRACE::2025-11-13.13:50:06::SCWBDomain::"Running Make libs in psu_pmu_0/libsrc/csudma_v1_15/src"

TRACE::2025-11-13.13:50:06::SCWBDomain::make -C psu_pmu_0/libsrc/csudma_v1_15/src -s libs  "SHELL=CMD" "COMPILER=mb-gcc" "ASSEMBLER=mb-as" "ARCHIVER=mb-ar" "COMPILER_F
TRACE::2025-11-13.13:50:06::SCWBDomain::LAGS=  -O2 -c -mcpu=v9.2 -mlittle-endian -mxl-barrel-shift -mxl-pattern-compare -mxl-soft-mul" "EXTRA_COMPILER_FLAGS=-g -ffunct
TRACE::2025-11-13.13:50:06::SCWBDomain::ion-sections -fdata-sections -Wall -Wextra -fno-tree-loop-distribute-patterns  -Os -flto -ffat-lto-objects"

TRACE::2025-11-13.13:50:06::SCWBDomain::"Running Make libs in psu_pmu_0/libsrc/ddrcpsu_v1_6/src"

TRACE::2025-11-13.13:50:06::SCWBDomain::make -C psu_pmu_0/libsrc/ddrcpsu_v1_6/src -s libs  "SHELL=CMD" "COMPILER=mb-gcc" "ASSEMBLER=mb-as" "ARCHIVER=mb-ar" "COMPILER_F
TRACE::2025-11-13.13:50:06::SCWBDomain::LAGS=  -O2 -c -mcpu=v9.2 -mlittle-endian -mxl-barrel-shift -mxl-pattern-compare -mxl-soft-mul" "EXTRA_COMPILER_FLAGS=-g -ffunct
TRACE::2025-11-13.13:50:06::SCWBDomain::ion-sections -fdata-sections -Wall -Wextra -fno-tree-loop-distribute-patterns  -Os -flto -ffat-lto-objects"

TRACE::2025-11-13.13:50:06::SCWBDomain::"Running Make libs in psu_pmu_0/libsrc/gpiops_v3_13/src"

TRACE::2025-11-13.13:50:07::SCWBDomain::make -C psu_pmu_0/libsrc/gpiops_v3_13/src -s libs  "SHELL=CMD" "COMPILER=mb-gcc" "ASSEMBLER=mb-as" "ARCHIVER=mb-ar" "COMPILER_F
TRACE::2025-11-13.13:50:07::SCWBDomain::LAGS=  -O2 -c -mcpu=v9.2 -mlittle-endian -mxl-barrel-shift -mxl-pattern-compare -mxl-soft-mul" "EXTRA_COMPILER_FLAGS=-g -ffunct
TRACE::2025-11-13.13:50:07::SCWBDomain::ion-sections -fdata-sections -Wall -Wextra -fno-tree-loop-distribute-patterns  -Os -flto -ffat-lto-objects"

TRACE::2025-11-13.13:50:07::SCWBDomain::"Running Make libs in psu_pmu_0/libsrc/gpio_v4_11/src"

TRACE::2025-11-13.13:50:07::SCWBDomain::make -C psu_pmu_0/libsrc/gpio_v4_11/src -s libs  "SHELL=CMD" "COMPILER=mb-gcc" "ASSEMBLER=mb-as" "ARCHIVER=mb-ar" "COMPILER_FLA
TRACE::2025-11-13.13:50:07::SCWBDomain::GS=  -O2 -c -mcpu=v9.2 -mlittle-endian -mxl-barrel-shift -mxl-pattern-compare -mxl-soft-mul" "EXTRA_COMPILER_FLAGS=-g -ffunctio
TRACE::2025-11-13.13:50:07::SCWBDomain::n-sections -fdata-sections -Wall -Wextra -fno-tree-loop-distribute-patterns  -Os -flto -ffat-lto-objects"

TRACE::2025-11-13.13:50:07::SCWBDomain::"Running Make libs in psu_pmu_0/libsrc/iicps_v3_19/src"

TRACE::2025-11-13.13:50:07::SCWBDomain::make -C psu_pmu_0/libsrc/iicps_v3_19/src -s libs  "SHELL=CMD" "COMPILER=mb-gcc" "ASSEMBLER=mb-as" "ARCHIVER=mb-ar" "COMPILER_FL
TRACE::2025-11-13.13:50:07::SCWBDomain::AGS=  -O2 -c -mcpu=v9.2 -mlittle-endian -mxl-barrel-shift -mxl-pattern-compare -mxl-soft-mul" "EXTRA_COMPILER_FLAGS=-g -ffuncti
TRACE::2025-11-13.13:50:07::SCWBDomain::on-sections -fdata-sections -Wall -Wextra -fno-tree-loop-distribute-patterns  -Os -flto -ffat-lto-objects"

TRACE::2025-11-13.13:50:07::SCWBDomain::"Running Make libs in psu_pmu_0/libsrc/ipipsu_v2_15/src"

TRACE::2025-11-13.13:50:07::SCWBDomain::make -C psu_pmu_0/libsrc/ipipsu_v2_15/src -s libs  "SHELL=CMD" "COMPILER=mb-gcc" "ASSEMBLER=mb-as" "ARCHIVER=mb-ar" "COMPILER_F
TRACE::2025-11-13.13:50:07::SCWBDomain::LAGS=  -O2 -c -mcpu=v9.2 -mlittle-endian -mxl-barrel-shift -mxl-pattern-compare -mxl-soft-mul" "EXTRA_COMPILER_FLAGS=-g -ffunct
TRACE::2025-11-13.13:50:07::SCWBDomain::ion-sections -fdata-sections -Wall -Wextra -fno-tree-loop-distribute-patterns  -Os -flto -ffat-lto-objects"

TRACE::2025-11-13.13:50:07::SCWBDomain::"Running Make libs in psu_pmu_0/libsrc/qspipsu_v1_19/src"

TRACE::2025-11-13.13:50:07::SCWBDomain::make -C psu_pmu_0/libsrc/qspipsu_v1_19/src -s libs  "SHELL=CMD" "COMPILER=mb-gcc" "ASSEMBLER=mb-as" "ARCHIVER=mb-ar" "COMPILER_
TRACE::2025-11-13.13:50:07::SCWBDomain::FLAGS=  -O2 -c -mcpu=v9.2 -mlittle-endian -mxl-barrel-shift -mxl-pattern-compare -mxl-soft-mul" "EXTRA_COMPILER_FLAGS=-g -ffunc
TRACE::2025-11-13.13:50:07::SCWBDomain::tion-sections -fdata-sections -Wall -Wextra -fno-tree-loop-distribute-patterns  -Os -flto -ffat-lto-objects"

TRACE::2025-11-13.13:50:07::SCWBDomain::"Running Make libs in psu_pmu_0/libsrc/resetps_v1_7/src"

TRACE::2025-11-13.13:50:07::SCWBDomain::make -C psu_pmu_0/libsrc/resetps_v1_7/src -s libs  "SHELL=CMD" "COMPILER=mb-gcc" "ASSEMBLER=mb-as" "ARCHIVER=mb-ar" "COMPILER_F
TRACE::2025-11-13.13:50:07::SCWBDomain::LAGS=  -O2 -c -mcpu=v9.2 -mlittle-endian -mxl-barrel-shift -mxl-pattern-compare -mxl-soft-mul" "EXTRA_COMPILER_FLAGS=-g -ffunct
TRACE::2025-11-13.13:50:07::SCWBDomain::ion-sections -fdata-sections -Wall -Wextra -fno-tree-loop-distribute-patterns  -Os -flto -ffat-lto-objects"

TRACE::2025-11-13.13:50:07::SCWBDomain::"Running Make libs in psu_pmu_0/libsrc/rtcpsu_v1_14/src"

TRACE::2025-11-13.13:50:07::SCWBDomain::make -C psu_pmu_0/libsrc/rtcpsu_v1_14/src -s libs  "SHELL=CMD" "COMPILER=mb-gcc" "ASSEMBLER=mb-as" "ARCHIVER=mb-ar" "COMPILER_F
TRACE::2025-11-13.13:50:07::SCWBDomain::LAGS=  -O2 -c -mcpu=v9.2 -mlittle-endian -mxl-barrel-shift -mxl-pattern-compare -mxl-soft-mul" "EXTRA_COMPILER_FLAGS=-g -ffunct
TRACE::2025-11-13.13:50:07::SCWBDomain::ion-sections -fdata-sections -Wall -Wextra -fno-tree-loop-distribute-patterns  -Os -flto -ffat-lto-objects"

TRACE::2025-11-13.13:50:07::SCWBDomain::"Running Make libs in psu_pmu_0/libsrc/sdps_v4_3/src"

TRACE::2025-11-13.13:50:07::SCWBDomain::make -C psu_pmu_0/libsrc/sdps_v4_3/src -s libs  "SHELL=CMD" "COMPILER=mb-gcc" "ASSEMBLER=mb-as" "ARCHIVER=mb-ar" "COMPILER_FLAG
TRACE::2025-11-13.13:50:07::SCWBDomain::S=  -O2 -c -mcpu=v9.2 -mlittle-endian -mxl-barrel-shift -mxl-pattern-compare -mxl-soft-mul" "EXTRA_COMPILER_FLAGS=-g -ffunction
TRACE::2025-11-13.13:50:07::SCWBDomain::-sections -fdata-sections -Wall -Wextra -fno-tree-loop-distribute-patterns  -Os -flto -ffat-lto-objects"

TRACE::2025-11-13.13:50:07::SCWBDomain::"Running Make libs in psu_pmu_0/libsrc/spips_v3_10/src"

TRACE::2025-11-13.13:50:07::SCWBDomain::make -C psu_pmu_0/libsrc/spips_v3_10/src -s libs  "SHELL=CMD" "COMPILER=mb-gcc" "ASSEMBLER=mb-as" "ARCHIVER=mb-ar" "COMPILER_FL
TRACE::2025-11-13.13:50:07::SCWBDomain::AGS=  -O2 -c -mcpu=v9.2 -mlittle-endian -mxl-barrel-shift -mxl-pattern-compare -mxl-soft-mul" "EXTRA_COMPILER_FLAGS=-g -ffuncti
TRACE::2025-11-13.13:50:07::SCWBDomain::on-sections -fdata-sections -Wall -Wextra -fno-tree-loop-distribute-patterns  -Os -flto -ffat-lto-objects"

TRACE::2025-11-13.13:50:07::SCWBDomain::"Running Make libs in psu_pmu_0/libsrc/standalone_v9_1/src"

TRACE::2025-11-13.13:50:07::SCWBDomain::make -C psu_pmu_0/libsrc/standalone_v9_1/src -s libs  "SHELL=CMD" "COMPILER=mb-gcc" "ASSEMBLER=mb-as" "ARCHIVER=mb-ar" "COMPILE
TRACE::2025-11-13.13:50:07::SCWBDomain::R_FLAGS=  -O2 -c -mcpu=v9.2 -mlittle-endian -mxl-barrel-shift -mxl-pattern-compare -mxl-soft-mul" "EXTRA_COMPILER_FLAGS=-g -ffu
TRACE::2025-11-13.13:50:07::SCWBDomain::nction-sections -fdata-sections -Wall -Wextra -fno-tree-loop-distribute-patterns  -Os -flto -ffat-lto-objects"

TRACE::2025-11-13.13:50:08::SCWBDomain::"Running Make libs in psu_pmu_0/libsrc/sysmonpsu_v2_10/src"

TRACE::2025-11-13.13:50:08::SCWBDomain::make -C psu_pmu_0/libsrc/sysmonpsu_v2_10/src -s libs  "SHELL=CMD" "COMPILER=mb-gcc" "ASSEMBLER=mb-as" "ARCHIVER=mb-ar" "COMPILE
TRACE::2025-11-13.13:50:08::SCWBDomain::R_FLAGS=  -O2 -c -mcpu=v9.2 -mlittle-endian -mxl-barrel-shift -mxl-pattern-compare -mxl-soft-mul" "EXTRA_COMPILER_FLAGS=-g -ffu
TRACE::2025-11-13.13:50:08::SCWBDomain::nction-sections -fdata-sections -Wall -Wextra -fno-tree-loop-distribute-patterns  -Os -flto -ffat-lto-objects"

TRACE::2025-11-13.13:50:08::SCWBDomain::"Running Make libs in psu_pmu_0/libsrc/ttcps_v3_19/src"

TRACE::2025-11-13.13:50:08::SCWBDomain::make -C psu_pmu_0/libsrc/ttcps_v3_19/src -s libs  "SHELL=CMD" "COMPILER=mb-gcc" "ASSEMBLER=mb-as" "ARCHIVER=mb-ar" "COMPILER_FL
TRACE::2025-11-13.13:50:08::SCWBDomain::AGS=  -O2 -c -mcpu=v9.2 -mlittle-endian -mxl-barrel-shift -mxl-pattern-compare -mxl-soft-mul" "EXTRA_COMPILER_FLAGS=-g -ffuncti
TRACE::2025-11-13.13:50:08::SCWBDomain::on-sections -fdata-sections -Wall -Wextra -fno-tree-loop-distribute-patterns  -Os -flto -ffat-lto-objects"

TRACE::2025-11-13.13:50:08::SCWBDomain::"Running Make libs in psu_pmu_0/libsrc/uartps_v3_14/src"

TRACE::2025-11-13.13:50:08::SCWBDomain::make -C psu_pmu_0/libsrc/uartps_v3_14/src -s libs  "SHELL=CMD" "COMPILER=mb-gcc" "ASSEMBLER=mb-as" "ARCHIVER=mb-ar" "COMPILER_F
TRACE::2025-11-13.13:50:08::SCWBDomain::LAGS=  -O2 -c -mcpu=v9.2 -mlittle-endian -mxl-barrel-shift -mxl-pattern-compare -mxl-soft-mul" "EXTRA_COMPILER_FLAGS=-g -ffunct
TRACE::2025-11-13.13:50:08::SCWBDomain::ion-sections -fdata-sections -Wall -Wextra -fno-tree-loop-distribute-patterns  -Os -flto -ffat-lto-objects"

TRACE::2025-11-13.13:50:08::SCWBDomain::"Running Make libs in psu_pmu_0/libsrc/wdtps_v3_7/src"

TRACE::2025-11-13.13:50:08::SCWBDomain::make -C psu_pmu_0/libsrc/wdtps_v3_7/src -s libs  "SHELL=CMD" "COMPILER=mb-gcc" "ASSEMBLER=mb-as" "ARCHIVER=mb-ar" "COMPILER_FLA
TRACE::2025-11-13.13:50:08::SCWBDomain::GS=  -O2 -c -mcpu=v9.2 -mlittle-endian -mxl-barrel-shift -mxl-pattern-compare -mxl-soft-mul" "EXTRA_COMPILER_FLAGS=-g -ffunctio
TRACE::2025-11-13.13:50:08::SCWBDomain::n-sections -fdata-sections -Wall -Wextra -fno-tree-loop-distribute-patterns  -Os -flto -ffat-lto-objects"

TRACE::2025-11-13.13:50:08::SCWBDomain::"Running Make libs in psu_pmu_0/libsrc/xilfpga_v6_6/src"

TRACE::2025-11-13.13:50:08::SCWBDomain::make -C psu_pmu_0/libsrc/xilfpga_v6_6/src -s libs  "SHELL=CMD" "COMPILER=mb-gcc" "ASSEMBLER=mb-as" "ARCHIVER=mb-ar" "COMPILER_F
TRACE::2025-11-13.13:50:08::SCWBDomain::LAGS=  -O2 -c -mcpu=v9.2 -mlittle-endian -mxl-barrel-shift -mxl-pattern-compare -mxl-soft-mul" "EXTRA_COMPILER_FLAGS=-g -ffunct
TRACE::2025-11-13.13:50:08::SCWBDomain::ion-sections -fdata-sections -Wall -Wextra -fno-tree-loop-distribute-patterns  -Os -flto -ffat-lto-objects"

TRACE::2025-11-13.13:50:08::SCWBDomain::"Running Make libs in psu_pmu_0/libsrc/zdma_v1_18/src"

TRACE::2025-11-13.13:50:08::SCWBDomain::make -C psu_pmu_0/libsrc/zdma_v1_18/src -s libs  "SHELL=CMD" "COMPILER=mb-gcc" "ASSEMBLER=mb-as" "ARCHIVER=mb-ar" "COMPILER_FLA
TRACE::2025-11-13.13:50:08::SCWBDomain::GS=  -O2 -c -mcpu=v9.2 -mlittle-endian -mxl-barrel-shift -mxl-pattern-compare -mxl-soft-mul" "EXTRA_COMPILER_FLAGS=-g -ffunctio
TRACE::2025-11-13.13:50:08::SCWBDomain::n-sections -fdata-sections -Wall -Wextra -fno-tree-loop-distribute-patterns  -Os -flto -ffat-lto-objects"

TRACE::2025-11-13.13:50:09::SCWBDomain::"DEBUG NON_LTO_OBJECTS is ../../../lib/microblaze_interrupt_handler.o"

TRACE::2025-11-13.13:50:09::SCWBDomain::'Finished building libraries parallelly.'

TRACE::2025-11-13.13:50:09::SCWBDomain::make --no-print-directory archive

TRACE::2025-11-13.13:50:09::SCWBDomain::mb-ar -r  psu_pmu_0/lib/libxil.a psu_pmu_0/lib/_exit.o psu_pmu_0/lib/errno.o psu_pmu_0/lib/fcntl.o psu_pmu_0/lib/hw_exception_h
TRACE::2025-11-13.13:50:09::SCWBDomain::andler.o psu_pmu_0/lib/inbyte.o psu_pmu_0/lib/microblaze_disable_dcache.o psu_pmu_0/lib/microblaze_disable_exceptions.o psu_pmu
TRACE::2025-11-13.13:50:09::SCWBDomain::_0/lib/microblaze_disable_icache.o psu_pmu_0/lib/microblaze_disable_interrupts.o psu_pmu_0/lib/microblaze_enable_dcache.o psu_p
TRACE::2025-11-13.13:50:09::SCWBDomain::mu_0/lib/microblaze_enable_exceptions.o psu_pmu_0/lib/microblaze_enable_icache.o psu_pmu_0/lib/microblaze_enable_interrupts.o p
TRACE::2025-11-13.13:50:09::SCWBDomain::su_pmu_0/lib/microblaze_exception_handler.o psu_pmu_0/lib/microblaze_flush_cache_ext.o psu_pmu_0/lib/microblaze_flush_cache_ext
TRACE::2025-11-13.13:50:09::SCWBDomain::_range.o psu_pmu_0/lib/microblaze_flush_dcache.o psu_pmu_0/lib/microblaze_flush_dcache_range.o psu_pmu_0/lib/microblaze_init_dc
TRACE::2025-11-13.13:50:09::SCWBDomain::ache_range.o psu_pmu_0/lib/microblaze_init_icache_range.o psu_pmu_0/lib/microblaze_interrupt_handler.o psu_pmu_0/lib/microblaze
TRACE::2025-11-13.13:50:09::SCWBDomain::_interrupts_g.o psu_pmu_0/lib/microblaze_invalidate_cache_ext.o psu_pmu_0/lib/microblaze_invalidate_cache_ext_range.o psu_pmu_0
TRACE::2025-11-13.13:50:09::SCWBDomain::/lib/microblaze_invalidate_dcache.o psu_pmu_0/lib/microblaze_invalidate_dcache_range.o psu_pmu_0/lib/microblaze_invalidate_icac
TRACE::2025-11-13.13:50:09::SCWBDomain::he.o psu_pmu_0/lib/microblaze_invalidate_icache_range.o psu_pmu_0/lib/microblaze_scrub.o psu_pmu_0/lib/microblaze_selftest.o ps
TRACE::2025-11-13.13:50:09::SCWBDomain::u_pmu_0/lib/microblaze_sleep.o psu_pmu_0/lib/microblaze_update_dcache.o psu_pmu_0/lib/microblaze_update_icache.o psu_pmu_0/lib/
TRACE::2025-11-13.13:50:09::SCWBDomain::outbyte.o psu_pmu_0/lib/print.o psu_pmu_0/lib/pvr.o psu_pmu_0/lib/xaxidma.o psu_pmu_0/lib/xaxidma_bd.o psu_pmu_0/lib/xaxidma_bd
TRACE::2025-11-13.13:50:09::SCWBDomain::ring.o psu_pmu_0/lib/xaxidma_g.o psu_pmu_0/lib/xaxidma_selftest.o psu_pmu_0/lib/xaxidma_sinit.o psu_pmu_0/lib/xaxipmon.o psu_pm
TRACE::2025-11-13.13:50:09::SCWBDomain::u_0/lib/xaxipmon_g.o psu_pmu_0/lib/xaxipmon_selftest.o psu_pmu_0/lib/xaxipmon_sinit.o psu_pmu_0/lib/xclockps.o psu_pmu_0/lib/xc
TRACE::2025-11-13.13:50:09::SCWBDomain::lockps_divider.o psu_pmu_0/lib/xclockps_fixedfactor.o psu_pmu_0/lib/xclockps_g.o psu_pmu_0/lib/xclockps_gate.o psu_pmu_0/lib/xc
TRACE::2025-11-13.13:50:09::SCWBDomain::lockps_mux.o psu_pmu_0/lib/xclockps_pll.o psu_pmu_0/lib/xclockps_sinit.o psu_pmu_0/lib/xcsudma.o psu_pmu_0/lib/xcsudma_g.o psu_
TRACE::2025-11-13.13:50:09::SCWBDomain::pmu_0/lib/xcsudma_intr.o psu_pmu_0/lib/xcsudma_selftest.o psu_pmu_0/lib/xcsudma_sinit.o psu_pmu_0/lib/xddrcpsu.o psu_pmu_0/lib/
TRACE::2025-11-13.13:50:09::SCWBDomain::xddrcpsu_sinit.o psu_pmu_0/lib/xgpio.o psu_pmu_0/lib/xgpio_extra.o psu_pmu_0/lib/xgpio_g.o psu_pmu_0/lib/xgpio_intr.o psu_pmu_0
TRACE::2025-11-13.13:50:09::SCWBDomain::/lib/xgpio_selftest.o psu_pmu_0/lib/xgpio_sinit.o psu_pmu_0/lib/xgpiops.o psu_pmu_0/lib/xgpiops_g.o psu_pmu_0/lib/xgpiops_hw.o 
TRACE::2025-11-13.13:50:09::SCWBDomain::psu_pmu_0/lib/xgpiops_intr.o psu_pmu_0/lib/xgpiops_selftest.o psu_pmu_0/lib/xgpiops_sinit.o psu_pmu_0/lib/xiicps.o psu_pmu_0/li
TRACE::2025-11-13.13:50:09::SCWBDomain::b/xiicps_g.o psu_pmu_0/lib/xiicps_hw.o psu_pmu_0/lib/xiicps_intr.o psu_pmu_0/lib/xiicps_master.o psu_pmu_0/lib/xiicps_options.o
TRACE::2025-11-13.13:50:09::SCWBDomain:: psu_pmu_0/lib/xiicps_selftest.o psu_pmu_0/lib/xiicps_sinit.o psu_pmu_0/lib/xiicps_slave.o psu_pmu_0/lib/xiicps_xfer.o psu_pmu_
TRACE::2025-11-13.13:50:09::SCWBDomain::0/lib/xil_assert.o psu_pmu_0/lib/xil_cache.o psu_pmu_0/lib/xil_clocking.o psu_pmu_0/lib/xil_exception.o psu_pmu_0/lib/xil_mem.o
TRACE::2025-11-13.13:50:09::SCWBDomain:: psu_pmu_0/lib/xil_misc_psreset_api.o psu_pmu_0/lib/xil_printf.o psu_pmu_0/lib/xil_sleepcommon.o psu_pmu_0/lib/xil_testcache.o 
TRACE::2025-11-13.13:50:09::SCWBDomain::psu_pmu_0/lib/xil_testio.o psu_pmu_0/lib/xil_testmem.o psu_pmu_0/lib/xil_util.o psu_pmu_0/lib/xinterrupt_wrap.o psu_pmu_0/lib/x
TRACE::2025-11-13.13:50:09::SCWBDomain::io.o psu_pmu_0/lib/xipipsu.o psu_pmu_0/lib/xipipsu_buf.o psu_pmu_0/lib/xipipsu_g.o psu_pmu_0/lib/xipipsu_helper.o psu_pmu_0/lib
TRACE::2025-11-13.13:50:09::SCWBDomain::/xipipsu_sinit.o psu_pmu_0/lib/xplatform_info.o psu_pmu_0/lib/xpm_init.o psu_pmu_0/lib/xqspipsu.o psu_pmu_0/lib/xqspipsu_contro
TRACE::2025-11-13.13:50:09::SCWBDomain::l.o psu_pmu_0/lib/xqspipsu_g.o psu_pmu_0/lib/xqspipsu_hw.o psu_pmu_0/lib/xqspipsu_options.o psu_pmu_0/lib/xqspipsu_sinit.o psu_
TRACE::2025-11-13.13:50:09::SCWBDomain::pmu_0/lib/xqspipsu_xfer.o psu_pmu_0/lib/xresetps.o psu_pmu_0/lib/xresetps_g.o psu_pmu_0/lib/xresetps_sinit.o psu_pmu_0/lib/xrtc
TRACE::2025-11-13.13:50:09::SCWBDomain::psu.o psu_pmu_0/lib/xrtcpsu_g.o psu_pmu_0/lib/xrtcpsu_intr.o psu_pmu_0/lib/xrtcpsu_selftest.o psu_pmu_0/lib/xrtcpsu_sinit.o psu
TRACE::2025-11-13.13:50:09::SCWBDomain::_pmu_0/lib/xsdps.o psu_pmu_0/lib/xsdps_card.o psu_pmu_0/lib/xsdps_g.o psu_pmu_0/lib/xsdps_host.o psu_pmu_0/lib/xsdps_options.o 
TRACE::2025-11-13.13:50:09::SCWBDomain::psu_pmu_0/lib/xsdps_sinit.o psu_pmu_0/lib/xspips.o psu_pmu_0/lib/xspips_g.o psu_pmu_0/lib/xspips_hw.o psu_pmu_0/lib/xspips_opti
TRACE::2025-11-13.13:50:09::SCWBDomain::ons.o psu_pmu_0/lib/xspips_selftest.o psu_pmu_0/lib/xspips_sinit.o psu_pmu_0/lib/xsysmonpsu.o psu_pmu_0/lib/xsysmonpsu_g.o psu_
TRACE::2025-11-13.13:50:09::SCWBDomain::pmu_0/lib/xsysmonpsu_intr.o psu_pmu_0/lib/xsysmonpsu_selftest.o psu_pmu_0/lib/xsysmonpsu_sinit.o psu_pmu_0/lib/xttcps.o psu_pmu
TRACE::2025-11-13.13:50:09::SCWBDomain::_0/lib/xttcps_g.o psu_pmu_0/lib/xttcps_options.o psu_pmu_0/lib/xttcps_selftest.o psu_pmu_0/lib/xttcps_sinit.o psu_pmu_0/lib/xua
TRACE::2025-11-13.13:50:09::SCWBDomain::rtps.o psu_pmu_0/lib/xuartps_g.o psu_pmu_0/lib/xuartps_hw.o psu_pmu_0/lib/xuartps_intr.o psu_pmu_0/lib/xuartps_options.o psu_pm
TRACE::2025-11-13.13:50:09::SCWBDomain::u_0/lib/xuartps_selftest.o psu_pmu_0/lib/xuartps_sinit.o psu_pmu_0/lib/xwdtps.o psu_pmu_0/lib/xwdtps_g.o psu_pmu_0/lib/xwdtps_s
TRACE::2025-11-13.13:50:09::SCWBDomain::elftest.o psu_pmu_0/lib/xwdtps_sinit.o psu_pmu_0/lib/xzdma.o psu_pmu_0/lib/xzdma_g.o psu_pmu_0/lib/xzdma_intr.o psu_pmu_0/lib/x
TRACE::2025-11-13.13:50:09::SCWBDomain::zdma_selftest.o psu_pmu_0/lib/xzdma_sinit.o

TRACE::2025-11-13.13:50:09::SCWBDomain::'Finished building libraries'

TRACE::2025-11-13.13:50:09::SCWBDomain::make: Leaving directory 'C:/unswworks/workspace/project_plat/zynqmp_pmufw/zynqmp_pmufw_bsp'

TRACE::2025-11-13.13:50:09::SCWBDomain::mb-gcc  -mlittle-endian -mxl-barrel-shift -mxl-pattern-compare -mxl-soft-mul -mcpu=v9.2 -MMD -MP      -mlittle-endian -mxl-barr
TRACE::2025-11-13.13:50:09::SCWBDomain::el-shift -mxl-pattern-compare -mcpu=v9.2 -mxl-soft-mul -Os -flto -ffat-lto-objects   -c xpfw_mod_common.c -o xpfw_mod_common.o 
TRACE::2025-11-13.13:50:09::SCWBDomain::-Izynqmp_pmufw_bsp/psu_pmu_0/include -I.

TRACE::2025-11-13.13:50:09::SCWBDomain::mb-gcc  -mlittle-endian -mxl-barrel-shift -mxl-pattern-compare -mxl-soft-mul -mcpu=v9.2 -MMD -MP      -mlittle-endian -mxl-barr
TRACE::2025-11-13.13:50:09::SCWBDomain::el-shift -mxl-pattern-compare -mcpu=v9.2 -mxl-soft-mul -Os -flto -ffat-lto-objects   -c xpfw_user_startup.c -o xpfw_user_startu
TRACE::2025-11-13.13:50:09::SCWBDomain::p.o -Izynqmp_pmufw_bsp/psu_pmu_0/include -I.

TRACE::2025-11-13.13:50:09::SCWBDomain::mb-gcc  -mlittle-endian -mxl-barrel-shift -mxl-pattern-compare -mxl-soft-mul -mcpu=v9.2 -MMD -MP      -mlittle-endian -mxl-barr
TRACE::2025-11-13.13:50:09::SCWBDomain::el-shift -mxl-pattern-compare -mcpu=v9.2 -mxl-soft-mul -Os -flto -ffat-lto-objects   -c pm_clock.c -o pm_clock.o -Izynqmp_pmufw
TRACE::2025-11-13.13:50:09::SCWBDomain::_bsp/psu_pmu_0/include -I.

TRACE::2025-11-13.13:50:10::SCWBDomain::mb-gcc  -mlittle-endian -mxl-barrel-shift -mxl-pattern-compare -mxl-soft-mul -mcpu=v9.2 -MMD -MP      -mlittle-endian -mxl-barr
TRACE::2025-11-13.13:50:10::SCWBDomain::el-shift -mxl-pattern-compare -mcpu=v9.2 -mxl-soft-mul -Os -flto -ffat-lto-objects   -c xpfw_mod_ultra96.c -o xpfw_mod_ultra96.
TRACE::2025-11-13.13:50:10::SCWBDomain::o -Izynqmp_pmufw_bsp/psu_pmu_0/include -I.

TRACE::2025-11-13.13:50:10::SCWBDomain::mb-gcc  -mlittle-endian -mxl-barrel-shift -mxl-pattern-compare -mxl-soft-mul -mcpu=v9.2 -MMD -MP      -mlittle-endian -mxl-barr
TRACE::2025-11-13.13:50:10::SCWBDomain::el-shift -mxl-pattern-compare -mcpu=v9.2 -mxl-soft-mul -Os -flto -ffat-lto-objects   -c xpfw_mod_em.c -o xpfw_mod_em.o -Izynqmp
TRACE::2025-11-13.13:50:10::SCWBDomain::_pmufw_bsp/psu_pmu_0/include -I.

TRACE::2025-11-13.13:50:10::SCWBDomain::mb-gcc  -mlittle-endian -mxl-barrel-shift -mxl-pattern-compare -mxl-soft-mul -mcpu=v9.2 -MMD -MP      -mlittle-endian -mxl-barr
TRACE::2025-11-13.13:50:10::SCWBDomain::el-shift -mxl-pattern-compare -mcpu=v9.2 -mxl-soft-mul -Os -flto -ffat-lto-objects   -c pm_power.c -o pm_power.o -Izynqmp_pmufw
TRACE::2025-11-13.13:50:10::SCWBDomain::_bsp/psu_pmu_0/include -I.

TRACE::2025-11-13.13:50:10::SCWBDomain::mb-gcc  -mlittle-endian -mxl-barrel-shift -mxl-pattern-compare -mxl-soft-mul -mcpu=v9.2 -MMD -MP      -mlittle-endian -mxl-barr
TRACE::2025-11-13.13:50:10::SCWBDomain::el-shift -mxl-pattern-compare -mcpu=v9.2 -mxl-soft-mul -Os -flto -ffat-lto-objects   -c pm_usb.c -o pm_usb.o -Izynqmp_pmufw_bsp
TRACE::2025-11-13.13:50:10::SCWBDomain::/psu_pmu_0/include -I.

TRACE::2025-11-13.13:50:10::SCWBDomain::mb-gcc  -mlittle-endian -mxl-barrel-shift -mxl-pattern-compare -mxl-soft-mul -mcpu=v9.2 -MMD -MP      -mlittle-endian -mxl-barr
TRACE::2025-11-13.13:50:10::SCWBDomain::el-shift -mxl-pattern-compare -mcpu=v9.2 -mxl-soft-mul -Os -flto -ffat-lto-objects   -c pm_gpp.c -o pm_gpp.o -Izynqmp_pmufw_bsp
TRACE::2025-11-13.13:50:10::SCWBDomain::/psu_pmu_0/include -I.

TRACE::2025-11-13.13:50:10::SCWBDomain::mb-gcc  -mlittle-endian -mxl-barrel-shift -mxl-pattern-compare -mxl-soft-mul -mcpu=v9.2 -MMD -MP      -mlittle-endian -mxl-barr
TRACE::2025-11-13.13:50:10::SCWBDomain::el-shift -mxl-pattern-compare -mcpu=v9.2 -mxl-soft-mul -Os -flto -ffat-lto-objects   -c pm_binding.c -o pm_binding.o -Izynqmp_p
TRACE::2025-11-13.13:50:10::SCWBDomain::mufw_bsp/psu_pmu_0/include -I.

TRACE::2025-11-13.13:50:10::SCWBDomain::mb-gcc  -mlittle-endian -mxl-barrel-shift -mxl-pattern-compare -mxl-soft-mul -mcpu=v9.2 -MMD -MP      -mlittle-endian -mxl-barr
TRACE::2025-11-13.13:50:10::SCWBDomain::el-shift -mxl-pattern-compare -mcpu=v9.2 -mxl-soft-mul -Os -flto -ffat-lto-objects   -c pm_pll.c -o pm_pll.o -Izynqmp_pmufw_bsp
TRACE::2025-11-13.13:50:10::SCWBDomain::/psu_pmu_0/include -I.

TRACE::2025-11-13.13:50:10::SCWBDomain::mb-gcc  -mlittle-endian -mxl-barrel-shift -mxl-pattern-compare -mxl-soft-mul -mcpu=v9.2 -MMD -MP      -mlittle-endian -mxl-barr
TRACE::2025-11-13.13:50:10::SCWBDomain::el-shift -mxl-pattern-compare -mcpu=v9.2 -mxl-soft-mul -Os -flto -ffat-lto-objects   -c xpfw_main.c -o xpfw_main.o -Izynqmp_pmu
TRACE::2025-11-13.13:50:10::SCWBDomain::fw_bsp/psu_pmu_0/include -I.

TRACE::2025-11-13.13:50:10::SCWBDomain::mb-gcc  -mlittle-endian -mxl-barrel-shift -mxl-pattern-compare -mxl-soft-mul -mcpu=v9.2 -MMD -MP      -mlittle-endian -mxl-barr
TRACE::2025-11-13.13:50:10::SCWBDomain::el-shift -mxl-pattern-compare -mcpu=v9.2 -mxl-soft-mul -Os -flto -ffat-lto-objects   -c pm_periph.c -o pm_periph.o -Izynqmp_pmu
TRACE::2025-11-13.13:50:10::SCWBDomain::fw_bsp/psu_pmu_0/include -I.

TRACE::2025-11-13.13:50:10::SCWBDomain::mb-gcc  -mlittle-endian -mxl-barrel-shift -mxl-pattern-compare -mxl-soft-mul -mcpu=v9.2 -MMD -MP      -mlittle-endian -mxl-barr
TRACE::2025-11-13.13:50:10::SCWBDomain::el-shift -mxl-pattern-compare -mcpu=v9.2 -mxl-soft-mul -Os -flto -ffat-lto-objects   -c pm_slave.c -o pm_slave.o -Izynqmp_pmufw
TRACE::2025-11-13.13:50:10::SCWBDomain::_bsp/psu_pmu_0/include -I.

TRACE::2025-11-13.13:50:10::SCWBDomain::mb-gcc  -mlittle-endian -mxl-barrel-shift -mxl-pattern-compare -mxl-soft-mul -mcpu=v9.2 -MMD -MP      -mlittle-endian -mxl-barr
TRACE::2025-11-13.13:50:10::SCWBDomain::el-shift -mxl-pattern-compare -mcpu=v9.2 -mxl-soft-mul -Os -flto -ffat-lto-objects   -c idle_hooks.c -o idle_hooks.o -Izynqmp_p
TRACE::2025-11-13.13:50:10::SCWBDomain::mufw_bsp/psu_pmu_0/include -I.

TRACE::2025-11-13.13:50:10::SCWBDomain::mb-gcc  -mlittle-endian -mxl-barrel-shift -mxl-pattern-compare -mxl-soft-mul -mcpu=v9.2 -MMD -MP      -mlittle-endian -mxl-barr
TRACE::2025-11-13.13:50:10::SCWBDomain::el-shift -mxl-pattern-compare -mcpu=v9.2 -mxl-soft-mul -Os -flto -ffat-lto-objects   -c xpfw_resets.c -o xpfw_resets.o -Izynqmp
TRACE::2025-11-13.13:50:10::SCWBDomain::_pmufw_bsp/psu_pmu_0/include -I.

TRACE::2025-11-13.13:50:10::SCWBDomain::mb-gcc  -mlittle-endian -mxl-barrel-shift -mxl-pattern-compare -mxl-soft-mul -mcpu=v9.2 -MMD -MP      -mlittle-endian -mxl-barr
TRACE::2025-11-13.13:50:10::SCWBDomain::el-shift -mxl-pattern-compare -mcpu=v9.2 -mxl-soft-mul -Os -flto -ffat-lto-objects   -c xpfw_mod_pm.c -o xpfw_mod_pm.o -Izynqmp
TRACE::2025-11-13.13:50:10::SCWBDomain::_pmufw_bsp/psu_pmu_0/include -I.

TRACE::2025-11-13.13:50:11::SCWBDomain::mb-gcc  -mlittle-endian -mxl-barrel-shift -mxl-pattern-compare -mxl-soft-mul -mcpu=v9.2 -MMD -MP      -mlittle-endian -mxl-barr
TRACE::2025-11-13.13:50:11::SCWBDomain::el-shift -mxl-pattern-compare -mcpu=v9.2 -mxl-soft-mul -Os -flto -ffat-lto-objects   -c pm_node.c -o pm_node.o -Izynqmp_pmufw_b
TRACE::2025-11-13.13:50:11::SCWBDomain::sp/psu_pmu_0/include -I.

TRACE::2025-11-13.13:50:11::SCWBDomain::mb-gcc  -mlittle-endian -mxl-barrel-shift -mxl-pattern-compare -mxl-soft-mul -mcpu=v9.2 -MMD -MP      -mlittle-endian -mxl-barr
TRACE::2025-11-13.13:50:11::SCWBDomain::el-shift -mxl-pattern-compare -mcpu=v9.2 -mxl-soft-mul -Os -flto -ffat-lto-objects   -c pm_extern.c -o pm_extern.o -Izynqmp_pmu
TRACE::2025-11-13.13:50:11::SCWBDomain::fw_bsp/psu_pmu_0/include -I.

TRACE::2025-11-13.13:50:11::SCWBDomain::mb-gcc  -mlittle-endian -mxl-barrel-shift -mxl-pattern-compare -mxl-soft-mul -mcpu=v9.2 -MMD -MP      -mlittle-endian -mxl-barr
TRACE::2025-11-13.13:50:11::SCWBDomain::el-shift -mxl-pattern-compare -mcpu=v9.2 -mxl-soft-mul -Os -flto -ffat-lto-objects   -c xpfw_mod_extwdt.c -o xpfw_mod_extwdt.o 
TRACE::2025-11-13.13:50:11::SCWBDomain::-Izynqmp_pmufw_bsp/psu_pmu_0/include -I.

TRACE::2025-11-13.13:50:11::SCWBDomain::mb-gcc  -mlittle-endian -mxl-barrel-shift -mxl-pattern-compare -mxl-soft-mul -mcpu=v9.2 -MMD -MP      -mlittle-endian -mxl-barr
TRACE::2025-11-13.13:50:11::SCWBDomain::el-shift -mxl-pattern-compare -mcpu=v9.2 -mxl-soft-mul -Os -flto -ffat-lto-objects   -c xpfw_mod_rpu.c -o xpfw_mod_rpu.o -Izynq
TRACE::2025-11-13.13:50:11::SCWBDomain::mp_pmufw_bsp/psu_pmu_0/include -I.

TRACE::2025-11-13.13:50:11::SCWBDomain::mb-gcc  -mlittle-endian -mxl-barrel-shift -mxl-pattern-compare -mxl-soft-mul -mcpu=v9.2 -MMD -MP      -mlittle-endian -mxl-barr
TRACE::2025-11-13.13:50:11::SCWBDomain::el-shift -mxl-pattern-compare -mcpu=v9.2 -mxl-soft-mul -Os -flto -ffat-lto-objects   -c xpfw_mod_dap.c -o xpfw_mod_dap.o -Izynq
TRACE::2025-11-13.13:50:11::SCWBDomain::mp_pmufw_bsp/psu_pmu_0/include -I.

TRACE::2025-11-13.13:50:11::SCWBDomain::mb-gcc  -mlittle-endian -mxl-barrel-shift -mxl-pattern-compare -mxl-soft-mul -mcpu=v9.2 -MMD -MP      -mlittle-endian -mxl-barr
TRACE::2025-11-13.13:50:11::SCWBDomain::el-shift -mxl-pattern-compare -mcpu=v9.2 -mxl-soft-mul -Os -flto -ffat-lto-objects   -c xpfw_util.c -o xpfw_util.o -Izynqmp_pmu
TRACE::2025-11-13.13:50:11::SCWBDomain::fw_bsp/psu_pmu_0/include -I.

TRACE::2025-11-13.13:50:11::SCWBDomain::mb-gcc  -mlittle-endian -mxl-barrel-shift -mxl-pattern-compare -mxl-soft-mul -mcpu=v9.2 -MMD -MP      -mlittle-endian -mxl-barr
TRACE::2025-11-13.13:50:11::SCWBDomain::el-shift -mxl-pattern-compare -mcpu=v9.2 -mxl-soft-mul -Os -flto -ffat-lto-objects   -c xpfw_mod_stl.c -o xpfw_mod_stl.o -Izynq
TRACE::2025-11-13.13:50:11::SCWBDomain::mp_pmufw_bsp/psu_pmu_0/include -I.

TRACE::2025-11-13.13:50:11::SCWBDomain::mb-gcc  -mlittle-endian -mxl-barrel-shift -mxl-pattern-compare -mxl-soft-mul -mcpu=v9.2 -MMD -MP      -mlittle-endian -mxl-barr
TRACE::2025-11-13.13:50:11::SCWBDomain::el-shift -mxl-pattern-compare -mcpu=v9.2 -mxl-soft-mul -Os -flto -ffat-lto-objects   -c pm_callbacks.c -o pm_callbacks.o -Izynq
TRACE::2025-11-13.13:50:11::SCWBDomain::mp_pmufw_bsp/psu_pmu_0/include -I.

TRACE::2025-11-13.13:50:11::SCWBDomain::mb-gcc  -mlittle-endian -mxl-barrel-shift -mxl-pattern-compare -mxl-soft-mul -mcpu=v9.2 -MMD -MP      -mlittle-endian -mxl-barr
TRACE::2025-11-13.13:50:11::SCWBDomain::el-shift -mxl-pattern-compare -mcpu=v9.2 -mxl-soft-mul -Os -flto -ffat-lto-objects   -c pm_reset.c -o pm_reset.o -Izynqmp_pmufw
TRACE::2025-11-13.13:50:11::SCWBDomain::_bsp/psu_pmu_0/include -I.

TRACE::2025-11-13.13:50:11::SCWBDomain::mb-gcc  -mlittle-endian -mxl-barrel-shift -mxl-pattern-compare -mxl-soft-mul -mcpu=v9.2 -MMD -MP      -mlittle-endian -mxl-barr
TRACE::2025-11-13.13:50:11::SCWBDomain::el-shift -mxl-pattern-compare -mcpu=v9.2 -mxl-soft-mul -Os -flto -ffat-lto-objects   -c pm_proc.c -o pm_proc.o -Izynqmp_pmufw_b
TRACE::2025-11-13.13:50:11::SCWBDomain::sp/psu_pmu_0/include -I.

TRACE::2025-11-13.13:50:11::SCWBDomain::mb-gcc  -mlittle-endian -mxl-barrel-shift -mxl-pattern-compare -mxl-soft-mul -mcpu=v9.2 -MMD -MP      -mlittle-endian -mxl-barr
TRACE::2025-11-13.13:50:11::SCWBDomain::el-shift -mxl-pattern-compare -mcpu=v9.2 -mxl-soft-mul -Os -flto -ffat-lto-objects   -c pm_csudma.c -o pm_csudma.o -Izynqmp_pmu
TRACE::2025-11-13.13:50:11::SCWBDomain::fw_bsp/psu_pmu_0/include -I.

TRACE::2025-11-13.13:50:11::SCWBDomain::mb-gcc  -mlittle-endian -mxl-barrel-shift -mxl-pattern-compare -mxl-soft-mul -mcpu=v9.2 -MMD -MP      -mlittle-endian -mxl-barr
TRACE::2025-11-13.13:50:11::SCWBDomain::el-shift -mxl-pattern-compare -mcpu=v9.2 -mxl-soft-mul -Os -flto -ffat-lto-objects   -c xpfw_rom_interface.c -o xpfw_rom_interf
TRACE::2025-11-13.13:50:11::SCWBDomain::ace.o -Izynqmp_pmufw_bsp/psu_pmu_0/include -I.

TRACE::2025-11-13.13:50:11::SCWBDomain::mb-gcc  -mlittle-endian -mxl-barrel-shift -mxl-pattern-compare -mxl-soft-mul -mcpu=v9.2 -MMD -MP      -mlittle-endian -mxl-barr
TRACE::2025-11-13.13:50:11::SCWBDomain::el-shift -mxl-pattern-compare -mcpu=v9.2 -mxl-soft-mul -Os -flto -ffat-lto-objects   -c xpfw_mod_sched.c -o xpfw_mod_sched.o -I
TRACE::2025-11-13.13:50:11::SCWBDomain::zynqmp_pmufw_bsp/psu_pmu_0/include -I.

TRACE::2025-11-13.13:50:11::SCWBDomain::mb-gcc  -mlittle-endian -mxl-barrel-shift -mxl-pattern-compare -mxl-soft-mul -mcpu=v9.2 -MMD -MP      -mlittle-endian -mxl-barr
TRACE::2025-11-13.13:50:11::SCWBDomain::el-shift -mxl-pattern-compare -mcpu=v9.2 -mxl-soft-mul -Os -flto -ffat-lto-objects   -c pm_sram.c -o pm_sram.o -Izynqmp_pmufw_b
TRACE::2025-11-13.13:50:11::SCWBDomain::sp/psu_pmu_0/include -I.

TRACE::2025-11-13.13:50:12::SCWBDomain::mb-gcc  -mlittle-endian -mxl-barrel-shift -mxl-pattern-compare -mxl-soft-mul -mcpu=v9.2 -MMD -MP      -mlittle-endian -mxl-barr
TRACE::2025-11-13.13:50:12::SCWBDomain::el-shift -mxl-pattern-compare -mcpu=v9.2 -mxl-soft-mul -Os -flto -ffat-lto-objects   -c xpfw_scheduler.c -o xpfw_scheduler.o -I
TRACE::2025-11-13.13:50:12::SCWBDomain::zynqmp_pmufw_bsp/psu_pmu_0/include -I.

TRACE::2025-11-13.13:50:12::SCWBDomain::mb-gcc  -mlittle-endian -mxl-barrel-shift -mxl-pattern-compare -mxl-soft-mul -mcpu=v9.2 -MMD -MP      -mlittle-endian -mxl-barr
TRACE::2025-11-13.13:50:12::SCWBDomain::el-shift -mxl-pattern-compare -mcpu=v9.2 -mxl-soft-mul -Os -flto -ffat-lto-objects   -c pm_qspi.c -o pm_qspi.o -Izynqmp_pmufw_b
TRACE::2025-11-13.13:50:12::SCWBDomain::sp/psu_pmu_0/include -I.

TRACE::2025-11-13.13:50:12::SCWBDomain::mb-gcc  -mlittle-endian -mxl-barrel-shift -mxl-pattern-compare -mxl-soft-mul -mcpu=v9.2 -MMD -MP      -mlittle-endian -mxl-barr
TRACE::2025-11-13.13:50:12::SCWBDomain::el-shift -mxl-pattern-compare -mcpu=v9.2 -mxl-soft-mul -Os -flto -ffat-lto-objects   -c xpfw_module.c -o xpfw_module.o -Izynqmp
TRACE::2025-11-13.13:50:12::SCWBDomain::_pmufw_bsp/psu_pmu_0/include -I.

TRACE::2025-11-13.13:50:12::SCWBDomain::mb-gcc  -mlittle-endian -mxl-barrel-shift -mxl-pattern-compare -mxl-soft-mul -mcpu=v9.2 -MMD -MP      -mlittle-endian -mxl-barr
TRACE::2025-11-13.13:50:12::SCWBDomain::el-shift -mxl-pattern-compare -mcpu=v9.2 -mxl-soft-mul -Os -flto -ffat-lto-objects   -c xpfw_interrupts.c -o xpfw_interrupts.o 
TRACE::2025-11-13.13:50:12::SCWBDomain::-Izynqmp_pmufw_bsp/psu_pmu_0/include -I.

TRACE::2025-11-13.13:50:12::SCWBDomain::mb-gcc  -mlittle-endian -mxl-barrel-shift -mxl-pattern-compare -mxl-soft-mul -mcpu=v9.2 -MMD -MP      -mlittle-endian -mxl-barr
TRACE::2025-11-13.13:50:12::SCWBDomain::el-shift -mxl-pattern-compare -mcpu=v9.2 -mxl-soft-mul -Os -flto -ffat-lto-objects   -c pm_ddr.c -o pm_ddr.o -Izynqmp_pmufw_bsp
TRACE::2025-11-13.13:50:12::SCWBDomain::/psu_pmu_0/include -I.

TRACE::2025-11-13.13:50:12::SCWBDomain::mb-gcc  -mlittle-endian -mxl-barrel-shift -mxl-pattern-compare -mxl-soft-mul -mcpu=v9.2 -MMD -MP      -mlittle-endian -mxl-barr
TRACE::2025-11-13.13:50:12::SCWBDomain::el-shift -mxl-pattern-compare -mcpu=v9.2 -mxl-soft-mul -Os -flto -ffat-lto-objects   -c xpfw_platform.c -o xpfw_platform.o -Izy
TRACE::2025-11-13.13:50:12::SCWBDomain::nqmp_pmufw_bsp/psu_pmu_0/include -I.

TRACE::2025-11-13.13:50:12::SCWBDomain::mb-gcc  -mlittle-endian -mxl-barrel-shift -mxl-pattern-compare -mxl-soft-mul -mcpu=v9.2 -MMD -MP      -mlittle-endian -mxl-barr
TRACE::2025-11-13.13:50:12::SCWBDomain::el-shift -mxl-pattern-compare -mcpu=v9.2 -mxl-soft-mul -Os -flto -ffat-lto-objects   -c xpfw_xpu.c -o xpfw_xpu.o -Izynqmp_pmufw
TRACE::2025-11-13.13:50:12::SCWBDomain::_bsp/psu_pmu_0/include -I.

TRACE::2025-11-13.13:50:12::SCWBDomain::mb-gcc  -mlittle-endian -mxl-barrel-shift -mxl-pattern-compare -mxl-soft-mul -mcpu=v9.2 -MMD -MP      -mlittle-endian -mxl-barr
TRACE::2025-11-13.13:50:12::SCWBDomain::el-shift -mxl-pattern-compare -mcpu=v9.2 -mxl-soft-mul -Os -flto -ffat-lto-objects   -c pm_pinctrl.c -o pm_pinctrl.o -Izynqmp_p
TRACE::2025-11-13.13:50:12::SCWBDomain::mufw_bsp/psu_pmu_0/include -I.

TRACE::2025-11-13.13:50:12::SCWBDomain::mb-gcc  -mlittle-endian -mxl-barrel-shift -mxl-pattern-compare -mxl-soft-mul -mcpu=v9.2 -MMD -MP      -mlittle-endian -mxl-barr
TRACE::2025-11-13.13:50:12::SCWBDomain::el-shift -mxl-pattern-compare -mcpu=v9.2 -mxl-soft-mul -Os -flto -ffat-lto-objects   -c xpfw_mod_rtc.c -o xpfw_mod_rtc.o -Izynq
TRACE::2025-11-13.13:50:12::SCWBDomain::mp_pmufw_bsp/psu_pmu_0/include -I.

TRACE::2025-11-13.13:50:12::SCWBDomain::mb-gcc  -mlittle-endian -mxl-barrel-shift -mxl-pattern-compare -mxl-soft-mul -mcpu=v9.2 -MMD -MP      -mlittle-endian -mxl-barr
TRACE::2025-11-13.13:50:12::SCWBDomain::el-shift -mxl-pattern-compare -mcpu=v9.2 -mxl-soft-mul -Os -flto -ffat-lto-objects   -c xpfw_events.c -o xpfw_events.o -Izynqmp
TRACE::2025-11-13.13:50:12::SCWBDomain::_pmufw_bsp/psu_pmu_0/include -I.

TRACE::2025-11-13.13:50:12::SCWBDomain::mb-gcc  -mlittle-endian -mxl-barrel-shift -mxl-pattern-compare -mxl-soft-mul -mcpu=v9.2 -MMD -MP      -mlittle-endian -mxl-barr
TRACE::2025-11-13.13:50:12::SCWBDomain::el-shift -mxl-pattern-compare -mcpu=v9.2 -mxl-soft-mul -Os -flto -ffat-lto-objects   -c xpfw_aib.c -o xpfw_aib.o -Izynqmp_pmufw
TRACE::2025-11-13.13:50:12::SCWBDomain::_bsp/psu_pmu_0/include -I.

TRACE::2025-11-13.13:50:12::SCWBDomain::mb-gcc  -mlittle-endian -mxl-barrel-shift -mxl-pattern-compare -mxl-soft-mul -mcpu=v9.2 -MMD -MP      -mlittle-endian -mxl-barr
TRACE::2025-11-13.13:50:12::SCWBDomain::el-shift -mxl-pattern-compare -mcpu=v9.2 -mxl-soft-mul -Os -flto -ffat-lto-objects   -c xpfw_mod_wdt.c -o xpfw_mod_wdt.o -Izynq
TRACE::2025-11-13.13:50:12::SCWBDomain::mp_pmufw_bsp/psu_pmu_0/include -I.

TRACE::2025-11-13.13:50:12::SCWBDomain::mb-gcc  -mlittle-endian -mxl-barrel-shift -mxl-pattern-compare -mxl-soft-mul -mcpu=v9.2 -MMD -MP      -mlittle-endian -mxl-barr
TRACE::2025-11-13.13:50:12::SCWBDomain::el-shift -mxl-pattern-compare -mcpu=v9.2 -mxl-soft-mul -Os -flto -ffat-lto-objects   -c pm_notifier.c -o pm_notifier.o -Izynqmp
TRACE::2025-11-13.13:50:12::SCWBDomain::_pmufw_bsp/psu_pmu_0/include -I.

TRACE::2025-11-13.13:50:13::SCWBDomain::mb-gcc  -mlittle-endian -mxl-barrel-shift -mxl-pattern-compare -mxl-soft-mul -mcpu=v9.2 -MMD -MP      -mlittle-endian -mxl-barr
TRACE::2025-11-13.13:50:13::SCWBDomain::el-shift -mxl-pattern-compare -mcpu=v9.2 -mxl-soft-mul -Os -flto -ffat-lto-objects   -c xpfw_mod_overtemp.c -o xpfw_mod_overtem
TRACE::2025-11-13.13:50:13::SCWBDomain::p.o -Izynqmp_pmufw_bsp/psu_pmu_0/include -I.

TRACE::2025-11-13.13:50:13::SCWBDomain::mb-gcc  -mlittle-endian -mxl-barrel-shift -mxl-pattern-compare -mxl-soft-mul -mcpu=v9.2 -MMD -MP      -mlittle-endian -mxl-barr
TRACE::2025-11-13.13:50:13::SCWBDomain::el-shift -mxl-pattern-compare -mcpu=v9.2 -mxl-soft-mul -Os -flto -ffat-lto-objects   -c pm_gic_proxy.c -o pm_gic_proxy.o -Izynq
TRACE::2025-11-13.13:50:13::SCWBDomain::mp_pmufw_bsp/psu_pmu_0/include -I.

TRACE::2025-11-13.13:50:13::SCWBDomain::mb-gcc  -mlittle-endian -mxl-barrel-shift -mxl-pattern-compare -mxl-soft-mul -mcpu=v9.2 -MMD -MP      -mlittle-endian -mxl-barr
TRACE::2025-11-13.13:50:13::SCWBDomain::el-shift -mxl-pattern-compare -mcpu=v9.2 -mxl-soft-mul -Os -flto -ffat-lto-objects   -c xpfw_core.c -o xpfw_core.o -Izynqmp_pmu
TRACE::2025-11-13.13:50:13::SCWBDomain::fw_bsp/psu_pmu_0/include -I.

TRACE::2025-11-13.13:50:13::SCWBDomain::mb-gcc  -mlittle-endian -mxl-barrel-shift -mxl-pattern-compare -mxl-soft-mul -mcpu=v9.2 -MMD -MP      -mlittle-endian -mxl-barr
TRACE::2025-11-13.13:50:13::SCWBDomain::el-shift -mxl-pattern-compare -mcpu=v9.2 -mxl-soft-mul -Os -flto -ffat-lto-objects   -c pm_core.c -o pm_core.o -Izynqmp_pmufw_b
TRACE::2025-11-13.13:50:13::SCWBDomain::sp/psu_pmu_0/include -I.

TRACE::2025-11-13.13:50:13::SCWBDomain::mb-gcc  -mlittle-endian -mxl-barrel-shift -mxl-pattern-compare -mxl-soft-mul -mcpu=v9.2 -MMD -MP      -mlittle-endian -mxl-barr
TRACE::2025-11-13.13:50:13::SCWBDomain::el-shift -mxl-pattern-compare -mcpu=v9.2 -mxl-soft-mul -Os -flto -ffat-lto-objects   -c pm_config.c -o pm_config.o -Izynqmp_pmu
TRACE::2025-11-13.13:50:13::SCWBDomain::fw_bsp/psu_pmu_0/include -I.

TRACE::2025-11-13.13:50:13::SCWBDomain::mb-gcc  -mlittle-endian -mxl-barrel-shift -mxl-pattern-compare -mxl-soft-mul -mcpu=v9.2 -MMD -MP      -mlittle-endian -mxl-barr
TRACE::2025-11-13.13:50:13::SCWBDomain::el-shift -mxl-pattern-compare -mcpu=v9.2 -mxl-soft-mul -Os -flto -ffat-lto-objects   -c pm_system.c -o pm_system.o -Izynqmp_pmu
TRACE::2025-11-13.13:50:13::SCWBDomain::fw_bsp/psu_pmu_0/include -I.

TRACE::2025-11-13.13:50:13::SCWBDomain::mb-gcc  -mlittle-endian -mxl-barrel-shift -mxl-pattern-compare -mxl-soft-mul -mcpu=v9.2 -MMD -MP      -mlittle-endian -mxl-barr
TRACE::2025-11-13.13:50:13::SCWBDomain::el-shift -mxl-pattern-compare -mcpu=v9.2 -mxl-soft-mul -Os -flto -ffat-lto-objects   -c pm_mmio_access.c -o pm_mmio_access.o -I
TRACE::2025-11-13.13:50:13::SCWBDomain::zynqmp_pmufw_bsp/psu_pmu_0/include -I.

TRACE::2025-11-13.13:50:13::SCWBDomain::mb-gcc  -mlittle-endian -mxl-barrel-shift -mxl-pattern-compare -mxl-soft-mul -mcpu=v9.2 -MMD -MP      -mlittle-endian -mxl-barr
TRACE::2025-11-13.13:50:13::SCWBDomain::el-shift -mxl-pattern-compare -mcpu=v9.2 -mxl-soft-mul -Os -flto -ffat-lto-objects   -c pm_node_reset.c -o pm_node_reset.o -Izy
TRACE::2025-11-13.13:50:13::SCWBDomain::nqmp_pmufw_bsp/psu_pmu_0/include -I.

TRACE::2025-11-13.13:50:13::SCWBDomain::mb-gcc  -mlittle-endian -mxl-barrel-shift -mxl-pattern-compare -mxl-soft-mul -mcpu=v9.2 -MMD -MP      -mlittle-endian -mxl-barr
TRACE::2025-11-13.13:50:13::SCWBDomain::el-shift -mxl-pattern-compare -mcpu=v9.2 -mxl-soft-mul -Os -flto -ffat-lto-objects   -c pm_requirement.c -o pm_requirement.o -I
TRACE::2025-11-13.13:50:13::SCWBDomain::zynqmp_pmufw_bsp/psu_pmu_0/include -I.

TRACE::2025-11-13.13:50:13::SCWBDomain::mb-gcc  -mlittle-endian -mxl-barrel-shift -mxl-pattern-compare -mxl-soft-mul -mcpu=v9.2 -MMD -MP      -mlittle-endian -mxl-barr
TRACE::2025-11-13.13:50:13::SCWBDomain::el-shift -mxl-pattern-compare -mcpu=v9.2 -mxl-soft-mul -Os -flto -ffat-lto-objects   -c xpfw_mod_legacy.c -o xpfw_mod_legacy.o 
TRACE::2025-11-13.13:50:13::SCWBDomain::-Izynqmp_pmufw_bsp/psu_pmu_0/include -I.

TRACE::2025-11-13.13:50:13::SCWBDomain::mb-gcc  -mlittle-endian -mxl-barrel-shift -mxl-pattern-compare -mxl-soft-mul -mcpu=v9.2 -MMD -MP      -mlittle-endian -mxl-barr
TRACE::2025-11-13.13:50:13::SCWBDomain::el-shift -mxl-pattern-compare -mcpu=v9.2 -mxl-soft-mul -Os -flto -ffat-lto-objects   -c xpfw_restart.c -o xpfw_restart.o -Izynq
TRACE::2025-11-13.13:50:13::SCWBDomain::mp_pmufw_bsp/psu_pmu_0/include -I.

TRACE::2025-11-13.13:50:13::SCWBDomain::mb-gcc  -mlittle-endian -mxl-barrel-shift -mxl-pattern-compare -mxl-soft-mul -mcpu=v9.2 -MMD -MP      -mlittle-endian -mxl-barr
TRACE::2025-11-13.13:50:13::SCWBDomain::el-shift -mxl-pattern-compare -mcpu=v9.2 -mxl-soft-mul -Os -flto -ffat-lto-objects   -c xpfw_error_manager.c -o xpfw_error_mana
TRACE::2025-11-13.13:50:13::SCWBDomain::ger.o -Izynqmp_pmufw_bsp/psu_pmu_0/include -I.

TRACE::2025-11-13.13:50:14::SCWBDomain::mb-gcc  -mlittle-endian -mxl-barrel-shift -mxl-pattern-compare -mxl-soft-mul -mcpu=v9.2 -MMD -MP      -mlittle-endian -mxl-barr
TRACE::2025-11-13.13:50:14::SCWBDomain::el-shift -mxl-pattern-compare -mcpu=v9.2 -mxl-soft-mul -Os -flto -ffat-lto-objects   -c pm_hooks.c -o pm_hooks.o -Izynqmp_pmufw
TRACE::2025-11-13.13:50:14::SCWBDomain::_bsp/psu_pmu_0/include -I.

TRACE::2025-11-13.13:50:14::SCWBDomain::mb-gcc  -mlittle-endian -mxl-barrel-shift -mxl-pattern-compare -mxl-soft-mul -mcpu=v9.2 -MMD -MP      -mlittle-endian -mxl-barr
TRACE::2025-11-13.13:50:14::SCWBDomain::el-shift -mxl-pattern-compare -mcpu=v9.2 -mxl-soft-mul -Os -flto -ffat-lto-objects   -c pm_ioctl.c -o pm_ioctl.o -Izynqmp_pmufw
TRACE::2025-11-13.13:50:14::SCWBDomain::_bsp/psu_pmu_0/include -I.

TRACE::2025-11-13.13:50:14::SCWBDomain::mb-gcc  -mlittle-endian -mxl-barrel-shift -mxl-pattern-compare -mxl-soft-mul -mcpu=v9.2 -MMD -MP      -mlittle-endian -mxl-barr
TRACE::2025-11-13.13:50:14::SCWBDomain::el-shift -mxl-pattern-compare -mcpu=v9.2 -mxl-soft-mul -Os -flto -ffat-lto-objects   -c pm_master.c -o pm_master.o -Izynqmp_pmu
TRACE::2025-11-13.13:50:14::SCWBDomain::fw_bsp/psu_pmu_0/include -I.

TRACE::2025-11-13.13:50:14::SCWBDomain::mb-gcc  -mlittle-endian -mxl-barrel-shift -mxl-pattern-compare -mxl-soft-mul -mcpu=v9.2 -MMD -MP      -mlittle-endian -mxl-barr
TRACE::2025-11-13.13:50:14::SCWBDomain::el-shift -mxl-pattern-compare -mcpu=v9.2 -mxl-soft-mul -Os -flto -ffat-lto-objects   -c xpfw_ipi_manager.c -o xpfw_ipi_manager.
TRACE::2025-11-13.13:50:14::SCWBDomain::o -Izynqmp_pmufw_bsp/psu_pmu_0/include -I.

TRACE::2025-11-13.13:50:14::SCWBDomain::mb-gcc  -mlittle-endian -mxl-barrel-shift -mxl-pattern-compare -mxl-soft-mul -mcpu=v9.2 -MMD -MP      -mlittle-endian -mxl-barr
TRACE::2025-11-13.13:50:14::SCWBDomain::el-shift -mxl-pattern-compare -mcpu=v9.2 -mxl-soft-mul -Os -flto -ffat-lto-objects   -c xpfw_start.S -o xpfw_start.o -Izynqmp_p
TRACE::2025-11-13.13:50:14::SCWBDomain::mufw_bsp/psu_pmu_0/include -I.

TRACE::2025-11-13.13:50:14::SCWBDomain::mb-gcc -o pmufw.elf idle_hooks.o pm_binding.o pm_callbacks.o pm_clock.o pm_config.o pm_core.o pm_csudma.o pm_ddr.o pm_extern.o 
TRACE::2025-11-13.13:50:14::SCWBDomain::pm_gic_proxy.o pm_gpp.o pm_hooks.o pm_ioctl.o pm_master.o pm_mmio_access.o pm_node.o pm_node_reset.o pm_notifier.o pm_periph.o 
TRACE::2025-11-13.13:50:14::SCWBDomain::pm_pinctrl.o pm_pll.o pm_power.o pm_proc.o pm_qspi.o pm_requirement.o pm_reset.o pm_slave.o pm_sram.o pm_system.o pm_usb.o xpfw
TRACE::2025-11-13.13:50:14::SCWBDomain::_aib.o xpfw_core.o xpfw_error_manager.o xpfw_events.o xpfw_interrupts.o xpfw_ipi_manager.o xpfw_main.o xpfw_mod_common.o xpfw_m
TRACE::2025-11-13.13:50:14::SCWBDomain::od_dap.o xpfw_mod_em.o xpfw_mod_extwdt.o xpfw_mod_legacy.o xpfw_mod_overtemp.o xpfw_mod_pm.o xpfw_mod_rpu.o xpfw_mod_rtc.o xpfw
TRACE::2025-11-13.13:50:14::SCWBDomain::_mod_sched.o xpfw_mod_stl.o xpfw_mod_ultra96.o xpfw_mod_wdt.o xpfw_module.o xpfw_platform.o xpfw_resets.o xpfw_restart.o xpfw_r
TRACE::2025-11-13.13:50:14::SCWBDomain::om_interface.o xpfw_scheduler.o xpfw_start.o xpfw_user_startup.o xpfw_util.o xpfw_xpu.o -MMD -MP      -mlittle-endian -mxl-barr
TRACE::2025-11-13.13:50:14::SCWBDomain::el-shift -mxl-pattern-compare -mcpu=v9.2 -mxl-soft-mul -Os -flto -ffat-lto-objects    -Wl,--start-group,-lxil,-lgcc,-lc,--end-g
TRACE::2025-11-13.13:50:14::SCWBDomain::roup -Wl,--start-group,-lxilfpga,-lxil,-lgcc,-lc,--end-group -Wl,--start-group,-lxilsecure,-lxil,-lgcc,-lc,--end-group -Wl,--st
TRACE::2025-11-13.13:50:14::SCWBDomain::art-group,-lxilskey,-lxil,-lgcc,-lc,--end-group                                                                                
TRACE::2025-11-13.13:50:14::SCWBDomain::                        -nostartfiles -Wl,--no-relax -Wl,--gc-sections -Lzynqmp_pmufw_bsp/psu_pmu_0/lib -Tlscript.ld

LOG::2025-11-13.13:50:15::SCWSystem::Checking the domain standalone_domain
LOG::2025-11-13.13:50:15::SCWSystem::Not a boot domain 
LOG::2025-11-13.13:50:15::SCWSystem::Started Processing the domain standalone_domain
TRACE::2025-11-13.13:50:15::SCWDomain::Generating domain artifcats
TRACE::2025-11-13.13:50:15::SCWMssOS::Generating standalone artifcats
TRACE::2025-11-13.13:50:15::SCWMssOS::Copying the qemu file from  C:/unswworks/workspace/project_plat/resources/project_plat/standalone_domain/qemu_args.txt To C:/unswworks/workspace/project_plat/export/project_plat/sw/project_plat/qemu/
TRACE::2025-11-13.13:50:15::SCWMssOS::Copying the qemu file from  C:/unswworks/workspace/project_plat/resources/project_plat/standalone_domain/qemu_args.txt To C:/unswworks/workspace/project_plat/export/project_plat/sw/project_plat/qemu/
TRACE::2025-11-13.13:50:15::SCWMssOS::Copying the qemu file from  C:/unswworks/workspace/project_plat/resources/project_plat/standalone_domain/qemu_args.txt To C:/unswworks/workspace/project_plat/export/project_plat/sw/project_plat/standalone_domain/qemu/
TRACE::2025-11-13.13:50:15::SCWMssOS::Copying the qemu file from  C:/unswworks/workspace/project_plat/resources/project_plat/standalone_domain/qemu_args.txt To C:/unswworks/workspace/project_plat/export/project_plat/sw/project_plat/standalone_domain/qemu/
TRACE::2025-11-13.13:50:15::SCWMssOS:: Copying the user libraries. 
TRACE::2025-11-13.13:50:15::SCWPlatform::Trying to open the hw design at C:/unswworks/workspace/project_plat/hw/v2.0.xsa
TRACE::2025-11-13.13:50:15::SCWPlatform::DSA given C:/unswworks/workspace/project_plat/hw/v2.0.xsa
TRACE::2025-11-13.13:50:15::SCWPlatform::DSA absoulate path C:/unswworks/workspace/project_plat/hw/v2.0.xsa
TRACE::2025-11-13.13:50:15::SCWPlatform::DSA directory C:/unswworks/workspace/project_plat/hw
TRACE::2025-11-13.13:50:15::SCWPlatform:: Platform Path C:/unswworks/workspace/project_plat/hw/v2.0.xsa
TRACE::2025-11-13.13:50:15::SCWPlatform:: Unique name xilinx:kv260_som::0.0
TRACE::2025-11-13.13:50:15::SCWPlatform::Trying to set the existing hwdb with name design_1_wrapper_1
TRACE::2025-11-13.13:50:15::SCWPlatform::Opened existing hwdb design_1_wrapper_1
TRACE::2025-11-13.13:50:15::SCWPlatform::Found the Hw Db part of the input DSA
TRACE::2025-11-13.13:50:15::SCWMssOS::Checking the sw design at  C:/unswworks/workspace/project_plat/psu_cortexa53_0/standalone_domain/bsp/system.mss
TRACE::2025-11-13.13:50:15::SCWMssOS::DEBUG:  swdes dump  C:/unswworks/workspace/147/zynqmp_fsbl/zynqmp_fsbl_bsp/system.mss|system_2||
C:/unswworks/workspace/147/zynqmp_pmufw/zynqmp_pmufw_bsp/system.mss|system_3||
C:/unswworks/workspace/project_plat/zynqmp_fsbl/zynqmp_fsbl_bsp/system.mss|system||
C:/unswworks/workspace/project_plat/zynqmp_pmufw/zynqmp_pmufw_bsp/system.mss|system_0||

TRACE::2025-11-13.13:50:15::SCWMssOS::No sw design opened at  C:/unswworks/workspace/project_plat/psu_cortexa53_0/standalone_domain/bsp/system.mss
TRACE::2025-11-13.13:50:15::SCWMssOS::mss exists loading the mss file  C:/unswworks/workspace/project_plat/psu_cortexa53_0/standalone_domain/bsp/system.mss
TRACE::2025-11-13.13:50:15::SCWMssOS::Opened the sw design from mss  C:/unswworks/workspace/project_plat/psu_cortexa53_0/standalone_domain/bsp/system.mss
TRACE::2025-11-13.13:50:15::SCWMssOS::Adding the swdes entry C:/unswworks/workspace/project_plat/psu_cortexa53_0/standalone_domain/bsp/system.mss with des name system_4
TRACE::2025-11-13.13:50:15::SCWMssOS::updating the scw layer about changes
TRACE::2025-11-13.13:50:15::SCWMssOS::Opened the sw design.  C:/unswworks/workspace/project_plat/psu_cortexa53_0/standalone_domain/bsp/system.mss
TRACE::2025-11-13.13:50:15::SCWMssOS::Completed writing the mss file at C:/unswworks/workspace/project_plat/psu_cortexa53_0/standalone_domain/bsp
TRACE::2025-11-13.13:50:15::SCWMssOS::Mss edits present, copying mssfile into export location C:/unswworks/workspace/project_plat/psu_cortexa53_0/standalone_domain/bsp/system.mss
TRACE::2025-11-13.13:50:15::SCWMssOS::bsp generated is upto date with the mss file. Skipping bsp generation.
TRACE::2025-11-13.13:50:15::SCWMssOS::BSP is already built. skipping the bsp build ... 
TRACE::2025-11-13.13:50:15::SCWDomain::Building the domain as part of full build :  standalone_domain
TRACE::2025-11-13.13:50:15::SCWMssOS::doing bsp build ... 
TRACE::2025-11-13.13:50:15::SCWMssOS::System Command Ran  C: & cd  C:/unswworks/workspace/project_plat/psu_cortexa53_0/standalone_domain/bsp & make 
TRACE::2025-11-13.13:50:15::SCWMssOS::make --no-print-directory seq_libs

TRACE::2025-11-13.13:50:15::SCWMssOS::'Finished building libraries sequentially.'

TRACE::2025-11-13.13:50:15::SCWMssOS::make -j 10 --no-print-directory par_libs

TRACE::2025-11-13.13:50:15::SCWMssOS::"Running Make include in psu_cortexa53_0/libsrc/axidma_v9_18/src"

TRACE::2025-11-13.13:50:15::SCWMssOS::make -C psu_cortexa53_0/libsrc/axidma_v9_18/src -s include  "SHELL=CMD" "COMPILER=aarch64-none-elf-gcc" "ASSEMBLER=aarch64-none
TRACE::2025-11-13.13:50:15::SCWMssOS::-elf-as" "ARCHIVER=aarch64-none-elf-ar" "COMPILER_FLAGS=  -O2 -c" "EXTRA_COMPILER_FLAGS=-g -Wall -Wextra -fno-tree-loop-distrib
TRACE::2025-11-13.13:50:15::SCWMssOS::ute-patterns"

TRACE::2025-11-13.13:50:15::SCWMssOS::"Running Make include in psu_cortexa53_0/libsrc/axipmon_v6_11/src"

TRACE::2025-11-13.13:50:16::SCWMssOS::make -C psu_cortexa53_0/libsrc/axipmon_v6_11/src -s include  "SHELL=CMD" "COMPILER=aarch64-none-elf-gcc" "ASSEMBLER=aarch64-non
TRACE::2025-11-13.13:50:16::SCWMssOS::e-elf-as" "ARCHIVER=aarch64-none-elf-ar" "COMPILER_FLAGS=  -O2 -c" "EXTRA_COMPILER_FLAGS=-g -Wall -Wextra -fno-tree-loop-distri
TRACE::2025-11-13.13:50:16::SCWMssOS::bute-patterns"

TRACE::2025-11-13.13:50:16::SCWMssOS::"Running Make include in psu_cortexa53_0/libsrc/clockps_v1_6/src"

TRACE::2025-11-13.13:50:16::SCWMssOS::make -C psu_cortexa53_0/libsrc/clockps_v1_6/src -s include  "SHELL=CMD" "COMPILER=aarch64-none-elf-gcc" "ASSEMBLER=aarch64-none
TRACE::2025-11-13.13:50:16::SCWMssOS::-elf-as" "ARCHIVER=aarch64-none-elf-ar" "COMPILER_FLAGS=  -O2 -c" "EXTRA_COMPILER_FLAGS=-g -Wall -Wextra -fno-tree-loop-distrib
TRACE::2025-11-13.13:50:16::SCWMssOS::ute-patterns"

TRACE::2025-11-13.13:50:16::SCWMssOS::"Running Make include in psu_cortexa53_0/libsrc/coresightps_dcc_v1_10/src"

TRACE::2025-11-13.13:50:16::SCWMssOS::make -C psu_cortexa53_0/libsrc/coresightps_dcc_v1_10/src -s include  "SHELL=CMD" "COMPILER=aarch64-none-elf-gcc" "ASSEMBLER=aar
TRACE::2025-11-13.13:50:16::SCWMssOS::ch64-none-elf-as" "ARCHIVER=aarch64-none-elf-ar" "COMPILER_FLAGS=  -O2 -c" "EXTRA_COMPILER_FLAGS=-g -Wall -Wextra -fno-tree-loo
TRACE::2025-11-13.13:50:16::SCWMssOS::p-distribute-patterns"

TRACE::2025-11-13.13:50:16::SCWMssOS::"Running Make include in psu_cortexa53_0/libsrc/cpu_cortexa53_v2_1/src"

TRACE::2025-11-13.13:50:16::SCWMssOS::make -C psu_cortexa53_0/libsrc/cpu_cortexa53_v2_1/src -s include  "SHELL=CMD" "COMPILER=aarch64-none-elf-gcc" "ASSEMBLER=aarch6
TRACE::2025-11-13.13:50:16::SCWMssOS::4-none-elf-as" "ARCHIVER=aarch64-none-elf-ar" "COMPILER_FLAGS=  -O2 -c" "EXTRA_COMPILER_FLAGS=-g -Wall -Wextra -fno-tree-loop-d
TRACE::2025-11-13.13:50:16::SCWMssOS::istribute-patterns"

TRACE::2025-11-13.13:50:16::SCWMssOS::"Running Make include in psu_cortexa53_0/libsrc/csudma_v1_15/src"

TRACE::2025-11-13.13:50:16::SCWMssOS::make -C psu_cortexa53_0/libsrc/csudma_v1_15/src -s include  "SHELL=CMD" "COMPILER=aarch64-none-elf-gcc" "ASSEMBLER=aarch64-none
TRACE::2025-11-13.13:50:16::SCWMssOS::-elf-as" "ARCHIVER=aarch64-none-elf-ar" "COMPILER_FLAGS=  -O2 -c" "EXTRA_COMPILER_FLAGS=-g -Wall -Wextra -fno-tree-loop-distrib
TRACE::2025-11-13.13:50:16::SCWMssOS::ute-patterns"

TRACE::2025-11-13.13:50:16::SCWMssOS::"Running Make include in psu_cortexa53_0/libsrc/ddrcpsu_v1_6/src"

TRACE::2025-11-13.13:50:16::SCWMssOS::make -C psu_cortexa53_0/libsrc/ddrcpsu_v1_6/src -s include  "SHELL=CMD" "COMPILER=aarch64-none-elf-gcc" "ASSEMBLER=aarch64-none
TRACE::2025-11-13.13:50:16::SCWMssOS::-elf-as" "ARCHIVER=aarch64-none-elf-ar" "COMPILER_FLAGS=  -O2 -c" "EXTRA_COMPILER_FLAGS=-g -Wall -Wextra -fno-tree-loop-distrib
TRACE::2025-11-13.13:50:16::SCWMssOS::ute-patterns"

TRACE::2025-11-13.13:50:16::SCWMssOS::"Running Make include in psu_cortexa53_0/libsrc/gpiops_v3_13/src"

TRACE::2025-11-13.13:50:16::SCWMssOS::make -C psu_cortexa53_0/libsrc/gpiops_v3_13/src -s include  "SHELL=CMD" "COMPILER=aarch64-none-elf-gcc" "ASSEMBLER=aarch64-none
TRACE::2025-11-13.13:50:16::SCWMssOS::-elf-as" "ARCHIVER=aarch64-none-elf-ar" "COMPILER_FLAGS=  -O2 -c" "EXTRA_COMPILER_FLAGS=-g -Wall -Wextra -fno-tree-loop-distrib
TRACE::2025-11-13.13:50:16::SCWMssOS::ute-patterns"

TRACE::2025-11-13.13:50:16::SCWMssOS::"Running Make include in psu_cortexa53_0/libsrc/gpio_v4_11/src"

TRACE::2025-11-13.13:50:16::SCWMssOS::make -C psu_cortexa53_0/libsrc/gpio_v4_11/src -s include  "SHELL=CMD" "COMPILER=aarch64-none-elf-gcc" "ASSEMBLER=aarch64-none-e
TRACE::2025-11-13.13:50:16::SCWMssOS::lf-as" "ARCHIVER=aarch64-none-elf-ar" "COMPILER_FLAGS=  -O2 -c" "EXTRA_COMPILER_FLAGS=-g -Wall -Wextra -fno-tree-loop-distribut
TRACE::2025-11-13.13:50:16::SCWMssOS::e-patterns"

TRACE::2025-11-13.13:50:16::SCWMssOS::"Running Make include in psu_cortexa53_0/libsrc/iicps_v3_19/src"

TRACE::2025-11-13.13:50:16::SCWMssOS::make -C psu_cortexa53_0/libsrc/iicps_v3_19/src -s include  "SHELL=CMD" "COMPILER=aarch64-none-elf-gcc" "ASSEMBLER=aarch64-none-
TRACE::2025-11-13.13:50:16::SCWMssOS::elf-as" "ARCHIVER=aarch64-none-elf-ar" "COMPILER_FLAGS=  -O2 -c" "EXTRA_COMPILER_FLAGS=-g -Wall -Wextra -fno-tree-loop-distribu
TRACE::2025-11-13.13:50:16::SCWMssOS::te-patterns"

TRACE::2025-11-13.13:50:16::SCWMssOS::"Running Make include in psu_cortexa53_0/libsrc/ipipsu_v2_15/src"

TRACE::2025-11-13.13:50:16::SCWMssOS::make -C psu_cortexa53_0/libsrc/ipipsu_v2_15/src -s include  "SHELL=CMD" "COMPILER=aarch64-none-elf-gcc" "ASSEMBLER=aarch64-none
TRACE::2025-11-13.13:50:16::SCWMssOS::-elf-as" "ARCHIVER=aarch64-none-elf-ar" "COMPILER_FLAGS=  -O2 -c" "EXTRA_COMPILER_FLAGS=-g -Wall -Wextra -fno-tree-loop-distrib
TRACE::2025-11-13.13:50:16::SCWMssOS::ute-patterns"

TRACE::2025-11-13.13:50:16::SCWMssOS::"Running Make include in psu_cortexa53_0/libsrc/qspipsu_v1_19/src"

TRACE::2025-11-13.13:50:16::SCWMssOS::make -C psu_cortexa53_0/libsrc/qspipsu_v1_19/src -s include  "SHELL=CMD" "COMPILER=aarch64-none-elf-gcc" "ASSEMBLER=aarch64-non
TRACE::2025-11-13.13:50:16::SCWMssOS::e-elf-as" "ARCHIVER=aarch64-none-elf-ar" "COMPILER_FLAGS=  -O2 -c" "EXTRA_COMPILER_FLAGS=-g -Wall -Wextra -fno-tree-loop-distri
TRACE::2025-11-13.13:50:16::SCWMssOS::bute-patterns"

TRACE::2025-11-13.13:50:16::SCWMssOS::"Running Make include in psu_cortexa53_0/libsrc/resetps_v1_7/src"

TRACE::2025-11-13.13:50:16::SCWMssOS::make -C psu_cortexa53_0/libsrc/resetps_v1_7/src -s include  "SHELL=CMD" "COMPILER=aarch64-none-elf-gcc" "ASSEMBLER=aarch64-none
TRACE::2025-11-13.13:50:16::SCWMssOS::-elf-as" "ARCHIVER=aarch64-none-elf-ar" "COMPILER_FLAGS=  -O2 -c" "EXTRA_COMPILER_FLAGS=-g -Wall -Wextra -fno-tree-loop-distrib
TRACE::2025-11-13.13:50:16::SCWMssOS::ute-patterns"

TRACE::2025-11-13.13:50:16::SCWMssOS::"Running Make include in psu_cortexa53_0/libsrc/rtcpsu_v1_14/src"

TRACE::2025-11-13.13:50:16::SCWMssOS::make -C psu_cortexa53_0/libsrc/rtcpsu_v1_14/src -s include  "SHELL=CMD" "COMPILER=aarch64-none-elf-gcc" "ASSEMBLER=aarch64-none
TRACE::2025-11-13.13:50:16::SCWMssOS::-elf-as" "ARCHIVER=aarch64-none-elf-ar" "COMPILER_FLAGS=  -O2 -c" "EXTRA_COMPILER_FLAGS=-g -Wall -Wextra -fno-tree-loop-distrib
TRACE::2025-11-13.13:50:16::SCWMssOS::ute-patterns"

TRACE::2025-11-13.13:50:16::SCWMssOS::"Running Make include in psu_cortexa53_0/libsrc/scugic_v5_3/src"

TRACE::2025-11-13.13:50:16::SCWMssOS::make -C psu_cortexa53_0/libsrc/scugic_v5_3/src -s include  "SHELL=CMD" "COMPILER=aarch64-none-elf-gcc" "ASSEMBLER=aarch64-none-
TRACE::2025-11-13.13:50:16::SCWMssOS::elf-as" "ARCHIVER=aarch64-none-elf-ar" "COMPILER_FLAGS=  -O2 -c" "EXTRA_COMPILER_FLAGS=-g -Wall -Wextra -fno-tree-loop-distribu
TRACE::2025-11-13.13:50:16::SCWMssOS::te-patterns"

TRACE::2025-11-13.13:50:16::SCWMssOS::"Running Make include in psu_cortexa53_0/libsrc/sdps_v4_3/src"

TRACE::2025-11-13.13:50:16::SCWMssOS::make -C psu_cortexa53_0/libsrc/sdps_v4_3/src -s include  "SHELL=CMD" "COMPILER=aarch64-none-elf-gcc" "ASSEMBLER=aarch64-none-el
TRACE::2025-11-13.13:50:16::SCWMssOS::f-as" "ARCHIVER=aarch64-none-elf-ar" "COMPILER_FLAGS=  -O2 -c" "EXTRA_COMPILER_FLAGS=-g -Wall -Wextra -fno-tree-loop-distribute
TRACE::2025-11-13.13:50:16::SCWMssOS::-patterns"

TRACE::2025-11-13.13:50:16::SCWMssOS::"Running Make include in psu_cortexa53_0/libsrc/spips_v3_10/src"

TRACE::2025-11-13.13:50:16::SCWMssOS::make -C psu_cortexa53_0/libsrc/spips_v3_10/src -s include  "SHELL=CMD" "COMPILER=aarch64-none-elf-gcc" "ASSEMBLER=aarch64-none-
TRACE::2025-11-13.13:50:16::SCWMssOS::elf-as" "ARCHIVER=aarch64-none-elf-ar" "COMPILER_FLAGS=  -O2 -c" "EXTRA_COMPILER_FLAGS=-g -Wall -Wextra -fno-tree-loop-distribu
TRACE::2025-11-13.13:50:16::SCWMssOS::te-patterns"

TRACE::2025-11-13.13:50:16::SCWMssOS::"Running Make include in psu_cortexa53_0/libsrc/standalone_v9_1/src"

TRACE::2025-11-13.13:50:16::SCWMssOS::make -C psu_cortexa53_0/libsrc/standalone_v9_1/src -s include  "SHELL=CMD" "COMPILER=aarch64-none-elf-gcc" "ASSEMBLER=aarch64-n
TRACE::2025-11-13.13:50:16::SCWMssOS::one-elf-as" "ARCHIVER=aarch64-none-elf-ar" "COMPILER_FLAGS=  -O2 -c" "EXTRA_COMPILER_FLAGS=-g -Wall -Wextra -fno-tree-loop-dist
TRACE::2025-11-13.13:50:16::SCWMssOS::ribute-patterns"

TRACE::2025-11-13.13:50:16::SCWMssOS::"Running Make include in psu_cortexa53_0/libsrc/sysmonpsu_v2_10/src"

TRACE::2025-11-13.13:50:16::SCWMssOS::make -C psu_cortexa53_0/libsrc/sysmonpsu_v2_10/src -s include  "SHELL=CMD" "COMPILER=aarch64-none-elf-gcc" "ASSEMBLER=aarch64-n
TRACE::2025-11-13.13:50:16::SCWMssOS::one-elf-as" "ARCHIVER=aarch64-none-elf-ar" "COMPILER_FLAGS=  -O2 -c" "EXTRA_COMPILER_FLAGS=-g -Wall -Wextra -fno-tree-loop-dist
TRACE::2025-11-13.13:50:16::SCWMssOS::ribute-patterns"

TRACE::2025-11-13.13:50:16::SCWMssOS::"Running Make include in psu_cortexa53_0/libsrc/ttcps_v3_19/src"

TRACE::2025-11-13.13:50:16::SCWMssOS::make -C psu_cortexa53_0/libsrc/ttcps_v3_19/src -s include  "SHELL=CMD" "COMPILER=aarch64-none-elf-gcc" "ASSEMBLER=aarch64-none-
TRACE::2025-11-13.13:50:16::SCWMssOS::elf-as" "ARCHIVER=aarch64-none-elf-ar" "COMPILER_FLAGS=  -O2 -c" "EXTRA_COMPILER_FLAGS=-g -Wall -Wextra -fno-tree-loop-distribu
TRACE::2025-11-13.13:50:16::SCWMssOS::te-patterns"

TRACE::2025-11-13.13:50:16::SCWMssOS::"Running Make include in psu_cortexa53_0/libsrc/uartps_v3_14/src"

TRACE::2025-11-13.13:50:16::SCWMssOS::make -C psu_cortexa53_0/libsrc/uartps_v3_14/src -s include  "SHELL=CMD" "COMPILER=aarch64-none-elf-gcc" "ASSEMBLER=aarch64-none
TRACE::2025-11-13.13:50:16::SCWMssOS::-elf-as" "ARCHIVER=aarch64-none-elf-ar" "COMPILER_FLAGS=  -O2 -c" "EXTRA_COMPILER_FLAGS=-g -Wall -Wextra -fno-tree-loop-distrib
TRACE::2025-11-13.13:50:16::SCWMssOS::ute-patterns"

TRACE::2025-11-13.13:50:16::SCWMssOS::"Running Make include in psu_cortexa53_0/libsrc/wdtps_v3_7/src"

TRACE::2025-11-13.13:50:16::SCWMssOS::make -C psu_cortexa53_0/libsrc/wdtps_v3_7/src -s include  "SHELL=CMD" "COMPILER=aarch64-none-elf-gcc" "ASSEMBLER=aarch64-none-e
TRACE::2025-11-13.13:50:16::SCWMssOS::lf-as" "ARCHIVER=aarch64-none-elf-ar" "COMPILER_FLAGS=  -O2 -c" "EXTRA_COMPILER_FLAGS=-g -Wall -Wextra -fno-tree-loop-distribut
TRACE::2025-11-13.13:50:16::SCWMssOS::e-patterns"

TRACE::2025-11-13.13:50:16::SCWMssOS::"Running Make include in psu_cortexa53_0/libsrc/xilffs_v5_2/src"

TRACE::2025-11-13.13:50:16::SCWMssOS::make -C psu_cortexa53_0/libsrc/xilffs_v5_2/src -s include  "SHELL=CMD" "COMPILER=aarch64-none-elf-gcc" "ASSEMBLER=aarch64-none-
TRACE::2025-11-13.13:50:16::SCWMssOS::elf-as" "ARCHIVER=aarch64-none-elf-ar" "COMPILER_FLAGS=  -O2 -c" "EXTRA_COMPILER_FLAGS=-g -Wall -Wextra -fno-tree-loop-distribu
TRACE::2025-11-13.13:50:16::SCWMssOS::te-patterns"

TRACE::2025-11-13.13:50:16::SCWMssOS::"Running Make include in psu_cortexa53_0/libsrc/zdma_v1_18/src"

TRACE::2025-11-13.13:50:16::SCWMssOS::make -C psu_cortexa53_0/libsrc/zdma_v1_18/src -s include  "SHELL=CMD" "COMPILER=aarch64-none-elf-gcc" "ASSEMBLER=aarch64-none-e
TRACE::2025-11-13.13:50:16::SCWMssOS::lf-as" "ARCHIVER=aarch64-none-elf-ar" "COMPILER_FLAGS=  -O2 -c" "EXTRA_COMPILER_FLAGS=-g -Wall -Wextra -fno-tree-loop-distribut
TRACE::2025-11-13.13:50:16::SCWMssOS::e-patterns"

TRACE::2025-11-13.13:50:16::SCWMssOS::"Running Make libs in psu_cortexa53_0/libsrc/axidma_v9_18/src"

TRACE::2025-11-13.13:50:16::SCWMssOS::make -C psu_cortexa53_0/libsrc/axidma_v9_18/src -s libs  "SHELL=CMD" "COMPILER=aarch64-none-elf-gcc" "ASSEMBLER=aarch64-none-el
TRACE::2025-11-13.13:50:16::SCWMssOS::f-as" "ARCHIVER=aarch64-none-elf-ar" "COMPILER_FLAGS=  -O2 -c" "EXTRA_COMPILER_FLAGS=-g -Wall -Wextra -fno-tree-loop-distribute
TRACE::2025-11-13.13:50:16::SCWMssOS::-patterns"

TRACE::2025-11-13.13:50:16::SCWMssOS::"Running Make libs in psu_cortexa53_0/libsrc/axipmon_v6_11/src"

TRACE::2025-11-13.13:50:16::SCWMssOS::make -C psu_cortexa53_0/libsrc/axipmon_v6_11/src -s libs  "SHELL=CMD" "COMPILER=aarch64-none-elf-gcc" "ASSEMBLER=aarch64-none-e
TRACE::2025-11-13.13:50:16::SCWMssOS::lf-as" "ARCHIVER=aarch64-none-elf-ar" "COMPILER_FLAGS=  -O2 -c" "EXTRA_COMPILER_FLAGS=-g -Wall -Wextra -fno-tree-loop-distribut
TRACE::2025-11-13.13:50:16::SCWMssOS::e-patterns"

TRACE::2025-11-13.13:50:16::SCWMssOS::"Running Make libs in psu_cortexa53_0/libsrc/clockps_v1_6/src"

TRACE::2025-11-13.13:50:16::SCWMssOS::make -C psu_cortexa53_0/libsrc/clockps_v1_6/src -s libs  "SHELL=CMD" "COMPILER=aarch64-none-elf-gcc" "ASSEMBLER=aarch64-none-el
TRACE::2025-11-13.13:50:16::SCWMssOS::f-as" "ARCHIVER=aarch64-none-elf-ar" "COMPILER_FLAGS=  -O2 -c" "EXTRA_COMPILER_FLAGS=-g -Wall -Wextra -fno-tree-loop-distribute
TRACE::2025-11-13.13:50:16::SCWMssOS::-patterns"

TRACE::2025-11-13.13:50:16::SCWMssOS::"Running Make libs in psu_cortexa53_0/libsrc/coresightps_dcc_v1_10/src"

TRACE::2025-11-13.13:50:16::SCWMssOS::make -C psu_cortexa53_0/libsrc/coresightps_dcc_v1_10/src -s libs  "SHELL=CMD" "COMPILER=aarch64-none-elf-gcc" "ASSEMBLER=aarch6
TRACE::2025-11-13.13:50:16::SCWMssOS::4-none-elf-as" "ARCHIVER=aarch64-none-elf-ar" "COMPILER_FLAGS=  -O2 -c" "EXTRA_COMPILER_FLAGS=-g -Wall -Wextra -fno-tree-loop-d
TRACE::2025-11-13.13:50:16::SCWMssOS::istribute-patterns"

TRACE::2025-11-13.13:50:16::SCWMssOS::"Running Make libs in psu_cortexa53_0/libsrc/cpu_cortexa53_v2_1/src"

TRACE::2025-11-13.13:50:16::SCWMssOS::make -C psu_cortexa53_0/libsrc/cpu_cortexa53_v2_1/src -s libs  "SHELL=CMD" "COMPILER=aarch64-none-elf-gcc" "ASSEMBLER=aarch64-n
TRACE::2025-11-13.13:50:16::SCWMssOS::one-elf-as" "ARCHIVER=aarch64-none-elf-ar" "COMPILER_FLAGS=  -O2 -c" "EXTRA_COMPILER_FLAGS=-g -Wall -Wextra -fno-tree-loop-dist
TRACE::2025-11-13.13:50:16::SCWMssOS::ribute-patterns"

TRACE::2025-11-13.13:50:16::SCWMssOS::"Running Make libs in psu_cortexa53_0/libsrc/csudma_v1_15/src"

TRACE::2025-11-13.13:50:16::SCWMssOS::make -C psu_cortexa53_0/libsrc/csudma_v1_15/src -s libs  "SHELL=CMD" "COMPILER=aarch64-none-elf-gcc" "ASSEMBLER=aarch64-none-el
TRACE::2025-11-13.13:50:16::SCWMssOS::f-as" "ARCHIVER=aarch64-none-elf-ar" "COMPILER_FLAGS=  -O2 -c" "EXTRA_COMPILER_FLAGS=-g -Wall -Wextra -fno-tree-loop-distribute
TRACE::2025-11-13.13:50:16::SCWMssOS::-patterns"

TRACE::2025-11-13.13:50:16::SCWMssOS::"Running Make libs in psu_cortexa53_0/libsrc/ddrcpsu_v1_6/src"

TRACE::2025-11-13.13:50:16::SCWMssOS::make -C psu_cortexa53_0/libsrc/ddrcpsu_v1_6/src -s libs  "SHELL=CMD" "COMPILER=aarch64-none-elf-gcc" "ASSEMBLER=aarch64-none-el
TRACE::2025-11-13.13:50:16::SCWMssOS::f-as" "ARCHIVER=aarch64-none-elf-ar" "COMPILER_FLAGS=  -O2 -c" "EXTRA_COMPILER_FLAGS=-g -Wall -Wextra -fno-tree-loop-distribute
TRACE::2025-11-13.13:50:16::SCWMssOS::-patterns"

TRACE::2025-11-13.13:50:16::SCWMssOS::"Running Make libs in psu_cortexa53_0/libsrc/gpiops_v3_13/src"

TRACE::2025-11-13.13:50:16::SCWMssOS::make -C psu_cortexa53_0/libsrc/gpiops_v3_13/src -s libs  "SHELL=CMD" "COMPILER=aarch64-none-elf-gcc" "ASSEMBLER=aarch64-none-el
TRACE::2025-11-13.13:50:16::SCWMssOS::f-as" "ARCHIVER=aarch64-none-elf-ar" "COMPILER_FLAGS=  -O2 -c" "EXTRA_COMPILER_FLAGS=-g -Wall -Wextra -fno-tree-loop-distribute
TRACE::2025-11-13.13:50:16::SCWMssOS::-patterns"

TRACE::2025-11-13.13:50:16::SCWMssOS::"Running Make libs in psu_cortexa53_0/libsrc/gpio_v4_11/src"

TRACE::2025-11-13.13:50:17::SCWMssOS::make -C psu_cortexa53_0/libsrc/gpio_v4_11/src -s libs  "SHELL=CMD" "COMPILER=aarch64-none-elf-gcc" "ASSEMBLER=aarch64-none-elf-
TRACE::2025-11-13.13:50:17::SCWMssOS::as" "ARCHIVER=aarch64-none-elf-ar" "COMPILER_FLAGS=  -O2 -c" "EXTRA_COMPILER_FLAGS=-g -Wall -Wextra -fno-tree-loop-distribute-p
TRACE::2025-11-13.13:50:17::SCWMssOS::atterns"

TRACE::2025-11-13.13:50:17::SCWMssOS::"Running Make libs in psu_cortexa53_0/libsrc/iicps_v3_19/src"

TRACE::2025-11-13.13:50:17::SCWMssOS::make -C psu_cortexa53_0/libsrc/iicps_v3_19/src -s libs  "SHELL=CMD" "COMPILER=aarch64-none-elf-gcc" "ASSEMBLER=aarch64-none-elf
TRACE::2025-11-13.13:50:17::SCWMssOS::-as" "ARCHIVER=aarch64-none-elf-ar" "COMPILER_FLAGS=  -O2 -c" "EXTRA_COMPILER_FLAGS=-g -Wall -Wextra -fno-tree-loop-distribute-
TRACE::2025-11-13.13:50:17::SCWMssOS::patterns"

TRACE::2025-11-13.13:50:17::SCWMssOS::"Running Make libs in psu_cortexa53_0/libsrc/ipipsu_v2_15/src"

TRACE::2025-11-13.13:50:17::SCWMssOS::make -C psu_cortexa53_0/libsrc/ipipsu_v2_15/src -s libs  "SHELL=CMD" "COMPILER=aarch64-none-elf-gcc" "ASSEMBLER=aarch64-none-el
TRACE::2025-11-13.13:50:17::SCWMssOS::f-as" "ARCHIVER=aarch64-none-elf-ar" "COMPILER_FLAGS=  -O2 -c" "EXTRA_COMPILER_FLAGS=-g -Wall -Wextra -fno-tree-loop-distribute
TRACE::2025-11-13.13:50:17::SCWMssOS::-patterns"

TRACE::2025-11-13.13:50:17::SCWMssOS::"Running Make libs in psu_cortexa53_0/libsrc/qspipsu_v1_19/src"

TRACE::2025-11-13.13:50:17::SCWMssOS::make -C psu_cortexa53_0/libsrc/qspipsu_v1_19/src -s libs  "SHELL=CMD" "COMPILER=aarch64-none-elf-gcc" "ASSEMBLER=aarch64-none-e
TRACE::2025-11-13.13:50:17::SCWMssOS::lf-as" "ARCHIVER=aarch64-none-elf-ar" "COMPILER_FLAGS=  -O2 -c" "EXTRA_COMPILER_FLAGS=-g -Wall -Wextra -fno-tree-loop-distribut
TRACE::2025-11-13.13:50:17::SCWMssOS::e-patterns"

TRACE::2025-11-13.13:50:17::SCWMssOS::"Running Make libs in psu_cortexa53_0/libsrc/resetps_v1_7/src"

TRACE::2025-11-13.13:50:17::SCWMssOS::make -C psu_cortexa53_0/libsrc/resetps_v1_7/src -s libs  "SHELL=CMD" "COMPILER=aarch64-none-elf-gcc" "ASSEMBLER=aarch64-none-el
TRACE::2025-11-13.13:50:17::SCWMssOS::f-as" "ARCHIVER=aarch64-none-elf-ar" "COMPILER_FLAGS=  -O2 -c" "EXTRA_COMPILER_FLAGS=-g -Wall -Wextra -fno-tree-loop-distribute
TRACE::2025-11-13.13:50:17::SCWMssOS::-patterns"

TRACE::2025-11-13.13:50:17::SCWMssOS::"Running Make libs in psu_cortexa53_0/libsrc/rtcpsu_v1_14/src"

TRACE::2025-11-13.13:50:17::SCWMssOS::make -C psu_cortexa53_0/libsrc/rtcpsu_v1_14/src -s libs  "SHELL=CMD" "COMPILER=aarch64-none-elf-gcc" "ASSEMBLER=aarch64-none-el
TRACE::2025-11-13.13:50:17::SCWMssOS::f-as" "ARCHIVER=aarch64-none-elf-ar" "COMPILER_FLAGS=  -O2 -c" "EXTRA_COMPILER_FLAGS=-g -Wall -Wextra -fno-tree-loop-distribute
TRACE::2025-11-13.13:50:17::SCWMssOS::-patterns"

TRACE::2025-11-13.13:50:17::SCWMssOS::"Running Make libs in psu_cortexa53_0/libsrc/scugic_v5_3/src"

TRACE::2025-11-13.13:50:17::SCWMssOS::make -C psu_cortexa53_0/libsrc/scugic_v5_3/src -s libs  "SHELL=CMD" "COMPILER=aarch64-none-elf-gcc" "ASSEMBLER=aarch64-none-elf
TRACE::2025-11-13.13:50:17::SCWMssOS::-as" "ARCHIVER=aarch64-none-elf-ar" "COMPILER_FLAGS=  -O2 -c" "EXTRA_COMPILER_FLAGS=-g -Wall -Wextra -fno-tree-loop-distribute-
TRACE::2025-11-13.13:50:17::SCWMssOS::patterns"

TRACE::2025-11-13.13:50:17::SCWMssOS::"Running Make libs in psu_cortexa53_0/libsrc/sdps_v4_3/src"

TRACE::2025-11-13.13:50:17::SCWMssOS::make -C psu_cortexa53_0/libsrc/sdps_v4_3/src -s libs  "SHELL=CMD" "COMPILER=aarch64-none-elf-gcc" "ASSEMBLER=aarch64-none-elf-a
TRACE::2025-11-13.13:50:17::SCWMssOS::s" "ARCHIVER=aarch64-none-elf-ar" "COMPILER_FLAGS=  -O2 -c" "EXTRA_COMPILER_FLAGS=-g -Wall -Wextra -fno-tree-loop-distribute-pa
TRACE::2025-11-13.13:50:17::SCWMssOS::tterns"

TRACE::2025-11-13.13:50:17::SCWMssOS::"Running Make libs in psu_cortexa53_0/libsrc/spips_v3_10/src"

TRACE::2025-11-13.13:50:17::SCWMssOS::make -C psu_cortexa53_0/libsrc/spips_v3_10/src -s libs  "SHELL=CMD" "COMPILER=aarch64-none-elf-gcc" "ASSEMBLER=aarch64-none-elf
TRACE::2025-11-13.13:50:17::SCWMssOS::-as" "ARCHIVER=aarch64-none-elf-ar" "COMPILER_FLAGS=  -O2 -c" "EXTRA_COMPILER_FLAGS=-g -Wall -Wextra -fno-tree-loop-distribute-
TRACE::2025-11-13.13:50:17::SCWMssOS::patterns"

TRACE::2025-11-13.13:50:17::SCWMssOS::"Running Make libs in psu_cortexa53_0/libsrc/standalone_v9_1/src"

TRACE::2025-11-13.13:50:18::SCWMssOS::make -C psu_cortexa53_0/libsrc/standalone_v9_1/src -s libs  "SHELL=CMD" "COMPILER=aarch64-none-elf-gcc" "ASSEMBLER=aarch64-none
TRACE::2025-11-13.13:50:18::SCWMssOS::-elf-as" "ARCHIVER=aarch64-none-elf-ar" "COMPILER_FLAGS=  -O2 -c" "EXTRA_COMPILER_FLAGS=-g -Wall -Wextra -fno-tree-loop-distrib
TRACE::2025-11-13.13:50:18::SCWMssOS::ute-patterns"

TRACE::2025-11-13.13:50:18::SCWMssOS::"Running Make libs in psu_cortexa53_0/libsrc/sysmonpsu_v2_10/src"

TRACE::2025-11-13.13:50:18::SCWMssOS::make -C psu_cortexa53_0/libsrc/sysmonpsu_v2_10/src -s libs  "SHELL=CMD" "COMPILER=aarch64-none-elf-gcc" "ASSEMBLER=aarch64-none
TRACE::2025-11-13.13:50:18::SCWMssOS::-elf-as" "ARCHIVER=aarch64-none-elf-ar" "COMPILER_FLAGS=  -O2 -c" "EXTRA_COMPILER_FLAGS=-g -Wall -Wextra -fno-tree-loop-distrib
TRACE::2025-11-13.13:50:18::SCWMssOS::ute-patterns"

TRACE::2025-11-13.13:50:18::SCWMssOS::"Running Make libs in psu_cortexa53_0/libsrc/ttcps_v3_19/src"

TRACE::2025-11-13.13:50:18::SCWMssOS::make -C psu_cortexa53_0/libsrc/ttcps_v3_19/src -s libs  "SHELL=CMD" "COMPILER=aarch64-none-elf-gcc" "ASSEMBLER=aarch64-none-elf
TRACE::2025-11-13.13:50:18::SCWMssOS::-as" "ARCHIVER=aarch64-none-elf-ar" "COMPILER_FLAGS=  -O2 -c" "EXTRA_COMPILER_FLAGS=-g -Wall -Wextra -fno-tree-loop-distribute-
TRACE::2025-11-13.13:50:18::SCWMssOS::patterns"

TRACE::2025-11-13.13:50:18::SCWMssOS::"Running Make libs in psu_cortexa53_0/libsrc/uartps_v3_14/src"

TRACE::2025-11-13.13:50:18::SCWMssOS::make -C psu_cortexa53_0/libsrc/uartps_v3_14/src -s libs  "SHELL=CMD" "COMPILER=aarch64-none-elf-gcc" "ASSEMBLER=aarch64-none-el
TRACE::2025-11-13.13:50:18::SCWMssOS::f-as" "ARCHIVER=aarch64-none-elf-ar" "COMPILER_FLAGS=  -O2 -c" "EXTRA_COMPILER_FLAGS=-g -Wall -Wextra -fno-tree-loop-distribute
TRACE::2025-11-13.13:50:18::SCWMssOS::-patterns"

TRACE::2025-11-13.13:50:18::SCWMssOS::"Running Make libs in psu_cortexa53_0/libsrc/wdtps_v3_7/src"

TRACE::2025-11-13.13:50:18::SCWMssOS::make -C psu_cortexa53_0/libsrc/wdtps_v3_7/src -s libs  "SHELL=CMD" "COMPILER=aarch64-none-elf-gcc" "ASSEMBLER=aarch64-none-elf-
TRACE::2025-11-13.13:50:18::SCWMssOS::as" "ARCHIVER=aarch64-none-elf-ar" "COMPILER_FLAGS=  -O2 -c" "EXTRA_COMPILER_FLAGS=-g -Wall -Wextra -fno-tree-loop-distribute-p
TRACE::2025-11-13.13:50:18::SCWMssOS::atterns"

TRACE::2025-11-13.13:50:18::SCWMssOS::"Running Make libs in psu_cortexa53_0/libsrc/xilffs_v5_2/src"

TRACE::2025-11-13.13:50:18::SCWMssOS::make -C psu_cortexa53_0/libsrc/xilffs_v5_2/src -s libs  "SHELL=CMD" "COMPILER=aarch64-none-elf-gcc" "ASSEMBLER=aarch64-none-elf
TRACE::2025-11-13.13:50:18::SCWMssOS::-as" "ARCHIVER=aarch64-none-elf-ar" "COMPILER_FLAGS=  -O2 -c" "EXTRA_COMPILER_FLAGS=-g -Wall -Wextra -fno-tree-loop-distribute-
TRACE::2025-11-13.13:50:18::SCWMssOS::patterns"

TRACE::2025-11-13.13:50:18::SCWMssOS::"Running Make libs in psu_cortexa53_0/libsrc/zdma_v1_18/src"

TRACE::2025-11-13.13:50:18::SCWMssOS::make -C psu_cortexa53_0/libsrc/zdma_v1_18/src -s libs  "SHELL=CMD" "COMPILER=aarch64-none-elf-gcc" "ASSEMBLER=aarch64-none-elf-
TRACE::2025-11-13.13:50:18::SCWMssOS::as" "ARCHIVER=aarch64-none-elf-ar" "COMPILER_FLAGS=  -O2 -c" "EXTRA_COMPILER_FLAGS=-g -Wall -Wextra -fno-tree-loop-distribute-p
TRACE::2025-11-13.13:50:18::SCWMssOS::atterns"

TRACE::2025-11-13.13:50:19::SCWMssOS::'Finished building libraries parallelly.'

TRACE::2025-11-13.13:50:19::SCWMssOS::make --no-print-directory archive

TRACE::2025-11-13.13:50:19::SCWMssOS::aarch64-none-elf-ar -r  psu_cortexa53_0/lib/libxil.a psu_cortexa53_0/lib/_exit.o psu_cortexa53_0/lib/_open.o psu_cortexa53_0/li
TRACE::2025-11-13.13:50:19::SCWMssOS::b/_sbrk.o psu_cortexa53_0/lib/abort.o psu_cortexa53_0/lib/asm_vectors.o psu_cortexa53_0/lib/boot.o psu_cortexa53_0/lib/close.o 
TRACE::2025-11-13.13:50:19::SCWMssOS::psu_cortexa53_0/lib/cpputest_time.o psu_cortexa53_0/lib/errno.o psu_cortexa53_0/lib/fcntl.o psu_cortexa53_0/lib/fstat.o psu_cor
TRACE::2025-11-13.13:50:19::SCWMssOS::texa53_0/lib/getentropy.o psu_cortexa53_0/lib/getpid.o psu_cortexa53_0/lib/inbyte.o psu_cortexa53_0/lib/initialise_monitor_hand
TRACE::2025-11-13.13:50:19::SCWMssOS::les.o psu_cortexa53_0/lib/isatty.o psu_cortexa53_0/lib/kill.o psu_cortexa53_0/lib/lseek.o psu_cortexa53_0/lib/open.o psu_cortex
TRACE::2025-11-13.13:50:19::SCWMssOS::a53_0/lib/outbyte.o psu_cortexa53_0/lib/print.o psu_cortexa53_0/lib/putnum.o psu_cortexa53_0/lib/read.o psu_cortexa53_0/lib/sbr
TRACE::2025-11-13.13:50:19::SCWMssOS::k.o psu_cortexa53_0/lib/sleep.o psu_cortexa53_0/lib/time.o psu_cortexa53_0/lib/translation_table.o psu_cortexa53_0/lib/unlink.o
TRACE::2025-11-13.13:50:19::SCWMssOS:: psu_cortexa53_0/lib/vectors.o psu_cortexa53_0/lib/write.o psu_cortexa53_0/lib/xaxidma.o psu_cortexa53_0/lib/xaxidma_bd.o psu_c
TRACE::2025-11-13.13:50:19::SCWMssOS::ortexa53_0/lib/xaxidma_bdring.o psu_cortexa53_0/lib/xaxidma_g.o psu_cortexa53_0/lib/xaxidma_selftest.o psu_cortexa53_0/lib/xaxi
TRACE::2025-11-13.13:50:19::SCWMssOS::dma_sinit.o psu_cortexa53_0/lib/xaxipmon.o psu_cortexa53_0/lib/xaxipmon_g.o psu_cortexa53_0/lib/xaxipmon_selftest.o psu_cortexa
TRACE::2025-11-13.13:50:19::SCWMssOS::53_0/lib/xaxipmon_sinit.o psu_cortexa53_0/lib/xclockps.o psu_cortexa53_0/lib/xclockps_divider.o psu_cortexa53_0/lib/xclockps_fi
TRACE::2025-11-13.13:50:19::SCWMssOS::xedfactor.o psu_cortexa53_0/lib/xclockps_g.o psu_cortexa53_0/lib/xclockps_gate.o psu_cortexa53_0/lib/xclockps_mux.o psu_cortexa
TRACE::2025-11-13.13:50:19::SCWMssOS::53_0/lib/xclockps_pll.o psu_cortexa53_0/lib/xclockps_sinit.o psu_cortexa53_0/lib/xcoresightpsdcc.o psu_cortexa53_0/lib/xcsudma.
TRACE::2025-11-13.13:50:19::SCWMssOS::o psu_cortexa53_0/lib/xcsudma_g.o psu_cortexa53_0/lib/xcsudma_intr.o psu_cortexa53_0/lib/xcsudma_selftest.o psu_cortexa53_0/lib
TRACE::2025-11-13.13:50:19::SCWMssOS::/xcsudma_sinit.o psu_cortexa53_0/lib/xddrcpsu.o psu_cortexa53_0/lib/xddrcpsu_sinit.o psu_cortexa53_0/lib/xgpio.o psu_cortexa53_
TRACE::2025-11-13.13:50:19::SCWMssOS::0/lib/xgpio_extra.o psu_cortexa53_0/lib/xgpio_g.o psu_cortexa53_0/lib/xgpio_intr.o psu_cortexa53_0/lib/xgpio_selftest.o psu_cor
TRACE::2025-11-13.13:50:19::SCWMssOS::texa53_0/lib/xgpio_sinit.o psu_cortexa53_0/lib/xgpiops.o psu_cortexa53_0/lib/xgpiops_g.o psu_cortexa53_0/lib/xgpiops_hw.o psu_c
TRACE::2025-11-13.13:50:19::SCWMssOS::ortexa53_0/lib/xgpiops_intr.o psu_cortexa53_0/lib/xgpiops_selftest.o psu_cortexa53_0/lib/xgpiops_sinit.o psu_cortexa53_0/lib/xi
TRACE::2025-11-13.13:50:19::SCWMssOS::icps.o psu_cortexa53_0/lib/xiicps_g.o psu_cortexa53_0/lib/xiicps_hw.o psu_cortexa53_0/lib/xiicps_intr.o psu_cortexa53_0/lib/xii
TRACE::2025-11-13.13:50:19::SCWMssOS::cps_master.o psu_cortexa53_0/lib/xiicps_options.o psu_cortexa53_0/lib/xiicps_selftest.o psu_cortexa53_0/lib/xiicps_sinit.o psu_
TRACE::2025-11-13.13:50:19::SCWMssOS::cortexa53_0/lib/xiicps_slave.o psu_cortexa53_0/lib/xiicps_xfer.o psu_cortexa53_0/lib/xil-crt0.o psu_cortexa53_0/lib/xil_assert.
TRACE::2025-11-13.13:50:19::SCWMssOS::o psu_cortexa53_0/lib/xil_cache.o psu_cortexa53_0/lib/xil_clocking.o psu_cortexa53_0/lib/xil_exception.o psu_cortexa53_0/lib/xi
TRACE::2025-11-13.13:50:19::SCWMssOS::l_mem.o psu_cortexa53_0/lib/xil_mmu.o psu_cortexa53_0/lib/xil_printf.o psu_cortexa53_0/lib/xil_sleepcommon.o psu_cortexa53_0/li
TRACE::2025-11-13.13:50:19::SCWMssOS::b/xil_sleeptimer.o psu_cortexa53_0/lib/xil_smc.o psu_cortexa53_0/lib/xil_spinlock.o psu_cortexa53_0/lib/xil_testcache.o psu_cor
TRACE::2025-11-13.13:50:19::SCWMssOS::texa53_0/lib/xil_testio.o psu_cortexa53_0/lib/xil_testmem.o psu_cortexa53_0/lib/xil_util.o psu_cortexa53_0/lib/xinterrupt_wrap.
TRACE::2025-11-13.13:50:19::SCWMssOS::o psu_cortexa53_0/lib/xipipsu.o psu_cortexa53_0/lib/xipipsu_buf.o psu_cortexa53_0/lib/xipipsu_g.o psu_cortexa53_0/lib/xipipsu_h
TRACE::2025-11-13.13:50:19::SCWMssOS::elper.o psu_cortexa53_0/lib/xipipsu_sinit.o psu_cortexa53_0/lib/xplatform_info.o psu_cortexa53_0/lib/xpm_counter.o psu_cortexa5
TRACE::2025-11-13.13:50:19::SCWMssOS::3_0/lib/xpm_init.o psu_cortexa53_0/lib/xqspipsu.o psu_cortexa53_0/lib/xqspipsu_control.o psu_cortexa53_0/lib/xqspipsu_g.o psu_c
TRACE::2025-11-13.13:50:19::SCWMssOS::ortexa53_0/lib/xqspipsu_hw.o psu_cortexa53_0/lib/xqspipsu_options.o psu_cortexa53_0/lib/xqspipsu_sinit.o psu_cortexa53_0/lib/xq
TRACE::2025-11-13.13:50:19::SCWMssOS::spipsu_xfer.o psu_cortexa53_0/lib/xresetps.o psu_cortexa53_0/lib/xresetps_g.o psu_cortexa53_0/lib/xresetps_sinit.o psu_cortexa5
TRACE::2025-11-13.13:50:19::SCWMssOS::3_0/lib/xrtcpsu.o psu_cortexa53_0/lib/xrtcpsu_g.o psu_cortexa53_0/lib/xrtcpsu_intr.o psu_cortexa53_0/lib/xrtcpsu_selftest.o psu
TRACE::2025-11-13.13:50:19::SCWMssOS::_cortexa53_0/lib/xrtcpsu_sinit.o psu_cortexa53_0/lib/xscugic.o psu_cortexa53_0/lib/xscugic_g.o psu_cortexa53_0/lib/xscugic_hw.o
TRACE::2025-11-13.13:50:19::SCWMssOS:: psu_cortexa53_0/lib/xscugic_intr.o psu_cortexa53_0/lib/xscugic_selftest.o psu_cortexa53_0/lib/xscugic_sinit.o psu_cortexa53_0/
TRACE::2025-11-13.13:50:19::SCWMssOS::lib/xsdps.o psu_cortexa53_0/lib/xsdps_card.o psu_cortexa53_0/lib/xsdps_g.o psu_cortexa53_0/lib/xsdps_host.o psu_cortexa53_0/lib
TRACE::2025-11-13.13:50:19::SCWMssOS::/xsdps_options.o psu_cortexa53_0/lib/xsdps_sinit.o psu_cortexa53_0/lib/xspips.o psu_cortexa53_0/lib/xspips_g.o psu_cortexa53_0/
TRACE::2025-11-13.13:50:19::SCWMssOS::lib/xspips_hw.o psu_cortexa53_0/lib/xspips_options.o psu_cortexa53_0/lib/xspips_selftest.o psu_cortexa53_0/lib/xspips_sinit.o p
TRACE::2025-11-13.13:50:19::SCWMssOS::su_cortexa53_0/lib/xsysmonpsu.o psu_cortexa53_0/lib/xsysmonpsu_g.o psu_cortexa53_0/lib/xsysmonpsu_intr.o psu_cortexa53_0/lib/xs
TRACE::2025-11-13.13:50:19::SCWMssOS::ysmonpsu_selftest.o psu_cortexa53_0/lib/xsysmonpsu_sinit.o psu_cortexa53_0/lib/xtime_l.o psu_cortexa53_0/lib/xttcps.o psu_corte
TRACE::2025-11-13.13:50:19::SCWMssOS::xa53_0/lib/xttcps_g.o psu_cortexa53_0/lib/xttcps_options.o psu_cortexa53_0/lib/xttcps_selftest.o psu_cortexa53_0/lib/xttcps_sin
TRACE::2025-11-13.13:50:19::SCWMssOS::it.o psu_cortexa53_0/lib/xuartps.o psu_cortexa53_0/lib/xuartps_g.o psu_cortexa53_0/lib/xuartps_hw.o psu_cortexa53_0/lib/xuartps
TRACE::2025-11-13.13:50:19::SCWMssOS::_intr.o psu_cortexa53_0/lib/xuartps_options.o psu_cortexa53_0/lib/xuartps_selftest.o psu_cortexa53_0/lib/xuartps_sinit.o psu_co
TRACE::2025-11-13.13:50:19::SCWMssOS::rtexa53_0/lib/xwdtps.o psu_cortexa53_0/lib/xwdtps_g.o psu_cortexa53_0/lib/xwdtps_selftest.o psu_cortexa53_0/lib/xwdtps_sinit.o 
TRACE::2025-11-13.13:50:19::SCWMssOS::psu_cortexa53_0/lib/xzdma.o psu_cortexa53_0/lib/xzdma_g.o psu_cortexa53_0/lib/xzdma_intr.o psu_cortexa53_0/lib/xzdma_selftest.o
TRACE::2025-11-13.13:50:19::SCWMssOS:: psu_cortexa53_0/lib/xzdma_sinit.o

TRACE::2025-11-13.13:50:19::SCWMssOS::'Finished building libraries'

TRACE::2025-11-13.13:50:19::SCWMssOS::Copying to export directory.
TRACE::2025-11-13.13:50:20::SCWMssOS:: Checking if to create the Supporting Applications
TRACE::2025-11-13.13:50:20::SCWMssOS:: No Linux domain exists, trying to generate FSBL 
LOG::2025-11-13.13:50:20::SCWSystem::Completed Processing the domain standalone_domain
LOG::2025-11-13.13:50:20::SCWSystem::Completed Processing the sysconfig project_plat
LOG::2025-11-13.13:50:20::SCWPlatform::Completed generating the artifacts for system configuration project_plat
TRACE::2025-11-13.13:50:20::SCWPlatform::Started preparing the platform 
TRACE::2025-11-13.13:50:20::SCWSystem::Writing the bif file for system config project_plat
TRACE::2025-11-13.13:50:20::SCWSystem::dir created 
TRACE::2025-11-13.13:50:20::SCWSystem::Writing the bif 
TRACE::2025-11-13.13:50:20::SCWPlatform::Started writing the spfm file 
TRACE::2025-11-13.13:50:20::SCWPlatform::Started writing the xpfm file 
TRACE::2025-11-13.13:50:20::SCWPlatform::Completed generating the platform
TRACE::2025-11-13.13:50:20::SCWMssOS::Saving the mss changes C:/unswworks/workspace/project_plat/zynqmp_fsbl/zynqmp_fsbl_bsp/system.mss
TRACE::2025-11-13.13:50:20::SCWMssOS::Found a swdesign opened with the mssfile.
TRACE::2025-11-13.13:50:20::SCWMssOS::Completed writemss as part of save.
TRACE::2025-11-13.13:50:20::SCWMssOS::Commit changes completed.
TRACE::2025-11-13.13:50:20::SCWMssOS::Saving the mss changes C:/unswworks/workspace/project_plat/zynqmp_pmufw/zynqmp_pmufw_bsp/system.mss
TRACE::2025-11-13.13:50:20::SCWMssOS::Found a swdesign opened with the mssfile.
TRACE::2025-11-13.13:50:20::SCWMssOS::Completed writemss as part of save.
TRACE::2025-11-13.13:50:20::SCWMssOS::Commit changes completed.
TRACE::2025-11-13.13:50:20::SCWMssOS::Saving the mss changes C:/unswworks/workspace/project_plat/psu_cortexa53_0/standalone_domain/bsp/system.mss
TRACE::2025-11-13.13:50:20::SCWMssOS::Found a swdesign opened with the mssfile.
TRACE::2025-11-13.13:50:20::SCWMssOS::Completed writemss as part of save.
TRACE::2025-11-13.13:50:20::SCWMssOS::Commit changes completed.
TRACE::2025-11-13.13:50:20::SCWPlatform::Trying to open the hw design at C:/unswworks/workspace/project_plat/hw/v2.0.xsa
TRACE::2025-11-13.13:50:20::SCWPlatform::DSA given C:/unswworks/workspace/project_plat/hw/v2.0.xsa
TRACE::2025-11-13.13:50:20::SCWPlatform::DSA absoulate path C:/unswworks/workspace/project_plat/hw/v2.0.xsa
TRACE::2025-11-13.13:50:20::SCWPlatform::DSA directory C:/unswworks/workspace/project_plat/hw
TRACE::2025-11-13.13:50:20::SCWPlatform:: Platform Path C:/unswworks/workspace/project_plat/hw/v2.0.xsa
TRACE::2025-11-13.13:50:20::SCWPlatform:: Unique name xilinx:kv260_som::0.0
TRACE::2025-11-13.13:50:20::SCWPlatform::Trying to set the existing hwdb with name design_1_wrapper_1
TRACE::2025-11-13.13:50:20::SCWPlatform::Opened existing hwdb design_1_wrapper_1
TRACE::2025-11-13.13:50:20::SCWPlatform::Found the Hw Db part of the input DSA
TRACE::2025-11-13.13:50:20::SCWMssOS::Checking the sw design at  C:/unswworks/workspace/project_plat/zynqmp_fsbl/zynqmp_fsbl_bsp/system.mss
TRACE::2025-11-13.13:50:20::SCWMssOS::DEBUG:  swdes dump  C:/unswworks/workspace/147/zynqmp_fsbl/zynqmp_fsbl_bsp/system.mss|system_2||
C:/unswworks/workspace/147/zynqmp_pmufw/zynqmp_pmufw_bsp/system.mss|system_3||
C:/unswworks/workspace/project_plat/psu_cortexa53_0/standalone_domain/bsp/system.mss|system_4||
C:/unswworks/workspace/project_plat/zynqmp_fsbl/zynqmp_fsbl_bsp/system.mss|system||
C:/unswworks/workspace/project_plat/zynqmp_pmufw/zynqmp_pmufw_bsp/system.mss|system_0||

TRACE::2025-11-13.13:50:20::SCWMssOS::Sw design exists and opened at  C:/unswworks/workspace/project_plat/zynqmp_fsbl/zynqmp_fsbl_bsp/system.mss
TRACE::2025-11-13.13:50:20::SCWPlatform::Trying to open the hw design at C:/unswworks/workspace/project_plat/hw/v2.0.xsa
TRACE::2025-11-13.13:50:20::SCWPlatform::DSA given C:/unswworks/workspace/project_plat/hw/v2.0.xsa
TRACE::2025-11-13.13:50:20::SCWPlatform::DSA absoulate path C:/unswworks/workspace/project_plat/hw/v2.0.xsa
TRACE::2025-11-13.13:50:20::SCWPlatform::DSA directory C:/unswworks/workspace/project_plat/hw
TRACE::2025-11-13.13:50:20::SCWPlatform:: Platform Path C:/unswworks/workspace/project_plat/hw/v2.0.xsa
TRACE::2025-11-13.13:50:20::SCWPlatform:: Unique name xilinx:kv260_som::0.0
TRACE::2025-11-13.13:50:20::SCWPlatform::Trying to set the existing hwdb with name design_1_wrapper_1
TRACE::2025-11-13.13:50:20::SCWPlatform::Opened existing hwdb design_1_wrapper_1
TRACE::2025-11-13.13:50:20::SCWPlatform::Found the Hw Db part of the input DSA
TRACE::2025-11-13.13:50:20::SCWMssOS::Checking the sw design at  C:/unswworks/workspace/project_plat/zynqmp_pmufw/zynqmp_pmufw_bsp/system.mss
TRACE::2025-11-13.13:50:20::SCWMssOS::DEBUG:  swdes dump  C:/unswworks/workspace/147/zynqmp_fsbl/zynqmp_fsbl_bsp/system.mss|system_2||
C:/unswworks/workspace/147/zynqmp_pmufw/zynqmp_pmufw_bsp/system.mss|system_3||
C:/unswworks/workspace/project_plat/psu_cortexa53_0/standalone_domain/bsp/system.mss|system_4||
C:/unswworks/workspace/project_plat/zynqmp_fsbl/zynqmp_fsbl_bsp/system.mss|system||
C:/unswworks/workspace/project_plat/zynqmp_pmufw/zynqmp_pmufw_bsp/system.mss|system_0||

TRACE::2025-11-13.13:50:20::SCWMssOS::Sw design exists and opened at  C:/unswworks/workspace/project_plat/zynqmp_pmufw/zynqmp_pmufw_bsp/system.mss
TRACE::2025-11-13.13:50:20::SCWPlatform::Trying to open the hw design at C:/unswworks/workspace/project_plat/hw/v2.0.xsa
TRACE::2025-11-13.13:50:20::SCWPlatform::DSA given C:/unswworks/workspace/project_plat/hw/v2.0.xsa
TRACE::2025-11-13.13:50:20::SCWPlatform::DSA absoulate path C:/unswworks/workspace/project_plat/hw/v2.0.xsa
TRACE::2025-11-13.13:50:20::SCWPlatform::DSA directory C:/unswworks/workspace/project_plat/hw
TRACE::2025-11-13.13:50:20::SCWPlatform:: Platform Path C:/unswworks/workspace/project_plat/hw/v2.0.xsa
TRACE::2025-11-13.13:50:20::SCWPlatform:: Unique name xilinx:kv260_som::0.0
TRACE::2025-11-13.13:50:20::SCWPlatform::Trying to set the existing hwdb with name design_1_wrapper_1
TRACE::2025-11-13.13:50:20::SCWPlatform::Opened existing hwdb design_1_wrapper_1
TRACE::2025-11-13.13:50:20::SCWPlatform::Found the Hw Db part of the input DSA
TRACE::2025-11-13.13:50:20::SCWMssOS::Checking the sw design at  C:/unswworks/workspace/project_plat/psu_cortexa53_0/standalone_domain/bsp/system.mss
TRACE::2025-11-13.13:50:20::SCWMssOS::DEBUG:  swdes dump  C:/unswworks/workspace/147/zynqmp_fsbl/zynqmp_fsbl_bsp/system.mss|system_2||
C:/unswworks/workspace/147/zynqmp_pmufw/zynqmp_pmufw_bsp/system.mss|system_3||
C:/unswworks/workspace/project_plat/psu_cortexa53_0/standalone_domain/bsp/system.mss|system_4||
C:/unswworks/workspace/project_plat/zynqmp_fsbl/zynqmp_fsbl_bsp/system.mss|system||
C:/unswworks/workspace/project_plat/zynqmp_pmufw/zynqmp_pmufw_bsp/system.mss|system_0||

TRACE::2025-11-13.13:50:20::SCWMssOS::Sw design exists and opened at  C:/unswworks/workspace/project_plat/psu_cortexa53_0/standalone_domain/bsp/system.mss
TRACE::2025-11-13.13:50:20::SCWWriter::formatted JSON is {
	"platformName":	"project_plat",
	"sprVersion":	"2.0",
	"mode":	"gui",
	"dsaType":	"Fixed",
	"platformDesc":	"project_plat",
	"platHandOff":	"C:/unswworks/COMP3601/COMP3601_Project_Audio_tuner/v2.0.xsa",
	"platIntHandOff":	"<platformDir>/hw/v2.0.xsa",
	"deviceType":	"zynqMP",
	"platIsPrebuiltAutogen":	"false",
	"platIsNoBootBsp":	"false",
	"platFsblTarget":	"psu_cortexa53_0",
	"hasFsblMakeHasChanges":	"false",
	"hasPmufwMakeHasChanges":	"false",
	"fsblExtraCompilerFlags":	"-MMD -MP      -Wall -fmessage-length=0 -DARMA53_64 -Os -flto -ffat-lto-objects  ",
	"pmufwExtraCompilerFlags":	"-MMD -MP      -mlittle-endian -mxl-barrel-shift -mxl-pattern-compare -mcpu=v9.2 -mxl-soft-mul -Os -flto -ffat-lto-objects  ",
	"platPreBuiltFlag":	false,
	"platformSamplesDir":	"",
	"platActiveSys":	"project_plat",
	"systems":	[{
			"systemName":	"project_plat",
			"systemDesc":	"project_plat",
			"sysIsBootAutoGen":	"true",
			"systemDispName":	"project_plat",
			"sysActiveDom":	"standalone_domain",
			"sysDefaultDom":	"standalone_domain",
			"domains":	[{
					"domainName":	"zynqmp_fsbl",
					"domainDispName":	"zynqmp_fsbl",
					"domainDesc":	"FSBL Application BSP - Auto Generated.",
					"processors":	"psu_cortexa53_0",
					"os":	"standalone",
					"sdxOs":	"standalone",
					"debugEnable":	"",
					"domRuntimes":	["cpp"],
					"swRepo":	"",
					"mssOsVer":	"9.1",
					"mssFile":	"",
					"md5Digest":	"c840dc5ca3c31eaf7e04acf9165c0038",
					"compatibleApp":	"zynqmp_fsbl",
					"domType":	"bootDomain",
					"arch":	"64-bit",
					"appSettings":	{
						"appCompilerFlags":	"",
						"appLinkerFlags":	""
					},
					"addedLibs":	["xilffs:5.2", "xilsecure:5.3", "xilpm:5.2"],
					"libOptions":	{
						"standalone":	{
							"zynqmp_fsbl_bsp":	"true",
							"libOptionNames":	["zynqmp_fsbl_bsp"]
						},
						"xilffs":	{
							"read_only":	"true",
							"use_mkfs":	"false",
							"libOptionNames":	["read_only", "use_mkfs"]
						},
						"xilsecure":	{
							"tpm_support":	"true",
							"libOptionNames":	["tpm_support"]
						},
						"libsContainingOptions":	["standalone", "xilffs", "xilsecure"]
					},
					"prebuiltLibs":	{
						"prebuiltIncPath":	[],
						"prebuiltLibPath":	[]
					},
					"isolation":	{
					}
				}, {
					"domainName":	"zynqmp_pmufw",
					"domainDispName":	"zynqmp_pmufw",
					"domainDesc":	"PMUFW Application BSP - Auto Generated.",
					"processors":	"psu_pmu_0",
					"os":	"standalone",
					"sdxOs":	"standalone",
					"debugEnable":	"",
					"domRuntimes":	["cpp"],
					"swRepo":	"",
					"mssOsVer":	"9.1",
					"mssFile":	"",
					"md5Digest":	"44b175d2d7d102d21d15df130611c3a1",
					"compatibleApp":	"zynqmp_pmufw",
					"domType":	"bootDomain",
					"arch":	"32-bit",
					"appSettings":	{
						"appCompilerFlags":	"",
						"appLinkerFlags":	""
					},
					"addedLibs":	["xilfpga:6.6", "xilsecure:5.3", "xilskey:7.6"],
					"libOptions":	{
						"psu_pmu_0":	{
							"extra_compiler_flags":	"-g -ffunction-sections -fdata-sections -Wall -Wextra -fno-tree-loop-distribute-patterns  -Os -flto -ffat-lto-objects",
							"libOptionNames":	["extra_compiler_flags"]
						},
						"libsContainingOptions":	["psu_pmu_0"]
					},
					"prebuiltLibs":	{
						"prebuiltIncPath":	[],
						"prebuiltLibPath":	[]
					},
					"isolation":	{
					}
				}, {
					"domainName":	"standalone_domain",
					"domainDispName":	"standalone on psu_cortexa53_0",
					"domainDesc":	"standalone_domain",
					"processors":	"psu_cortexa53_0",
					"os":	"standalone",
					"sdxOs":	"standalone",
					"qemuArgs":	"<platformDir>/resources/project_plat/standalone_domain/qemu_args.txt",
					"qemuData":	"<platformDir>/resources/project_plat/standalone_domain/qemu",
					"pmuQemuArgs":	"<platformDir>/resources/project_plat/standalone_domain/pmu_args.txt",
					"debugEnable":	"False",
					"domRuntimes":	["cpp"],
					"swRepo":	"",
					"mssOsVer":	"9.1",
					"mssFile":	"",
					"md5Digest":	"68ee78d4060bce63b8c9c14134947ef2",
					"compatibleApp":	"",
					"domType":	"mssDomain",
					"arch":	"64-bit",
					"appSettings":	{
						"appCompilerFlags":	"",
						"appLinkerFlags":	""
					},
					"addedLibs":	["xilffs:5.2"],
					"libOptions":	{
						"libsContainingOptions":	[]
					},
					"prebuiltLibs":	{
						"prebuiltIncPath":	[],
						"prebuiltLibPath":	[]
					},
					"isolation":	{
					}
				}]
		}]
}
KEYINFO::2025-11-13.13:50:20::SCWPlatform::updated the xpfm file.
TRACE::2025-11-13.13:50:20::SCWPlatform::Trying to open the hw design at C:/unswworks/workspace/project_plat/hw/v2.0.xsa
TRACE::2025-11-13.13:50:20::SCWPlatform::DSA given C:/unswworks/workspace/project_plat/hw/v2.0.xsa
TRACE::2025-11-13.13:50:20::SCWPlatform::DSA absoulate path C:/unswworks/workspace/project_plat/hw/v2.0.xsa
TRACE::2025-11-13.13:50:20::SCWPlatform::DSA directory C:/unswworks/workspace/project_plat/hw
TRACE::2025-11-13.13:50:20::SCWPlatform:: Platform Path C:/unswworks/workspace/project_plat/hw/v2.0.xsa
TRACE::2025-11-13.13:50:20::SCWPlatform:: Unique name xilinx:kv260_som::0.0
TRACE::2025-11-13.13:50:20::SCWPlatform::Trying to set the existing hwdb with name design_1_wrapper_1
TRACE::2025-11-13.13:50:20::SCWPlatform::Opened existing hwdb design_1_wrapper_1
TRACE::2025-11-13.13:50:20::SCWPlatform::Found the Hw Db part of the input DSA
TRACE::2025-11-13.13:50:20::SCWMssOS::Checking the sw design at  C:/unswworks/workspace/project_plat/psu_cortexa53_0/standalone_domain/bsp/system.mss
TRACE::2025-11-13.13:50:20::SCWMssOS::DEBUG:  swdes dump  C:/unswworks/workspace/147/zynqmp_fsbl/zynqmp_fsbl_bsp/system.mss|system_2||
C:/unswworks/workspace/147/zynqmp_pmufw/zynqmp_pmufw_bsp/system.mss|system_3||
C:/unswworks/workspace/project_plat/psu_cortexa53_0/standalone_domain/bsp/system.mss|system_4||
C:/unswworks/workspace/project_plat/zynqmp_fsbl/zynqmp_fsbl_bsp/system.mss|system||
C:/unswworks/workspace/project_plat/zynqmp_pmufw/zynqmp_pmufw_bsp/system.mss|system_0||

TRACE::2025-11-13.13:50:20::SCWMssOS::Sw design exists and opened at  C:/unswworks/workspace/project_plat/psu_cortexa53_0/standalone_domain/bsp/system.mss
