Copyright 1986-2022 Xilinx, Inc. All Rights Reserved. Copyright 2022-2024 Advanced Micro Devices, Inc. All Rights Reserved.
--------------------------------------------------------------------------------------------------------------------------------------------------------------------------------------------------------------------------------------------------
| Tool Version      : Vivado v.2024.1 (lin64) Build 5076996 Wed May 22 18:36:09 MDT 2024
| Date              : Mon Nov 10 19:09:13 2025
| Host              : fpga.balthazar running 64-bit unknown
| Command           : report_timing_summary -max_paths 10 -report_unconstrained -file design_1_wrapper_timing_summary_routed.rpt -pb design_1_wrapper_timing_summary_routed.pb -rpx design_1_wrapper_timing_summary_routed.rpx -warn_on_violation
| Design            : design_1_wrapper
| Device            : xck26-sfvc784
| Speed File        : -2LV  PRODUCTION 1.30 05-15-2022
| Design State      : Routed
| Temperature Grade : C
--------------------------------------------------------------------------------------------------------------------------------------------------------------------------------------------------------------------------------------------------

Timing Summary Report

------------------------------------------------------------------------------------------------
| Timer Settings
| --------------
------------------------------------------------------------------------------------------------

  Enable Multi Corner Analysis               :  Yes
  Enable Pessimism Removal                   :  Yes
  Pessimism Removal Resolution               :  Nearest Common Node
  Enable Input Delay Default Clock           :  No
  Enable Preset / Clear Arcs                 :  No
  Disable Flight Delays                      :  No
  Ignore I/O Paths                           :  No
  Timing Early Launch at Borrowing Latches   :  No
  Borrow Time for Max Delay Exceptions       :  Yes
  Merge Timing Exceptions                    :  Yes
  Inter-SLR Compensation                     :  Conservative

  Corner  Analyze    Analyze    
  Name    Max Paths  Min Paths  
  ------  ---------  ---------  
  Slow    Yes        Yes        
  Fast    Yes        Yes        


------------------------------------------------------------------------------------------------
| Report Methodology
| ------------------
------------------------------------------------------------------------------------------------

Rule       Severity          Description                    Violations  
---------  ----------------  -----------------------------  ----------  
TIMING-17  Critical Warning  Non-clocked sequential cell    84          
LUTAR-1    Warning           LUT drives async reset alert   3           
TIMING-18  Warning           Missing input or output delay  3           

Note: This report is based on the most recent report_methodology run and may not be up-to-date. Run report_methodology on the current design for the latest report.



check_timing report

Table of Contents
-----------------
1. checking no_clock (84)
2. checking constant_clock (0)
3. checking pulse_width_clock (0)
4. checking unconstrained_internal_endpoints (152)
5. checking no_input_delay (2)
6. checking no_output_delay (3)
7. checking multiple_clock (0)
8. checking generated_clocks (0)
9. checking loops (0)
10. checking partial_input_delay (0)
11. checking partial_output_delay (0)
12. checking latch_loops (0)

1. checking no_clock (84)
-------------------------
 There are 84 register/latch pins with no clock driven by root clock pin: design_1_i/audio_pipeline_0/inst/inst_i2s_master/bclk_reg/Q (HIGH)


2. checking constant_clock (0)
------------------------------
 There are 0 register/latch pins with constant_clock.


3. checking pulse_width_clock (0)
---------------------------------
 There are 0 register/latch pins which need pulse_width check


4. checking unconstrained_internal_endpoints (152)
--------------------------------------------------
 There are 152 pins that are not constrained for maximum delay. (HIGH)

 There are 0 pins that are not constrained for maximum delay due to constant clock.


5. checking no_input_delay (2)
------------------------------
 There are 2 input ports with no input delay specified. (HIGH)

 There are 0 input ports with no input delay but user has a false path constraint.


6. checking no_output_delay (3)
-------------------------------
 There are 3 ports with no output delay specified. (HIGH)

 There are 0 ports with no output delay but user has a false path constraint

 There are 0 ports with no output delay but with a timing clock defined on it or propagating through it


7. checking multiple_clock (0)
------------------------------
 There are 0 register/latch pins with multiple clocks.


8. checking generated_clocks (0)
--------------------------------
 There are 0 generated clocks that are not connected to a clock source.


9. checking loops (0)
---------------------
 There are 0 combinational loops in the design.


10. checking partial_input_delay (0)
------------------------------------
 There are 0 input ports with partial input delay specified.


11. checking partial_output_delay (0)
-------------------------------------
 There are 0 ports with partial output delay specified.


12. checking latch_loops (0)
----------------------------
 There are 0 combinational latch loops in the design through latch input



------------------------------------------------------------------------------------------------
| Design Timing Summary
| ---------------------
------------------------------------------------------------------------------------------------

    WNS(ns)      TNS(ns)  TNS Failing Endpoints  TNS Total Endpoints      WHS(ns)      THS(ns)  THS Failing Endpoints  THS Total Endpoints     WPWS(ns)     TPWS(ns)  TPWS Failing Endpoints  TPWS Total Endpoints  
    -------      -------  ---------------------  -------------------      -------      -------  ---------------------  -------------------     --------     --------  ----------------------  --------------------  
      5.309        0.000                      0                24253        0.018        0.000                      0                24253        3.500        0.000                       0                  5771  


All user specified timing constraints are met.


------------------------------------------------------------------------------------------------
| Clock Summary
| -------------
------------------------------------------------------------------------------------------------

Clock     Waveform(ns)       Period(ns)      Frequency(MHz)
-----     ------------       ----------      --------------
clk_pl_0  {0.000 5.000}      10.000          100.000         
clk_pl_1  {0.000 5.000}      10.000          100.000         


------------------------------------------------------------------------------------------------
| Intra Clock Table
| -----------------
------------------------------------------------------------------------------------------------

Clock             WNS(ns)      TNS(ns)  TNS Failing Endpoints  TNS Total Endpoints      WHS(ns)      THS(ns)  THS Failing Endpoints  THS Total Endpoints     WPWS(ns)     TPWS(ns)  TPWS Failing Endpoints  TPWS Total Endpoints  
-----             -------      -------  ---------------------  -------------------      -------      -------  ---------------------  -------------------     --------     --------  ----------------------  --------------------  
clk_pl_0            5.309        0.000                      0                24125        0.018        0.000                      0                24125        3.500        0.000                       0                  5771  


------------------------------------------------------------------------------------------------
| Inter Clock Table
| -----------------
------------------------------------------------------------------------------------------------

From Clock    To Clock          WNS(ns)      TNS(ns)  TNS Failing Endpoints  TNS Total Endpoints      WHS(ns)      THS(ns)  THS Failing Endpoints  THS Total Endpoints  
----------    --------          -------      -------  ---------------------  -------------------      -------      -------  ---------------------  -------------------  


------------------------------------------------------------------------------------------------
| Other Path Groups Table
| -----------------------
------------------------------------------------------------------------------------------------

Path Group         From Clock         To Clock               WNS(ns)      TNS(ns)  TNS Failing Endpoints  TNS Total Endpoints      WHS(ns)      THS(ns)  THS Failing Endpoints  THS Total Endpoints  
----------         ----------         --------               -------      -------  ---------------------  -------------------      -------      -------  ---------------------  -------------------  
**async_default**  clk_pl_0           clk_pl_0                 7.183        0.000                      0                  128        0.216        0.000                      0                  128  


------------------------------------------------------------------------------------------------
| User Ignored Path Table
| -----------------------
------------------------------------------------------------------------------------------------

Path Group    From Clock    To Clock    
----------    ----------    --------    
(none)                      clk_pl_0      
(none)        clk_pl_0      clk_pl_0      


------------------------------------------------------------------------------------------------
| Unconstrained Path Table
| ------------------------
------------------------------------------------------------------------------------------------

Path Group    From Clock    To Clock    
----------    ----------    --------    
(none)                                    
(none)        clk_pl_0                    
(none)                      clk_pl_0      


------------------------------------------------------------------------------------------------
| Timing Details
| --------------
------------------------------------------------------------------------------------------------


---------------------------------------------------------------------------------------------------
From Clock:  clk_pl_0
  To Clock:  clk_pl_0

Setup :            0  Failing Endpoints,  Worst Slack        5.309ns,  Total Violation        0.000ns
Hold  :            0  Failing Endpoints,  Worst Slack        0.018ns,  Total Violation        0.000ns
PW    :            0  Failing Endpoints,  Worst Slack        3.500ns,  Total Violation        0.000ns
---------------------------------------------------------------------------------------------------


Max Delay Paths
--------------------------------------------------------------------------------------
Slack (MET) :             5.309ns  (required time - arrival time)
  Source:                 design_1_i/audio_pipeline_0/inst/inst_fifo/rdp_reg[0]/C
                            (rising edge-triggered cell FDRE clocked by clk_pl_0  {rise@0.000ns fall@5.000ns period=10.000ns})
  Destination:            design_1_i/axi_dma_0/U0/I_PRMRY_DATAMOVER/GEN_S2MM_FULL.I_S2MM_FULL_WRAPPER/ENABLE_AXIS_SKID.I_S2MM_STRM_SKID_BUF/sig_data_skid_reg_reg[8]/D
                            (rising edge-triggered cell FDRE clocked by clk_pl_0  {rise@0.000ns fall@5.000ns period=10.000ns})
  Path Group:             clk_pl_0
  Path Type:              Setup (Max at Slow Process Corner)
  Requirement:            10.000ns  (clk_pl_0 rise@10.000ns - clk_pl_0 rise@0.000ns)
  Data Path Delay:        4.475ns  (logic 0.971ns (21.698%)  route 3.504ns (78.302%))
  Logic Levels:           6  (LUT1=1 LUT6=2 MUXF7=1 MUXF8=1 RAMD64E=1)
  Clock Path Skew:        -0.130ns (DCD - SCD + CPR)
    Destination Clock Delay (DCD):    2.528ns = ( 12.528 - 10.000 ) 
    Source Clock Delay      (SCD):    2.819ns
    Clock Pessimism Removal (CPR):    0.161ns
  Clock Uncertainty:      0.130ns  ((TSJ^2 + DJ^2)^1/2) / 2 + PE
    Total System Jitter     (TSJ):    0.071ns
    Discrete Jitter          (DJ):    0.250ns
    Phase Error              (PE):    0.000ns
  Clock Net Delay (Source):      2.552ns (routing 1.229ns, distribution 1.323ns)
  Clock Net Delay (Destination): 2.312ns (routing 1.122ns, distribution 1.190ns)

    Location             Delay type                Incr(ns)  Path(ns)    Netlist Resource(s)
  -------------------------------------------------------------------    -------------------
                         (clock clk_pl_0 rise edge)
                                                      0.000     0.000 r  
    PS8_X0Y0             PS8                          0.000     0.000 r  design_1_i/zynq_ultra_ps_e_0/inst/PS8_i/PLCLK[0]
                         net (fo=1, routed)           0.229     0.229    design_1_i/zynq_ultra_ps_e_0/inst/pl_clk_unbuffered[0]
    BUFG_PS_X0Y90        BUFG_PS (Prop_BUFG_PS_I_O)
                                                      0.038     0.267 r  design_1_i/zynq_ultra_ps_e_0/inst/buffer_pl_clk_0.PL_CLK_0_BUFG/O
    X0Y1 (CLOCK_ROOT)    net (fo=5771, routed)        2.552     2.819    design_1_i/audio_pipeline_0/inst/inst_fifo/clk
    SLICE_X15Y70         FDRE                                         r  design_1_i/audio_pipeline_0/inst/inst_fifo/rdp_reg[0]/C
  -------------------------------------------------------------------    -------------------
    SLICE_X15Y70         FDRE (Prop_EFF_SLICEL_C_Q)
                                                      0.114     2.933 f  design_1_i/audio_pipeline_0/inst/inst_fifo/rdp_reg[0]/Q
                         net (fo=76, routed)          1.147     4.080    design_1_i/audio_pipeline_0/inst/inst_fifo/rdp_reg__0[0]
    SLICE_X7Y58          LUT1 (Prop_D6LUT_SLICEM_I0_O)
                                                      0.151     4.231 r  design_1_i/audio_pipeline_0/inst/inst_fifo/mem_reg_2048_2111_7_13_i_6/O
                         net (fo=123, routed)         0.866     5.097    design_1_i/audio_pipeline_0/inst/inst_fifo/mem_reg_2432_2495_7_13/ADDRB0
    SLICE_X2Y75          RAMD64E (Prop_B6LUT_SLICEM_RADR0_O)
                                                      0.225     5.322 r  design_1_i/audio_pipeline_0/inst/inst_fifo/mem_reg_2432_2495_7_13/RAMB/O
                         net (fo=1, routed)           0.239     5.561    design_1_i/audio_pipeline_0/inst/inst_fifo/mem_reg_2432_2495_7_13_n_1
    SLICE_X3Y73          LUT6 (Prop_G6LUT_SLICEL_I1_O)
                                                      0.226     5.787 r  design_1_i/audio_pipeline_0/inst/inst_fifo/axis_tdata[8]_INST_0_i_18/O
                         net (fo=1, routed)           0.012     5.799    design_1_i/audio_pipeline_0/inst/inst_fifo/axis_tdata[8]_INST_0_i_18_n_0
    SLICE_X3Y73          MUXF7 (Prop_F7MUX_GH_SLICEL_I1_O)
                                                      0.087     5.886 r  design_1_i/audio_pipeline_0/inst/inst_fifo/axis_tdata[8]_INST_0_i_7/O
                         net (fo=1, routed)           0.000     5.886    design_1_i/audio_pipeline_0/inst/inst_fifo/axis_tdata[8]_INST_0_i_7_n_0
    SLICE_X3Y73          MUXF8 (Prop_F8MUX_TOP_SLICEL_I0_O)
                                                      0.031     5.917 r  design_1_i/audio_pipeline_0/inst/inst_fifo/axis_tdata[8]_INST_0_i_2/O
                         net (fo=1, routed)           0.437     6.354    design_1_i/audio_pipeline_0/inst/inst_fifo/axis_tdata[8]_INST_0_i_2_n_0
    SLICE_X9Y60          LUT6 (Prop_H6LUT_SLICEL_I1_O)
                                                      0.137     6.491 r  design_1_i/audio_pipeline_0/inst/inst_fifo/axis_tdata[8]_INST_0/O
                         net (fo=2, routed)           0.803     7.294    design_1_i/axi_dma_0/U0/I_PRMRY_DATAMOVER/GEN_S2MM_FULL.I_S2MM_FULL_WRAPPER/ENABLE_AXIS_SKID.I_S2MM_STRM_SKID_BUF/s_axis_s2mm_tdata[8]
    SLICE_X15Y57         FDRE                                         r  design_1_i/axi_dma_0/U0/I_PRMRY_DATAMOVER/GEN_S2MM_FULL.I_S2MM_FULL_WRAPPER/ENABLE_AXIS_SKID.I_S2MM_STRM_SKID_BUF/sig_data_skid_reg_reg[8]/D
  -------------------------------------------------------------------    -------------------

                         (clock clk_pl_0 rise edge)
                                                     10.000    10.000 r  
    PS8_X0Y0             PS8                          0.000    10.000 r  design_1_i/zynq_ultra_ps_e_0/inst/PS8_i/PLCLK[0]
                         net (fo=1, routed)           0.181    10.181    design_1_i/zynq_ultra_ps_e_0/inst/pl_clk_unbuffered[0]
    BUFG_PS_X0Y90        BUFG_PS (Prop_BUFG_PS_I_O)
                                                      0.035    10.216 r  design_1_i/zynq_ultra_ps_e_0/inst/buffer_pl_clk_0.PL_CLK_0_BUFG/O
    X0Y1 (CLOCK_ROOT)    net (fo=5771, routed)        2.312    12.528    design_1_i/axi_dma_0/U0/I_PRMRY_DATAMOVER/GEN_S2MM_FULL.I_S2MM_FULL_WRAPPER/ENABLE_AXIS_SKID.I_S2MM_STRM_SKID_BUF/s_axi_lite_aclk
    SLICE_X15Y57         FDRE                                         r  design_1_i/axi_dma_0/U0/I_PRMRY_DATAMOVER/GEN_S2MM_FULL.I_S2MM_FULL_WRAPPER/ENABLE_AXIS_SKID.I_S2MM_STRM_SKID_BUF/sig_data_skid_reg_reg[8]/C
                         clock pessimism              0.161    12.689    
                         clock uncertainty           -0.130    12.559    
    SLICE_X15Y57         FDRE (Setup_EFF_SLICEL_C_D)
                                                      0.044    12.603    design_1_i/axi_dma_0/U0/I_PRMRY_DATAMOVER/GEN_S2MM_FULL.I_S2MM_FULL_WRAPPER/ENABLE_AXIS_SKID.I_S2MM_STRM_SKID_BUF/sig_data_skid_reg_reg[8]
  -------------------------------------------------------------------
                         required time                         12.603    
                         arrival time                          -7.294    
  -------------------------------------------------------------------
                         slack                                  5.309    

Slack (MET) :             5.314ns  (required time - arrival time)
  Source:                 design_1_i/audio_pipeline_0/inst/inst_fifo/rdp_reg[0]/C
                            (rising edge-triggered cell FDRE clocked by clk_pl_0  {rise@0.000ns fall@5.000ns period=10.000ns})
  Destination:            design_1_i/axi_dma_0/U0/I_PRMRY_DATAMOVER/GEN_S2MM_FULL.I_S2MM_FULL_WRAPPER/ENABLE_AXIS_SKID.I_S2MM_STRM_SKID_BUF/sig_data_reg_out_reg[4]/D
                            (rising edge-triggered cell FDRE clocked by clk_pl_0  {rise@0.000ns fall@5.000ns period=10.000ns})
  Path Group:             clk_pl_0
  Path Type:              Setup (Max at Slow Process Corner)
  Requirement:            10.000ns  (clk_pl_0 rise@10.000ns - clk_pl_0 rise@0.000ns)
  Data Path Delay:        4.481ns  (logic 1.077ns (24.034%)  route 3.404ns (75.966%))
  Logic Levels:           7  (LUT2=1 LUT3=1 LUT6=2 MUXF7=1 MUXF8=1 RAMD64E=1)
  Clock Path Skew:        -0.119ns (DCD - SCD + CPR)
    Destination Clock Delay (DCD):    2.539ns = ( 12.539 - 10.000 ) 
    Source Clock Delay      (SCD):    2.819ns
    Clock Pessimism Removal (CPR):    0.161ns
  Clock Uncertainty:      0.130ns  ((TSJ^2 + DJ^2)^1/2) / 2 + PE
    Total System Jitter     (TSJ):    0.071ns
    Discrete Jitter          (DJ):    0.250ns
    Phase Error              (PE):    0.000ns
  Clock Net Delay (Source):      2.552ns (routing 1.229ns, distribution 1.323ns)
  Clock Net Delay (Destination): 2.323ns (routing 1.122ns, distribution 1.201ns)

    Location             Delay type                Incr(ns)  Path(ns)    Netlist Resource(s)
  -------------------------------------------------------------------    -------------------
                         (clock clk_pl_0 rise edge)
                                                      0.000     0.000 r  
    PS8_X0Y0             PS8                          0.000     0.000 r  design_1_i/zynq_ultra_ps_e_0/inst/PS8_i/PLCLK[0]
                         net (fo=1, routed)           0.229     0.229    design_1_i/zynq_ultra_ps_e_0/inst/pl_clk_unbuffered[0]
    BUFG_PS_X0Y90        BUFG_PS (Prop_BUFG_PS_I_O)
                                                      0.038     0.267 r  design_1_i/zynq_ultra_ps_e_0/inst/buffer_pl_clk_0.PL_CLK_0_BUFG/O
    X0Y1 (CLOCK_ROOT)    net (fo=5771, routed)        2.552     2.819    design_1_i/audio_pipeline_0/inst/inst_fifo/clk
    SLICE_X15Y70         FDRE                                         r  design_1_i/audio_pipeline_0/inst/inst_fifo/rdp_reg[0]/C
  -------------------------------------------------------------------    -------------------
    SLICE_X15Y70         FDRE (Prop_EFF_SLICEL_C_Q)
                                                      0.114     2.933 r  design_1_i/audio_pipeline_0/inst/inst_fifo/rdp_reg[0]/Q
                         net (fo=76, routed)          1.137     4.070    design_1_i/audio_pipeline_0/inst/inst_fifo/rdp_reg__0[0]
    SLICE_X5Y57          LUT2 (Prop_B5LUT_SLICEM_I0_O)
                                                      0.141     4.211 r  design_1_i/audio_pipeline_0/inst/inst_fifo/mem_reg_0_63_0_6_i_5/O
                         net (fo=112, routed)         0.915     5.125    design_1_i/audio_pipeline_0/inst/inst_fifo/mem_reg_64_127_0_6/ADDRE1
    SLICE_X5Y52          RAMD64E (Prop_E6LUT_SLICEM_RADR1_O)
                                                      0.187     5.312 r  design_1_i/audio_pipeline_0/inst/inst_fifo/mem_reg_64_127_0_6/RAME/O
                         net (fo=1, routed)           0.378     5.690    design_1_i/audio_pipeline_0/inst/inst_fifo/mem_reg_64_127_0_6_n_4
    SLICE_X3Y53          LUT6 (Prop_H6LUT_SLICEL_I3_O)
                                                      0.227     5.917 r  design_1_i/audio_pipeline_0/inst/inst_fifo/axis_tdata[4]_INST_0_i_25/O
                         net (fo=1, routed)           0.015     5.932    design_1_i/audio_pipeline_0/inst/inst_fifo/axis_tdata[4]_INST_0_i_25_n_0
    SLICE_X3Y53          MUXF7 (Prop_F7MUX_GH_SLICEL_I0_O)
                                                      0.088     6.020 r  design_1_i/audio_pipeline_0/inst/inst_fifo/axis_tdata[4]_INST_0_i_11/O
                         net (fo=1, routed)           0.000     6.020    design_1_i/audio_pipeline_0/inst/inst_fifo/axis_tdata[4]_INST_0_i_11_n_0
    SLICE_X3Y53          MUXF8 (Prop_F8MUX_TOP_SLICEL_I0_O)
                                                      0.031     6.051 r  design_1_i/audio_pipeline_0/inst/inst_fifo/axis_tdata[4]_INST_0_i_4/O
                         net (fo=1, routed)           0.655     6.706    design_1_i/audio_pipeline_0/inst/inst_fifo/axis_tdata[4]_INST_0_i_4_n_0
    SLICE_X11Y61         LUT6 (Prop_G6LUT_SLICEL_I5_O)
                                                      0.151     6.857 r  design_1_i/audio_pipeline_0/inst/inst_fifo/axis_tdata[4]_INST_0/O
                         net (fo=2, routed)           0.238     7.095    design_1_i/axi_dma_0/U0/I_PRMRY_DATAMOVER/GEN_S2MM_FULL.I_S2MM_FULL_WRAPPER/ENABLE_AXIS_SKID.I_S2MM_STRM_SKID_BUF/s_axis_s2mm_tdata[4]
    SLICE_X11Y56         LUT3 (Prop_B6LUT_SLICEL_I0_O)
                                                      0.138     7.233 r  design_1_i/axi_dma_0/U0/I_PRMRY_DATAMOVER/GEN_S2MM_FULL.I_S2MM_FULL_WRAPPER/ENABLE_AXIS_SKID.I_S2MM_STRM_SKID_BUF/sig_data_reg_out[4]_i_1/O
                         net (fo=1, routed)           0.067     7.300    design_1_i/axi_dma_0/U0/I_PRMRY_DATAMOVER/GEN_S2MM_FULL.I_S2MM_FULL_WRAPPER/ENABLE_AXIS_SKID.I_S2MM_STRM_SKID_BUF/sig_data_skid_mux_out[4]
    SLICE_X11Y56         FDRE                                         r  design_1_i/axi_dma_0/U0/I_PRMRY_DATAMOVER/GEN_S2MM_FULL.I_S2MM_FULL_WRAPPER/ENABLE_AXIS_SKID.I_S2MM_STRM_SKID_BUF/sig_data_reg_out_reg[4]/D
  -------------------------------------------------------------------    -------------------

                         (clock clk_pl_0 rise edge)
                                                     10.000    10.000 r  
    PS8_X0Y0             PS8                          0.000    10.000 r  design_1_i/zynq_ultra_ps_e_0/inst/PS8_i/PLCLK[0]
                         net (fo=1, routed)           0.181    10.181    design_1_i/zynq_ultra_ps_e_0/inst/pl_clk_unbuffered[0]
    BUFG_PS_X0Y90        BUFG_PS (Prop_BUFG_PS_I_O)
                                                      0.035    10.216 r  design_1_i/zynq_ultra_ps_e_0/inst/buffer_pl_clk_0.PL_CLK_0_BUFG/O
    X0Y1 (CLOCK_ROOT)    net (fo=5771, routed)        2.323    12.539    design_1_i/axi_dma_0/U0/I_PRMRY_DATAMOVER/GEN_S2MM_FULL.I_S2MM_FULL_WRAPPER/ENABLE_AXIS_SKID.I_S2MM_STRM_SKID_BUF/s_axi_lite_aclk
    SLICE_X11Y56         FDRE                                         r  design_1_i/axi_dma_0/U0/I_PRMRY_DATAMOVER/GEN_S2MM_FULL.I_S2MM_FULL_WRAPPER/ENABLE_AXIS_SKID.I_S2MM_STRM_SKID_BUF/sig_data_reg_out_reg[4]/C
                         clock pessimism              0.161    12.700    
                         clock uncertainty           -0.130    12.570    
    SLICE_X11Y56         FDRE (Setup_BFF_SLICEL_C_D)
                                                      0.044    12.614    design_1_i/axi_dma_0/U0/I_PRMRY_DATAMOVER/GEN_S2MM_FULL.I_S2MM_FULL_WRAPPER/ENABLE_AXIS_SKID.I_S2MM_STRM_SKID_BUF/sig_data_reg_out_reg[4]
  -------------------------------------------------------------------
                         required time                         12.614    
                         arrival time                          -7.300    
  -------------------------------------------------------------------
                         slack                                  5.314    

Slack (MET) :             5.382ns  (required time - arrival time)
  Source:                 design_1_i/audio_pipeline_0/inst/inst_fifo/rdp_reg[0]/C
                            (rising edge-triggered cell FDRE clocked by clk_pl_0  {rise@0.000ns fall@5.000ns period=10.000ns})
  Destination:            design_1_i/axi_dma_0/U0/I_PRMRY_DATAMOVER/GEN_S2MM_FULL.I_S2MM_FULL_WRAPPER/ENABLE_AXIS_SKID.I_S2MM_STRM_SKID_BUF/sig_data_skid_reg_reg[1]/D
                            (rising edge-triggered cell FDRE clocked by clk_pl_0  {rise@0.000ns fall@5.000ns period=10.000ns})
  Path Group:             clk_pl_0
  Path Type:              Setup (Max at Slow Process Corner)
  Requirement:            10.000ns  (clk_pl_0 rise@10.000ns - clk_pl_0 rise@0.000ns)
  Data Path Delay:        4.415ns  (logic 0.823ns (18.640%)  route 3.592ns (81.360%))
  Logic Levels:           6  (LUT3=1 LUT6=2 MUXF7=1 MUXF8=1 RAMD64E=1)
  Clock Path Skew:        -0.119ns (DCD - SCD + CPR)
    Destination Clock Delay (DCD):    2.539ns = ( 12.539 - 10.000 ) 
    Source Clock Delay      (SCD):    2.819ns
    Clock Pessimism Removal (CPR):    0.161ns
  Clock Uncertainty:      0.130ns  ((TSJ^2 + DJ^2)^1/2) / 2 + PE
    Total System Jitter     (TSJ):    0.071ns
    Discrete Jitter          (DJ):    0.250ns
    Phase Error              (PE):    0.000ns
  Clock Net Delay (Source):      2.552ns (routing 1.229ns, distribution 1.323ns)
  Clock Net Delay (Destination): 2.323ns (routing 1.122ns, distribution 1.201ns)

    Location             Delay type                Incr(ns)  Path(ns)    Netlist Resource(s)
  -------------------------------------------------------------------    -------------------
                         (clock clk_pl_0 rise edge)
                                                      0.000     0.000 r  
    PS8_X0Y0             PS8                          0.000     0.000 r  design_1_i/zynq_ultra_ps_e_0/inst/PS8_i/PLCLK[0]
                         net (fo=1, routed)           0.229     0.229    design_1_i/zynq_ultra_ps_e_0/inst/pl_clk_unbuffered[0]
    BUFG_PS_X0Y90        BUFG_PS (Prop_BUFG_PS_I_O)
                                                      0.038     0.267 r  design_1_i/zynq_ultra_ps_e_0/inst/buffer_pl_clk_0.PL_CLK_0_BUFG/O
    X0Y1 (CLOCK_ROOT)    net (fo=5771, routed)        2.552     2.819    design_1_i/audio_pipeline_0/inst/inst_fifo/clk
    SLICE_X15Y70         FDRE                                         r  design_1_i/audio_pipeline_0/inst/inst_fifo/rdp_reg[0]/C
  -------------------------------------------------------------------    -------------------
    SLICE_X15Y70         FDRE (Prop_EFF_SLICEL_C_Q)
                                                      0.114     2.933 r  design_1_i/audio_pipeline_0/inst/inst_fifo/rdp_reg[0]/Q
                         net (fo=76, routed)          1.208     4.141    design_1_i/audio_pipeline_0/inst/inst_fifo/rdp_reg__0[0]
    SLICE_X5Y57          LUT3 (Prop_C5LUT_SLICEM_I2_O)
                                                      0.154     4.295 r  design_1_i/audio_pipeline_0/inst/inst_fifo/mem_reg_0_63_0_6_i_4/O
                         net (fo=112, routed)         1.031     5.325    design_1_i/audio_pipeline_0/inst/inst_fifo/mem_reg_960_1023_0_6/ADDRB2
    SLICE_X2Y52          RAMD64E (Prop_B6LUT_SLICEM_RADR2_O)
                                                      0.152     5.477 r  design_1_i/audio_pipeline_0/inst/inst_fifo/mem_reg_960_1023_0_6/RAMB/O
                         net (fo=1, routed)           0.466     5.943    design_1_i/audio_pipeline_0/inst/inst_fifo/mem_reg_960_1023_0_6_n_1
    SLICE_X3Y54          LUT6 (Prop_A6LUT_SLICEL_I0_O)
                                                      0.058     6.001 r  design_1_i/audio_pipeline_0/inst/inst_fifo/axis_tdata[1]_INST_0_i_28/O
                         net (fo=1, routed)           0.014     6.015    design_1_i/audio_pipeline_0/inst/inst_fifo/axis_tdata[1]_INST_0_i_28_n_0
    SLICE_X3Y54          MUXF7 (Prop_F7MUX_AB_SLICEL_I1_O)
                                                      0.088     6.103 r  design_1_i/audio_pipeline_0/inst/inst_fifo/axis_tdata[1]_INST_0_i_12/O
                         net (fo=1, routed)           0.000     6.103    design_1_i/audio_pipeline_0/inst/inst_fifo/axis_tdata[1]_INST_0_i_12_n_0
    SLICE_X3Y54          MUXF8 (Prop_F8MUX_BOT_SLICEL_I1_O)
                                                      0.030     6.133 r  design_1_i/audio_pipeline_0/inst/inst_fifo/axis_tdata[1]_INST_0_i_4/O
                         net (fo=1, routed)           0.556     6.689    design_1_i/audio_pipeline_0/inst/inst_fifo/axis_tdata[1]_INST_0_i_4_n_0
    SLICE_X11Y59         LUT6 (Prop_H6LUT_SLICEL_I5_O)
                                                      0.227     6.916 r  design_1_i/audio_pipeline_0/inst/inst_fifo/axis_tdata[1]_INST_0/O
                         net (fo=2, routed)           0.318     7.234    design_1_i/axi_dma_0/U0/I_PRMRY_DATAMOVER/GEN_S2MM_FULL.I_S2MM_FULL_WRAPPER/ENABLE_AXIS_SKID.I_S2MM_STRM_SKID_BUF/s_axis_s2mm_tdata[1]
    SLICE_X11Y58         FDRE                                         r  design_1_i/axi_dma_0/U0/I_PRMRY_DATAMOVER/GEN_S2MM_FULL.I_S2MM_FULL_WRAPPER/ENABLE_AXIS_SKID.I_S2MM_STRM_SKID_BUF/sig_data_skid_reg_reg[1]/D
  -------------------------------------------------------------------    -------------------

                         (clock clk_pl_0 rise edge)
                                                     10.000    10.000 r  
    PS8_X0Y0             PS8                          0.000    10.000 r  design_1_i/zynq_ultra_ps_e_0/inst/PS8_i/PLCLK[0]
                         net (fo=1, routed)           0.181    10.181    design_1_i/zynq_ultra_ps_e_0/inst/pl_clk_unbuffered[0]
    BUFG_PS_X0Y90        BUFG_PS (Prop_BUFG_PS_I_O)
                                                      0.035    10.216 r  design_1_i/zynq_ultra_ps_e_0/inst/buffer_pl_clk_0.PL_CLK_0_BUFG/O
    X0Y1 (CLOCK_ROOT)    net (fo=5771, routed)        2.323    12.539    design_1_i/axi_dma_0/U0/I_PRMRY_DATAMOVER/GEN_S2MM_FULL.I_S2MM_FULL_WRAPPER/ENABLE_AXIS_SKID.I_S2MM_STRM_SKID_BUF/s_axi_lite_aclk
    SLICE_X11Y58         FDRE                                         r  design_1_i/axi_dma_0/U0/I_PRMRY_DATAMOVER/GEN_S2MM_FULL.I_S2MM_FULL_WRAPPER/ENABLE_AXIS_SKID.I_S2MM_STRM_SKID_BUF/sig_data_skid_reg_reg[1]/C
                         clock pessimism              0.161    12.700    
                         clock uncertainty           -0.130    12.570    
    SLICE_X11Y58         FDRE (Setup_AFF2_SLICEL_C_D)
                                                      0.046    12.616    design_1_i/axi_dma_0/U0/I_PRMRY_DATAMOVER/GEN_S2MM_FULL.I_S2MM_FULL_WRAPPER/ENABLE_AXIS_SKID.I_S2MM_STRM_SKID_BUF/sig_data_skid_reg_reg[1]
  -------------------------------------------------------------------
                         required time                         12.616    
                         arrival time                          -7.234    
  -------------------------------------------------------------------
                         slack                                  5.382    

Slack (MET) :             5.395ns  (required time - arrival time)
  Source:                 design_1_i/audio_pipeline_0/inst/inst_fifo/rdp_reg[0]/C
                            (rising edge-triggered cell FDRE clocked by clk_pl_0  {rise@0.000ns fall@5.000ns period=10.000ns})
  Destination:            design_1_i/axi_dma_0/U0/I_PRMRY_DATAMOVER/GEN_S2MM_FULL.I_S2MM_FULL_WRAPPER/ENABLE_AXIS_SKID.I_S2MM_STRM_SKID_BUF/sig_data_reg_out_reg[10]/D
                            (rising edge-triggered cell FDRE clocked by clk_pl_0  {rise@0.000ns fall@5.000ns period=10.000ns})
  Path Group:             clk_pl_0
  Path Type:              Setup (Max at Slow Process Corner)
  Requirement:            10.000ns  (clk_pl_0 rise@10.000ns - clk_pl_0 rise@0.000ns)
  Data Path Delay:        4.410ns  (logic 1.026ns (23.266%)  route 3.384ns (76.734%))
  Logic Levels:           7  (LUT1=1 LUT3=1 LUT6=2 MUXF7=1 MUXF8=1 RAMD64E=1)
  Clock Path Skew:        -0.109ns (DCD - SCD + CPR)
    Destination Clock Delay (DCD):    2.549ns = ( 12.549 - 10.000 ) 
    Source Clock Delay      (SCD):    2.819ns
    Clock Pessimism Removal (CPR):    0.161ns
  Clock Uncertainty:      0.130ns  ((TSJ^2 + DJ^2)^1/2) / 2 + PE
    Total System Jitter     (TSJ):    0.071ns
    Discrete Jitter          (DJ):    0.250ns
    Phase Error              (PE):    0.000ns
  Clock Net Delay (Source):      2.552ns (routing 1.229ns, distribution 1.323ns)
  Clock Net Delay (Destination): 2.333ns (routing 1.122ns, distribution 1.211ns)

    Location             Delay type                Incr(ns)  Path(ns)    Netlist Resource(s)
  -------------------------------------------------------------------    -------------------
                         (clock clk_pl_0 rise edge)
                                                      0.000     0.000 r  
    PS8_X0Y0             PS8                          0.000     0.000 r  design_1_i/zynq_ultra_ps_e_0/inst/PS8_i/PLCLK[0]
                         net (fo=1, routed)           0.229     0.229    design_1_i/zynq_ultra_ps_e_0/inst/pl_clk_unbuffered[0]
    BUFG_PS_X0Y90        BUFG_PS (Prop_BUFG_PS_I_O)
                                                      0.038     0.267 r  design_1_i/zynq_ultra_ps_e_0/inst/buffer_pl_clk_0.PL_CLK_0_BUFG/O
    X0Y1 (CLOCK_ROOT)    net (fo=5771, routed)        2.552     2.819    design_1_i/audio_pipeline_0/inst/inst_fifo/clk
    SLICE_X15Y70         FDRE                                         r  design_1_i/audio_pipeline_0/inst/inst_fifo/rdp_reg[0]/C
  -------------------------------------------------------------------    -------------------
    SLICE_X15Y70         FDRE (Prop_EFF_SLICEL_C_Q)
                                                      0.114     2.933 f  design_1_i/audio_pipeline_0/inst/inst_fifo/rdp_reg[0]/Q
                         net (fo=76, routed)          1.147     4.080    design_1_i/audio_pipeline_0/inst/inst_fifo/rdp_reg__0[0]
    SLICE_X7Y58          LUT1 (Prop_D6LUT_SLICEM_I0_O)
                                                      0.151     4.231 r  design_1_i/audio_pipeline_0/inst/inst_fifo/mem_reg_2048_2111_7_13_i_6/O
                         net (fo=123, routed)         0.938     5.169    design_1_i/audio_pipeline_0/inst/inst_fifo/mem_reg_2240_2303_7_13/ADDRD0
    SLICE_X2Y72          RAMD64E (Prop_D6LUT_SLICEM_RADR0_O)
                                                      0.220     5.389 r  design_1_i/audio_pipeline_0/inst/inst_fifo/mem_reg_2240_2303_7_13/RAMD/O
                         net (fo=1, routed)           0.401     5.790    design_1_i/audio_pipeline_0/inst/inst_fifo/mem_reg_2240_2303_7_13_n_3
    SLICE_X3Y74          LUT6 (Prop_H6LUT_SLICEL_I0_O)
                                                      0.188     5.978 r  design_1_i/audio_pipeline_0/inst/inst_fifo/axis_tdata[10]_INST_0_i_17/O
                         net (fo=1, routed)           0.015     5.993    design_1_i/audio_pipeline_0/inst/inst_fifo/axis_tdata[10]_INST_0_i_17_n_0
    SLICE_X3Y74          MUXF7 (Prop_F7MUX_GH_SLICEL_I0_O)
                                                      0.088     6.081 r  design_1_i/audio_pipeline_0/inst/inst_fifo/axis_tdata[10]_INST_0_i_7/O
                         net (fo=1, routed)           0.000     6.081    design_1_i/audio_pipeline_0/inst/inst_fifo/axis_tdata[10]_INST_0_i_7_n_0
    SLICE_X3Y74          MUXF8 (Prop_F8MUX_TOP_SLICEL_I0_O)
                                                      0.031     6.112 r  design_1_i/audio_pipeline_0/inst/inst_fifo/axis_tdata[10]_INST_0_i_2/O
                         net (fo=1, routed)           0.549     6.661    design_1_i/audio_pipeline_0/inst/inst_fifo/axis_tdata[10]_INST_0_i_2_n_0
    SLICE_X9Y64          LUT6 (Prop_H6LUT_SLICEL_I1_O)
                                                      0.153     6.814 r  design_1_i/audio_pipeline_0/inst/inst_fifo/axis_tdata[10]_INST_0/O
                         net (fo=2, routed)           0.267     7.081    design_1_i/axi_dma_0/U0/I_PRMRY_DATAMOVER/GEN_S2MM_FULL.I_S2MM_FULL_WRAPPER/ENABLE_AXIS_SKID.I_S2MM_STRM_SKID_BUF/s_axis_s2mm_tdata[10]
    SLICE_X9Y58          LUT3 (Prop_D6LUT_SLICEL_I0_O)
                                                      0.081     7.162 r  design_1_i/axi_dma_0/U0/I_PRMRY_DATAMOVER/GEN_S2MM_FULL.I_S2MM_FULL_WRAPPER/ENABLE_AXIS_SKID.I_S2MM_STRM_SKID_BUF/sig_data_reg_out[10]_i_1/O
                         net (fo=1, routed)           0.067     7.229    design_1_i/axi_dma_0/U0/I_PRMRY_DATAMOVER/GEN_S2MM_FULL.I_S2MM_FULL_WRAPPER/ENABLE_AXIS_SKID.I_S2MM_STRM_SKID_BUF/sig_data_skid_mux_out[10]
    SLICE_X9Y58          FDRE                                         r  design_1_i/axi_dma_0/U0/I_PRMRY_DATAMOVER/GEN_S2MM_FULL.I_S2MM_FULL_WRAPPER/ENABLE_AXIS_SKID.I_S2MM_STRM_SKID_BUF/sig_data_reg_out_reg[10]/D
  -------------------------------------------------------------------    -------------------

                         (clock clk_pl_0 rise edge)
                                                     10.000    10.000 r  
    PS8_X0Y0             PS8                          0.000    10.000 r  design_1_i/zynq_ultra_ps_e_0/inst/PS8_i/PLCLK[0]
                         net (fo=1, routed)           0.181    10.181    design_1_i/zynq_ultra_ps_e_0/inst/pl_clk_unbuffered[0]
    BUFG_PS_X0Y90        BUFG_PS (Prop_BUFG_PS_I_O)
                                                      0.035    10.216 r  design_1_i/zynq_ultra_ps_e_0/inst/buffer_pl_clk_0.PL_CLK_0_BUFG/O
    X0Y1 (CLOCK_ROOT)    net (fo=5771, routed)        2.333    12.549    design_1_i/axi_dma_0/U0/I_PRMRY_DATAMOVER/GEN_S2MM_FULL.I_S2MM_FULL_WRAPPER/ENABLE_AXIS_SKID.I_S2MM_STRM_SKID_BUF/s_axi_lite_aclk
    SLICE_X9Y58          FDRE                                         r  design_1_i/axi_dma_0/U0/I_PRMRY_DATAMOVER/GEN_S2MM_FULL.I_S2MM_FULL_WRAPPER/ENABLE_AXIS_SKID.I_S2MM_STRM_SKID_BUF/sig_data_reg_out_reg[10]/C
                         clock pessimism              0.161    12.710    
                         clock uncertainty           -0.130    12.580    
    SLICE_X9Y58          FDRE (Setup_DFF_SLICEL_C_D)
                                                      0.044    12.624    design_1_i/axi_dma_0/U0/I_PRMRY_DATAMOVER/GEN_S2MM_FULL.I_S2MM_FULL_WRAPPER/ENABLE_AXIS_SKID.I_S2MM_STRM_SKID_BUF/sig_data_reg_out_reg[10]
  -------------------------------------------------------------------
                         required time                         12.624    
                         arrival time                          -7.229    
  -------------------------------------------------------------------
                         slack                                  5.395    

Slack (MET) :             5.407ns  (required time - arrival time)
  Source:                 design_1_i/audio_pipeline_0/inst/inst_fifo/rdp_reg[0]/C
                            (rising edge-triggered cell FDRE clocked by clk_pl_0  {rise@0.000ns fall@5.000ns period=10.000ns})
  Destination:            design_1_i/axi_dma_0/U0/I_PRMRY_DATAMOVER/GEN_S2MM_FULL.I_S2MM_FULL_WRAPPER/ENABLE_AXIS_SKID.I_S2MM_STRM_SKID_BUF/sig_data_skid_reg_reg[10]/D
                            (rising edge-triggered cell FDRE clocked by clk_pl_0  {rise@0.000ns fall@5.000ns period=10.000ns})
  Path Group:             clk_pl_0
  Path Type:              Setup (Max at Slow Process Corner)
  Requirement:            10.000ns  (clk_pl_0 rise@10.000ns - clk_pl_0 rise@0.000ns)
  Data Path Delay:        4.401ns  (logic 0.945ns (21.473%)  route 3.456ns (78.527%))
  Logic Levels:           6  (LUT1=1 LUT6=2 MUXF7=1 MUXF8=1 RAMD64E=1)
  Clock Path Skew:        -0.106ns (DCD - SCD + CPR)
    Destination Clock Delay (DCD):    2.552ns = ( 12.552 - 10.000 ) 
    Source Clock Delay      (SCD):    2.819ns
    Clock Pessimism Removal (CPR):    0.161ns
  Clock Uncertainty:      0.130ns  ((TSJ^2 + DJ^2)^1/2) / 2 + PE
    Total System Jitter     (TSJ):    0.071ns
    Discrete Jitter          (DJ):    0.250ns
    Phase Error              (PE):    0.000ns
  Clock Net Delay (Source):      2.552ns (routing 1.229ns, distribution 1.323ns)
  Clock Net Delay (Destination): 2.336ns (routing 1.122ns, distribution 1.214ns)

    Location             Delay type                Incr(ns)  Path(ns)    Netlist Resource(s)
  -------------------------------------------------------------------    -------------------
                         (clock clk_pl_0 rise edge)
                                                      0.000     0.000 r  
    PS8_X0Y0             PS8                          0.000     0.000 r  design_1_i/zynq_ultra_ps_e_0/inst/PS8_i/PLCLK[0]
                         net (fo=1, routed)           0.229     0.229    design_1_i/zynq_ultra_ps_e_0/inst/pl_clk_unbuffered[0]
    BUFG_PS_X0Y90        BUFG_PS (Prop_BUFG_PS_I_O)
                                                      0.038     0.267 r  design_1_i/zynq_ultra_ps_e_0/inst/buffer_pl_clk_0.PL_CLK_0_BUFG/O
    X0Y1 (CLOCK_ROOT)    net (fo=5771, routed)        2.552     2.819    design_1_i/audio_pipeline_0/inst/inst_fifo/clk
    SLICE_X15Y70         FDRE                                         r  design_1_i/audio_pipeline_0/inst/inst_fifo/rdp_reg[0]/C
  -------------------------------------------------------------------    -------------------
    SLICE_X15Y70         FDRE (Prop_EFF_SLICEL_C_Q)
                                                      0.114     2.933 f  design_1_i/audio_pipeline_0/inst/inst_fifo/rdp_reg[0]/Q
                         net (fo=76, routed)          1.147     4.080    design_1_i/audio_pipeline_0/inst/inst_fifo/rdp_reg__0[0]
    SLICE_X7Y58          LUT1 (Prop_D6LUT_SLICEM_I0_O)
                                                      0.151     4.231 r  design_1_i/audio_pipeline_0/inst/inst_fifo/mem_reg_2048_2111_7_13_i_6/O
                         net (fo=123, routed)         0.938     5.169    design_1_i/audio_pipeline_0/inst/inst_fifo/mem_reg_2240_2303_7_13/ADDRD0
    SLICE_X2Y72          RAMD64E (Prop_D6LUT_SLICEM_RADR0_O)
                                                      0.220     5.389 r  design_1_i/audio_pipeline_0/inst/inst_fifo/mem_reg_2240_2303_7_13/RAMD/O
                         net (fo=1, routed)           0.401     5.790    design_1_i/audio_pipeline_0/inst/inst_fifo/mem_reg_2240_2303_7_13_n_3
    SLICE_X3Y74          LUT6 (Prop_H6LUT_SLICEL_I0_O)
                                                      0.188     5.978 r  design_1_i/audio_pipeline_0/inst/inst_fifo/axis_tdata[10]_INST_0_i_17/O
                         net (fo=1, routed)           0.015     5.993    design_1_i/audio_pipeline_0/inst/inst_fifo/axis_tdata[10]_INST_0_i_17_n_0
    SLICE_X3Y74          MUXF7 (Prop_F7MUX_GH_SLICEL_I0_O)
                                                      0.088     6.081 r  design_1_i/audio_pipeline_0/inst/inst_fifo/axis_tdata[10]_INST_0_i_7/O
                         net (fo=1, routed)           0.000     6.081    design_1_i/audio_pipeline_0/inst/inst_fifo/axis_tdata[10]_INST_0_i_7_n_0
    SLICE_X3Y74          MUXF8 (Prop_F8MUX_TOP_SLICEL_I0_O)
                                                      0.031     6.112 r  design_1_i/audio_pipeline_0/inst/inst_fifo/axis_tdata[10]_INST_0_i_2/O
                         net (fo=1, routed)           0.549     6.661    design_1_i/audio_pipeline_0/inst/inst_fifo/axis_tdata[10]_INST_0_i_2_n_0
    SLICE_X9Y64          LUT6 (Prop_H6LUT_SLICEL_I1_O)
                                                      0.153     6.814 r  design_1_i/audio_pipeline_0/inst/inst_fifo/axis_tdata[10]_INST_0/O
                         net (fo=2, routed)           0.406     7.220    design_1_i/axi_dma_0/U0/I_PRMRY_DATAMOVER/GEN_S2MM_FULL.I_S2MM_FULL_WRAPPER/ENABLE_AXIS_SKID.I_S2MM_STRM_SKID_BUF/s_axis_s2mm_tdata[10]
    SLICE_X9Y58          FDRE                                         r  design_1_i/axi_dma_0/U0/I_PRMRY_DATAMOVER/GEN_S2MM_FULL.I_S2MM_FULL_WRAPPER/ENABLE_AXIS_SKID.I_S2MM_STRM_SKID_BUF/sig_data_skid_reg_reg[10]/D
  -------------------------------------------------------------------    -------------------

                         (clock clk_pl_0 rise edge)
                                                     10.000    10.000 r  
    PS8_X0Y0             PS8                          0.000    10.000 r  design_1_i/zynq_ultra_ps_e_0/inst/PS8_i/PLCLK[0]
                         net (fo=1, routed)           0.181    10.181    design_1_i/zynq_ultra_ps_e_0/inst/pl_clk_unbuffered[0]
    BUFG_PS_X0Y90        BUFG_PS (Prop_BUFG_PS_I_O)
                                                      0.035    10.216 r  design_1_i/zynq_ultra_ps_e_0/inst/buffer_pl_clk_0.PL_CLK_0_BUFG/O
    X0Y1 (CLOCK_ROOT)    net (fo=5771, routed)        2.336    12.552    design_1_i/axi_dma_0/U0/I_PRMRY_DATAMOVER/GEN_S2MM_FULL.I_S2MM_FULL_WRAPPER/ENABLE_AXIS_SKID.I_S2MM_STRM_SKID_BUF/s_axi_lite_aclk
    SLICE_X9Y58          FDRE                                         r  design_1_i/axi_dma_0/U0/I_PRMRY_DATAMOVER/GEN_S2MM_FULL.I_S2MM_FULL_WRAPPER/ENABLE_AXIS_SKID.I_S2MM_STRM_SKID_BUF/sig_data_skid_reg_reg[10]/C
                         clock pessimism              0.161    12.713    
                         clock uncertainty           -0.130    12.583    
    SLICE_X9Y58          FDRE (Setup_EFF_SLICEL_C_D)
                                                      0.044    12.627    design_1_i/axi_dma_0/U0/I_PRMRY_DATAMOVER/GEN_S2MM_FULL.I_S2MM_FULL_WRAPPER/ENABLE_AXIS_SKID.I_S2MM_STRM_SKID_BUF/sig_data_skid_reg_reg[10]
  -------------------------------------------------------------------
                         required time                         12.627    
                         arrival time                          -7.220    
  -------------------------------------------------------------------
                         slack                                  5.407    

Slack (MET) :             5.422ns  (required time - arrival time)
  Source:                 design_1_i/audio_pipeline_0/inst/inst_fifo/rdp_reg[0]/C
                            (rising edge-triggered cell FDRE clocked by clk_pl_0  {rise@0.000ns fall@5.000ns period=10.000ns})
  Destination:            design_1_i/axi_dma_0/U0/I_PRMRY_DATAMOVER/GEN_S2MM_FULL.I_S2MM_FULL_WRAPPER/ENABLE_AXIS_SKID.I_S2MM_STRM_SKID_BUF/sig_data_reg_out_reg[11]/D
                            (rising edge-triggered cell FDRE clocked by clk_pl_0  {rise@0.000ns fall@5.000ns period=10.000ns})
  Path Group:             clk_pl_0
  Path Type:              Setup (Max at Slow Process Corner)
  Requirement:            10.000ns  (clk_pl_0 rise@10.000ns - clk_pl_0 rise@0.000ns)
  Data Path Delay:        4.436ns  (logic 1.100ns (24.798%)  route 3.336ns (75.202%))
  Logic Levels:           7  (LUT1=1 LUT3=1 LUT6=2 MUXF7=1 MUXF8=1 RAMD64E=1)
  Clock Path Skew:        -0.056ns (DCD - SCD + CPR)
    Destination Clock Delay (DCD):    2.553ns = ( 12.553 - 10.000 ) 
    Source Clock Delay      (SCD):    2.819ns
    Clock Pessimism Removal (CPR):    0.210ns
  Clock Uncertainty:      0.130ns  ((TSJ^2 + DJ^2)^1/2) / 2 + PE
    Total System Jitter     (TSJ):    0.071ns
    Discrete Jitter          (DJ):    0.250ns
    Phase Error              (PE):    0.000ns
  Clock Net Delay (Source):      2.552ns (routing 1.229ns, distribution 1.323ns)
  Clock Net Delay (Destination): 2.337ns (routing 1.122ns, distribution 1.215ns)

    Location             Delay type                Incr(ns)  Path(ns)    Netlist Resource(s)
  -------------------------------------------------------------------    -------------------
                         (clock clk_pl_0 rise edge)
                                                      0.000     0.000 r  
    PS8_X0Y0             PS8                          0.000     0.000 r  design_1_i/zynq_ultra_ps_e_0/inst/PS8_i/PLCLK[0]
                         net (fo=1, routed)           0.229     0.229    design_1_i/zynq_ultra_ps_e_0/inst/pl_clk_unbuffered[0]
    BUFG_PS_X0Y90        BUFG_PS (Prop_BUFG_PS_I_O)
                                                      0.038     0.267 r  design_1_i/zynq_ultra_ps_e_0/inst/buffer_pl_clk_0.PL_CLK_0_BUFG/O
    X0Y1 (CLOCK_ROOT)    net (fo=5771, routed)        2.552     2.819    design_1_i/audio_pipeline_0/inst/inst_fifo/clk
    SLICE_X15Y70         FDRE                                         r  design_1_i/audio_pipeline_0/inst/inst_fifo/rdp_reg[0]/C
  -------------------------------------------------------------------    -------------------
    SLICE_X15Y70         FDRE (Prop_EFF_SLICEL_C_Q)
                                                      0.114     2.933 f  design_1_i/audio_pipeline_0/inst/inst_fifo/rdp_reg[0]/Q
                         net (fo=76, routed)          1.147     4.080    design_1_i/audio_pipeline_0/inst/inst_fifo/rdp_reg__0[0]
    SLICE_X7Y58          LUT1 (Prop_D6LUT_SLICEM_I0_O)
                                                      0.151     4.231 r  design_1_i/audio_pipeline_0/inst/inst_fifo/mem_reg_2048_2111_7_13_i_6/O
                         net (fo=123, routed)         0.975     5.207    design_1_i/audio_pipeline_0/inst/inst_fifo/mem_reg_2432_2495_7_13/ADDRE0
    SLICE_X2Y75          RAMD64E (Prop_E6LUT_SLICEM_RADR0_O)
                                                      0.223     5.430 r  design_1_i/audio_pipeline_0/inst/inst_fifo/mem_reg_2432_2495_7_13/RAME/O
                         net (fo=1, routed)           0.252     5.682    design_1_i/audio_pipeline_0/inst/inst_fifo/mem_reg_2432_2495_7_13_n_4
    SLICE_X3Y74          LUT6 (Prop_C6LUT_SLICEL_I1_O)
                                                      0.187     5.869 r  design_1_i/audio_pipeline_0/inst/inst_fifo/axis_tdata[11]_INST_0_i_18/O
                         net (fo=1, routed)           0.015     5.884    design_1_i/audio_pipeline_0/inst/inst_fifo/axis_tdata[11]_INST_0_i_18_n_0
    SLICE_X3Y74          MUXF7 (Prop_F7MUX_CD_SLICEL_I1_O)
                                                      0.088     5.972 r  design_1_i/audio_pipeline_0/inst/inst_fifo/axis_tdata[11]_INST_0_i_7/O
                         net (fo=1, routed)           0.000     5.972    design_1_i/audio_pipeline_0/inst/inst_fifo/axis_tdata[11]_INST_0_i_7_n_0
    SLICE_X3Y74          MUXF8 (Prop_F8MUX_BOT_SLICEL_I0_O)
                                                      0.031     6.003 r  design_1_i/audio_pipeline_0/inst/inst_fifo/axis_tdata[11]_INST_0_i_2/O
                         net (fo=1, routed)           0.745     6.748    design_1_i/audio_pipeline_0/inst/inst_fifo/axis_tdata[11]_INST_0_i_2_n_0
    SLICE_X9Y64          LUT6 (Prop_G6LUT_SLICEL_I1_O)
                                                      0.226     6.974 r  design_1_i/audio_pipeline_0/inst/inst_fifo/axis_tdata[11]_INST_0/O
                         net (fo=2, routed)           0.105     7.079    design_1_i/axi_dma_0/U0/I_PRMRY_DATAMOVER/GEN_S2MM_FULL.I_S2MM_FULL_WRAPPER/ENABLE_AXIS_SKID.I_S2MM_STRM_SKID_BUF/s_axis_s2mm_tdata[11]
    SLICE_X10Y64         LUT3 (Prop_D6LUT_SLICEM_I0_O)
                                                      0.080     7.159 r  design_1_i/axi_dma_0/U0/I_PRMRY_DATAMOVER/GEN_S2MM_FULL.I_S2MM_FULL_WRAPPER/ENABLE_AXIS_SKID.I_S2MM_STRM_SKID_BUF/sig_data_reg_out[11]_i_1/O
                         net (fo=1, routed)           0.096     7.255    design_1_i/axi_dma_0/U0/I_PRMRY_DATAMOVER/GEN_S2MM_FULL.I_S2MM_FULL_WRAPPER/ENABLE_AXIS_SKID.I_S2MM_STRM_SKID_BUF/sig_data_skid_mux_out[11]
    SLICE_X10Y64         FDRE                                         r  design_1_i/axi_dma_0/U0/I_PRMRY_DATAMOVER/GEN_S2MM_FULL.I_S2MM_FULL_WRAPPER/ENABLE_AXIS_SKID.I_S2MM_STRM_SKID_BUF/sig_data_reg_out_reg[11]/D
  -------------------------------------------------------------------    -------------------

                         (clock clk_pl_0 rise edge)
                                                     10.000    10.000 r  
    PS8_X0Y0             PS8                          0.000    10.000 r  design_1_i/zynq_ultra_ps_e_0/inst/PS8_i/PLCLK[0]
                         net (fo=1, routed)           0.181    10.181    design_1_i/zynq_ultra_ps_e_0/inst/pl_clk_unbuffered[0]
    BUFG_PS_X0Y90        BUFG_PS (Prop_BUFG_PS_I_O)
                                                      0.035    10.216 r  design_1_i/zynq_ultra_ps_e_0/inst/buffer_pl_clk_0.PL_CLK_0_BUFG/O
    X0Y1 (CLOCK_ROOT)    net (fo=5771, routed)        2.337    12.553    design_1_i/axi_dma_0/U0/I_PRMRY_DATAMOVER/GEN_S2MM_FULL.I_S2MM_FULL_WRAPPER/ENABLE_AXIS_SKID.I_S2MM_STRM_SKID_BUF/s_axi_lite_aclk
    SLICE_X10Y64         FDRE                                         r  design_1_i/axi_dma_0/U0/I_PRMRY_DATAMOVER/GEN_S2MM_FULL.I_S2MM_FULL_WRAPPER/ENABLE_AXIS_SKID.I_S2MM_STRM_SKID_BUF/sig_data_reg_out_reg[11]/C
                         clock pessimism              0.210    12.763    
                         clock uncertainty           -0.130    12.633    
    SLICE_X10Y64         FDRE (Setup_DFF_SLICEM_C_D)
                                                      0.043    12.676    design_1_i/axi_dma_0/U0/I_PRMRY_DATAMOVER/GEN_S2MM_FULL.I_S2MM_FULL_WRAPPER/ENABLE_AXIS_SKID.I_S2MM_STRM_SKID_BUF/sig_data_reg_out_reg[11]
  -------------------------------------------------------------------
                         required time                         12.676    
                         arrival time                          -7.255    
  -------------------------------------------------------------------
                         slack                                  5.422    

Slack (MET) :             5.430ns  (required time - arrival time)
  Source:                 design_1_i/audio_pipeline_0/inst/inst_fifo/rdp_reg[0]/C
                            (rising edge-triggered cell FDRE clocked by clk_pl_0  {rise@0.000ns fall@5.000ns period=10.000ns})
  Destination:            design_1_i/axi_dma_0/U0/I_PRMRY_DATAMOVER/GEN_S2MM_FULL.I_S2MM_FULL_WRAPPER/ENABLE_AXIS_SKID.I_S2MM_STRM_SKID_BUF/sig_data_reg_out_reg[3]/D
                            (rising edge-triggered cell FDRE clocked by clk_pl_0  {rise@0.000ns fall@5.000ns period=10.000ns})
  Path Group:             clk_pl_0
  Path Type:              Setup (Max at Slow Process Corner)
  Requirement:            10.000ns  (clk_pl_0 rise@10.000ns - clk_pl_0 rise@0.000ns)
  Data Path Delay:        4.366ns  (logic 0.975ns (22.334%)  route 3.391ns (77.666%))
  Logic Levels:           7  (LUT3=2 LUT6=2 MUXF7=1 MUXF8=1 RAMD64E=1)
  Clock Path Skew:        -0.119ns (DCD - SCD + CPR)
    Destination Clock Delay (DCD):    2.539ns = ( 12.539 - 10.000 ) 
    Source Clock Delay      (SCD):    2.819ns
    Clock Pessimism Removal (CPR):    0.161ns
  Clock Uncertainty:      0.130ns  ((TSJ^2 + DJ^2)^1/2) / 2 + PE
    Total System Jitter     (TSJ):    0.071ns
    Discrete Jitter          (DJ):    0.250ns
    Phase Error              (PE):    0.000ns
  Clock Net Delay (Source):      2.552ns (routing 1.229ns, distribution 1.323ns)
  Clock Net Delay (Destination): 2.323ns (routing 1.122ns, distribution 1.201ns)

    Location             Delay type                Incr(ns)  Path(ns)    Netlist Resource(s)
  -------------------------------------------------------------------    -------------------
                         (clock clk_pl_0 rise edge)
                                                      0.000     0.000 r  
    PS8_X0Y0             PS8                          0.000     0.000 r  design_1_i/zynq_ultra_ps_e_0/inst/PS8_i/PLCLK[0]
                         net (fo=1, routed)           0.229     0.229    design_1_i/zynq_ultra_ps_e_0/inst/pl_clk_unbuffered[0]
    BUFG_PS_X0Y90        BUFG_PS (Prop_BUFG_PS_I_O)
                                                      0.038     0.267 r  design_1_i/zynq_ultra_ps_e_0/inst/buffer_pl_clk_0.PL_CLK_0_BUFG/O
    X0Y1 (CLOCK_ROOT)    net (fo=5771, routed)        2.552     2.819    design_1_i/audio_pipeline_0/inst/inst_fifo/clk
    SLICE_X15Y70         FDRE                                         r  design_1_i/audio_pipeline_0/inst/inst_fifo/rdp_reg[0]/C
  -------------------------------------------------------------------    -------------------
    SLICE_X15Y70         FDRE (Prop_EFF_SLICEL_C_Q)
                                                      0.114     2.933 r  design_1_i/audio_pipeline_0/inst/inst_fifo/rdp_reg[0]/Q
                         net (fo=76, routed)          1.208     4.141    design_1_i/audio_pipeline_0/inst/inst_fifo/rdp_reg__0[0]
    SLICE_X5Y57          LUT3 (Prop_C5LUT_SLICEM_I2_O)
                                                      0.154     4.295 r  design_1_i/audio_pipeline_0/inst/inst_fifo/mem_reg_0_63_0_6_i_4/O
                         net (fo=112, routed)         0.984     5.279    design_1_i/audio_pipeline_0/inst/inst_fifo/mem_reg_384_447_0_6/ADDRD2
    SLICE_X2Y51          RAMD64E (Prop_D6LUT_SLICEM_RADR2_O)
                                                      0.151     5.430 r  design_1_i/audio_pipeline_0/inst/inst_fifo/mem_reg_384_447_0_6/RAMD/O
                         net (fo=1, routed)           0.262     5.692    design_1_i/audio_pipeline_0/inst/inst_fifo/mem_reg_384_447_0_6_n_3
    SLICE_X3Y53          LUT6 (Prop_C6LUT_SLICEL_I1_O)
                                                      0.150     5.842 r  design_1_i/audio_pipeline_0/inst/inst_fifo/axis_tdata[3]_INST_0_i_26/O
                         net (fo=1, routed)           0.015     5.857    design_1_i/audio_pipeline_0/inst/inst_fifo/axis_tdata[3]_INST_0_i_26_n_0
    SLICE_X3Y53          MUXF7 (Prop_F7MUX_CD_SLICEL_I1_O)
                                                      0.088     5.945 r  design_1_i/audio_pipeline_0/inst/inst_fifo/axis_tdata[3]_INST_0_i_11/O
                         net (fo=1, routed)           0.000     5.945    design_1_i/audio_pipeline_0/inst/inst_fifo/axis_tdata[3]_INST_0_i_11_n_0
    SLICE_X3Y53          MUXF8 (Prop_F8MUX_BOT_SLICEL_I0_O)
                                                      0.031     5.976 r  design_1_i/audio_pipeline_0/inst/inst_fifo/axis_tdata[3]_INST_0_i_4/O
                         net (fo=1, routed)           0.685     6.661    design_1_i/audio_pipeline_0/inst/inst_fifo/axis_tdata[3]_INST_0_i_4_n_0
    SLICE_X11Y59         LUT6 (Prop_G6LUT_SLICEL_I5_O)
                                                      0.151     6.812 r  design_1_i/audio_pipeline_0/inst/inst_fifo/axis_tdata[3]_INST_0/O
                         net (fo=2, routed)           0.168     6.980    design_1_i/axi_dma_0/U0/I_PRMRY_DATAMOVER/GEN_S2MM_FULL.I_S2MM_FULL_WRAPPER/ENABLE_AXIS_SKID.I_S2MM_STRM_SKID_BUF/s_axis_s2mm_tdata[3]
    SLICE_X11Y56         LUT3 (Prop_C6LUT_SLICEL_I0_O)
                                                      0.136     7.116 r  design_1_i/axi_dma_0/U0/I_PRMRY_DATAMOVER/GEN_S2MM_FULL.I_S2MM_FULL_WRAPPER/ENABLE_AXIS_SKID.I_S2MM_STRM_SKID_BUF/sig_data_reg_out[3]_i_1/O
                         net (fo=1, routed)           0.069     7.185    design_1_i/axi_dma_0/U0/I_PRMRY_DATAMOVER/GEN_S2MM_FULL.I_S2MM_FULL_WRAPPER/ENABLE_AXIS_SKID.I_S2MM_STRM_SKID_BUF/sig_data_skid_mux_out[3]
    SLICE_X11Y56         FDRE                                         r  design_1_i/axi_dma_0/U0/I_PRMRY_DATAMOVER/GEN_S2MM_FULL.I_S2MM_FULL_WRAPPER/ENABLE_AXIS_SKID.I_S2MM_STRM_SKID_BUF/sig_data_reg_out_reg[3]/D
  -------------------------------------------------------------------    -------------------

                         (clock clk_pl_0 rise edge)
                                                     10.000    10.000 r  
    PS8_X0Y0             PS8                          0.000    10.000 r  design_1_i/zynq_ultra_ps_e_0/inst/PS8_i/PLCLK[0]
                         net (fo=1, routed)           0.181    10.181    design_1_i/zynq_ultra_ps_e_0/inst/pl_clk_unbuffered[0]
    BUFG_PS_X0Y90        BUFG_PS (Prop_BUFG_PS_I_O)
                                                      0.035    10.216 r  design_1_i/zynq_ultra_ps_e_0/inst/buffer_pl_clk_0.PL_CLK_0_BUFG/O
    X0Y1 (CLOCK_ROOT)    net (fo=5771, routed)        2.323    12.539    design_1_i/axi_dma_0/U0/I_PRMRY_DATAMOVER/GEN_S2MM_FULL.I_S2MM_FULL_WRAPPER/ENABLE_AXIS_SKID.I_S2MM_STRM_SKID_BUF/s_axi_lite_aclk
    SLICE_X11Y56         FDRE                                         r  design_1_i/axi_dma_0/U0/I_PRMRY_DATAMOVER/GEN_S2MM_FULL.I_S2MM_FULL_WRAPPER/ENABLE_AXIS_SKID.I_S2MM_STRM_SKID_BUF/sig_data_reg_out_reg[3]/C
                         clock pessimism              0.161    12.700    
                         clock uncertainty           -0.130    12.570    
    SLICE_X11Y56         FDRE (Setup_CFF_SLICEL_C_D)
                                                      0.044    12.614    design_1_i/axi_dma_0/U0/I_PRMRY_DATAMOVER/GEN_S2MM_FULL.I_S2MM_FULL_WRAPPER/ENABLE_AXIS_SKID.I_S2MM_STRM_SKID_BUF/sig_data_reg_out_reg[3]
  -------------------------------------------------------------------
                         required time                         12.614    
                         arrival time                          -7.185    
  -------------------------------------------------------------------
                         slack                                  5.430    

Slack (MET) :             5.435ns  (required time - arrival time)
  Source:                 design_1_i/audio_pipeline_0/inst/inst_fifo/rdp_reg[0]/C
                            (rising edge-triggered cell FDRE clocked by clk_pl_0  {rise@0.000ns fall@5.000ns period=10.000ns})
  Destination:            design_1_i/axi_dma_0/U0/I_PRMRY_DATAMOVER/GEN_S2MM_FULL.I_S2MM_FULL_WRAPPER/ENABLE_AXIS_SKID.I_S2MM_STRM_SKID_BUF/sig_data_skid_reg_reg[11]/D
                            (rising edge-triggered cell FDRE clocked by clk_pl_0  {rise@0.000ns fall@5.000ns period=10.000ns})
  Path Group:             clk_pl_0
  Path Type:              Setup (Max at Slow Process Corner)
  Requirement:            10.000ns  (clk_pl_0 rise@10.000ns - clk_pl_0 rise@0.000ns)
  Data Path Delay:        4.424ns  (logic 1.020ns (23.057%)  route 3.404ns (76.943%))
  Logic Levels:           6  (LUT1=1 LUT6=2 MUXF7=1 MUXF8=1 RAMD64E=1)
  Clock Path Skew:        -0.056ns (DCD - SCD + CPR)
    Destination Clock Delay (DCD):    2.553ns = ( 12.553 - 10.000 ) 
    Source Clock Delay      (SCD):    2.819ns
    Clock Pessimism Removal (CPR):    0.210ns
  Clock Uncertainty:      0.130ns  ((TSJ^2 + DJ^2)^1/2) / 2 + PE
    Total System Jitter     (TSJ):    0.071ns
    Discrete Jitter          (DJ):    0.250ns
    Phase Error              (PE):    0.000ns
  Clock Net Delay (Source):      2.552ns (routing 1.229ns, distribution 1.323ns)
  Clock Net Delay (Destination): 2.337ns (routing 1.122ns, distribution 1.215ns)

    Location             Delay type                Incr(ns)  Path(ns)    Netlist Resource(s)
  -------------------------------------------------------------------    -------------------
                         (clock clk_pl_0 rise edge)
                                                      0.000     0.000 r  
    PS8_X0Y0             PS8                          0.000     0.000 r  design_1_i/zynq_ultra_ps_e_0/inst/PS8_i/PLCLK[0]
                         net (fo=1, routed)           0.229     0.229    design_1_i/zynq_ultra_ps_e_0/inst/pl_clk_unbuffered[0]
    BUFG_PS_X0Y90        BUFG_PS (Prop_BUFG_PS_I_O)
                                                      0.038     0.267 r  design_1_i/zynq_ultra_ps_e_0/inst/buffer_pl_clk_0.PL_CLK_0_BUFG/O
    X0Y1 (CLOCK_ROOT)    net (fo=5771, routed)        2.552     2.819    design_1_i/audio_pipeline_0/inst/inst_fifo/clk
    SLICE_X15Y70         FDRE                                         r  design_1_i/audio_pipeline_0/inst/inst_fifo/rdp_reg[0]/C
  -------------------------------------------------------------------    -------------------
    SLICE_X15Y70         FDRE (Prop_EFF_SLICEL_C_Q)
                                                      0.114     2.933 f  design_1_i/audio_pipeline_0/inst/inst_fifo/rdp_reg[0]/Q
                         net (fo=76, routed)          1.147     4.080    design_1_i/audio_pipeline_0/inst/inst_fifo/rdp_reg__0[0]
    SLICE_X7Y58          LUT1 (Prop_D6LUT_SLICEM_I0_O)
                                                      0.151     4.231 r  design_1_i/audio_pipeline_0/inst/inst_fifo/mem_reg_2048_2111_7_13_i_6/O
                         net (fo=123, routed)         0.975     5.207    design_1_i/audio_pipeline_0/inst/inst_fifo/mem_reg_2432_2495_7_13/ADDRE0
    SLICE_X2Y75          RAMD64E (Prop_E6LUT_SLICEM_RADR0_O)
                                                      0.223     5.430 r  design_1_i/audio_pipeline_0/inst/inst_fifo/mem_reg_2432_2495_7_13/RAME/O
                         net (fo=1, routed)           0.252     5.682    design_1_i/audio_pipeline_0/inst/inst_fifo/mem_reg_2432_2495_7_13_n_4
    SLICE_X3Y74          LUT6 (Prop_C6LUT_SLICEL_I1_O)
                                                      0.187     5.869 r  design_1_i/audio_pipeline_0/inst/inst_fifo/axis_tdata[11]_INST_0_i_18/O
                         net (fo=1, routed)           0.015     5.884    design_1_i/audio_pipeline_0/inst/inst_fifo/axis_tdata[11]_INST_0_i_18_n_0
    SLICE_X3Y74          MUXF7 (Prop_F7MUX_CD_SLICEL_I1_O)
                                                      0.088     5.972 r  design_1_i/audio_pipeline_0/inst/inst_fifo/axis_tdata[11]_INST_0_i_7/O
                         net (fo=1, routed)           0.000     5.972    design_1_i/audio_pipeline_0/inst/inst_fifo/axis_tdata[11]_INST_0_i_7_n_0
    SLICE_X3Y74          MUXF8 (Prop_F8MUX_BOT_SLICEL_I0_O)
                                                      0.031     6.003 r  design_1_i/audio_pipeline_0/inst/inst_fifo/axis_tdata[11]_INST_0_i_2/O
                         net (fo=1, routed)           0.745     6.748    design_1_i/audio_pipeline_0/inst/inst_fifo/axis_tdata[11]_INST_0_i_2_n_0
    SLICE_X9Y64          LUT6 (Prop_G6LUT_SLICEL_I1_O)
                                                      0.226     6.974 r  design_1_i/audio_pipeline_0/inst/inst_fifo/axis_tdata[11]_INST_0/O
                         net (fo=2, routed)           0.269     7.243    design_1_i/axi_dma_0/U0/I_PRMRY_DATAMOVER/GEN_S2MM_FULL.I_S2MM_FULL_WRAPPER/ENABLE_AXIS_SKID.I_S2MM_STRM_SKID_BUF/s_axis_s2mm_tdata[11]
    SLICE_X10Y64         FDRE                                         r  design_1_i/axi_dma_0/U0/I_PRMRY_DATAMOVER/GEN_S2MM_FULL.I_S2MM_FULL_WRAPPER/ENABLE_AXIS_SKID.I_S2MM_STRM_SKID_BUF/sig_data_skid_reg_reg[11]/D
  -------------------------------------------------------------------    -------------------

                         (clock clk_pl_0 rise edge)
                                                     10.000    10.000 r  
    PS8_X0Y0             PS8                          0.000    10.000 r  design_1_i/zynq_ultra_ps_e_0/inst/PS8_i/PLCLK[0]
                         net (fo=1, routed)           0.181    10.181    design_1_i/zynq_ultra_ps_e_0/inst/pl_clk_unbuffered[0]
    BUFG_PS_X0Y90        BUFG_PS (Prop_BUFG_PS_I_O)
                                                      0.035    10.216 r  design_1_i/zynq_ultra_ps_e_0/inst/buffer_pl_clk_0.PL_CLK_0_BUFG/O
    X0Y1 (CLOCK_ROOT)    net (fo=5771, routed)        2.337    12.553    design_1_i/axi_dma_0/U0/I_PRMRY_DATAMOVER/GEN_S2MM_FULL.I_S2MM_FULL_WRAPPER/ENABLE_AXIS_SKID.I_S2MM_STRM_SKID_BUF/s_axi_lite_aclk
    SLICE_X10Y64         FDRE                                         r  design_1_i/axi_dma_0/U0/I_PRMRY_DATAMOVER/GEN_S2MM_FULL.I_S2MM_FULL_WRAPPER/ENABLE_AXIS_SKID.I_S2MM_STRM_SKID_BUF/sig_data_skid_reg_reg[11]/C
                         clock pessimism              0.210    12.763    
                         clock uncertainty           -0.130    12.633    
    SLICE_X10Y64         FDRE (Setup_EFF_SLICEM_C_D)
                                                      0.044    12.677    design_1_i/axi_dma_0/U0/I_PRMRY_DATAMOVER/GEN_S2MM_FULL.I_S2MM_FULL_WRAPPER/ENABLE_AXIS_SKID.I_S2MM_STRM_SKID_BUF/sig_data_skid_reg_reg[11]
  -------------------------------------------------------------------
                         required time                         12.677    
                         arrival time                          -7.243    
  -------------------------------------------------------------------
                         slack                                  5.435    

Slack (MET) :             5.443ns  (required time - arrival time)
  Source:                 design_1_i/audio_pipeline_0/inst/inst_fifo/rdp_reg[0]/C
                            (rising edge-triggered cell FDRE clocked by clk_pl_0  {rise@0.000ns fall@5.000ns period=10.000ns})
  Destination:            design_1_i/axi_dma_0/U0/I_PRMRY_DATAMOVER/GEN_S2MM_FULL.I_S2MM_FULL_WRAPPER/ENABLE_AXIS_SKID.I_S2MM_STRM_SKID_BUF/sig_data_skid_reg_reg[4]/D
                            (rising edge-triggered cell FDRE clocked by clk_pl_0  {rise@0.000ns fall@5.000ns period=10.000ns})
  Path Group:             clk_pl_0
  Path Type:              Setup (Max at Slow Process Corner)
  Requirement:            10.000ns  (clk_pl_0 rise@10.000ns - clk_pl_0 rise@0.000ns)
  Data Path Delay:        4.355ns  (logic 0.939ns (21.560%)  route 3.416ns (78.440%))
  Logic Levels:           6  (LUT2=1 LUT6=2 MUXF7=1 MUXF8=1 RAMD64E=1)
  Clock Path Skew:        -0.116ns (DCD - SCD + CPR)
    Destination Clock Delay (DCD):    2.542ns = ( 12.542 - 10.000 ) 
    Source Clock Delay      (SCD):    2.819ns
    Clock Pessimism Removal (CPR):    0.161ns
  Clock Uncertainty:      0.130ns  ((TSJ^2 + DJ^2)^1/2) / 2 + PE
    Total System Jitter     (TSJ):    0.071ns
    Discrete Jitter          (DJ):    0.250ns
    Phase Error              (PE):    0.000ns
  Clock Net Delay (Source):      2.552ns (routing 1.229ns, distribution 1.323ns)
  Clock Net Delay (Destination): 2.326ns (routing 1.122ns, distribution 1.204ns)

    Location             Delay type                Incr(ns)  Path(ns)    Netlist Resource(s)
  -------------------------------------------------------------------    -------------------
                         (clock clk_pl_0 rise edge)
                                                      0.000     0.000 r  
    PS8_X0Y0             PS8                          0.000     0.000 r  design_1_i/zynq_ultra_ps_e_0/inst/PS8_i/PLCLK[0]
                         net (fo=1, routed)           0.229     0.229    design_1_i/zynq_ultra_ps_e_0/inst/pl_clk_unbuffered[0]
    BUFG_PS_X0Y90        BUFG_PS (Prop_BUFG_PS_I_O)
                                                      0.038     0.267 r  design_1_i/zynq_ultra_ps_e_0/inst/buffer_pl_clk_0.PL_CLK_0_BUFG/O
    X0Y1 (CLOCK_ROOT)    net (fo=5771, routed)        2.552     2.819    design_1_i/audio_pipeline_0/inst/inst_fifo/clk
    SLICE_X15Y70         FDRE                                         r  design_1_i/audio_pipeline_0/inst/inst_fifo/rdp_reg[0]/C
  -------------------------------------------------------------------    -------------------
    SLICE_X15Y70         FDRE (Prop_EFF_SLICEL_C_Q)
                                                      0.114     2.933 r  design_1_i/audio_pipeline_0/inst/inst_fifo/rdp_reg[0]/Q
                         net (fo=76, routed)          1.137     4.070    design_1_i/audio_pipeline_0/inst/inst_fifo/rdp_reg__0[0]
    SLICE_X5Y57          LUT2 (Prop_B5LUT_SLICEM_I0_O)
                                                      0.141     4.211 r  design_1_i/audio_pipeline_0/inst/inst_fifo/mem_reg_0_63_0_6_i_5/O
                         net (fo=112, routed)         0.915     5.125    design_1_i/audio_pipeline_0/inst/inst_fifo/mem_reg_64_127_0_6/ADDRE1
    SLICE_X5Y52          RAMD64E (Prop_E6LUT_SLICEM_RADR1_O)
                                                      0.187     5.312 r  design_1_i/audio_pipeline_0/inst/inst_fifo/mem_reg_64_127_0_6/RAME/O
                         net (fo=1, routed)           0.378     5.690    design_1_i/audio_pipeline_0/inst/inst_fifo/mem_reg_64_127_0_6_n_4
    SLICE_X3Y53          LUT6 (Prop_H6LUT_SLICEL_I3_O)
                                                      0.227     5.917 r  design_1_i/audio_pipeline_0/inst/inst_fifo/axis_tdata[4]_INST_0_i_25/O
                         net (fo=1, routed)           0.015     5.932    design_1_i/audio_pipeline_0/inst/inst_fifo/axis_tdata[4]_INST_0_i_25_n_0
    SLICE_X3Y53          MUXF7 (Prop_F7MUX_GH_SLICEL_I0_O)
                                                      0.088     6.020 r  design_1_i/audio_pipeline_0/inst/inst_fifo/axis_tdata[4]_INST_0_i_11/O
                         net (fo=1, routed)           0.000     6.020    design_1_i/audio_pipeline_0/inst/inst_fifo/axis_tdata[4]_INST_0_i_11_n_0
    SLICE_X3Y53          MUXF8 (Prop_F8MUX_TOP_SLICEL_I0_O)
                                                      0.031     6.051 r  design_1_i/audio_pipeline_0/inst/inst_fifo/axis_tdata[4]_INST_0_i_4/O
                         net (fo=1, routed)           0.655     6.706    design_1_i/audio_pipeline_0/inst/inst_fifo/axis_tdata[4]_INST_0_i_4_n_0
    SLICE_X11Y61         LUT6 (Prop_G6LUT_SLICEL_I5_O)
                                                      0.151     6.857 r  design_1_i/audio_pipeline_0/inst/inst_fifo/axis_tdata[4]_INST_0/O
                         net (fo=2, routed)           0.317     7.174    design_1_i/axi_dma_0/U0/I_PRMRY_DATAMOVER/GEN_S2MM_FULL.I_S2MM_FULL_WRAPPER/ENABLE_AXIS_SKID.I_S2MM_STRM_SKID_BUF/s_axis_s2mm_tdata[4]
    SLICE_X11Y56         FDRE                                         r  design_1_i/axi_dma_0/U0/I_PRMRY_DATAMOVER/GEN_S2MM_FULL.I_S2MM_FULL_WRAPPER/ENABLE_AXIS_SKID.I_S2MM_STRM_SKID_BUF/sig_data_skid_reg_reg[4]/D
  -------------------------------------------------------------------    -------------------

                         (clock clk_pl_0 rise edge)
                                                     10.000    10.000 r  
    PS8_X0Y0             PS8                          0.000    10.000 r  design_1_i/zynq_ultra_ps_e_0/inst/PS8_i/PLCLK[0]
                         net (fo=1, routed)           0.181    10.181    design_1_i/zynq_ultra_ps_e_0/inst/pl_clk_unbuffered[0]
    BUFG_PS_X0Y90        BUFG_PS (Prop_BUFG_PS_I_O)
                                                      0.035    10.216 r  design_1_i/zynq_ultra_ps_e_0/inst/buffer_pl_clk_0.PL_CLK_0_BUFG/O
    X0Y1 (CLOCK_ROOT)    net (fo=5771, routed)        2.326    12.542    design_1_i/axi_dma_0/U0/I_PRMRY_DATAMOVER/GEN_S2MM_FULL.I_S2MM_FULL_WRAPPER/ENABLE_AXIS_SKID.I_S2MM_STRM_SKID_BUF/s_axi_lite_aclk
    SLICE_X11Y56         FDRE                                         r  design_1_i/axi_dma_0/U0/I_PRMRY_DATAMOVER/GEN_S2MM_FULL.I_S2MM_FULL_WRAPPER/ENABLE_AXIS_SKID.I_S2MM_STRM_SKID_BUF/sig_data_skid_reg_reg[4]/C
                         clock pessimism              0.161    12.703    
                         clock uncertainty           -0.130    12.573    
    SLICE_X11Y56         FDRE (Setup_FFF_SLICEL_C_D)
                                                      0.044    12.617    design_1_i/axi_dma_0/U0/I_PRMRY_DATAMOVER/GEN_S2MM_FULL.I_S2MM_FULL_WRAPPER/ENABLE_AXIS_SKID.I_S2MM_STRM_SKID_BUF/sig_data_skid_reg_reg[4]
  -------------------------------------------------------------------
                         required time                         12.617    
                         arrival time                          -7.174    
  -------------------------------------------------------------------
                         slack                                  5.443    

Slack (MET) :             5.450ns  (required time - arrival time)
  Source:                 design_1_i/audio_pipeline_0/inst/inst_fifo/rdp_reg[3]/C
                            (rising edge-triggered cell FDRE clocked by clk_pl_0  {rise@0.000ns fall@5.000ns period=10.000ns})
  Destination:            design_1_i/axi_dma_0/U0/I_PRMRY_DATAMOVER/GEN_S2MM_FULL.I_S2MM_FULL_WRAPPER/ENABLE_AXIS_SKID.I_S2MM_STRM_SKID_BUF/sig_data_reg_out_reg[14]/D
                            (rising edge-triggered cell FDRE clocked by clk_pl_0  {rise@0.000ns fall@5.000ns period=10.000ns})
  Path Group:             clk_pl_0
  Path Type:              Setup (Max at Slow Process Corner)
  Requirement:            10.000ns  (clk_pl_0 rise@10.000ns - clk_pl_0 rise@0.000ns)
  Data Path Delay:        4.371ns  (logic 0.974ns (22.281%)  route 3.397ns (77.719%))
  Logic Levels:           7  (LUT3=1 LUT5=1 LUT6=2 MUXF7=1 MUXF8=1 RAMD64E=1)
  Clock Path Skew:        -0.093ns (DCD - SCD + CPR)
    Destination Clock Delay (DCD):    2.528ns = ( 12.528 - 10.000 ) 
    Source Clock Delay      (SCD):    2.831ns
    Clock Pessimism Removal (CPR):    0.210ns
  Clock Uncertainty:      0.130ns  ((TSJ^2 + DJ^2)^1/2) / 2 + PE
    Total System Jitter     (TSJ):    0.071ns
    Discrete Jitter          (DJ):    0.250ns
    Phase Error              (PE):    0.000ns
  Clock Net Delay (Source):      2.564ns (routing 1.229ns, distribution 1.335ns)
  Clock Net Delay (Destination): 2.312ns (routing 1.122ns, distribution 1.190ns)

    Location             Delay type                Incr(ns)  Path(ns)    Netlist Resource(s)
  -------------------------------------------------------------------    -------------------
                         (clock clk_pl_0 rise edge)
                                                      0.000     0.000 r  
    PS8_X0Y0             PS8                          0.000     0.000 r  design_1_i/zynq_ultra_ps_e_0/inst/PS8_i/PLCLK[0]
                         net (fo=1, routed)           0.229     0.229    design_1_i/zynq_ultra_ps_e_0/inst/pl_clk_unbuffered[0]
    BUFG_PS_X0Y90        BUFG_PS (Prop_BUFG_PS_I_O)
                                                      0.038     0.267 r  design_1_i/zynq_ultra_ps_e_0/inst/buffer_pl_clk_0.PL_CLK_0_BUFG/O
    X0Y1 (CLOCK_ROOT)    net (fo=5771, routed)        2.564     2.831    design_1_i/audio_pipeline_0/inst/inst_fifo/clk
    SLICE_X14Y69         FDRE                                         r  design_1_i/audio_pipeline_0/inst/inst_fifo/rdp_reg[3]/C
  -------------------------------------------------------------------    -------------------
    SLICE_X14Y69         FDRE (Prop_CFF_SLICEL_C_Q)
                                                      0.114     2.945 r  design_1_i/audio_pipeline_0/inst/inst_fifo/rdp_reg[3]/Q
                         net (fo=40, routed)          1.053     3.998    design_1_i/audio_pipeline_0/inst/inst_fifo/rdp_reg__0[3]
    SLICE_X10Y64         LUT5 (Prop_H6LUT_SLICEM_I1_O)
                                                      0.228     4.226 r  design_1_i/audio_pipeline_0/inst/inst_fifo/mem_reg_0_63_14_20_i_2/O
                         net (fo=112, routed)         1.614     5.840    design_1_i/audio_pipeline_0/inst/inst_fifo/mem_reg_192_255_14_20/ADDRA4
    SLICE_X17Y65         RAMD64E (Prop_A6LUT_SLICEM_RADR4_O)
                                                      0.083     5.923 r  design_1_i/audio_pipeline_0/inst/inst_fifo/mem_reg_192_255_14_20/RAMA/O
                         net (fo=1, routed)           0.310     6.233    design_1_i/audio_pipeline_0/inst/inst_fifo/mem_reg_192_255_14_20_n_0
    SLICE_X16Y66         LUT6 (Prop_D6LUT_SLICEL_I0_O)
                                                      0.221     6.454 r  design_1_i/audio_pipeline_0/inst/inst_fifo/axis_tdata[14]_INST_0_i_25/O
                         net (fo=1, routed)           0.013     6.467    design_1_i/audio_pipeline_0/inst/inst_fifo/axis_tdata[14]_INST_0_i_25_n_0
    SLICE_X16Y66         MUXF7 (Prop_F7MUX_CD_SLICEL_I0_O)
                                                      0.087     6.554 r  design_1_i/audio_pipeline_0/inst/inst_fifo/axis_tdata[14]_INST_0_i_11/O
                         net (fo=1, routed)           0.000     6.554    design_1_i/audio_pipeline_0/inst/inst_fifo/axis_tdata[14]_INST_0_i_11_n_0
    SLICE_X16Y66         MUXF8 (Prop_F8MUX_BOT_SLICEL_I0_O)
                                                      0.031     6.585 r  design_1_i/audio_pipeline_0/inst/inst_fifo/axis_tdata[14]_INST_0_i_4/O
                         net (fo=1, routed)           0.160     6.745    design_1_i/audio_pipeline_0/inst/inst_fifo/axis_tdata[14]_INST_0_i_4_n_0
    SLICE_X15Y66         LUT6 (Prop_H6LUT_SLICEL_I5_O)
                                                      0.058     6.803 r  design_1_i/audio_pipeline_0/inst/inst_fifo/axis_tdata[14]_INST_0/O
                         net (fo=2, routed)           0.180     6.983    design_1_i/axi_dma_0/U0/I_PRMRY_DATAMOVER/GEN_S2MM_FULL.I_S2MM_FULL_WRAPPER/ENABLE_AXIS_SKID.I_S2MM_STRM_SKID_BUF/s_axis_s2mm_tdata[14]
    SLICE_X16Y63         LUT3 (Prop_D6LUT_SLICEL_I0_O)
                                                      0.152     7.135 r  design_1_i/axi_dma_0/U0/I_PRMRY_DATAMOVER/GEN_S2MM_FULL.I_S2MM_FULL_WRAPPER/ENABLE_AXIS_SKID.I_S2MM_STRM_SKID_BUF/sig_data_reg_out[14]_i_1/O
                         net (fo=1, routed)           0.067     7.202    design_1_i/axi_dma_0/U0/I_PRMRY_DATAMOVER/GEN_S2MM_FULL.I_S2MM_FULL_WRAPPER/ENABLE_AXIS_SKID.I_S2MM_STRM_SKID_BUF/sig_data_skid_mux_out[14]
    SLICE_X16Y63         FDRE                                         r  design_1_i/axi_dma_0/U0/I_PRMRY_DATAMOVER/GEN_S2MM_FULL.I_S2MM_FULL_WRAPPER/ENABLE_AXIS_SKID.I_S2MM_STRM_SKID_BUF/sig_data_reg_out_reg[14]/D
  -------------------------------------------------------------------    -------------------

                         (clock clk_pl_0 rise edge)
                                                     10.000    10.000 r  
    PS8_X0Y0             PS8                          0.000    10.000 r  design_1_i/zynq_ultra_ps_e_0/inst/PS8_i/PLCLK[0]
                         net (fo=1, routed)           0.181    10.181    design_1_i/zynq_ultra_ps_e_0/inst/pl_clk_unbuffered[0]
    BUFG_PS_X0Y90        BUFG_PS (Prop_BUFG_PS_I_O)
                                                      0.035    10.216 r  design_1_i/zynq_ultra_ps_e_0/inst/buffer_pl_clk_0.PL_CLK_0_BUFG/O
    X0Y1 (CLOCK_ROOT)    net (fo=5771, routed)        2.312    12.528    design_1_i/axi_dma_0/U0/I_PRMRY_DATAMOVER/GEN_S2MM_FULL.I_S2MM_FULL_WRAPPER/ENABLE_AXIS_SKID.I_S2MM_STRM_SKID_BUF/s_axi_lite_aclk
    SLICE_X16Y63         FDRE                                         r  design_1_i/axi_dma_0/U0/I_PRMRY_DATAMOVER/GEN_S2MM_FULL.I_S2MM_FULL_WRAPPER/ENABLE_AXIS_SKID.I_S2MM_STRM_SKID_BUF/sig_data_reg_out_reg[14]/C
                         clock pessimism              0.210    12.738    
                         clock uncertainty           -0.130    12.608    
    SLICE_X16Y63         FDRE (Setup_DFF_SLICEL_C_D)
                                                      0.044    12.652    design_1_i/axi_dma_0/U0/I_PRMRY_DATAMOVER/GEN_S2MM_FULL.I_S2MM_FULL_WRAPPER/ENABLE_AXIS_SKID.I_S2MM_STRM_SKID_BUF/sig_data_reg_out_reg[14]
  -------------------------------------------------------------------
                         required time                         12.652    
                         arrival time                          -7.202    
  -------------------------------------------------------------------
                         slack                                  5.450    





Min Delay Paths
--------------------------------------------------------------------------------------
Slack (MET) :             0.018ns  (arrival time - required time)
  Source:                 design_1_i/ps8_0_axi_periph/xbar/inst/gen_sasd.crossbar_sasd_0/reg_slice_r/m_payload_i_reg[16]/C
                            (rising edge-triggered cell FDRE clocked by clk_pl_0  {rise@0.000ns fall@5.000ns period=10.000ns})
  Destination:            design_1_i/ps8_0_axi_periph/s00_couplers/auto_pc/inst/gen_axilite.gen_b2s_conv.axilite_b2s/RD.r_channel_0/rd_data_fifo_0/memory_reg[31][13]_srl32/D
                            (rising edge-triggered cell SRLC32E clocked by clk_pl_0  {rise@0.000ns fall@5.000ns period=10.000ns})
  Path Group:             clk_pl_0
  Path Type:              Hold (Min at Slow Process Corner)
  Requirement:            0.000ns  (clk_pl_0 rise@0.000ns - clk_pl_0 rise@0.000ns)
  Data Path Delay:        0.187ns  (logic 0.112ns (59.893%)  route 0.075ns (40.107%))
  Logic Levels:           0  
  Clock Path Skew:        0.065ns (DCD - SCD - CPR)
    Destination Clock Delay (DCD):    2.881ns
    Source Clock Delay      (SCD):    2.551ns
    Clock Pessimism Removal (CPR):    0.265ns
  Clock Net Delay (Source):      2.335ns (routing 1.122ns, distribution 1.213ns)
  Clock Net Delay (Destination): 2.614ns (routing 1.229ns, distribution 1.385ns)

    Location             Delay type                Incr(ns)  Path(ns)    Netlist Resource(s)
  -------------------------------------------------------------------    -------------------
                         (clock clk_pl_0 rise edge)
                                                      0.000     0.000 r  
    PS8_X0Y0             PS8                          0.000     0.000 r  design_1_i/zynq_ultra_ps_e_0/inst/PS8_i/PLCLK[0]
                         net (fo=1, routed)           0.181     0.181    design_1_i/zynq_ultra_ps_e_0/inst/pl_clk_unbuffered[0]
    BUFG_PS_X0Y90        BUFG_PS (Prop_BUFG_PS_I_O)
                                                      0.035     0.216 r  design_1_i/zynq_ultra_ps_e_0/inst/buffer_pl_clk_0.PL_CLK_0_BUFG/O
    X0Y1 (CLOCK_ROOT)    net (fo=5771, routed)        2.335     2.551    design_1_i/ps8_0_axi_periph/xbar/inst/gen_sasd.crossbar_sasd_0/reg_slice_r/aclk
    SLICE_X3Y102         FDRE                                         r  design_1_i/ps8_0_axi_periph/xbar/inst/gen_sasd.crossbar_sasd_0/reg_slice_r/m_payload_i_reg[16]/C
  -------------------------------------------------------------------    -------------------
    SLICE_X3Y102         FDRE (Prop_CFF_SLICEL_C_Q)
                                                      0.112     2.663 r  design_1_i/ps8_0_axi_periph/xbar/inst/gen_sasd.crossbar_sasd_0/reg_slice_r/m_payload_i_reg[16]/Q
                         net (fo=1, routed)           0.075     2.738    design_1_i/ps8_0_axi_periph/s00_couplers/auto_pc/inst/gen_axilite.gen_b2s_conv.axilite_b2s/RD.r_channel_0/rd_data_fifo_0/in[13]
    SLICE_X2Y101         SRLC32E                                      r  design_1_i/ps8_0_axi_periph/s00_couplers/auto_pc/inst/gen_axilite.gen_b2s_conv.axilite_b2s/RD.r_channel_0/rd_data_fifo_0/memory_reg[31][13]_srl32/D
  -------------------------------------------------------------------    -------------------

                         (clock clk_pl_0 rise edge)
                                                      0.000     0.000 r  
    PS8_X0Y0             PS8                          0.000     0.000 r  design_1_i/zynq_ultra_ps_e_0/inst/PS8_i/PLCLK[0]
                         net (fo=1, routed)           0.229     0.229    design_1_i/zynq_ultra_ps_e_0/inst/pl_clk_unbuffered[0]
    BUFG_PS_X0Y90        BUFG_PS (Prop_BUFG_PS_I_O)
                                                      0.038     0.267 r  design_1_i/zynq_ultra_ps_e_0/inst/buffer_pl_clk_0.PL_CLK_0_BUFG/O
    X0Y1 (CLOCK_ROOT)    net (fo=5771, routed)        2.614     2.881    design_1_i/ps8_0_axi_periph/s00_couplers/auto_pc/inst/gen_axilite.gen_b2s_conv.axilite_b2s/RD.r_channel_0/rd_data_fifo_0/aclk
    SLICE_X2Y101         SRLC32E                                      r  design_1_i/ps8_0_axi_periph/s00_couplers/auto_pc/inst/gen_axilite.gen_b2s_conv.axilite_b2s/RD.r_channel_0/rd_data_fifo_0/memory_reg[31][13]_srl32/CLK
                         clock pessimism             -0.265     2.616    
    SLICE_X2Y101         SRLC32E (Hold_H6LUT_SLICEM_CLK_D)
                                                      0.104     2.720    design_1_i/ps8_0_axi_periph/s00_couplers/auto_pc/inst/gen_axilite.gen_b2s_conv.axilite_b2s/RD.r_channel_0/rd_data_fifo_0/memory_reg[31][13]_srl32
  -------------------------------------------------------------------
                         required time                         -2.720    
                         arrival time                           2.738    
  -------------------------------------------------------------------
                         slack                                  0.018    

Slack (MET) :             0.020ns  (arrival time - required time)
  Source:                 design_1_i/axi_dma_0/U0/I_AXI_DMA_REG_MODULE/GEN_AXI_LITE_IF.AXI_LITE_IF_I/GEN_SYNC_WRITE.rdy_reg/C
                            (rising edge-triggered cell FDRE clocked by clk_pl_0  {rise@0.000ns fall@5.000ns period=10.000ns})
  Destination:            design_1_i/axi_dma_0/U0/I_AXI_DMA_REG_MODULE/GEN_AXI_LITE_IF.AXI_LITE_IF_I/GEN_SYNC_WRITE.wready_i_reg/D
                            (rising edge-triggered cell FDRE clocked by clk_pl_0  {rise@0.000ns fall@5.000ns period=10.000ns})
  Path Group:             clk_pl_0
  Path Type:              Hold (Min at Slow Process Corner)
  Requirement:            0.000ns  (clk_pl_0 rise@0.000ns - clk_pl_0 rise@0.000ns)
  Data Path Delay:        0.247ns  (logic 0.112ns (45.276%)  route 0.135ns (54.724%))
  Logic Levels:           0  
  Clock Path Skew:        0.127ns (DCD - SCD - CPR)
    Destination Clock Delay (DCD):    2.880ns
    Source Clock Delay      (SCD):    2.543ns
    Clock Pessimism Removal (CPR):    0.210ns
  Clock Net Delay (Source):      2.327ns (routing 1.122ns, distribution 1.205ns)
  Clock Net Delay (Destination): 2.613ns (routing 1.229ns, distribution 1.384ns)

    Location             Delay type                Incr(ns)  Path(ns)    Netlist Resource(s)
  -------------------------------------------------------------------    -------------------
                         (clock clk_pl_0 rise edge)
                                                      0.000     0.000 r  
    PS8_X0Y0             PS8                          0.000     0.000 r  design_1_i/zynq_ultra_ps_e_0/inst/PS8_i/PLCLK[0]
                         net (fo=1, routed)           0.181     0.181    design_1_i/zynq_ultra_ps_e_0/inst/pl_clk_unbuffered[0]
    BUFG_PS_X0Y90        BUFG_PS (Prop_BUFG_PS_I_O)
                                                      0.035     0.216 r  design_1_i/zynq_ultra_ps_e_0/inst/buffer_pl_clk_0.PL_CLK_0_BUFG/O
    X0Y1 (CLOCK_ROOT)    net (fo=5771, routed)        2.327     2.543    design_1_i/axi_dma_0/U0/I_AXI_DMA_REG_MODULE/GEN_AXI_LITE_IF.AXI_LITE_IF_I/s_axi_lite_aclk
    SLICE_X10Y112        FDRE                                         r  design_1_i/axi_dma_0/U0/I_AXI_DMA_REG_MODULE/GEN_AXI_LITE_IF.AXI_LITE_IF_I/GEN_SYNC_WRITE.rdy_reg/C
  -------------------------------------------------------------------    -------------------
    SLICE_X10Y112        FDRE (Prop_DFF_SLICEM_C_Q)
                                                      0.112     2.655 r  design_1_i/axi_dma_0/U0/I_AXI_DMA_REG_MODULE/GEN_AXI_LITE_IF.AXI_LITE_IF_I/GEN_SYNC_WRITE.rdy_reg/Q
                         net (fo=4, routed)           0.135     2.790    design_1_i/axi_dma_0/U0/I_AXI_DMA_REG_MODULE/GEN_AXI_LITE_IF.AXI_LITE_IF_I/rdy
    SLICE_X8Y112         FDRE                                         r  design_1_i/axi_dma_0/U0/I_AXI_DMA_REG_MODULE/GEN_AXI_LITE_IF.AXI_LITE_IF_I/GEN_SYNC_WRITE.wready_i_reg/D
  -------------------------------------------------------------------    -------------------

                         (clock clk_pl_0 rise edge)
                                                      0.000     0.000 r  
    PS8_X0Y0             PS8                          0.000     0.000 r  design_1_i/zynq_ultra_ps_e_0/inst/PS8_i/PLCLK[0]
                         net (fo=1, routed)           0.229     0.229    design_1_i/zynq_ultra_ps_e_0/inst/pl_clk_unbuffered[0]
    BUFG_PS_X0Y90        BUFG_PS (Prop_BUFG_PS_I_O)
                                                      0.038     0.267 r  design_1_i/zynq_ultra_ps_e_0/inst/buffer_pl_clk_0.PL_CLK_0_BUFG/O
    X0Y1 (CLOCK_ROOT)    net (fo=5771, routed)        2.613     2.880    design_1_i/axi_dma_0/U0/I_AXI_DMA_REG_MODULE/GEN_AXI_LITE_IF.AXI_LITE_IF_I/s_axi_lite_aclk
    SLICE_X8Y112         FDRE                                         r  design_1_i/axi_dma_0/U0/I_AXI_DMA_REG_MODULE/GEN_AXI_LITE_IF.AXI_LITE_IF_I/GEN_SYNC_WRITE.wready_i_reg/C
                         clock pessimism             -0.210     2.670    
    SLICE_X8Y112         FDRE (Hold_EFF_SLICEM_C_D)
                                                      0.101     2.771    design_1_i/axi_dma_0/U0/I_AXI_DMA_REG_MODULE/GEN_AXI_LITE_IF.AXI_LITE_IF_I/GEN_SYNC_WRITE.wready_i_reg
  -------------------------------------------------------------------
                         required time                         -2.771    
                         arrival time                           2.790    
  -------------------------------------------------------------------
                         slack                                  0.020    

Slack (MET) :             0.020ns  (arrival time - required time)
  Source:                 design_1_i/ps8_0_axi_periph/s00_couplers/auto_ds/inst/gen_downsizer.gen_simple_downsizer.axi_downsizer_inst/USE_READ.read_addr_inst/cmd_queue/inst/fifo_gen_inst/inst_fifo_gen/gconvfifo.rf/grf.rf/gntv_or_sync_fifo.mem/gdm.dm_gen.dm/gpr1.dout_i_reg[23]/C
                            (rising edge-triggered cell FDRE clocked by clk_pl_0  {rise@0.000ns fall@5.000ns period=10.000ns})
  Destination:            design_1_i/ps8_0_axi_periph/s00_couplers/auto_ds/inst/gen_downsizer.gen_simple_downsizer.axi_downsizer_inst/USE_READ.read_addr_inst/cmd_queue/inst/fifo_gen_inst/inst_fifo_gen/gconvfifo.rf/grf.rf/gntv_or_sync_fifo.mem/goreg_dm.dout_i_reg[23]/D
                            (rising edge-triggered cell FDRE clocked by clk_pl_0  {rise@0.000ns fall@5.000ns period=10.000ns})
  Path Group:             clk_pl_0
  Path Type:              Hold (Min at Slow Process Corner)
  Requirement:            0.000ns  (clk_pl_0 rise@0.000ns - clk_pl_0 rise@0.000ns)
  Data Path Delay:        0.241ns  (logic 0.112ns (46.473%)  route 0.129ns (53.527%))
  Logic Levels:           0  
  Clock Path Skew:        0.118ns (DCD - SCD - CPR)
    Destination Clock Delay (DCD):    2.940ns
    Source Clock Delay      (SCD):    2.609ns
    Clock Pessimism Removal (CPR):    0.212ns
  Clock Net Delay (Source):      2.393ns (routing 1.122ns, distribution 1.271ns)
  Clock Net Delay (Destination): 2.673ns (routing 1.229ns, distribution 1.444ns)

    Location             Delay type                Incr(ns)  Path(ns)    Netlist Resource(s)
  -------------------------------------------------------------------    -------------------
                         (clock clk_pl_0 rise edge)
                                                      0.000     0.000 r  
    PS8_X0Y0             PS8                          0.000     0.000 r  design_1_i/zynq_ultra_ps_e_0/inst/PS8_i/PLCLK[0]
                         net (fo=1, routed)           0.181     0.181    design_1_i/zynq_ultra_ps_e_0/inst/pl_clk_unbuffered[0]
    BUFG_PS_X0Y90        BUFG_PS (Prop_BUFG_PS_I_O)
                                                      0.035     0.216 r  design_1_i/zynq_ultra_ps_e_0/inst/buffer_pl_clk_0.PL_CLK_0_BUFG/O
    X0Y1 (CLOCK_ROOT)    net (fo=5771, routed)        2.393     2.609    design_1_i/ps8_0_axi_periph/s00_couplers/auto_ds/inst/gen_downsizer.gen_simple_downsizer.axi_downsizer_inst/USE_READ.read_addr_inst/cmd_queue/inst/fifo_gen_inst/inst_fifo_gen/gconvfifo.rf/grf.rf/gntv_or_sync_fifo.mem/gdm.dm_gen.dm/clk
    SLICE_X4Y121         FDRE                                         r  design_1_i/ps8_0_axi_periph/s00_couplers/auto_ds/inst/gen_downsizer.gen_simple_downsizer.axi_downsizer_inst/USE_READ.read_addr_inst/cmd_queue/inst/fifo_gen_inst/inst_fifo_gen/gconvfifo.rf/grf.rf/gntv_or_sync_fifo.mem/gdm.dm_gen.dm/gpr1.dout_i_reg[23]/C
  -------------------------------------------------------------------    -------------------
    SLICE_X4Y121         FDRE (Prop_EFF_SLICEM_C_Q)
                                                      0.112     2.721 r  design_1_i/ps8_0_axi_periph/s00_couplers/auto_ds/inst/gen_downsizer.gen_simple_downsizer.axi_downsizer_inst/USE_READ.read_addr_inst/cmd_queue/inst/fifo_gen_inst/inst_fifo_gen/gconvfifo.rf/grf.rf/gntv_or_sync_fifo.mem/gdm.dm_gen.dm/gpr1.dout_i_reg[23]/Q
                         net (fo=1, routed)           0.129     2.850    design_1_i/ps8_0_axi_periph/s00_couplers/auto_ds/inst/gen_downsizer.gen_simple_downsizer.axi_downsizer_inst/USE_READ.read_addr_inst/cmd_queue/inst/fifo_gen_inst/inst_fifo_gen/gconvfifo.rf/grf.rf/gntv_or_sync_fifo.mem/dout_i[23]
    SLICE_X3Y120         FDRE                                         r  design_1_i/ps8_0_axi_periph/s00_couplers/auto_ds/inst/gen_downsizer.gen_simple_downsizer.axi_downsizer_inst/USE_READ.read_addr_inst/cmd_queue/inst/fifo_gen_inst/inst_fifo_gen/gconvfifo.rf/grf.rf/gntv_or_sync_fifo.mem/goreg_dm.dout_i_reg[23]/D
  -------------------------------------------------------------------    -------------------

                         (clock clk_pl_0 rise edge)
                                                      0.000     0.000 r  
    PS8_X0Y0             PS8                          0.000     0.000 r  design_1_i/zynq_ultra_ps_e_0/inst/PS8_i/PLCLK[0]
                         net (fo=1, routed)           0.229     0.229    design_1_i/zynq_ultra_ps_e_0/inst/pl_clk_unbuffered[0]
    BUFG_PS_X0Y90        BUFG_PS (Prop_BUFG_PS_I_O)
                                                      0.038     0.267 r  design_1_i/zynq_ultra_ps_e_0/inst/buffer_pl_clk_0.PL_CLK_0_BUFG/O
    X0Y1 (CLOCK_ROOT)    net (fo=5771, routed)        2.673     2.940    design_1_i/ps8_0_axi_periph/s00_couplers/auto_ds/inst/gen_downsizer.gen_simple_downsizer.axi_downsizer_inst/USE_READ.read_addr_inst/cmd_queue/inst/fifo_gen_inst/inst_fifo_gen/gconvfifo.rf/grf.rf/gntv_or_sync_fifo.mem/clk
    SLICE_X3Y120         FDRE                                         r  design_1_i/ps8_0_axi_periph/s00_couplers/auto_ds/inst/gen_downsizer.gen_simple_downsizer.axi_downsizer_inst/USE_READ.read_addr_inst/cmd_queue/inst/fifo_gen_inst/inst_fifo_gen/gconvfifo.rf/grf.rf/gntv_or_sync_fifo.mem/goreg_dm.dout_i_reg[23]/C
                         clock pessimism             -0.212     2.727    
    SLICE_X3Y120         FDRE (Hold_GFF2_SLICEL_C_D)
                                                      0.103     2.830    design_1_i/ps8_0_axi_periph/s00_couplers/auto_ds/inst/gen_downsizer.gen_simple_downsizer.axi_downsizer_inst/USE_READ.read_addr_inst/cmd_queue/inst/fifo_gen_inst/inst_fifo_gen/gconvfifo.rf/grf.rf/gntv_or_sync_fifo.mem/goreg_dm.dout_i_reg[23]
  -------------------------------------------------------------------
                         required time                         -2.830    
                         arrival time                           2.850    
  -------------------------------------------------------------------
                         slack                                  0.020    

Slack (MET) :             0.023ns  (arrival time - required time)
  Source:                 design_1_i/axi_smc/inst/s00_nodes/s00_w_node/inst/inst_mi_handler/gen_normal_area.gen_upsizer.inst_upsizer/gen_w_ch.accum_reg[bytes][8][userdata][3]/C
                            (rising edge-triggered cell FDRE clocked by clk_pl_0  {rise@0.000ns fall@5.000ns period=10.000ns})
  Destination:            design_1_i/axi_smc/inst/s00_nodes/s00_w_node/inst/inst_mi_handler/gen_normal_area.inst_fifo_node_payld/gen_xpm_memory_fifo.inst_fifo/gen_mem_rep[0].inst_xpm_memory/xpm_memory_base_inst/gen_wr_a.gen_word_narrow.mem_reg_0_31_84_97/RAME/I
                            (rising edge-triggered cell RAMD32 clocked by clk_pl_0  {rise@0.000ns fall@5.000ns period=10.000ns})
  Path Group:             clk_pl_0
  Path Type:              Hold (Min at Slow Process Corner)
  Requirement:            0.000ns  (clk_pl_0 rise@0.000ns - clk_pl_0 rise@0.000ns)
  Data Path Delay:        0.276ns  (logic 0.112ns (40.580%)  route 0.164ns (59.420%))
  Logic Levels:           0  
  Clock Path Skew:        0.150ns (DCD - SCD - CPR)
    Destination Clock Delay (DCD):    2.926ns
    Source Clock Delay      (SCD):    2.566ns
    Clock Pessimism Removal (CPR):    0.209ns
  Clock Net Delay (Source):      2.350ns (routing 1.122ns, distribution 1.228ns)
  Clock Net Delay (Destination): 2.659ns (routing 1.229ns, distribution 1.430ns)

    Location             Delay type                Incr(ns)  Path(ns)    Netlist Resource(s)
  -------------------------------------------------------------------    -------------------
                         (clock clk_pl_0 rise edge)
                                                      0.000     0.000 r  
    PS8_X0Y0             PS8                          0.000     0.000 r  design_1_i/zynq_ultra_ps_e_0/inst/PS8_i/PLCLK[0]
                         net (fo=1, routed)           0.181     0.181    design_1_i/zynq_ultra_ps_e_0/inst/pl_clk_unbuffered[0]
    BUFG_PS_X0Y90        BUFG_PS (Prop_BUFG_PS_I_O)
                                                      0.035     0.216 r  design_1_i/zynq_ultra_ps_e_0/inst/buffer_pl_clk_0.PL_CLK_0_BUFG/O
    X0Y1 (CLOCK_ROOT)    net (fo=5771, routed)        2.350     2.566    design_1_i/axi_smc/inst/s00_nodes/s00_w_node/inst/inst_mi_handler/gen_normal_area.gen_upsizer.inst_upsizer/s_sc_aclk
    SLICE_X2Y63          FDRE                                         r  design_1_i/axi_smc/inst/s00_nodes/s00_w_node/inst/inst_mi_handler/gen_normal_area.gen_upsizer.inst_upsizer/gen_w_ch.accum_reg[bytes][8][userdata][3]/C
  -------------------------------------------------------------------    -------------------
    SLICE_X2Y63          FDRE (Prop_GFF_SLICEM_C_Q)
                                                      0.112     2.678 r  design_1_i/axi_smc/inst/s00_nodes/s00_w_node/inst/inst_mi_handler/gen_normal_area.gen_upsizer.inst_upsizer/gen_w_ch.accum_reg[bytes][8][userdata][3]/Q
                         net (fo=1, routed)           0.164     2.842    design_1_i/axi_smc/inst/s00_nodes/s00_w_node/inst/inst_mi_handler/gen_normal_area.inst_fifo_node_payld/gen_xpm_memory_fifo.inst_fifo/gen_mem_rep[0].inst_xpm_memory/xpm_memory_base_inst/gen_wr_a.gen_word_narrow.mem_reg_0_31_84_97/DIE0
    SLICE_X1Y60          RAMD32                                       r  design_1_i/axi_smc/inst/s00_nodes/s00_w_node/inst/inst_mi_handler/gen_normal_area.inst_fifo_node_payld/gen_xpm_memory_fifo.inst_fifo/gen_mem_rep[0].inst_xpm_memory/xpm_memory_base_inst/gen_wr_a.gen_word_narrow.mem_reg_0_31_84_97/RAME/I
  -------------------------------------------------------------------    -------------------

                         (clock clk_pl_0 rise edge)
                                                      0.000     0.000 r  
    PS8_X0Y0             PS8                          0.000     0.000 r  design_1_i/zynq_ultra_ps_e_0/inst/PS8_i/PLCLK[0]
                         net (fo=1, routed)           0.229     0.229    design_1_i/zynq_ultra_ps_e_0/inst/pl_clk_unbuffered[0]
    BUFG_PS_X0Y90        BUFG_PS (Prop_BUFG_PS_I_O)
                                                      0.038     0.267 r  design_1_i/zynq_ultra_ps_e_0/inst/buffer_pl_clk_0.PL_CLK_0_BUFG/O
    X0Y1 (CLOCK_ROOT)    net (fo=5771, routed)        2.659     2.926    design_1_i/axi_smc/inst/s00_nodes/s00_w_node/inst/inst_mi_handler/gen_normal_area.inst_fifo_node_payld/gen_xpm_memory_fifo.inst_fifo/gen_mem_rep[0].inst_xpm_memory/xpm_memory_base_inst/gen_wr_a.gen_word_narrow.mem_reg_0_31_84_97/WCLK
    SLICE_X1Y60          RAMD32                                       r  design_1_i/axi_smc/inst/s00_nodes/s00_w_node/inst/inst_mi_handler/gen_normal_area.inst_fifo_node_payld/gen_xpm_memory_fifo.inst_fifo/gen_mem_rep[0].inst_xpm_memory/xpm_memory_base_inst/gen_wr_a.gen_word_narrow.mem_reg_0_31_84_97/RAME/CLK
                         clock pessimism             -0.209     2.717    
    SLICE_X1Y60          RAMD32 (Hold_E5LUT_SLICEM_CLK_I)
                                                      0.103     2.820    design_1_i/axi_smc/inst/s00_nodes/s00_w_node/inst/inst_mi_handler/gen_normal_area.inst_fifo_node_payld/gen_xpm_memory_fifo.inst_fifo/gen_mem_rep[0].inst_xpm_memory/xpm_memory_base_inst/gen_wr_a.gen_word_narrow.mem_reg_0_31_84_97/RAME
  -------------------------------------------------------------------
                         required time                         -2.820    
                         arrival time                           2.842    
  -------------------------------------------------------------------
                         slack                                  0.023    

Slack (MET) :             0.023ns  (arrival time - required time)
  Source:                 design_1_i/ps8_0_axi_periph/s00_couplers/auto_ds/inst/gen_downsizer.gen_simple_downsizer.axi_downsizer_inst/USE_WRITE.write_addr_inst/cmd_queue/inst/fifo_gen_inst/inst_fifo_gen/gconvfifo.rf/grf.rf/gntv_or_sync_fifo.mem/gdm.dm_gen.dm/gpr1.dout_i_reg[2]/C
                            (rising edge-triggered cell FDRE clocked by clk_pl_0  {rise@0.000ns fall@5.000ns period=10.000ns})
  Destination:            design_1_i/ps8_0_axi_periph/s00_couplers/auto_ds/inst/gen_downsizer.gen_simple_downsizer.axi_downsizer_inst/USE_WRITE.write_addr_inst/cmd_queue/inst/fifo_gen_inst/inst_fifo_gen/gconvfifo.rf/grf.rf/gntv_or_sync_fifo.mem/goreg_dm.dout_i_reg[2]/D
                            (rising edge-triggered cell FDRE clocked by clk_pl_0  {rise@0.000ns fall@5.000ns period=10.000ns})
  Path Group:             clk_pl_0
  Path Type:              Hold (Min at Slow Process Corner)
  Requirement:            0.000ns  (clk_pl_0 rise@0.000ns - clk_pl_0 rise@0.000ns)
  Data Path Delay:        0.226ns  (logic 0.114ns (50.443%)  route 0.112ns (49.558%))
  Logic Levels:           0  
  Clock Path Skew:        0.102ns (DCD - SCD - CPR)
    Destination Clock Delay (DCD):    2.922ns
    Source Clock Delay      (SCD):    2.607ns
    Clock Pessimism Removal (CPR):    0.213ns
  Clock Net Delay (Source):      2.391ns (routing 1.122ns, distribution 1.269ns)
  Clock Net Delay (Destination): 2.655ns (routing 1.229ns, distribution 1.426ns)

    Location             Delay type                Incr(ns)  Path(ns)    Netlist Resource(s)
  -------------------------------------------------------------------    -------------------
                         (clock clk_pl_0 rise edge)
                                                      0.000     0.000 r  
    PS8_X0Y0             PS8                          0.000     0.000 r  design_1_i/zynq_ultra_ps_e_0/inst/PS8_i/PLCLK[0]
                         net (fo=1, routed)           0.181     0.181    design_1_i/zynq_ultra_ps_e_0/inst/pl_clk_unbuffered[0]
    BUFG_PS_X0Y90        BUFG_PS (Prop_BUFG_PS_I_O)
                                                      0.035     0.216 r  design_1_i/zynq_ultra_ps_e_0/inst/buffer_pl_clk_0.PL_CLK_0_BUFG/O
    X0Y1 (CLOCK_ROOT)    net (fo=5771, routed)        2.391     2.607    design_1_i/ps8_0_axi_periph/s00_couplers/auto_ds/inst/gen_downsizer.gen_simple_downsizer.axi_downsizer_inst/USE_WRITE.write_addr_inst/cmd_queue/inst/fifo_gen_inst/inst_fifo_gen/gconvfifo.rf/grf.rf/gntv_or_sync_fifo.mem/gdm.dm_gen.dm/clk
    SLICE_X7Y121         FDRE                                         r  design_1_i/ps8_0_axi_periph/s00_couplers/auto_ds/inst/gen_downsizer.gen_simple_downsizer.axi_downsizer_inst/USE_WRITE.write_addr_inst/cmd_queue/inst/fifo_gen_inst/inst_fifo_gen/gconvfifo.rf/grf.rf/gntv_or_sync_fifo.mem/gdm.dm_gen.dm/gpr1.dout_i_reg[2]/C
  -------------------------------------------------------------------    -------------------
    SLICE_X7Y121         FDRE (Prop_BFF2_SLICEM_C_Q)
                                                      0.114     2.721 r  design_1_i/ps8_0_axi_periph/s00_couplers/auto_ds/inst/gen_downsizer.gen_simple_downsizer.axi_downsizer_inst/USE_WRITE.write_addr_inst/cmd_queue/inst/fifo_gen_inst/inst_fifo_gen/gconvfifo.rf/grf.rf/gntv_or_sync_fifo.mem/gdm.dm_gen.dm/gpr1.dout_i_reg[2]/Q
                         net (fo=1, routed)           0.112     2.833    design_1_i/ps8_0_axi_periph/s00_couplers/auto_ds/inst/gen_downsizer.gen_simple_downsizer.axi_downsizer_inst/USE_WRITE.write_addr_inst/cmd_queue/inst/fifo_gen_inst/inst_fifo_gen/gconvfifo.rf/grf.rf/gntv_or_sync_fifo.mem/dout_i[2]
    SLICE_X6Y121         FDRE                                         r  design_1_i/ps8_0_axi_periph/s00_couplers/auto_ds/inst/gen_downsizer.gen_simple_downsizer.axi_downsizer_inst/USE_WRITE.write_addr_inst/cmd_queue/inst/fifo_gen_inst/inst_fifo_gen/gconvfifo.rf/grf.rf/gntv_or_sync_fifo.mem/goreg_dm.dout_i_reg[2]/D
  -------------------------------------------------------------------    -------------------

                         (clock clk_pl_0 rise edge)
                                                      0.000     0.000 r  
    PS8_X0Y0             PS8                          0.000     0.000 r  design_1_i/zynq_ultra_ps_e_0/inst/PS8_i/PLCLK[0]
                         net (fo=1, routed)           0.229     0.229    design_1_i/zynq_ultra_ps_e_0/inst/pl_clk_unbuffered[0]
    BUFG_PS_X0Y90        BUFG_PS (Prop_BUFG_PS_I_O)
                                                      0.038     0.267 r  design_1_i/zynq_ultra_ps_e_0/inst/buffer_pl_clk_0.PL_CLK_0_BUFG/O
    X0Y1 (CLOCK_ROOT)    net (fo=5771, routed)        2.655     2.922    design_1_i/ps8_0_axi_periph/s00_couplers/auto_ds/inst/gen_downsizer.gen_simple_downsizer.axi_downsizer_inst/USE_WRITE.write_addr_inst/cmd_queue/inst/fifo_gen_inst/inst_fifo_gen/gconvfifo.rf/grf.rf/gntv_or_sync_fifo.mem/clk
    SLICE_X6Y121         FDRE                                         r  design_1_i/ps8_0_axi_periph/s00_couplers/auto_ds/inst/gen_downsizer.gen_simple_downsizer.axi_downsizer_inst/USE_WRITE.write_addr_inst/cmd_queue/inst/fifo_gen_inst/inst_fifo_gen/gconvfifo.rf/grf.rf/gntv_or_sync_fifo.mem/goreg_dm.dout_i_reg[2]/C
                         clock pessimism             -0.213     2.710    
    SLICE_X6Y121         FDRE (Hold_FFF_SLICEL_C_D)
                                                      0.101     2.811    design_1_i/ps8_0_axi_periph/s00_couplers/auto_ds/inst/gen_downsizer.gen_simple_downsizer.axi_downsizer_inst/USE_WRITE.write_addr_inst/cmd_queue/inst/fifo_gen_inst/inst_fifo_gen/gconvfifo.rf/grf.rf/gntv_or_sync_fifo.mem/goreg_dm.dout_i_reg[2]
  -------------------------------------------------------------------
                         required time                         -2.811    
                         arrival time                           2.833    
  -------------------------------------------------------------------
                         slack                                  0.023    

Slack (MET) :             0.025ns  (arrival time - required time)
  Source:                 design_1_i/ps8_0_axi_periph/s00_couplers/auto_ds/inst/gen_downsizer.gen_simple_downsizer.axi_downsizer_inst/USE_READ.read_addr_inst/cmd_queue/inst/fifo_gen_inst/inst_fifo_gen/gconvfifo.rf/grf.rf/gntv_or_sync_fifo.mem/gdm.dm_gen.dm/gpr1.dout_i_reg[21]/C
                            (rising edge-triggered cell FDRE clocked by clk_pl_0  {rise@0.000ns fall@5.000ns period=10.000ns})
  Destination:            design_1_i/ps8_0_axi_periph/s00_couplers/auto_ds/inst/gen_downsizer.gen_simple_downsizer.axi_downsizer_inst/USE_READ.read_addr_inst/cmd_queue/inst/fifo_gen_inst/inst_fifo_gen/gconvfifo.rf/grf.rf/gntv_or_sync_fifo.mem/goreg_dm.dout_i_reg[21]/D
                            (rising edge-triggered cell FDRE clocked by clk_pl_0  {rise@0.000ns fall@5.000ns period=10.000ns})
  Path Group:             clk_pl_0
  Path Type:              Hold (Min at Slow Process Corner)
  Requirement:            0.000ns  (clk_pl_0 rise@0.000ns - clk_pl_0 rise@0.000ns)
  Data Path Delay:        0.246ns  (logic 0.112ns (45.528%)  route 0.134ns (54.472%))
  Logic Levels:           0  
  Clock Path Skew:        0.118ns (DCD - SCD - CPR)
    Destination Clock Delay (DCD):    2.940ns
    Source Clock Delay      (SCD):    2.609ns
    Clock Pessimism Removal (CPR):    0.212ns
  Clock Net Delay (Source):      2.393ns (routing 1.122ns, distribution 1.271ns)
  Clock Net Delay (Destination): 2.673ns (routing 1.229ns, distribution 1.444ns)

    Location             Delay type                Incr(ns)  Path(ns)    Netlist Resource(s)
  -------------------------------------------------------------------    -------------------
                         (clock clk_pl_0 rise edge)
                                                      0.000     0.000 r  
    PS8_X0Y0             PS8                          0.000     0.000 r  design_1_i/zynq_ultra_ps_e_0/inst/PS8_i/PLCLK[0]
                         net (fo=1, routed)           0.181     0.181    design_1_i/zynq_ultra_ps_e_0/inst/pl_clk_unbuffered[0]
    BUFG_PS_X0Y90        BUFG_PS (Prop_BUFG_PS_I_O)
                                                      0.035     0.216 r  design_1_i/zynq_ultra_ps_e_0/inst/buffer_pl_clk_0.PL_CLK_0_BUFG/O
    X0Y1 (CLOCK_ROOT)    net (fo=5771, routed)        2.393     2.609    design_1_i/ps8_0_axi_periph/s00_couplers/auto_ds/inst/gen_downsizer.gen_simple_downsizer.axi_downsizer_inst/USE_READ.read_addr_inst/cmd_queue/inst/fifo_gen_inst/inst_fifo_gen/gconvfifo.rf/grf.rf/gntv_or_sync_fifo.mem/gdm.dm_gen.dm/clk
    SLICE_X4Y121         FDRE                                         r  design_1_i/ps8_0_axi_periph/s00_couplers/auto_ds/inst/gen_downsizer.gen_simple_downsizer.axi_downsizer_inst/USE_READ.read_addr_inst/cmd_queue/inst/fifo_gen_inst/inst_fifo_gen/gconvfifo.rf/grf.rf/gntv_or_sync_fifo.mem/gdm.dm_gen.dm/gpr1.dout_i_reg[21]/C
  -------------------------------------------------------------------    -------------------
    SLICE_X4Y121         FDRE (Prop_DFF_SLICEM_C_Q)
                                                      0.112     2.721 r  design_1_i/ps8_0_axi_periph/s00_couplers/auto_ds/inst/gen_downsizer.gen_simple_downsizer.axi_downsizer_inst/USE_READ.read_addr_inst/cmd_queue/inst/fifo_gen_inst/inst_fifo_gen/gconvfifo.rf/grf.rf/gntv_or_sync_fifo.mem/gdm.dm_gen.dm/gpr1.dout_i_reg[21]/Q
                         net (fo=1, routed)           0.134     2.855    design_1_i/ps8_0_axi_periph/s00_couplers/auto_ds/inst/gen_downsizer.gen_simple_downsizer.axi_downsizer_inst/USE_READ.read_addr_inst/cmd_queue/inst/fifo_gen_inst/inst_fifo_gen/gconvfifo.rf/grf.rf/gntv_or_sync_fifo.mem/dout_i[21]
    SLICE_X3Y120         FDRE                                         r  design_1_i/ps8_0_axi_periph/s00_couplers/auto_ds/inst/gen_downsizer.gen_simple_downsizer.axi_downsizer_inst/USE_READ.read_addr_inst/cmd_queue/inst/fifo_gen_inst/inst_fifo_gen/gconvfifo.rf/grf.rf/gntv_or_sync_fifo.mem/goreg_dm.dout_i_reg[21]/D
  -------------------------------------------------------------------    -------------------

                         (clock clk_pl_0 rise edge)
                                                      0.000     0.000 r  
    PS8_X0Y0             PS8                          0.000     0.000 r  design_1_i/zynq_ultra_ps_e_0/inst/PS8_i/PLCLK[0]
                         net (fo=1, routed)           0.229     0.229    design_1_i/zynq_ultra_ps_e_0/inst/pl_clk_unbuffered[0]
    BUFG_PS_X0Y90        BUFG_PS (Prop_BUFG_PS_I_O)
                                                      0.038     0.267 r  design_1_i/zynq_ultra_ps_e_0/inst/buffer_pl_clk_0.PL_CLK_0_BUFG/O
    X0Y1 (CLOCK_ROOT)    net (fo=5771, routed)        2.673     2.940    design_1_i/ps8_0_axi_periph/s00_couplers/auto_ds/inst/gen_downsizer.gen_simple_downsizer.axi_downsizer_inst/USE_READ.read_addr_inst/cmd_queue/inst/fifo_gen_inst/inst_fifo_gen/gconvfifo.rf/grf.rf/gntv_or_sync_fifo.mem/clk
    SLICE_X3Y120         FDRE                                         r  design_1_i/ps8_0_axi_periph/s00_couplers/auto_ds/inst/gen_downsizer.gen_simple_downsizer.axi_downsizer_inst/USE_READ.read_addr_inst/cmd_queue/inst/fifo_gen_inst/inst_fifo_gen/gconvfifo.rf/grf.rf/gntv_or_sync_fifo.mem/goreg_dm.dout_i_reg[21]/C
                         clock pessimism             -0.212     2.727    
    SLICE_X3Y120         FDRE (Hold_FFF2_SLICEL_C_D)
                                                      0.103     2.830    design_1_i/ps8_0_axi_periph/s00_couplers/auto_ds/inst/gen_downsizer.gen_simple_downsizer.axi_downsizer_inst/USE_READ.read_addr_inst/cmd_queue/inst/fifo_gen_inst/inst_fifo_gen/gconvfifo.rf/grf.rf/gntv_or_sync_fifo.mem/goreg_dm.dout_i_reg[21]
  -------------------------------------------------------------------
                         required time                         -2.830    
                         arrival time                           2.855    
  -------------------------------------------------------------------
                         slack                                  0.025    

Slack (MET) :             0.026ns  (arrival time - required time)
  Source:                 design_1_i/axi_smc/inst/s00_entry_pipeline/s00_transaction_regulator/inst/gen_endpoint.gen_w_singleorder.w_singleorder/gen_cmd_reg.cmd_reg/m_vector_i_reg[137]/C
                            (rising edge-triggered cell FDRE clocked by clk_pl_0  {rise@0.000ns fall@5.000ns period=10.000ns})
  Destination:            design_1_i/axi_smc/inst/s00_nodes/s00_aw_node/inst/inst_mi_handler/gen_normal_area.inst_fifo_node_payld/gen_xpm_memory_fifo.inst_fifo/gen_mem_rep[0].inst_xpm_memory/xpm_memory_base_inst/gen_wr_a.gen_word_narrow.mem_reg_0_31_70_83/RAMC/I
                            (rising edge-triggered cell RAMD32 clocked by clk_pl_0  {rise@0.000ns fall@5.000ns period=10.000ns})
  Path Group:             clk_pl_0
  Path Type:              Hold (Min at Slow Process Corner)
  Requirement:            0.000ns  (clk_pl_0 rise@0.000ns - clk_pl_0 rise@0.000ns)
  Data Path Delay:        0.272ns  (logic 0.112ns (41.176%)  route 0.160ns (58.824%))
  Logic Levels:           0  
  Clock Path Skew:        0.142ns (DCD - SCD - CPR)
    Destination Clock Delay (DCD):    2.921ns
    Source Clock Delay      (SCD):    2.570ns
    Clock Pessimism Removal (CPR):    0.210ns
  Clock Net Delay (Source):      2.354ns (routing 1.122ns, distribution 1.232ns)
  Clock Net Delay (Destination): 2.654ns (routing 1.229ns, distribution 1.425ns)

    Location             Delay type                Incr(ns)  Path(ns)    Netlist Resource(s)
  -------------------------------------------------------------------    -------------------
                         (clock clk_pl_0 rise edge)
                                                      0.000     0.000 r  
    PS8_X0Y0             PS8                          0.000     0.000 r  design_1_i/zynq_ultra_ps_e_0/inst/PS8_i/PLCLK[0]
                         net (fo=1, routed)           0.181     0.181    design_1_i/zynq_ultra_ps_e_0/inst/pl_clk_unbuffered[0]
    BUFG_PS_X0Y90        BUFG_PS (Prop_BUFG_PS_I_O)
                                                      0.035     0.216 r  design_1_i/zynq_ultra_ps_e_0/inst/buffer_pl_clk_0.PL_CLK_0_BUFG/O
    X0Y1 (CLOCK_ROOT)    net (fo=5771, routed)        2.354     2.570    design_1_i/axi_smc/inst/s00_entry_pipeline/s00_transaction_regulator/inst/gen_endpoint.gen_w_singleorder.w_singleorder/gen_cmd_reg.cmd_reg/aclk
    SLICE_X2Y71          FDRE                                         r  design_1_i/axi_smc/inst/s00_entry_pipeline/s00_transaction_regulator/inst/gen_endpoint.gen_w_singleorder.w_singleorder/gen_cmd_reg.cmd_reg/m_vector_i_reg[137]/C
  -------------------------------------------------------------------    -------------------
    SLICE_X2Y71          FDRE (Prop_GFF_SLICEM_C_Q)
                                                      0.112     2.682 r  design_1_i/axi_smc/inst/s00_entry_pipeline/s00_transaction_regulator/inst/gen_endpoint.gen_w_singleorder.w_singleorder/gen_cmd_reg.cmd_reg/m_vector_i_reg[137]/Q
                         net (fo=1, routed)           0.160     2.842    design_1_i/axi_smc/inst/s00_nodes/s00_aw_node/inst/inst_mi_handler/gen_normal_area.inst_fifo_node_payld/gen_xpm_memory_fifo.inst_fifo/gen_mem_rep[0].inst_xpm_memory/xpm_memory_base_inst/gen_wr_a.gen_word_narrow.mem_reg_0_31_70_83/DIC0
    SLICE_X1Y74          RAMD32                                       r  design_1_i/axi_smc/inst/s00_nodes/s00_aw_node/inst/inst_mi_handler/gen_normal_area.inst_fifo_node_payld/gen_xpm_memory_fifo.inst_fifo/gen_mem_rep[0].inst_xpm_memory/xpm_memory_base_inst/gen_wr_a.gen_word_narrow.mem_reg_0_31_70_83/RAMC/I
  -------------------------------------------------------------------    -------------------

                         (clock clk_pl_0 rise edge)
                                                      0.000     0.000 r  
    PS8_X0Y0             PS8                          0.000     0.000 r  design_1_i/zynq_ultra_ps_e_0/inst/PS8_i/PLCLK[0]
                         net (fo=1, routed)           0.229     0.229    design_1_i/zynq_ultra_ps_e_0/inst/pl_clk_unbuffered[0]
    BUFG_PS_X0Y90        BUFG_PS (Prop_BUFG_PS_I_O)
                                                      0.038     0.267 r  design_1_i/zynq_ultra_ps_e_0/inst/buffer_pl_clk_0.PL_CLK_0_BUFG/O
    X0Y1 (CLOCK_ROOT)    net (fo=5771, routed)        2.654     2.921    design_1_i/axi_smc/inst/s00_nodes/s00_aw_node/inst/inst_mi_handler/gen_normal_area.inst_fifo_node_payld/gen_xpm_memory_fifo.inst_fifo/gen_mem_rep[0].inst_xpm_memory/xpm_memory_base_inst/gen_wr_a.gen_word_narrow.mem_reg_0_31_70_83/WCLK
    SLICE_X1Y74          RAMD32                                       r  design_1_i/axi_smc/inst/s00_nodes/s00_aw_node/inst/inst_mi_handler/gen_normal_area.inst_fifo_node_payld/gen_xpm_memory_fifo.inst_fifo/gen_mem_rep[0].inst_xpm_memory/xpm_memory_base_inst/gen_wr_a.gen_word_narrow.mem_reg_0_31_70_83/RAMC/CLK
                         clock pessimism             -0.210     2.712    
    SLICE_X1Y74          RAMD32 (Hold_C5LUT_SLICEM_CLK_I)
                                                      0.104     2.816    design_1_i/axi_smc/inst/s00_nodes/s00_aw_node/inst/inst_mi_handler/gen_normal_area.inst_fifo_node_payld/gen_xpm_memory_fifo.inst_fifo/gen_mem_rep[0].inst_xpm_memory/xpm_memory_base_inst/gen_wr_a.gen_word_narrow.mem_reg_0_31_70_83/RAMC
  -------------------------------------------------------------------
                         required time                         -2.816    
                         arrival time                           2.842    
  -------------------------------------------------------------------
                         slack                                  0.026    

Slack (MET) :             0.027ns  (arrival time - required time)
  Source:                 design_1_i/ps8_0_axi_periph/s00_couplers/auto_ds/inst/gen_downsizer.gen_simple_downsizer.axi_downsizer_inst/USE_WRITE.write_addr_inst/cmd_queue/inst/fifo_gen_inst/inst_fifo_gen/gconvfifo.rf/grf.rf/gntv_or_sync_fifo.mem/gdm.dm_gen.dm/gpr1.dout_i_reg[25]/C
                            (rising edge-triggered cell FDRE clocked by clk_pl_0  {rise@0.000ns fall@5.000ns period=10.000ns})
  Destination:            design_1_i/ps8_0_axi_periph/s00_couplers/auto_ds/inst/gen_downsizer.gen_simple_downsizer.axi_downsizer_inst/USE_WRITE.write_addr_inst/cmd_queue/inst/fifo_gen_inst/inst_fifo_gen/gconvfifo.rf/grf.rf/gntv_or_sync_fifo.mem/goreg_dm.dout_i_reg[25]/D
                            (rising edge-triggered cell FDRE clocked by clk_pl_0  {rise@0.000ns fall@5.000ns period=10.000ns})
  Path Group:             clk_pl_0
  Path Type:              Hold (Min at Slow Process Corner)
  Requirement:            0.000ns  (clk_pl_0 rise@0.000ns - clk_pl_0 rise@0.000ns)
  Data Path Delay:        0.234ns  (logic 0.111ns (47.436%)  route 0.123ns (52.564%))
  Logic Levels:           0  
  Clock Path Skew:        0.104ns (DCD - SCD - CPR)
    Destination Clock Delay (DCD):    2.870ns
    Source Clock Delay      (SCD):    2.607ns
    Clock Pessimism Removal (CPR):    0.158ns
  Clock Net Delay (Source):      2.391ns (routing 1.122ns, distribution 1.269ns)
  Clock Net Delay (Destination): 2.603ns (routing 1.229ns, distribution 1.374ns)

    Location             Delay type                Incr(ns)  Path(ns)    Netlist Resource(s)
  -------------------------------------------------------------------    -------------------
                         (clock clk_pl_0 rise edge)
                                                      0.000     0.000 r  
    PS8_X0Y0             PS8                          0.000     0.000 r  design_1_i/zynq_ultra_ps_e_0/inst/PS8_i/PLCLK[0]
                         net (fo=1, routed)           0.181     0.181    design_1_i/zynq_ultra_ps_e_0/inst/pl_clk_unbuffered[0]
    BUFG_PS_X0Y90        BUFG_PS (Prop_BUFG_PS_I_O)
                                                      0.035     0.216 r  design_1_i/zynq_ultra_ps_e_0/inst/buffer_pl_clk_0.PL_CLK_0_BUFG/O
    X0Y1 (CLOCK_ROOT)    net (fo=5771, routed)        2.391     2.607    design_1_i/ps8_0_axi_periph/s00_couplers/auto_ds/inst/gen_downsizer.gen_simple_downsizer.axi_downsizer_inst/USE_WRITE.write_addr_inst/cmd_queue/inst/fifo_gen_inst/inst_fifo_gen/gconvfifo.rf/grf.rf/gntv_or_sync_fifo.mem/gdm.dm_gen.dm/clk
    SLICE_X7Y120         FDRE                                         r  design_1_i/ps8_0_axi_periph/s00_couplers/auto_ds/inst/gen_downsizer.gen_simple_downsizer.axi_downsizer_inst/USE_WRITE.write_addr_inst/cmd_queue/inst/fifo_gen_inst/inst_fifo_gen/gconvfifo.rf/grf.rf/gntv_or_sync_fifo.mem/gdm.dm_gen.dm/gpr1.dout_i_reg[25]/C
  -------------------------------------------------------------------    -------------------
    SLICE_X7Y120         FDRE (Prop_FFF_SLICEM_C_Q)
                                                      0.111     2.718 r  design_1_i/ps8_0_axi_periph/s00_couplers/auto_ds/inst/gen_downsizer.gen_simple_downsizer.axi_downsizer_inst/USE_WRITE.write_addr_inst/cmd_queue/inst/fifo_gen_inst/inst_fifo_gen/gconvfifo.rf/grf.rf/gntv_or_sync_fifo.mem/gdm.dm_gen.dm/gpr1.dout_i_reg[25]/Q
                         net (fo=1, routed)           0.123     2.841    design_1_i/ps8_0_axi_periph/s00_couplers/auto_ds/inst/gen_downsizer.gen_simple_downsizer.axi_downsizer_inst/USE_WRITE.write_addr_inst/cmd_queue/inst/fifo_gen_inst/inst_fifo_gen/gconvfifo.rf/grf.rf/gntv_or_sync_fifo.mem/dout_i[25]
    SLICE_X6Y119         FDRE                                         r  design_1_i/ps8_0_axi_periph/s00_couplers/auto_ds/inst/gen_downsizer.gen_simple_downsizer.axi_downsizer_inst/USE_WRITE.write_addr_inst/cmd_queue/inst/fifo_gen_inst/inst_fifo_gen/gconvfifo.rf/grf.rf/gntv_or_sync_fifo.mem/goreg_dm.dout_i_reg[25]/D
  -------------------------------------------------------------------    -------------------

                         (clock clk_pl_0 rise edge)
                                                      0.000     0.000 r  
    PS8_X0Y0             PS8                          0.000     0.000 r  design_1_i/zynq_ultra_ps_e_0/inst/PS8_i/PLCLK[0]
                         net (fo=1, routed)           0.229     0.229    design_1_i/zynq_ultra_ps_e_0/inst/pl_clk_unbuffered[0]
    BUFG_PS_X0Y90        BUFG_PS (Prop_BUFG_PS_I_O)
                                                      0.038     0.267 r  design_1_i/zynq_ultra_ps_e_0/inst/buffer_pl_clk_0.PL_CLK_0_BUFG/O
    X0Y1 (CLOCK_ROOT)    net (fo=5771, routed)        2.603     2.870    design_1_i/ps8_0_axi_periph/s00_couplers/auto_ds/inst/gen_downsizer.gen_simple_downsizer.axi_downsizer_inst/USE_WRITE.write_addr_inst/cmd_queue/inst/fifo_gen_inst/inst_fifo_gen/gconvfifo.rf/grf.rf/gntv_or_sync_fifo.mem/clk
    SLICE_X6Y119         FDRE                                         r  design_1_i/ps8_0_axi_periph/s00_couplers/auto_ds/inst/gen_downsizer.gen_simple_downsizer.axi_downsizer_inst/USE_WRITE.write_addr_inst/cmd_queue/inst/fifo_gen_inst/inst_fifo_gen/gconvfifo.rf/grf.rf/gntv_or_sync_fifo.mem/goreg_dm.dout_i_reg[25]/C
                         clock pessimism             -0.158     2.712    
    SLICE_X6Y119         FDRE (Hold_FFF2_SLICEL_C_D)
                                                      0.103     2.815    design_1_i/ps8_0_axi_periph/s00_couplers/auto_ds/inst/gen_downsizer.gen_simple_downsizer.axi_downsizer_inst/USE_WRITE.write_addr_inst/cmd_queue/inst/fifo_gen_inst/inst_fifo_gen/gconvfifo.rf/grf.rf/gntv_or_sync_fifo.mem/goreg_dm.dout_i_reg[25]
  -------------------------------------------------------------------
                         required time                         -2.815    
                         arrival time                           2.841    
  -------------------------------------------------------------------
                         slack                                  0.027    

Slack (MET) :             0.027ns  (arrival time - required time)
  Source:                 design_1_i/ps8_0_axi_periph/s00_couplers/auto_pc/inst/gen_axilite.gen_b2s_conv.axilite_b2s/SI_REG/aw.aw_pipe/m_payload_i_reg[57]/C
                            (rising edge-triggered cell FDRE clocked by clk_pl_0  {rise@0.000ns fall@5.000ns period=10.000ns})
  Destination:            design_1_i/ps8_0_axi_periph/s00_couplers/auto_pc/inst/gen_axilite.gen_b2s_conv.axilite_b2s/WR.aw_channel_0/s_awlen_r_reg[5]/D
                            (rising edge-triggered cell FDRE clocked by clk_pl_0  {rise@0.000ns fall@5.000ns period=10.000ns})
  Path Group:             clk_pl_0
  Path Type:              Hold (Min at Slow Process Corner)
  Requirement:            0.000ns  (clk_pl_0 rise@0.000ns - clk_pl_0 rise@0.000ns)
  Data Path Delay:        0.245ns  (logic 0.112ns (45.756%)  route 0.133ns (54.244%))
  Logic Levels:           0  
  Clock Path Skew:        0.115ns (DCD - SCD - CPR)
    Destination Clock Delay (DCD):    2.924ns
    Source Clock Delay      (SCD):    2.597ns
    Clock Pessimism Removal (CPR):    0.213ns
  Clock Net Delay (Source):      2.381ns (routing 1.122ns, distribution 1.259ns)
  Clock Net Delay (Destination): 2.657ns (routing 1.229ns, distribution 1.428ns)

    Location             Delay type                Incr(ns)  Path(ns)    Netlist Resource(s)
  -------------------------------------------------------------------    -------------------
                         (clock clk_pl_0 rise edge)
                                                      0.000     0.000 r  
    PS8_X0Y0             PS8                          0.000     0.000 r  design_1_i/zynq_ultra_ps_e_0/inst/PS8_i/PLCLK[0]
                         net (fo=1, routed)           0.181     0.181    design_1_i/zynq_ultra_ps_e_0/inst/pl_clk_unbuffered[0]
    BUFG_PS_X0Y90        BUFG_PS (Prop_BUFG_PS_I_O)
                                                      0.035     0.216 r  design_1_i/zynq_ultra_ps_e_0/inst/buffer_pl_clk_0.PL_CLK_0_BUFG/O
    X0Y1 (CLOCK_ROOT)    net (fo=5771, routed)        2.381     2.597    design_1_i/ps8_0_axi_periph/s00_couplers/auto_pc/inst/gen_axilite.gen_b2s_conv.axilite_b2s/SI_REG/aw.aw_pipe/aclk
    SLICE_X10Y126        FDRE                                         r  design_1_i/ps8_0_axi_periph/s00_couplers/auto_pc/inst/gen_axilite.gen_b2s_conv.axilite_b2s/SI_REG/aw.aw_pipe/m_payload_i_reg[57]/C
  -------------------------------------------------------------------    -------------------
    SLICE_X10Y126        FDRE (Prop_HFF_SLICEM_C_Q)
                                                      0.112     2.709 r  design_1_i/ps8_0_axi_periph/s00_couplers/auto_pc/inst/gen_axilite.gen_b2s_conv.axilite_b2s/SI_REG/aw.aw_pipe/m_payload_i_reg[57]/Q
                         net (fo=3, routed)           0.133     2.842    design_1_i/ps8_0_axi_periph/s00_couplers/auto_pc/inst/gen_axilite.gen_b2s_conv.axilite_b2s/WR.aw_channel_0/s_awlen_r_reg[7]_1[19]
    SLICE_X8Y126         FDRE                                         r  design_1_i/ps8_0_axi_periph/s00_couplers/auto_pc/inst/gen_axilite.gen_b2s_conv.axilite_b2s/WR.aw_channel_0/s_awlen_r_reg[5]/D
  -------------------------------------------------------------------    -------------------

                         (clock clk_pl_0 rise edge)
                                                      0.000     0.000 r  
    PS8_X0Y0             PS8                          0.000     0.000 r  design_1_i/zynq_ultra_ps_e_0/inst/PS8_i/PLCLK[0]
                         net (fo=1, routed)           0.229     0.229    design_1_i/zynq_ultra_ps_e_0/inst/pl_clk_unbuffered[0]
    BUFG_PS_X0Y90        BUFG_PS (Prop_BUFG_PS_I_O)
                                                      0.038     0.267 r  design_1_i/zynq_ultra_ps_e_0/inst/buffer_pl_clk_0.PL_CLK_0_BUFG/O
    X0Y1 (CLOCK_ROOT)    net (fo=5771, routed)        2.657     2.924    design_1_i/ps8_0_axi_periph/s00_couplers/auto_pc/inst/gen_axilite.gen_b2s_conv.axilite_b2s/WR.aw_channel_0/aclk
    SLICE_X8Y126         FDRE                                         r  design_1_i/ps8_0_axi_periph/s00_couplers/auto_pc/inst/gen_axilite.gen_b2s_conv.axilite_b2s/WR.aw_channel_0/s_awlen_r_reg[5]/C
                         clock pessimism             -0.213     2.712    
    SLICE_X8Y126         FDRE (Hold_HFF2_SLICEM_C_D)
                                                      0.103     2.815    design_1_i/ps8_0_axi_periph/s00_couplers/auto_pc/inst/gen_axilite.gen_b2s_conv.axilite_b2s/WR.aw_channel_0/s_awlen_r_reg[5]
  -------------------------------------------------------------------
                         required time                         -2.815    
                         arrival time                           2.842    
  -------------------------------------------------------------------
                         slack                                  0.027    

Slack (MET) :             0.029ns  (arrival time - required time)
  Source:                 design_1_i/ps8_0_axi_periph/xbar/inst/gen_sasd.crossbar_sasd_0/reg_slice_r/m_payload_i_reg[21]/C
                            (rising edge-triggered cell FDRE clocked by clk_pl_0  {rise@0.000ns fall@5.000ns period=10.000ns})
  Destination:            design_1_i/ps8_0_axi_periph/s00_couplers/auto_pc/inst/gen_axilite.gen_b2s_conv.axilite_b2s/RD.r_channel_0/rd_data_fifo_0/memory_reg[31][18]_srl32/D
                            (rising edge-triggered cell SRLC32E clocked by clk_pl_0  {rise@0.000ns fall@5.000ns period=10.000ns})
  Path Group:             clk_pl_0
  Path Type:              Hold (Min at Slow Process Corner)
  Requirement:            0.000ns  (clk_pl_0 rise@0.000ns - clk_pl_0 rise@0.000ns)
  Data Path Delay:        0.253ns  (logic 0.115ns (45.455%)  route 0.138ns (54.545%))
  Logic Levels:           0  
  Clock Path Skew:        0.120ns (DCD - SCD - CPR)
    Destination Clock Delay (DCD):    2.884ns
    Source Clock Delay      (SCD):    2.554ns
    Clock Pessimism Removal (CPR):    0.210ns
  Clock Net Delay (Source):      2.338ns (routing 1.122ns, distribution 1.216ns)
  Clock Net Delay (Destination): 2.617ns (routing 1.229ns, distribution 1.388ns)

    Location             Delay type                Incr(ns)  Path(ns)    Netlist Resource(s)
  -------------------------------------------------------------------    -------------------
                         (clock clk_pl_0 rise edge)
                                                      0.000     0.000 r  
    PS8_X0Y0             PS8                          0.000     0.000 r  design_1_i/zynq_ultra_ps_e_0/inst/PS8_i/PLCLK[0]
                         net (fo=1, routed)           0.181     0.181    design_1_i/zynq_ultra_ps_e_0/inst/pl_clk_unbuffered[0]
    BUFG_PS_X0Y90        BUFG_PS (Prop_BUFG_PS_I_O)
                                                      0.035     0.216 r  design_1_i/zynq_ultra_ps_e_0/inst/buffer_pl_clk_0.PL_CLK_0_BUFG/O
    X0Y1 (CLOCK_ROOT)    net (fo=5771, routed)        2.338     2.554    design_1_i/ps8_0_axi_periph/xbar/inst/gen_sasd.crossbar_sasd_0/reg_slice_r/aclk
    SLICE_X5Y103         FDRE                                         r  design_1_i/ps8_0_axi_periph/xbar/inst/gen_sasd.crossbar_sasd_0/reg_slice_r/m_payload_i_reg[21]/C
  -------------------------------------------------------------------    -------------------
    SLICE_X5Y103         FDRE (Prop_DFF2_SLICEM_C_Q)
                                                      0.115     2.669 r  design_1_i/ps8_0_axi_periph/xbar/inst/gen_sasd.crossbar_sasd_0/reg_slice_r/m_payload_i_reg[21]/Q
                         net (fo=1, routed)           0.138     2.807    design_1_i/ps8_0_axi_periph/s00_couplers/auto_pc/inst/gen_axilite.gen_b2s_conv.axilite_b2s/RD.r_channel_0/rd_data_fifo_0/in[18]
    SLICE_X2Y104         SRLC32E                                      r  design_1_i/ps8_0_axi_periph/s00_couplers/auto_pc/inst/gen_axilite.gen_b2s_conv.axilite_b2s/RD.r_channel_0/rd_data_fifo_0/memory_reg[31][18]_srl32/D
  -------------------------------------------------------------------    -------------------

                         (clock clk_pl_0 rise edge)
                                                      0.000     0.000 r  
    PS8_X0Y0             PS8                          0.000     0.000 r  design_1_i/zynq_ultra_ps_e_0/inst/PS8_i/PLCLK[0]
                         net (fo=1, routed)           0.229     0.229    design_1_i/zynq_ultra_ps_e_0/inst/pl_clk_unbuffered[0]
    BUFG_PS_X0Y90        BUFG_PS (Prop_BUFG_PS_I_O)
                                                      0.038     0.267 r  design_1_i/zynq_ultra_ps_e_0/inst/buffer_pl_clk_0.PL_CLK_0_BUFG/O
    X0Y1 (CLOCK_ROOT)    net (fo=5771, routed)        2.617     2.884    design_1_i/ps8_0_axi_periph/s00_couplers/auto_pc/inst/gen_axilite.gen_b2s_conv.axilite_b2s/RD.r_channel_0/rd_data_fifo_0/aclk
    SLICE_X2Y104         SRLC32E                                      r  design_1_i/ps8_0_axi_periph/s00_couplers/auto_pc/inst/gen_axilite.gen_b2s_conv.axilite_b2s/RD.r_channel_0/rd_data_fifo_0/memory_reg[31][18]_srl32/CLK
                         clock pessimism             -0.210     2.674    
    SLICE_X2Y104         SRLC32E (Hold_H6LUT_SLICEM_CLK_D)
                                                      0.104     2.778    design_1_i/ps8_0_axi_periph/s00_couplers/auto_pc/inst/gen_axilite.gen_b2s_conv.axilite_b2s/RD.r_channel_0/rd_data_fifo_0/memory_reg[31][18]_srl32
  -------------------------------------------------------------------
                         required time                         -2.778    
                         arrival time                           2.807    
  -------------------------------------------------------------------
                         slack                                  0.029    





Pulse Width Checks
--------------------------------------------------------------------------------------
Clock Name:         clk_pl_0
Waveform(ns):       { 0.000 5.000 }
Period(ns):         10.000
Sources:            { design_1_i/zynq_ultra_ps_e_0/inst/PS8_i/PLCLK[0] }

Check Type        Corner  Lib Pin             Reference Pin  Required(ns)  Actual(ns)  Slack(ns)  Location     Pin
Min Period        n/a     PS8/MAXIGP0ACLK     n/a            3.000         10.000      7.000      PS8_X0Y0     design_1_i/zynq_ultra_ps_e_0/inst/PS8_i/MAXIGP0ACLK
Min Period        n/a     PS8/SAXIGP0RCLK     n/a            3.000         10.000      7.000      PS8_X0Y0     design_1_i/zynq_ultra_ps_e_0/inst/PS8_i/SAXIGP0RCLK
Min Period        n/a     PS8/SAXIGP0WCLK     n/a            3.000         10.000      7.000      PS8_X0Y0     design_1_i/zynq_ultra_ps_e_0/inst/PS8_i/SAXIGP0WCLK
Min Period        n/a     RAMB36E2/CLKARDCLK  n/a            1.709         10.000      8.291      RAMB36_X0Y8  design_1_i/axi_dma_0/U0/I_PRMRY_DATAMOVER/GEN_S2MM_FULL.I_S2MM_FULL_WRAPPER/GEN_ENABLE_INDET_BTT_SF.I_INDET_BTT/I_DATA_FIFO/BLK_MEM.I_SYNC_FIFOGEN_FIFO/xpm_fifo_instance.xpm_fifo_sync_inst/xpm_fifo_base_inst/gen_sdpram.xpm_memory_base_inst/gen_wr_a.gen_word_narrow.mem_reg/CLKARDCLK
Min Period        n/a     RAMB36E2/CLKBWRCLK  n/a            1.709         10.000      8.291      RAMB36_X0Y8  design_1_i/axi_dma_0/U0/I_PRMRY_DATAMOVER/GEN_S2MM_FULL.I_S2MM_FULL_WRAPPER/GEN_ENABLE_INDET_BTT_SF.I_INDET_BTT/I_DATA_FIFO/BLK_MEM.I_SYNC_FIFOGEN_FIFO/xpm_fifo_instance.xpm_fifo_sync_inst/xpm_fifo_base_inst/gen_sdpram.xpm_memory_base_inst/gen_wr_a.gen_word_narrow.mem_reg/CLKBWRCLK
Min Period        n/a     RAMD64E/CLK         n/a            1.524         10.000      8.476      SLICE_X5Y54  design_1_i/audio_pipeline_0/inst/inst_fifo/mem_reg_0_63_0_6/RAMA/CLK
Min Period        n/a     RAMD64E/CLK         n/a            1.524         10.000      8.476      SLICE_X5Y54  design_1_i/audio_pipeline_0/inst/inst_fifo/mem_reg_0_63_0_6/RAMB/CLK
Min Period        n/a     RAMD64E/CLK         n/a            1.524         10.000      8.476      SLICE_X5Y54  design_1_i/audio_pipeline_0/inst/inst_fifo/mem_reg_0_63_0_6/RAMC/CLK
Min Period        n/a     RAMD64E/CLK         n/a            1.524         10.000      8.476      SLICE_X5Y54  design_1_i/audio_pipeline_0/inst/inst_fifo/mem_reg_0_63_0_6/RAMD/CLK
Min Period        n/a     RAMD64E/CLK         n/a            1.524         10.000      8.476      SLICE_X5Y54  design_1_i/audio_pipeline_0/inst/inst_fifo/mem_reg_0_63_0_6/RAME/CLK
Low Pulse Width   Slow    PS8/MAXIGP0ACLK     n/a            1.500         5.000       3.500      PS8_X0Y0     design_1_i/zynq_ultra_ps_e_0/inst/PS8_i/MAXIGP0ACLK
Low Pulse Width   Fast    PS8/MAXIGP0ACLK     n/a            1.500         5.000       3.500      PS8_X0Y0     design_1_i/zynq_ultra_ps_e_0/inst/PS8_i/MAXIGP0ACLK
Low Pulse Width   Slow    PS8/SAXIGP0RCLK     n/a            1.500         5.000       3.500      PS8_X0Y0     design_1_i/zynq_ultra_ps_e_0/inst/PS8_i/SAXIGP0RCLK
Low Pulse Width   Fast    PS8/SAXIGP0RCLK     n/a            1.500         5.000       3.500      PS8_X0Y0     design_1_i/zynq_ultra_ps_e_0/inst/PS8_i/SAXIGP0RCLK
Low Pulse Width   Slow    PS8/SAXIGP0WCLK     n/a            1.500         5.000       3.500      PS8_X0Y0     design_1_i/zynq_ultra_ps_e_0/inst/PS8_i/SAXIGP0WCLK
Low Pulse Width   Fast    PS8/SAXIGP0WCLK     n/a            1.500         5.000       3.500      PS8_X0Y0     design_1_i/zynq_ultra_ps_e_0/inst/PS8_i/SAXIGP0WCLK
Low Pulse Width   Slow    RAMD64E/CLK         n/a            0.762         5.000       4.238      SLICE_X5Y54  design_1_i/audio_pipeline_0/inst/inst_fifo/mem_reg_0_63_0_6/RAMA/CLK
Low Pulse Width   Fast    RAMD64E/CLK         n/a            0.762         5.000       4.238      SLICE_X5Y54  design_1_i/audio_pipeline_0/inst/inst_fifo/mem_reg_0_63_0_6/RAMA/CLK
Low Pulse Width   Slow    RAMD64E/CLK         n/a            0.762         5.000       4.238      SLICE_X5Y54  design_1_i/audio_pipeline_0/inst/inst_fifo/mem_reg_0_63_0_6/RAMB/CLK
Low Pulse Width   Fast    RAMD64E/CLK         n/a            0.762         5.000       4.238      SLICE_X5Y54  design_1_i/audio_pipeline_0/inst/inst_fifo/mem_reg_0_63_0_6/RAMB/CLK
High Pulse Width  Slow    PS8/MAXIGP0ACLK     n/a            1.500         5.000       3.500      PS8_X0Y0     design_1_i/zynq_ultra_ps_e_0/inst/PS8_i/MAXIGP0ACLK
High Pulse Width  Fast    PS8/MAXIGP0ACLK     n/a            1.500         5.000       3.500      PS8_X0Y0     design_1_i/zynq_ultra_ps_e_0/inst/PS8_i/MAXIGP0ACLK
High Pulse Width  Slow    PS8/SAXIGP0RCLK     n/a            1.500         5.000       3.500      PS8_X0Y0     design_1_i/zynq_ultra_ps_e_0/inst/PS8_i/SAXIGP0RCLK
High Pulse Width  Fast    PS8/SAXIGP0RCLK     n/a            1.500         5.000       3.500      PS8_X0Y0     design_1_i/zynq_ultra_ps_e_0/inst/PS8_i/SAXIGP0RCLK
High Pulse Width  Slow    PS8/SAXIGP0WCLK     n/a            1.500         5.000       3.500      PS8_X0Y0     design_1_i/zynq_ultra_ps_e_0/inst/PS8_i/SAXIGP0WCLK
High Pulse Width  Fast    PS8/SAXIGP0WCLK     n/a            1.500         5.000       3.500      PS8_X0Y0     design_1_i/zynq_ultra_ps_e_0/inst/PS8_i/SAXIGP0WCLK
High Pulse Width  Slow    RAMD64E/CLK         n/a            0.762         5.000       4.238      SLICE_X5Y54  design_1_i/audio_pipeline_0/inst/inst_fifo/mem_reg_0_63_0_6/RAMA/CLK
High Pulse Width  Fast    RAMD64E/CLK         n/a            0.762         5.000       4.238      SLICE_X5Y54  design_1_i/audio_pipeline_0/inst/inst_fifo/mem_reg_0_63_0_6/RAMA/CLK
High Pulse Width  Slow    RAMD64E/CLK         n/a            0.762         5.000       4.238      SLICE_X5Y54  design_1_i/audio_pipeline_0/inst/inst_fifo/mem_reg_0_63_0_6/RAMB/CLK
High Pulse Width  Fast    RAMD64E/CLK         n/a            0.762         5.000       4.238      SLICE_X5Y54  design_1_i/audio_pipeline_0/inst/inst_fifo/mem_reg_0_63_0_6/RAMB/CLK



---------------------------------------------------------------------------------------------------
Path Group:  **async_default**
From Clock:  clk_pl_0
  To Clock:  clk_pl_0

Setup :            0  Failing Endpoints,  Worst Slack        7.183ns,  Total Violation        0.000ns
Hold  :            0  Failing Endpoints,  Worst Slack        0.216ns,  Total Violation        0.000ns
---------------------------------------------------------------------------------------------------


Max Delay Paths
--------------------------------------------------------------------------------------
Slack (MET) :             7.183ns  (required time - arrival time)
  Source:                 design_1_i/rst_ps8_0_99M/U0/ACTIVE_LOW_PR_OUT_DFF[0].FDRE_PER_N/C
                            (rising edge-triggered cell FDRE clocked by clk_pl_0  {rise@0.000ns fall@5.000ns period=10.000ns})
  Destination:            design_1_i/audio_pipeline_0/inst/v_cnt_reg[0]/CLR
                            (recovery check against rising-edge clock clk_pl_0  {rise@0.000ns fall@5.000ns period=10.000ns})
  Path Group:             **async_default**
  Path Type:              Recovery (Max at Slow Process Corner)
  Requirement:            10.000ns  (clk_pl_0 rise@10.000ns - clk_pl_0 rise@0.000ns)
  Data Path Delay:        2.367ns  (logic 0.113ns (4.775%)  route 2.254ns (95.225%))
  Logic Levels:           0  
  Clock Path Skew:        -0.227ns (DCD - SCD + CPR)
    Destination Clock Delay (DCD):    2.506ns = ( 12.506 - 10.000 ) 
    Source Clock Delay      (SCD):    2.891ns
    Clock Pessimism Removal (CPR):    0.158ns
  Clock Uncertainty:      0.130ns  ((TSJ^2 + DJ^2)^1/2) / 2 + PE
    Total System Jitter     (TSJ):    0.071ns
    Discrete Jitter          (DJ):    0.250ns
    Phase Error              (PE):    0.000ns
  Clock Net Delay (Source):      2.624ns (routing 1.229ns, distribution 1.395ns)
  Clock Net Delay (Destination): 2.290ns (routing 1.122ns, distribution 1.168ns)

    Location             Delay type                Incr(ns)  Path(ns)    Netlist Resource(s)
  -------------------------------------------------------------------    -------------------
                         (clock clk_pl_0 rise edge)
                                                      0.000     0.000 r  
    PS8_X0Y0             PS8                          0.000     0.000 r  design_1_i/zynq_ultra_ps_e_0/inst/PS8_i/PLCLK[0]
                         net (fo=1, routed)           0.229     0.229    design_1_i/zynq_ultra_ps_e_0/inst/pl_clk_unbuffered[0]
    BUFG_PS_X0Y90        BUFG_PS (Prop_BUFG_PS_I_O)
                                                      0.038     0.267 r  design_1_i/zynq_ultra_ps_e_0/inst/buffer_pl_clk_0.PL_CLK_0_BUFG/O
    X0Y1 (CLOCK_ROOT)    net (fo=5771, routed)        2.624     2.891    design_1_i/rst_ps8_0_99M/U0/slowest_sync_clk
    SLICE_X13Y124        FDRE                                         r  design_1_i/rst_ps8_0_99M/U0/ACTIVE_LOW_PR_OUT_DFF[0].FDRE_PER_N/C
  -------------------------------------------------------------------    -------------------
    SLICE_X13Y124        FDRE (Prop_EFF_SLICEM_C_Q)
                                                      0.113     3.004 r  design_1_i/rst_ps8_0_99M/U0/ACTIVE_LOW_PR_OUT_DFF[0].FDRE_PER_N/Q
                         net (fo=728, routed)         2.254     5.258    design_1_i/audio_pipeline_0/inst/inst_ctrl_bus_n_1
    SLICE_X14Y91         FDCE                                         f  design_1_i/audio_pipeline_0/inst/v_cnt_reg[0]/CLR  (IS_INVERTED)
  -------------------------------------------------------------------    -------------------

                         (clock clk_pl_0 rise edge)
                                                     10.000    10.000 r  
    PS8_X0Y0             PS8                          0.000    10.000 r  design_1_i/zynq_ultra_ps_e_0/inst/PS8_i/PLCLK[0]
                         net (fo=1, routed)           0.181    10.181    design_1_i/zynq_ultra_ps_e_0/inst/pl_clk_unbuffered[0]
    BUFG_PS_X0Y90        BUFG_PS (Prop_BUFG_PS_I_O)
                                                      0.035    10.216 r  design_1_i/zynq_ultra_ps_e_0/inst/buffer_pl_clk_0.PL_CLK_0_BUFG/O
    X0Y1 (CLOCK_ROOT)    net (fo=5771, routed)        2.290    12.506    design_1_i/audio_pipeline_0/inst/clk
    SLICE_X14Y91         FDCE                                         r  design_1_i/audio_pipeline_0/inst/v_cnt_reg[0]/C
                         clock pessimism              0.158    12.664    
                         clock uncertainty           -0.130    12.534    
    SLICE_X14Y91         FDCE (Recov_AFF_SLICEL_C_CLR)
                                                     -0.093    12.441    design_1_i/audio_pipeline_0/inst/v_cnt_reg[0]
  -------------------------------------------------------------------
                         required time                         12.441    
                         arrival time                          -5.258    
  -------------------------------------------------------------------
                         slack                                  7.183    

Slack (MET) :             7.183ns  (required time - arrival time)
  Source:                 design_1_i/rst_ps8_0_99M/U0/ACTIVE_LOW_PR_OUT_DFF[0].FDRE_PER_N/C
                            (rising edge-triggered cell FDRE clocked by clk_pl_0  {rise@0.000ns fall@5.000ns period=10.000ns})
  Destination:            design_1_i/audio_pipeline_0/inst/v_cnt_reg[16]/CLR
                            (recovery check against rising-edge clock clk_pl_0  {rise@0.000ns fall@5.000ns period=10.000ns})
  Path Group:             **async_default**
  Path Type:              Recovery (Max at Slow Process Corner)
  Requirement:            10.000ns  (clk_pl_0 rise@10.000ns - clk_pl_0 rise@0.000ns)
  Data Path Delay:        2.369ns  (logic 0.113ns (4.771%)  route 2.256ns (95.229%))
  Logic Levels:           0  
  Clock Path Skew:        -0.225ns (DCD - SCD + CPR)
    Destination Clock Delay (DCD):    2.508ns = ( 12.508 - 10.000 ) 
    Source Clock Delay      (SCD):    2.891ns
    Clock Pessimism Removal (CPR):    0.158ns
  Clock Uncertainty:      0.130ns  ((TSJ^2 + DJ^2)^1/2) / 2 + PE
    Total System Jitter     (TSJ):    0.071ns
    Discrete Jitter          (DJ):    0.250ns
    Phase Error              (PE):    0.000ns
  Clock Net Delay (Source):      2.624ns (routing 1.229ns, distribution 1.395ns)
  Clock Net Delay (Destination): 2.292ns (routing 1.122ns, distribution 1.170ns)

    Location             Delay type                Incr(ns)  Path(ns)    Netlist Resource(s)
  -------------------------------------------------------------------    -------------------
                         (clock clk_pl_0 rise edge)
                                                      0.000     0.000 r  
    PS8_X0Y0             PS8                          0.000     0.000 r  design_1_i/zynq_ultra_ps_e_0/inst/PS8_i/PLCLK[0]
                         net (fo=1, routed)           0.229     0.229    design_1_i/zynq_ultra_ps_e_0/inst/pl_clk_unbuffered[0]
    BUFG_PS_X0Y90        BUFG_PS (Prop_BUFG_PS_I_O)
                                                      0.038     0.267 r  design_1_i/zynq_ultra_ps_e_0/inst/buffer_pl_clk_0.PL_CLK_0_BUFG/O
    X0Y1 (CLOCK_ROOT)    net (fo=5771, routed)        2.624     2.891    design_1_i/rst_ps8_0_99M/U0/slowest_sync_clk
    SLICE_X13Y124        FDRE                                         r  design_1_i/rst_ps8_0_99M/U0/ACTIVE_LOW_PR_OUT_DFF[0].FDRE_PER_N/C
  -------------------------------------------------------------------    -------------------
    SLICE_X13Y124        FDRE (Prop_EFF_SLICEM_C_Q)
                                                      0.113     3.004 r  design_1_i/rst_ps8_0_99M/U0/ACTIVE_LOW_PR_OUT_DFF[0].FDRE_PER_N/Q
                         net (fo=728, routed)         2.256     5.260    design_1_i/audio_pipeline_0/inst/inst_ctrl_bus_n_1
    SLICE_X14Y93         FDCE                                         f  design_1_i/audio_pipeline_0/inst/v_cnt_reg[16]/CLR  (IS_INVERTED)
  -------------------------------------------------------------------    -------------------

                         (clock clk_pl_0 rise edge)
                                                     10.000    10.000 r  
    PS8_X0Y0             PS8                          0.000    10.000 r  design_1_i/zynq_ultra_ps_e_0/inst/PS8_i/PLCLK[0]
                         net (fo=1, routed)           0.181    10.181    design_1_i/zynq_ultra_ps_e_0/inst/pl_clk_unbuffered[0]
    BUFG_PS_X0Y90        BUFG_PS (Prop_BUFG_PS_I_O)
                                                      0.035    10.216 r  design_1_i/zynq_ultra_ps_e_0/inst/buffer_pl_clk_0.PL_CLK_0_BUFG/O
    X0Y1 (CLOCK_ROOT)    net (fo=5771, routed)        2.292    12.508    design_1_i/audio_pipeline_0/inst/clk
    SLICE_X14Y93         FDCE                                         r  design_1_i/audio_pipeline_0/inst/v_cnt_reg[16]/C
                         clock pessimism              0.158    12.666    
                         clock uncertainty           -0.130    12.536    
    SLICE_X14Y93         FDCE (Recov_AFF_SLICEL_C_CLR)
                                                     -0.093    12.443    design_1_i/audio_pipeline_0/inst/v_cnt_reg[16]
  -------------------------------------------------------------------
                         required time                         12.443    
                         arrival time                          -5.260    
  -------------------------------------------------------------------
                         slack                                  7.183    

Slack (MET) :             7.183ns  (required time - arrival time)
  Source:                 design_1_i/rst_ps8_0_99M/U0/ACTIVE_LOW_PR_OUT_DFF[0].FDRE_PER_N/C
                            (rising edge-triggered cell FDRE clocked by clk_pl_0  {rise@0.000ns fall@5.000ns period=10.000ns})
  Destination:            design_1_i/audio_pipeline_0/inst/v_cnt_reg[17]/CLR
                            (recovery check against rising-edge clock clk_pl_0  {rise@0.000ns fall@5.000ns period=10.000ns})
  Path Group:             **async_default**
  Path Type:              Recovery (Max at Slow Process Corner)
  Requirement:            10.000ns  (clk_pl_0 rise@10.000ns - clk_pl_0 rise@0.000ns)
  Data Path Delay:        2.369ns  (logic 0.113ns (4.771%)  route 2.256ns (95.229%))
  Logic Levels:           0  
  Clock Path Skew:        -0.225ns (DCD - SCD + CPR)
    Destination Clock Delay (DCD):    2.508ns = ( 12.508 - 10.000 ) 
    Source Clock Delay      (SCD):    2.891ns
    Clock Pessimism Removal (CPR):    0.158ns
  Clock Uncertainty:      0.130ns  ((TSJ^2 + DJ^2)^1/2) / 2 + PE
    Total System Jitter     (TSJ):    0.071ns
    Discrete Jitter          (DJ):    0.250ns
    Phase Error              (PE):    0.000ns
  Clock Net Delay (Source):      2.624ns (routing 1.229ns, distribution 1.395ns)
  Clock Net Delay (Destination): 2.292ns (routing 1.122ns, distribution 1.170ns)

    Location             Delay type                Incr(ns)  Path(ns)    Netlist Resource(s)
  -------------------------------------------------------------------    -------------------
                         (clock clk_pl_0 rise edge)
                                                      0.000     0.000 r  
    PS8_X0Y0             PS8                          0.000     0.000 r  design_1_i/zynq_ultra_ps_e_0/inst/PS8_i/PLCLK[0]
                         net (fo=1, routed)           0.229     0.229    design_1_i/zynq_ultra_ps_e_0/inst/pl_clk_unbuffered[0]
    BUFG_PS_X0Y90        BUFG_PS (Prop_BUFG_PS_I_O)
                                                      0.038     0.267 r  design_1_i/zynq_ultra_ps_e_0/inst/buffer_pl_clk_0.PL_CLK_0_BUFG/O
    X0Y1 (CLOCK_ROOT)    net (fo=5771, routed)        2.624     2.891    design_1_i/rst_ps8_0_99M/U0/slowest_sync_clk
    SLICE_X13Y124        FDRE                                         r  design_1_i/rst_ps8_0_99M/U0/ACTIVE_LOW_PR_OUT_DFF[0].FDRE_PER_N/C
  -------------------------------------------------------------------    -------------------
    SLICE_X13Y124        FDRE (Prop_EFF_SLICEM_C_Q)
                                                      0.113     3.004 r  design_1_i/rst_ps8_0_99M/U0/ACTIVE_LOW_PR_OUT_DFF[0].FDRE_PER_N/Q
                         net (fo=728, routed)         2.256     5.260    design_1_i/audio_pipeline_0/inst/inst_ctrl_bus_n_1
    SLICE_X14Y93         FDCE                                         f  design_1_i/audio_pipeline_0/inst/v_cnt_reg[17]/CLR  (IS_INVERTED)
  -------------------------------------------------------------------    -------------------

                         (clock clk_pl_0 rise edge)
                                                     10.000    10.000 r  
    PS8_X0Y0             PS8                          0.000    10.000 r  design_1_i/zynq_ultra_ps_e_0/inst/PS8_i/PLCLK[0]
                         net (fo=1, routed)           0.181    10.181    design_1_i/zynq_ultra_ps_e_0/inst/pl_clk_unbuffered[0]
    BUFG_PS_X0Y90        BUFG_PS (Prop_BUFG_PS_I_O)
                                                      0.035    10.216 r  design_1_i/zynq_ultra_ps_e_0/inst/buffer_pl_clk_0.PL_CLK_0_BUFG/O
    X0Y1 (CLOCK_ROOT)    net (fo=5771, routed)        2.292    12.508    design_1_i/audio_pipeline_0/inst/clk
    SLICE_X14Y93         FDCE                                         r  design_1_i/audio_pipeline_0/inst/v_cnt_reg[17]/C
                         clock pessimism              0.158    12.666    
                         clock uncertainty           -0.130    12.536    
    SLICE_X14Y93         FDCE (Recov_BFF_SLICEL_C_CLR)
                                                     -0.093    12.443    design_1_i/audio_pipeline_0/inst/v_cnt_reg[17]
  -------------------------------------------------------------------
                         required time                         12.443    
                         arrival time                          -5.260    
  -------------------------------------------------------------------
                         slack                                  7.183    

Slack (MET) :             7.183ns  (required time - arrival time)
  Source:                 design_1_i/rst_ps8_0_99M/U0/ACTIVE_LOW_PR_OUT_DFF[0].FDRE_PER_N/C
                            (rising edge-triggered cell FDRE clocked by clk_pl_0  {rise@0.000ns fall@5.000ns period=10.000ns})
  Destination:            design_1_i/audio_pipeline_0/inst/v_cnt_reg[18]/CLR
                            (recovery check against rising-edge clock clk_pl_0  {rise@0.000ns fall@5.000ns period=10.000ns})
  Path Group:             **async_default**
  Path Type:              Recovery (Max at Slow Process Corner)
  Requirement:            10.000ns  (clk_pl_0 rise@10.000ns - clk_pl_0 rise@0.000ns)
  Data Path Delay:        2.369ns  (logic 0.113ns (4.771%)  route 2.256ns (95.229%))
  Logic Levels:           0  
  Clock Path Skew:        -0.225ns (DCD - SCD + CPR)
    Destination Clock Delay (DCD):    2.508ns = ( 12.508 - 10.000 ) 
    Source Clock Delay      (SCD):    2.891ns
    Clock Pessimism Removal (CPR):    0.158ns
  Clock Uncertainty:      0.130ns  ((TSJ^2 + DJ^2)^1/2) / 2 + PE
    Total System Jitter     (TSJ):    0.071ns
    Discrete Jitter          (DJ):    0.250ns
    Phase Error              (PE):    0.000ns
  Clock Net Delay (Source):      2.624ns (routing 1.229ns, distribution 1.395ns)
  Clock Net Delay (Destination): 2.292ns (routing 1.122ns, distribution 1.170ns)

    Location             Delay type                Incr(ns)  Path(ns)    Netlist Resource(s)
  -------------------------------------------------------------------    -------------------
                         (clock clk_pl_0 rise edge)
                                                      0.000     0.000 r  
    PS8_X0Y0             PS8                          0.000     0.000 r  design_1_i/zynq_ultra_ps_e_0/inst/PS8_i/PLCLK[0]
                         net (fo=1, routed)           0.229     0.229    design_1_i/zynq_ultra_ps_e_0/inst/pl_clk_unbuffered[0]
    BUFG_PS_X0Y90        BUFG_PS (Prop_BUFG_PS_I_O)
                                                      0.038     0.267 r  design_1_i/zynq_ultra_ps_e_0/inst/buffer_pl_clk_0.PL_CLK_0_BUFG/O
    X0Y1 (CLOCK_ROOT)    net (fo=5771, routed)        2.624     2.891    design_1_i/rst_ps8_0_99M/U0/slowest_sync_clk
    SLICE_X13Y124        FDRE                                         r  design_1_i/rst_ps8_0_99M/U0/ACTIVE_LOW_PR_OUT_DFF[0].FDRE_PER_N/C
  -------------------------------------------------------------------    -------------------
    SLICE_X13Y124        FDRE (Prop_EFF_SLICEM_C_Q)
                                                      0.113     3.004 r  design_1_i/rst_ps8_0_99M/U0/ACTIVE_LOW_PR_OUT_DFF[0].FDRE_PER_N/Q
                         net (fo=728, routed)         2.256     5.260    design_1_i/audio_pipeline_0/inst/inst_ctrl_bus_n_1
    SLICE_X14Y93         FDCE                                         f  design_1_i/audio_pipeline_0/inst/v_cnt_reg[18]/CLR  (IS_INVERTED)
  -------------------------------------------------------------------    -------------------

                         (clock clk_pl_0 rise edge)
                                                     10.000    10.000 r  
    PS8_X0Y0             PS8                          0.000    10.000 r  design_1_i/zynq_ultra_ps_e_0/inst/PS8_i/PLCLK[0]
                         net (fo=1, routed)           0.181    10.181    design_1_i/zynq_ultra_ps_e_0/inst/pl_clk_unbuffered[0]
    BUFG_PS_X0Y90        BUFG_PS (Prop_BUFG_PS_I_O)
                                                      0.035    10.216 r  design_1_i/zynq_ultra_ps_e_0/inst/buffer_pl_clk_0.PL_CLK_0_BUFG/O
    X0Y1 (CLOCK_ROOT)    net (fo=5771, routed)        2.292    12.508    design_1_i/audio_pipeline_0/inst/clk
    SLICE_X14Y93         FDCE                                         r  design_1_i/audio_pipeline_0/inst/v_cnt_reg[18]/C
                         clock pessimism              0.158    12.666    
                         clock uncertainty           -0.130    12.536    
    SLICE_X14Y93         FDCE (Recov_CFF_SLICEL_C_CLR)
                                                     -0.093    12.443    design_1_i/audio_pipeline_0/inst/v_cnt_reg[18]
  -------------------------------------------------------------------
                         required time                         12.443    
                         arrival time                          -5.260    
  -------------------------------------------------------------------
                         slack                                  7.183    

Slack (MET) :             7.183ns  (required time - arrival time)
  Source:                 design_1_i/rst_ps8_0_99M/U0/ACTIVE_LOW_PR_OUT_DFF[0].FDRE_PER_N/C
                            (rising edge-triggered cell FDRE clocked by clk_pl_0  {rise@0.000ns fall@5.000ns period=10.000ns})
  Destination:            design_1_i/audio_pipeline_0/inst/v_cnt_reg[19]/CLR
                            (recovery check against rising-edge clock clk_pl_0  {rise@0.000ns fall@5.000ns period=10.000ns})
  Path Group:             **async_default**
  Path Type:              Recovery (Max at Slow Process Corner)
  Requirement:            10.000ns  (clk_pl_0 rise@10.000ns - clk_pl_0 rise@0.000ns)
  Data Path Delay:        2.369ns  (logic 0.113ns (4.771%)  route 2.256ns (95.229%))
  Logic Levels:           0  
  Clock Path Skew:        -0.225ns (DCD - SCD + CPR)
    Destination Clock Delay (DCD):    2.508ns = ( 12.508 - 10.000 ) 
    Source Clock Delay      (SCD):    2.891ns
    Clock Pessimism Removal (CPR):    0.158ns
  Clock Uncertainty:      0.130ns  ((TSJ^2 + DJ^2)^1/2) / 2 + PE
    Total System Jitter     (TSJ):    0.071ns
    Discrete Jitter          (DJ):    0.250ns
    Phase Error              (PE):    0.000ns
  Clock Net Delay (Source):      2.624ns (routing 1.229ns, distribution 1.395ns)
  Clock Net Delay (Destination): 2.292ns (routing 1.122ns, distribution 1.170ns)

    Location             Delay type                Incr(ns)  Path(ns)    Netlist Resource(s)
  -------------------------------------------------------------------    -------------------
                         (clock clk_pl_0 rise edge)
                                                      0.000     0.000 r  
    PS8_X0Y0             PS8                          0.000     0.000 r  design_1_i/zynq_ultra_ps_e_0/inst/PS8_i/PLCLK[0]
                         net (fo=1, routed)           0.229     0.229    design_1_i/zynq_ultra_ps_e_0/inst/pl_clk_unbuffered[0]
    BUFG_PS_X0Y90        BUFG_PS (Prop_BUFG_PS_I_O)
                                                      0.038     0.267 r  design_1_i/zynq_ultra_ps_e_0/inst/buffer_pl_clk_0.PL_CLK_0_BUFG/O
    X0Y1 (CLOCK_ROOT)    net (fo=5771, routed)        2.624     2.891    design_1_i/rst_ps8_0_99M/U0/slowest_sync_clk
    SLICE_X13Y124        FDRE                                         r  design_1_i/rst_ps8_0_99M/U0/ACTIVE_LOW_PR_OUT_DFF[0].FDRE_PER_N/C
  -------------------------------------------------------------------    -------------------
    SLICE_X13Y124        FDRE (Prop_EFF_SLICEM_C_Q)
                                                      0.113     3.004 r  design_1_i/rst_ps8_0_99M/U0/ACTIVE_LOW_PR_OUT_DFF[0].FDRE_PER_N/Q
                         net (fo=728, routed)         2.256     5.260    design_1_i/audio_pipeline_0/inst/inst_ctrl_bus_n_1
    SLICE_X14Y93         FDCE                                         f  design_1_i/audio_pipeline_0/inst/v_cnt_reg[19]/CLR  (IS_INVERTED)
  -------------------------------------------------------------------    -------------------

                         (clock clk_pl_0 rise edge)
                                                     10.000    10.000 r  
    PS8_X0Y0             PS8                          0.000    10.000 r  design_1_i/zynq_ultra_ps_e_0/inst/PS8_i/PLCLK[0]
                         net (fo=1, routed)           0.181    10.181    design_1_i/zynq_ultra_ps_e_0/inst/pl_clk_unbuffered[0]
    BUFG_PS_X0Y90        BUFG_PS (Prop_BUFG_PS_I_O)
                                                      0.035    10.216 r  design_1_i/zynq_ultra_ps_e_0/inst/buffer_pl_clk_0.PL_CLK_0_BUFG/O
    X0Y1 (CLOCK_ROOT)    net (fo=5771, routed)        2.292    12.508    design_1_i/audio_pipeline_0/inst/clk
    SLICE_X14Y93         FDCE                                         r  design_1_i/audio_pipeline_0/inst/v_cnt_reg[19]/C
                         clock pessimism              0.158    12.666    
                         clock uncertainty           -0.130    12.536    
    SLICE_X14Y93         FDCE (Recov_DFF_SLICEL_C_CLR)
                                                     -0.093    12.443    design_1_i/audio_pipeline_0/inst/v_cnt_reg[19]
  -------------------------------------------------------------------
                         required time                         12.443    
                         arrival time                          -5.260    
  -------------------------------------------------------------------
                         slack                                  7.183    

Slack (MET) :             7.183ns  (required time - arrival time)
  Source:                 design_1_i/rst_ps8_0_99M/U0/ACTIVE_LOW_PR_OUT_DFF[0].FDRE_PER_N/C
                            (rising edge-triggered cell FDRE clocked by clk_pl_0  {rise@0.000ns fall@5.000ns period=10.000ns})
  Destination:            design_1_i/audio_pipeline_0/inst/v_cnt_reg[1]/CLR
                            (recovery check against rising-edge clock clk_pl_0  {rise@0.000ns fall@5.000ns period=10.000ns})
  Path Group:             **async_default**
  Path Type:              Recovery (Max at Slow Process Corner)
  Requirement:            10.000ns  (clk_pl_0 rise@10.000ns - clk_pl_0 rise@0.000ns)
  Data Path Delay:        2.367ns  (logic 0.113ns (4.775%)  route 2.254ns (95.225%))
  Logic Levels:           0  
  Clock Path Skew:        -0.227ns (DCD - SCD + CPR)
    Destination Clock Delay (DCD):    2.506ns = ( 12.506 - 10.000 ) 
    Source Clock Delay      (SCD):    2.891ns
    Clock Pessimism Removal (CPR):    0.158ns
  Clock Uncertainty:      0.130ns  ((TSJ^2 + DJ^2)^1/2) / 2 + PE
    Total System Jitter     (TSJ):    0.071ns
    Discrete Jitter          (DJ):    0.250ns
    Phase Error              (PE):    0.000ns
  Clock Net Delay (Source):      2.624ns (routing 1.229ns, distribution 1.395ns)
  Clock Net Delay (Destination): 2.290ns (routing 1.122ns, distribution 1.168ns)

    Location             Delay type                Incr(ns)  Path(ns)    Netlist Resource(s)
  -------------------------------------------------------------------    -------------------
                         (clock clk_pl_0 rise edge)
                                                      0.000     0.000 r  
    PS8_X0Y0             PS8                          0.000     0.000 r  design_1_i/zynq_ultra_ps_e_0/inst/PS8_i/PLCLK[0]
                         net (fo=1, routed)           0.229     0.229    design_1_i/zynq_ultra_ps_e_0/inst/pl_clk_unbuffered[0]
    BUFG_PS_X0Y90        BUFG_PS (Prop_BUFG_PS_I_O)
                                                      0.038     0.267 r  design_1_i/zynq_ultra_ps_e_0/inst/buffer_pl_clk_0.PL_CLK_0_BUFG/O
    X0Y1 (CLOCK_ROOT)    net (fo=5771, routed)        2.624     2.891    design_1_i/rst_ps8_0_99M/U0/slowest_sync_clk
    SLICE_X13Y124        FDRE                                         r  design_1_i/rst_ps8_0_99M/U0/ACTIVE_LOW_PR_OUT_DFF[0].FDRE_PER_N/C
  -------------------------------------------------------------------    -------------------
    SLICE_X13Y124        FDRE (Prop_EFF_SLICEM_C_Q)
                                                      0.113     3.004 r  design_1_i/rst_ps8_0_99M/U0/ACTIVE_LOW_PR_OUT_DFF[0].FDRE_PER_N/Q
                         net (fo=728, routed)         2.254     5.258    design_1_i/audio_pipeline_0/inst/inst_ctrl_bus_n_1
    SLICE_X14Y91         FDCE                                         f  design_1_i/audio_pipeline_0/inst/v_cnt_reg[1]/CLR  (IS_INVERTED)
  -------------------------------------------------------------------    -------------------

                         (clock clk_pl_0 rise edge)
                                                     10.000    10.000 r  
    PS8_X0Y0             PS8                          0.000    10.000 r  design_1_i/zynq_ultra_ps_e_0/inst/PS8_i/PLCLK[0]
                         net (fo=1, routed)           0.181    10.181    design_1_i/zynq_ultra_ps_e_0/inst/pl_clk_unbuffered[0]
    BUFG_PS_X0Y90        BUFG_PS (Prop_BUFG_PS_I_O)
                                                      0.035    10.216 r  design_1_i/zynq_ultra_ps_e_0/inst/buffer_pl_clk_0.PL_CLK_0_BUFG/O
    X0Y1 (CLOCK_ROOT)    net (fo=5771, routed)        2.290    12.506    design_1_i/audio_pipeline_0/inst/clk
    SLICE_X14Y91         FDCE                                         r  design_1_i/audio_pipeline_0/inst/v_cnt_reg[1]/C
                         clock pessimism              0.158    12.664    
                         clock uncertainty           -0.130    12.534    
    SLICE_X14Y91         FDCE (Recov_BFF_SLICEL_C_CLR)
                                                     -0.093    12.441    design_1_i/audio_pipeline_0/inst/v_cnt_reg[1]
  -------------------------------------------------------------------
                         required time                         12.441    
                         arrival time                          -5.258    
  -------------------------------------------------------------------
                         slack                                  7.183    

Slack (MET) :             7.183ns  (required time - arrival time)
  Source:                 design_1_i/rst_ps8_0_99M/U0/ACTIVE_LOW_PR_OUT_DFF[0].FDRE_PER_N/C
                            (rising edge-triggered cell FDRE clocked by clk_pl_0  {rise@0.000ns fall@5.000ns period=10.000ns})
  Destination:            design_1_i/audio_pipeline_0/inst/v_cnt_reg[2]/CLR
                            (recovery check against rising-edge clock clk_pl_0  {rise@0.000ns fall@5.000ns period=10.000ns})
  Path Group:             **async_default**
  Path Type:              Recovery (Max at Slow Process Corner)
  Requirement:            10.000ns  (clk_pl_0 rise@10.000ns - clk_pl_0 rise@0.000ns)
  Data Path Delay:        2.367ns  (logic 0.113ns (4.775%)  route 2.254ns (95.225%))
  Logic Levels:           0  
  Clock Path Skew:        -0.227ns (DCD - SCD + CPR)
    Destination Clock Delay (DCD):    2.506ns = ( 12.506 - 10.000 ) 
    Source Clock Delay      (SCD):    2.891ns
    Clock Pessimism Removal (CPR):    0.158ns
  Clock Uncertainty:      0.130ns  ((TSJ^2 + DJ^2)^1/2) / 2 + PE
    Total System Jitter     (TSJ):    0.071ns
    Discrete Jitter          (DJ):    0.250ns
    Phase Error              (PE):    0.000ns
  Clock Net Delay (Source):      2.624ns (routing 1.229ns, distribution 1.395ns)
  Clock Net Delay (Destination): 2.290ns (routing 1.122ns, distribution 1.168ns)

    Location             Delay type                Incr(ns)  Path(ns)    Netlist Resource(s)
  -------------------------------------------------------------------    -------------------
                         (clock clk_pl_0 rise edge)
                                                      0.000     0.000 r  
    PS8_X0Y0             PS8                          0.000     0.000 r  design_1_i/zynq_ultra_ps_e_0/inst/PS8_i/PLCLK[0]
                         net (fo=1, routed)           0.229     0.229    design_1_i/zynq_ultra_ps_e_0/inst/pl_clk_unbuffered[0]
    BUFG_PS_X0Y90        BUFG_PS (Prop_BUFG_PS_I_O)
                                                      0.038     0.267 r  design_1_i/zynq_ultra_ps_e_0/inst/buffer_pl_clk_0.PL_CLK_0_BUFG/O
    X0Y1 (CLOCK_ROOT)    net (fo=5771, routed)        2.624     2.891    design_1_i/rst_ps8_0_99M/U0/slowest_sync_clk
    SLICE_X13Y124        FDRE                                         r  design_1_i/rst_ps8_0_99M/U0/ACTIVE_LOW_PR_OUT_DFF[0].FDRE_PER_N/C
  -------------------------------------------------------------------    -------------------
    SLICE_X13Y124        FDRE (Prop_EFF_SLICEM_C_Q)
                                                      0.113     3.004 r  design_1_i/rst_ps8_0_99M/U0/ACTIVE_LOW_PR_OUT_DFF[0].FDRE_PER_N/Q
                         net (fo=728, routed)         2.254     5.258    design_1_i/audio_pipeline_0/inst/inst_ctrl_bus_n_1
    SLICE_X14Y91         FDCE                                         f  design_1_i/audio_pipeline_0/inst/v_cnt_reg[2]/CLR  (IS_INVERTED)
  -------------------------------------------------------------------    -------------------

                         (clock clk_pl_0 rise edge)
                                                     10.000    10.000 r  
    PS8_X0Y0             PS8                          0.000    10.000 r  design_1_i/zynq_ultra_ps_e_0/inst/PS8_i/PLCLK[0]
                         net (fo=1, routed)           0.181    10.181    design_1_i/zynq_ultra_ps_e_0/inst/pl_clk_unbuffered[0]
    BUFG_PS_X0Y90        BUFG_PS (Prop_BUFG_PS_I_O)
                                                      0.035    10.216 r  design_1_i/zynq_ultra_ps_e_0/inst/buffer_pl_clk_0.PL_CLK_0_BUFG/O
    X0Y1 (CLOCK_ROOT)    net (fo=5771, routed)        2.290    12.506    design_1_i/audio_pipeline_0/inst/clk
    SLICE_X14Y91         FDCE                                         r  design_1_i/audio_pipeline_0/inst/v_cnt_reg[2]/C
                         clock pessimism              0.158    12.664    
                         clock uncertainty           -0.130    12.534    
    SLICE_X14Y91         FDCE (Recov_CFF_SLICEL_C_CLR)
                                                     -0.093    12.441    design_1_i/audio_pipeline_0/inst/v_cnt_reg[2]
  -------------------------------------------------------------------
                         required time                         12.441    
                         arrival time                          -5.258    
  -------------------------------------------------------------------
                         slack                                  7.183    

Slack (MET) :             7.183ns  (required time - arrival time)
  Source:                 design_1_i/rst_ps8_0_99M/U0/ACTIVE_LOW_PR_OUT_DFF[0].FDRE_PER_N/C
                            (rising edge-triggered cell FDRE clocked by clk_pl_0  {rise@0.000ns fall@5.000ns period=10.000ns})
  Destination:            design_1_i/audio_pipeline_0/inst/v_cnt_reg[3]/CLR
                            (recovery check against rising-edge clock clk_pl_0  {rise@0.000ns fall@5.000ns period=10.000ns})
  Path Group:             **async_default**
  Path Type:              Recovery (Max at Slow Process Corner)
  Requirement:            10.000ns  (clk_pl_0 rise@10.000ns - clk_pl_0 rise@0.000ns)
  Data Path Delay:        2.367ns  (logic 0.113ns (4.775%)  route 2.254ns (95.225%))
  Logic Levels:           0  
  Clock Path Skew:        -0.227ns (DCD - SCD + CPR)
    Destination Clock Delay (DCD):    2.506ns = ( 12.506 - 10.000 ) 
    Source Clock Delay      (SCD):    2.891ns
    Clock Pessimism Removal (CPR):    0.158ns
  Clock Uncertainty:      0.130ns  ((TSJ^2 + DJ^2)^1/2) / 2 + PE
    Total System Jitter     (TSJ):    0.071ns
    Discrete Jitter          (DJ):    0.250ns
    Phase Error              (PE):    0.000ns
  Clock Net Delay (Source):      2.624ns (routing 1.229ns, distribution 1.395ns)
  Clock Net Delay (Destination): 2.290ns (routing 1.122ns, distribution 1.168ns)

    Location             Delay type                Incr(ns)  Path(ns)    Netlist Resource(s)
  -------------------------------------------------------------------    -------------------
                         (clock clk_pl_0 rise edge)
                                                      0.000     0.000 r  
    PS8_X0Y0             PS8                          0.000     0.000 r  design_1_i/zynq_ultra_ps_e_0/inst/PS8_i/PLCLK[0]
                         net (fo=1, routed)           0.229     0.229    design_1_i/zynq_ultra_ps_e_0/inst/pl_clk_unbuffered[0]
    BUFG_PS_X0Y90        BUFG_PS (Prop_BUFG_PS_I_O)
                                                      0.038     0.267 r  design_1_i/zynq_ultra_ps_e_0/inst/buffer_pl_clk_0.PL_CLK_0_BUFG/O
    X0Y1 (CLOCK_ROOT)    net (fo=5771, routed)        2.624     2.891    design_1_i/rst_ps8_0_99M/U0/slowest_sync_clk
    SLICE_X13Y124        FDRE                                         r  design_1_i/rst_ps8_0_99M/U0/ACTIVE_LOW_PR_OUT_DFF[0].FDRE_PER_N/C
  -------------------------------------------------------------------    -------------------
    SLICE_X13Y124        FDRE (Prop_EFF_SLICEM_C_Q)
                                                      0.113     3.004 r  design_1_i/rst_ps8_0_99M/U0/ACTIVE_LOW_PR_OUT_DFF[0].FDRE_PER_N/Q
                         net (fo=728, routed)         2.254     5.258    design_1_i/audio_pipeline_0/inst/inst_ctrl_bus_n_1
    SLICE_X14Y91         FDCE                                         f  design_1_i/audio_pipeline_0/inst/v_cnt_reg[3]/CLR  (IS_INVERTED)
  -------------------------------------------------------------------    -------------------

                         (clock clk_pl_0 rise edge)
                                                     10.000    10.000 r  
    PS8_X0Y0             PS8                          0.000    10.000 r  design_1_i/zynq_ultra_ps_e_0/inst/PS8_i/PLCLK[0]
                         net (fo=1, routed)           0.181    10.181    design_1_i/zynq_ultra_ps_e_0/inst/pl_clk_unbuffered[0]
    BUFG_PS_X0Y90        BUFG_PS (Prop_BUFG_PS_I_O)
                                                      0.035    10.216 r  design_1_i/zynq_ultra_ps_e_0/inst/buffer_pl_clk_0.PL_CLK_0_BUFG/O
    X0Y1 (CLOCK_ROOT)    net (fo=5771, routed)        2.290    12.506    design_1_i/audio_pipeline_0/inst/clk
    SLICE_X14Y91         FDCE                                         r  design_1_i/audio_pipeline_0/inst/v_cnt_reg[3]/C
                         clock pessimism              0.158    12.664    
                         clock uncertainty           -0.130    12.534    
    SLICE_X14Y91         FDCE (Recov_DFF_SLICEL_C_CLR)
                                                     -0.093    12.441    design_1_i/audio_pipeline_0/inst/v_cnt_reg[3]
  -------------------------------------------------------------------
                         required time                         12.441    
                         arrival time                          -5.258    
  -------------------------------------------------------------------
                         slack                                  7.183    

Slack (MET) :             7.183ns  (required time - arrival time)
  Source:                 design_1_i/rst_ps8_0_99M/U0/ACTIVE_LOW_PR_OUT_DFF[0].FDRE_PER_N/C
                            (rising edge-triggered cell FDRE clocked by clk_pl_0  {rise@0.000ns fall@5.000ns period=10.000ns})
  Destination:            design_1_i/audio_pipeline_0/inst/v_cnt_reg[24]/CLR
                            (recovery check against rising-edge clock clk_pl_0  {rise@0.000ns fall@5.000ns period=10.000ns})
  Path Group:             **async_default**
  Path Type:              Recovery (Max at Slow Process Corner)
  Requirement:            10.000ns  (clk_pl_0 rise@10.000ns - clk_pl_0 rise@0.000ns)
  Data Path Delay:        2.371ns  (logic 0.113ns (4.767%)  route 2.258ns (95.233%))
  Logic Levels:           0  
  Clock Path Skew:        -0.223ns (DCD - SCD + CPR)
    Destination Clock Delay (DCD):    2.510ns = ( 12.510 - 10.000 ) 
    Source Clock Delay      (SCD):    2.891ns
    Clock Pessimism Removal (CPR):    0.158ns
  Clock Uncertainty:      0.130ns  ((TSJ^2 + DJ^2)^1/2) / 2 + PE
    Total System Jitter     (TSJ):    0.071ns
    Discrete Jitter          (DJ):    0.250ns
    Phase Error              (PE):    0.000ns
  Clock Net Delay (Source):      2.624ns (routing 1.229ns, distribution 1.395ns)
  Clock Net Delay (Destination): 2.294ns (routing 1.122ns, distribution 1.172ns)

    Location             Delay type                Incr(ns)  Path(ns)    Netlist Resource(s)
  -------------------------------------------------------------------    -------------------
                         (clock clk_pl_0 rise edge)
                                                      0.000     0.000 r  
    PS8_X0Y0             PS8                          0.000     0.000 r  design_1_i/zynq_ultra_ps_e_0/inst/PS8_i/PLCLK[0]
                         net (fo=1, routed)           0.229     0.229    design_1_i/zynq_ultra_ps_e_0/inst/pl_clk_unbuffered[0]
    BUFG_PS_X0Y90        BUFG_PS (Prop_BUFG_PS_I_O)
                                                      0.038     0.267 r  design_1_i/zynq_ultra_ps_e_0/inst/buffer_pl_clk_0.PL_CLK_0_BUFG/O
    X0Y1 (CLOCK_ROOT)    net (fo=5771, routed)        2.624     2.891    design_1_i/rst_ps8_0_99M/U0/slowest_sync_clk
    SLICE_X13Y124        FDRE                                         r  design_1_i/rst_ps8_0_99M/U0/ACTIVE_LOW_PR_OUT_DFF[0].FDRE_PER_N/C
  -------------------------------------------------------------------    -------------------
    SLICE_X13Y124        FDRE (Prop_EFF_SLICEM_C_Q)
                                                      0.113     3.004 r  design_1_i/rst_ps8_0_99M/U0/ACTIVE_LOW_PR_OUT_DFF[0].FDRE_PER_N/Q
                         net (fo=728, routed)         2.258     5.262    design_1_i/audio_pipeline_0/inst/inst_ctrl_bus_n_1
    SLICE_X14Y94         FDCE                                         f  design_1_i/audio_pipeline_0/inst/v_cnt_reg[24]/CLR  (IS_INVERTED)
  -------------------------------------------------------------------    -------------------

                         (clock clk_pl_0 rise edge)
                                                     10.000    10.000 r  
    PS8_X0Y0             PS8                          0.000    10.000 r  design_1_i/zynq_ultra_ps_e_0/inst/PS8_i/PLCLK[0]
                         net (fo=1, routed)           0.181    10.181    design_1_i/zynq_ultra_ps_e_0/inst/pl_clk_unbuffered[0]
    BUFG_PS_X0Y90        BUFG_PS (Prop_BUFG_PS_I_O)
                                                      0.035    10.216 r  design_1_i/zynq_ultra_ps_e_0/inst/buffer_pl_clk_0.PL_CLK_0_BUFG/O
    X0Y1 (CLOCK_ROOT)    net (fo=5771, routed)        2.294    12.510    design_1_i/audio_pipeline_0/inst/clk
    SLICE_X14Y94         FDCE                                         r  design_1_i/audio_pipeline_0/inst/v_cnt_reg[24]/C
                         clock pessimism              0.158    12.668    
                         clock uncertainty           -0.130    12.538    
    SLICE_X14Y94         FDCE (Recov_AFF_SLICEL_C_CLR)
                                                     -0.093    12.445    design_1_i/audio_pipeline_0/inst/v_cnt_reg[24]
  -------------------------------------------------------------------
                         required time                         12.445    
                         arrival time                          -5.262    
  -------------------------------------------------------------------
                         slack                                  7.183    

Slack (MET) :             7.183ns  (required time - arrival time)
  Source:                 design_1_i/rst_ps8_0_99M/U0/ACTIVE_LOW_PR_OUT_DFF[0].FDRE_PER_N/C
                            (rising edge-triggered cell FDRE clocked by clk_pl_0  {rise@0.000ns fall@5.000ns period=10.000ns})
  Destination:            design_1_i/audio_pipeline_0/inst/v_cnt_reg[25]/CLR
                            (recovery check against rising-edge clock clk_pl_0  {rise@0.000ns fall@5.000ns period=10.000ns})
  Path Group:             **async_default**
  Path Type:              Recovery (Max at Slow Process Corner)
  Requirement:            10.000ns  (clk_pl_0 rise@10.000ns - clk_pl_0 rise@0.000ns)
  Data Path Delay:        2.371ns  (logic 0.113ns (4.767%)  route 2.258ns (95.233%))
  Logic Levels:           0  
  Clock Path Skew:        -0.223ns (DCD - SCD + CPR)
    Destination Clock Delay (DCD):    2.510ns = ( 12.510 - 10.000 ) 
    Source Clock Delay      (SCD):    2.891ns
    Clock Pessimism Removal (CPR):    0.158ns
  Clock Uncertainty:      0.130ns  ((TSJ^2 + DJ^2)^1/2) / 2 + PE
    Total System Jitter     (TSJ):    0.071ns
    Discrete Jitter          (DJ):    0.250ns
    Phase Error              (PE):    0.000ns
  Clock Net Delay (Source):      2.624ns (routing 1.229ns, distribution 1.395ns)
  Clock Net Delay (Destination): 2.294ns (routing 1.122ns, distribution 1.172ns)

    Location             Delay type                Incr(ns)  Path(ns)    Netlist Resource(s)
  -------------------------------------------------------------------    -------------------
                         (clock clk_pl_0 rise edge)
                                                      0.000     0.000 r  
    PS8_X0Y0             PS8                          0.000     0.000 r  design_1_i/zynq_ultra_ps_e_0/inst/PS8_i/PLCLK[0]
                         net (fo=1, routed)           0.229     0.229    design_1_i/zynq_ultra_ps_e_0/inst/pl_clk_unbuffered[0]
    BUFG_PS_X0Y90        BUFG_PS (Prop_BUFG_PS_I_O)
                                                      0.038     0.267 r  design_1_i/zynq_ultra_ps_e_0/inst/buffer_pl_clk_0.PL_CLK_0_BUFG/O
    X0Y1 (CLOCK_ROOT)    net (fo=5771, routed)        2.624     2.891    design_1_i/rst_ps8_0_99M/U0/slowest_sync_clk
    SLICE_X13Y124        FDRE                                         r  design_1_i/rst_ps8_0_99M/U0/ACTIVE_LOW_PR_OUT_DFF[0].FDRE_PER_N/C
  -------------------------------------------------------------------    -------------------
    SLICE_X13Y124        FDRE (Prop_EFF_SLICEM_C_Q)
                                                      0.113     3.004 r  design_1_i/rst_ps8_0_99M/U0/ACTIVE_LOW_PR_OUT_DFF[0].FDRE_PER_N/Q
                         net (fo=728, routed)         2.258     5.262    design_1_i/audio_pipeline_0/inst/inst_ctrl_bus_n_1
    SLICE_X14Y94         FDCE                                         f  design_1_i/audio_pipeline_0/inst/v_cnt_reg[25]/CLR  (IS_INVERTED)
  -------------------------------------------------------------------    -------------------

                         (clock clk_pl_0 rise edge)
                                                     10.000    10.000 r  
    PS8_X0Y0             PS8                          0.000    10.000 r  design_1_i/zynq_ultra_ps_e_0/inst/PS8_i/PLCLK[0]
                         net (fo=1, routed)           0.181    10.181    design_1_i/zynq_ultra_ps_e_0/inst/pl_clk_unbuffered[0]
    BUFG_PS_X0Y90        BUFG_PS (Prop_BUFG_PS_I_O)
                                                      0.035    10.216 r  design_1_i/zynq_ultra_ps_e_0/inst/buffer_pl_clk_0.PL_CLK_0_BUFG/O
    X0Y1 (CLOCK_ROOT)    net (fo=5771, routed)        2.294    12.510    design_1_i/audio_pipeline_0/inst/clk
    SLICE_X14Y94         FDCE                                         r  design_1_i/audio_pipeline_0/inst/v_cnt_reg[25]/C
                         clock pessimism              0.158    12.668    
                         clock uncertainty           -0.130    12.538    
    SLICE_X14Y94         FDCE (Recov_BFF_SLICEL_C_CLR)
                                                     -0.093    12.445    design_1_i/audio_pipeline_0/inst/v_cnt_reg[25]
  -------------------------------------------------------------------
                         required time                         12.445    
                         arrival time                          -5.262    
  -------------------------------------------------------------------
                         slack                                  7.183    





Min Delay Paths
--------------------------------------------------------------------------------------
Slack (MET) :             0.216ns  (arrival time - required time)
  Source:                 design_1_i/ps8_0_axi_periph/s00_couplers/auto_ds/inst/gen_downsizer.gen_simple_downsizer.axi_downsizer_inst/USE_READ.read_addr_inst/cmd_queue/inst/fifo_gen_inst/inst_fifo_gen/gconvfifo.rf/grf.rf/rstblk/ngwrdrst.grst.g7serrst.gnsckt_wrst.gcc_rst.sckt_wr_rst_cc_reg[1]/C
                            (rising edge-triggered cell FDRE clocked by clk_pl_0  {rise@0.000ns fall@5.000ns period=10.000ns})
  Destination:            design_1_i/ps8_0_axi_periph/s00_couplers/auto_ds/inst/gen_downsizer.gen_simple_downsizer.axi_downsizer_inst/USE_READ.read_addr_inst/cmd_queue/inst/fifo_gen_inst/inst_fifo_gen/gconvfifo.rf/grf.rf/gntv_or_sync_fifo.gl0.wr/wpntr/gcc0.gc0.count_d1_reg[1]/CLR
                            (removal check against rising-edge clock clk_pl_0  {rise@0.000ns fall@5.000ns period=10.000ns})
  Path Group:             **async_default**
  Path Type:              Removal (Min at Fast Process Corner)
  Requirement:            0.000ns  (clk_pl_0 rise@0.000ns - clk_pl_0 rise@0.000ns)
  Data Path Delay:        0.254ns  (logic 0.104ns (40.876%)  route 0.150ns (59.124%))
  Logic Levels:           1  (LUT3=1)
  Clock Path Skew:        0.056ns (DCD - SCD - CPR)
    Destination Clock Delay (DCD):    1.780ns
    Source Clock Delay      (SCD):    1.596ns
    Clock Pessimism Removal (CPR):    0.128ns
  Clock Net Delay (Source):      1.445ns (routing 0.676ns, distribution 0.769ns)
  Clock Net Delay (Destination): 1.593ns (routing 0.739ns, distribution 0.854ns)

    Location             Delay type                Incr(ns)  Path(ns)    Netlist Resource(s)
  -------------------------------------------------------------------    -------------------
                         (clock clk_pl_0 rise edge)
                                                      0.000     0.000 r  
    PS8_X0Y0             PS8                          0.000     0.000 r  design_1_i/zynq_ultra_ps_e_0/inst/PS8_i/PLCLK[0]
                         net (fo=1, routed)           0.129     0.129    design_1_i/zynq_ultra_ps_e_0/inst/pl_clk_unbuffered[0]
    BUFG_PS_X0Y90        BUFG_PS (Prop_BUFG_PS_I_O)
                                                      0.022     0.151 r  design_1_i/zynq_ultra_ps_e_0/inst/buffer_pl_clk_0.PL_CLK_0_BUFG/O
    X0Y1 (CLOCK_ROOT)    net (fo=5771, routed)        1.445     1.596    design_1_i/ps8_0_axi_periph/s00_couplers/auto_ds/inst/gen_downsizer.gen_simple_downsizer.axi_downsizer_inst/USE_READ.read_addr_inst/cmd_queue/inst/fifo_gen_inst/inst_fifo_gen/gconvfifo.rf/grf.rf/rstblk/clk
    SLICE_X4Y124         FDRE                                         r  design_1_i/ps8_0_axi_periph/s00_couplers/auto_ds/inst/gen_downsizer.gen_simple_downsizer.axi_downsizer_inst/USE_READ.read_addr_inst/cmd_queue/inst/fifo_gen_inst/inst_fifo_gen/gconvfifo.rf/grf.rf/rstblk/ngwrdrst.grst.g7serrst.gnsckt_wrst.gcc_rst.sckt_wr_rst_cc_reg[1]/C
  -------------------------------------------------------------------    -------------------
    SLICE_X4Y124         FDRE (Prop_CFF2_SLICEM_C_Q)
                                                      0.083     1.679 f  design_1_i/ps8_0_axi_periph/s00_couplers/auto_ds/inst/gen_downsizer.gen_simple_downsizer.axi_downsizer_inst/USE_READ.read_addr_inst/cmd_queue/inst/fifo_gen_inst/inst_fifo_gen/gconvfifo.rf/grf.rf/rstblk/ngwrdrst.grst.g7serrst.gnsckt_wrst.gcc_rst.sckt_wr_rst_cc_reg[1]/Q
                         net (fo=2, routed)           0.057     1.736    design_1_i/ps8_0_axi_periph/s00_couplers/auto_ds/inst/gen_downsizer.gen_simple_downsizer.axi_downsizer_inst/USE_READ.read_addr_inst/cmd_queue/inst/fifo_gen_inst/inst_fifo_gen/gconvfifo.rf/grf.rf/rstblk/ngwrdrst.grst.g7serrst.gnsckt_wrst.gcc_rst.sckt_wr_rst_cc[1]
    SLICE_X4Y124         LUT3 (Prop_D6LUT_SLICEM_I0_O)
                                                      0.021     1.757 f  design_1_i/ps8_0_axi_periph/s00_couplers/auto_ds/inst/gen_downsizer.gen_simple_downsizer.axi_downsizer_inst/USE_READ.read_addr_inst/cmd_queue/inst/fifo_gen_inst/inst_fifo_gen/gconvfifo.rf/grf.rf/rstblk/gpregsm1.curr_fwft_state[1]_i_2/O
                         net (fo=32, routed)          0.093     1.850    design_1_i/ps8_0_axi_periph/s00_couplers/auto_ds/inst/gen_downsizer.gen_simple_downsizer.axi_downsizer_inst/USE_READ.read_addr_inst/cmd_queue/inst/fifo_gen_inst/inst_fifo_gen/gconvfifo.rf/grf.rf/gntv_or_sync_fifo.gl0.wr/wpntr/AR[0]
    SLICE_X2Y124         FDCE                                         f  design_1_i/ps8_0_axi_periph/s00_couplers/auto_ds/inst/gen_downsizer.gen_simple_downsizer.axi_downsizer_inst/USE_READ.read_addr_inst/cmd_queue/inst/fifo_gen_inst/inst_fifo_gen/gconvfifo.rf/grf.rf/gntv_or_sync_fifo.gl0.wr/wpntr/gcc0.gc0.count_d1_reg[1]/CLR
  -------------------------------------------------------------------    -------------------

                         (clock clk_pl_0 rise edge)
                                                      0.000     0.000 r  
    PS8_X0Y0             PS8                          0.000     0.000 r  design_1_i/zynq_ultra_ps_e_0/inst/PS8_i/PLCLK[0]
                         net (fo=1, routed)           0.164     0.164    design_1_i/zynq_ultra_ps_e_0/inst/pl_clk_unbuffered[0]
    BUFG_PS_X0Y90        BUFG_PS (Prop_BUFG_PS_I_O)
                                                      0.023     0.187 r  design_1_i/zynq_ultra_ps_e_0/inst/buffer_pl_clk_0.PL_CLK_0_BUFG/O
    X0Y1 (CLOCK_ROOT)    net (fo=5771, routed)        1.593     1.780    design_1_i/ps8_0_axi_periph/s00_couplers/auto_ds/inst/gen_downsizer.gen_simple_downsizer.axi_downsizer_inst/USE_READ.read_addr_inst/cmd_queue/inst/fifo_gen_inst/inst_fifo_gen/gconvfifo.rf/grf.rf/gntv_or_sync_fifo.gl0.wr/wpntr/clk
    SLICE_X2Y124         FDCE                                         r  design_1_i/ps8_0_axi_periph/s00_couplers/auto_ds/inst/gen_downsizer.gen_simple_downsizer.axi_downsizer_inst/USE_READ.read_addr_inst/cmd_queue/inst/fifo_gen_inst/inst_fifo_gen/gconvfifo.rf/grf.rf/gntv_or_sync_fifo.gl0.wr/wpntr/gcc0.gc0.count_d1_reg[1]/C
                         clock pessimism             -0.128     1.652    
    SLICE_X2Y124         FDCE (Remov_EFF_SLICEM_C_CLR)
                                                     -0.018     1.634    design_1_i/ps8_0_axi_periph/s00_couplers/auto_ds/inst/gen_downsizer.gen_simple_downsizer.axi_downsizer_inst/USE_READ.read_addr_inst/cmd_queue/inst/fifo_gen_inst/inst_fifo_gen/gconvfifo.rf/grf.rf/gntv_or_sync_fifo.gl0.wr/wpntr/gcc0.gc0.count_d1_reg[1]
  -------------------------------------------------------------------
                         required time                         -1.634    
                         arrival time                           1.850    
  -------------------------------------------------------------------
                         slack                                  0.216    

Slack (MET) :             0.216ns  (arrival time - required time)
  Source:                 design_1_i/ps8_0_axi_periph/s00_couplers/auto_ds/inst/gen_downsizer.gen_simple_downsizer.axi_downsizer_inst/USE_READ.read_addr_inst/cmd_queue/inst/fifo_gen_inst/inst_fifo_gen/gconvfifo.rf/grf.rf/rstblk/ngwrdrst.grst.g7serrst.gnsckt_wrst.gcc_rst.sckt_wr_rst_cc_reg[1]/C
                            (rising edge-triggered cell FDRE clocked by clk_pl_0  {rise@0.000ns fall@5.000ns period=10.000ns})
  Destination:            design_1_i/ps8_0_axi_periph/s00_couplers/auto_ds/inst/gen_downsizer.gen_simple_downsizer.axi_downsizer_inst/USE_READ.read_addr_inst/cmd_queue/inst/fifo_gen_inst/inst_fifo_gen/gconvfifo.rf/grf.rf/gntv_or_sync_fifo.gl0.wr/wpntr/gcc0.gc0.count_reg[0]/PRE
                            (removal check against rising-edge clock clk_pl_0  {rise@0.000ns fall@5.000ns period=10.000ns})
  Path Group:             **async_default**
  Path Type:              Removal (Min at Fast Process Corner)
  Requirement:            0.000ns  (clk_pl_0 rise@0.000ns - clk_pl_0 rise@0.000ns)
  Data Path Delay:        0.254ns  (logic 0.104ns (40.876%)  route 0.150ns (59.124%))
  Logic Levels:           1  (LUT3=1)
  Clock Path Skew:        0.056ns (DCD - SCD - CPR)
    Destination Clock Delay (DCD):    1.780ns
    Source Clock Delay      (SCD):    1.596ns
    Clock Pessimism Removal (CPR):    0.128ns
  Clock Net Delay (Source):      1.445ns (routing 0.676ns, distribution 0.769ns)
  Clock Net Delay (Destination): 1.593ns (routing 0.739ns, distribution 0.854ns)

    Location             Delay type                Incr(ns)  Path(ns)    Netlist Resource(s)
  -------------------------------------------------------------------    -------------------
                         (clock clk_pl_0 rise edge)
                                                      0.000     0.000 r  
    PS8_X0Y0             PS8                          0.000     0.000 r  design_1_i/zynq_ultra_ps_e_0/inst/PS8_i/PLCLK[0]
                         net (fo=1, routed)           0.129     0.129    design_1_i/zynq_ultra_ps_e_0/inst/pl_clk_unbuffered[0]
    BUFG_PS_X0Y90        BUFG_PS (Prop_BUFG_PS_I_O)
                                                      0.022     0.151 r  design_1_i/zynq_ultra_ps_e_0/inst/buffer_pl_clk_0.PL_CLK_0_BUFG/O
    X0Y1 (CLOCK_ROOT)    net (fo=5771, routed)        1.445     1.596    design_1_i/ps8_0_axi_periph/s00_couplers/auto_ds/inst/gen_downsizer.gen_simple_downsizer.axi_downsizer_inst/USE_READ.read_addr_inst/cmd_queue/inst/fifo_gen_inst/inst_fifo_gen/gconvfifo.rf/grf.rf/rstblk/clk
    SLICE_X4Y124         FDRE                                         r  design_1_i/ps8_0_axi_periph/s00_couplers/auto_ds/inst/gen_downsizer.gen_simple_downsizer.axi_downsizer_inst/USE_READ.read_addr_inst/cmd_queue/inst/fifo_gen_inst/inst_fifo_gen/gconvfifo.rf/grf.rf/rstblk/ngwrdrst.grst.g7serrst.gnsckt_wrst.gcc_rst.sckt_wr_rst_cc_reg[1]/C
  -------------------------------------------------------------------    -------------------
    SLICE_X4Y124         FDRE (Prop_CFF2_SLICEM_C_Q)
                                                      0.083     1.679 f  design_1_i/ps8_0_axi_periph/s00_couplers/auto_ds/inst/gen_downsizer.gen_simple_downsizer.axi_downsizer_inst/USE_READ.read_addr_inst/cmd_queue/inst/fifo_gen_inst/inst_fifo_gen/gconvfifo.rf/grf.rf/rstblk/ngwrdrst.grst.g7serrst.gnsckt_wrst.gcc_rst.sckt_wr_rst_cc_reg[1]/Q
                         net (fo=2, routed)           0.057     1.736    design_1_i/ps8_0_axi_periph/s00_couplers/auto_ds/inst/gen_downsizer.gen_simple_downsizer.axi_downsizer_inst/USE_READ.read_addr_inst/cmd_queue/inst/fifo_gen_inst/inst_fifo_gen/gconvfifo.rf/grf.rf/rstblk/ngwrdrst.grst.g7serrst.gnsckt_wrst.gcc_rst.sckt_wr_rst_cc[1]
    SLICE_X4Y124         LUT3 (Prop_D6LUT_SLICEM_I0_O)
                                                      0.021     1.757 f  design_1_i/ps8_0_axi_periph/s00_couplers/auto_ds/inst/gen_downsizer.gen_simple_downsizer.axi_downsizer_inst/USE_READ.read_addr_inst/cmd_queue/inst/fifo_gen_inst/inst_fifo_gen/gconvfifo.rf/grf.rf/rstblk/gpregsm1.curr_fwft_state[1]_i_2/O
                         net (fo=32, routed)          0.093     1.850    design_1_i/ps8_0_axi_periph/s00_couplers/auto_ds/inst/gen_downsizer.gen_simple_downsizer.axi_downsizer_inst/USE_READ.read_addr_inst/cmd_queue/inst/fifo_gen_inst/inst_fifo_gen/gconvfifo.rf/grf.rf/gntv_or_sync_fifo.gl0.wr/wpntr/AR[0]
    SLICE_X2Y124         FDPE                                         f  design_1_i/ps8_0_axi_periph/s00_couplers/auto_ds/inst/gen_downsizer.gen_simple_downsizer.axi_downsizer_inst/USE_READ.read_addr_inst/cmd_queue/inst/fifo_gen_inst/inst_fifo_gen/gconvfifo.rf/grf.rf/gntv_or_sync_fifo.gl0.wr/wpntr/gcc0.gc0.count_reg[0]/PRE
  -------------------------------------------------------------------    -------------------

                         (clock clk_pl_0 rise edge)
                                                      0.000     0.000 r  
    PS8_X0Y0             PS8                          0.000     0.000 r  design_1_i/zynq_ultra_ps_e_0/inst/PS8_i/PLCLK[0]
                         net (fo=1, routed)           0.164     0.164    design_1_i/zynq_ultra_ps_e_0/inst/pl_clk_unbuffered[0]
    BUFG_PS_X0Y90        BUFG_PS (Prop_BUFG_PS_I_O)
                                                      0.023     0.187 r  design_1_i/zynq_ultra_ps_e_0/inst/buffer_pl_clk_0.PL_CLK_0_BUFG/O
    X0Y1 (CLOCK_ROOT)    net (fo=5771, routed)        1.593     1.780    design_1_i/ps8_0_axi_periph/s00_couplers/auto_ds/inst/gen_downsizer.gen_simple_downsizer.axi_downsizer_inst/USE_READ.read_addr_inst/cmd_queue/inst/fifo_gen_inst/inst_fifo_gen/gconvfifo.rf/grf.rf/gntv_or_sync_fifo.gl0.wr/wpntr/clk
    SLICE_X2Y124         FDPE                                         r  design_1_i/ps8_0_axi_periph/s00_couplers/auto_ds/inst/gen_downsizer.gen_simple_downsizer.axi_downsizer_inst/USE_READ.read_addr_inst/cmd_queue/inst/fifo_gen_inst/inst_fifo_gen/gconvfifo.rf/grf.rf/gntv_or_sync_fifo.gl0.wr/wpntr/gcc0.gc0.count_reg[0]/C
                         clock pessimism             -0.128     1.652    
    SLICE_X2Y124         FDPE (Remov_GFF2_SLICEM_C_PRE)
                                                     -0.018     1.634    design_1_i/ps8_0_axi_periph/s00_couplers/auto_ds/inst/gen_downsizer.gen_simple_downsizer.axi_downsizer_inst/USE_READ.read_addr_inst/cmd_queue/inst/fifo_gen_inst/inst_fifo_gen/gconvfifo.rf/grf.rf/gntv_or_sync_fifo.gl0.wr/wpntr/gcc0.gc0.count_reg[0]
  -------------------------------------------------------------------
                         required time                         -1.634    
                         arrival time                           1.850    
  -------------------------------------------------------------------
                         slack                                  0.216    

Slack (MET) :             0.216ns  (arrival time - required time)
  Source:                 design_1_i/ps8_0_axi_periph/s00_couplers/auto_ds/inst/gen_downsizer.gen_simple_downsizer.axi_downsizer_inst/USE_READ.read_addr_inst/cmd_queue/inst/fifo_gen_inst/inst_fifo_gen/gconvfifo.rf/grf.rf/rstblk/ngwrdrst.grst.g7serrst.gnsckt_wrst.gcc_rst.sckt_wr_rst_cc_reg[1]/C
                            (rising edge-triggered cell FDRE clocked by clk_pl_0  {rise@0.000ns fall@5.000ns period=10.000ns})
  Destination:            design_1_i/ps8_0_axi_periph/s00_couplers/auto_ds/inst/gen_downsizer.gen_simple_downsizer.axi_downsizer_inst/USE_READ.read_addr_inst/cmd_queue/inst/fifo_gen_inst/inst_fifo_gen/gconvfifo.rf/grf.rf/gntv_or_sync_fifo.gl0.wr/wpntr/gcc0.gc0.count_reg[2]/CLR
                            (removal check against rising-edge clock clk_pl_0  {rise@0.000ns fall@5.000ns period=10.000ns})
  Path Group:             **async_default**
  Path Type:              Removal (Min at Fast Process Corner)
  Requirement:            0.000ns  (clk_pl_0 rise@0.000ns - clk_pl_0 rise@0.000ns)
  Data Path Delay:        0.254ns  (logic 0.104ns (40.876%)  route 0.150ns (59.124%))
  Logic Levels:           1  (LUT3=1)
  Clock Path Skew:        0.056ns (DCD - SCD - CPR)
    Destination Clock Delay (DCD):    1.780ns
    Source Clock Delay      (SCD):    1.596ns
    Clock Pessimism Removal (CPR):    0.128ns
  Clock Net Delay (Source):      1.445ns (routing 0.676ns, distribution 0.769ns)
  Clock Net Delay (Destination): 1.593ns (routing 0.739ns, distribution 0.854ns)

    Location             Delay type                Incr(ns)  Path(ns)    Netlist Resource(s)
  -------------------------------------------------------------------    -------------------
                         (clock clk_pl_0 rise edge)
                                                      0.000     0.000 r  
    PS8_X0Y0             PS8                          0.000     0.000 r  design_1_i/zynq_ultra_ps_e_0/inst/PS8_i/PLCLK[0]
                         net (fo=1, routed)           0.129     0.129    design_1_i/zynq_ultra_ps_e_0/inst/pl_clk_unbuffered[0]
    BUFG_PS_X0Y90        BUFG_PS (Prop_BUFG_PS_I_O)
                                                      0.022     0.151 r  design_1_i/zynq_ultra_ps_e_0/inst/buffer_pl_clk_0.PL_CLK_0_BUFG/O
    X0Y1 (CLOCK_ROOT)    net (fo=5771, routed)        1.445     1.596    design_1_i/ps8_0_axi_periph/s00_couplers/auto_ds/inst/gen_downsizer.gen_simple_downsizer.axi_downsizer_inst/USE_READ.read_addr_inst/cmd_queue/inst/fifo_gen_inst/inst_fifo_gen/gconvfifo.rf/grf.rf/rstblk/clk
    SLICE_X4Y124         FDRE                                         r  design_1_i/ps8_0_axi_periph/s00_couplers/auto_ds/inst/gen_downsizer.gen_simple_downsizer.axi_downsizer_inst/USE_READ.read_addr_inst/cmd_queue/inst/fifo_gen_inst/inst_fifo_gen/gconvfifo.rf/grf.rf/rstblk/ngwrdrst.grst.g7serrst.gnsckt_wrst.gcc_rst.sckt_wr_rst_cc_reg[1]/C
  -------------------------------------------------------------------    -------------------
    SLICE_X4Y124         FDRE (Prop_CFF2_SLICEM_C_Q)
                                                      0.083     1.679 f  design_1_i/ps8_0_axi_periph/s00_couplers/auto_ds/inst/gen_downsizer.gen_simple_downsizer.axi_downsizer_inst/USE_READ.read_addr_inst/cmd_queue/inst/fifo_gen_inst/inst_fifo_gen/gconvfifo.rf/grf.rf/rstblk/ngwrdrst.grst.g7serrst.gnsckt_wrst.gcc_rst.sckt_wr_rst_cc_reg[1]/Q
                         net (fo=2, routed)           0.057     1.736    design_1_i/ps8_0_axi_periph/s00_couplers/auto_ds/inst/gen_downsizer.gen_simple_downsizer.axi_downsizer_inst/USE_READ.read_addr_inst/cmd_queue/inst/fifo_gen_inst/inst_fifo_gen/gconvfifo.rf/grf.rf/rstblk/ngwrdrst.grst.g7serrst.gnsckt_wrst.gcc_rst.sckt_wr_rst_cc[1]
    SLICE_X4Y124         LUT3 (Prop_D6LUT_SLICEM_I0_O)
                                                      0.021     1.757 f  design_1_i/ps8_0_axi_periph/s00_couplers/auto_ds/inst/gen_downsizer.gen_simple_downsizer.axi_downsizer_inst/USE_READ.read_addr_inst/cmd_queue/inst/fifo_gen_inst/inst_fifo_gen/gconvfifo.rf/grf.rf/rstblk/gpregsm1.curr_fwft_state[1]_i_2/O
                         net (fo=32, routed)          0.093     1.850    design_1_i/ps8_0_axi_periph/s00_couplers/auto_ds/inst/gen_downsizer.gen_simple_downsizer.axi_downsizer_inst/USE_READ.read_addr_inst/cmd_queue/inst/fifo_gen_inst/inst_fifo_gen/gconvfifo.rf/grf.rf/gntv_or_sync_fifo.gl0.wr/wpntr/AR[0]
    SLICE_X2Y124         FDCE                                         f  design_1_i/ps8_0_axi_periph/s00_couplers/auto_ds/inst/gen_downsizer.gen_simple_downsizer.axi_downsizer_inst/USE_READ.read_addr_inst/cmd_queue/inst/fifo_gen_inst/inst_fifo_gen/gconvfifo.rf/grf.rf/gntv_or_sync_fifo.gl0.wr/wpntr/gcc0.gc0.count_reg[2]/CLR
  -------------------------------------------------------------------    -------------------

                         (clock clk_pl_0 rise edge)
                                                      0.000     0.000 r  
    PS8_X0Y0             PS8                          0.000     0.000 r  design_1_i/zynq_ultra_ps_e_0/inst/PS8_i/PLCLK[0]
                         net (fo=1, routed)           0.164     0.164    design_1_i/zynq_ultra_ps_e_0/inst/pl_clk_unbuffered[0]
    BUFG_PS_X0Y90        BUFG_PS (Prop_BUFG_PS_I_O)
                                                      0.023     0.187 r  design_1_i/zynq_ultra_ps_e_0/inst/buffer_pl_clk_0.PL_CLK_0_BUFG/O
    X0Y1 (CLOCK_ROOT)    net (fo=5771, routed)        1.593     1.780    design_1_i/ps8_0_axi_periph/s00_couplers/auto_ds/inst/gen_downsizer.gen_simple_downsizer.axi_downsizer_inst/USE_READ.read_addr_inst/cmd_queue/inst/fifo_gen_inst/inst_fifo_gen/gconvfifo.rf/grf.rf/gntv_or_sync_fifo.gl0.wr/wpntr/clk
    SLICE_X2Y124         FDCE                                         r  design_1_i/ps8_0_axi_periph/s00_couplers/auto_ds/inst/gen_downsizer.gen_simple_downsizer.axi_downsizer_inst/USE_READ.read_addr_inst/cmd_queue/inst/fifo_gen_inst/inst_fifo_gen/gconvfifo.rf/grf.rf/gntv_or_sync_fifo.gl0.wr/wpntr/gcc0.gc0.count_reg[2]/C
                         clock pessimism             -0.128     1.652    
    SLICE_X2Y124         FDCE (Remov_FFF2_SLICEM_C_CLR)
                                                     -0.018     1.634    design_1_i/ps8_0_axi_periph/s00_couplers/auto_ds/inst/gen_downsizer.gen_simple_downsizer.axi_downsizer_inst/USE_READ.read_addr_inst/cmd_queue/inst/fifo_gen_inst/inst_fifo_gen/gconvfifo.rf/grf.rf/gntv_or_sync_fifo.gl0.wr/wpntr/gcc0.gc0.count_reg[2]
  -------------------------------------------------------------------
                         required time                         -1.634    
                         arrival time                           1.850    
  -------------------------------------------------------------------
                         slack                                  0.216    

Slack (MET) :             0.216ns  (arrival time - required time)
  Source:                 design_1_i/ps8_0_axi_periph/s00_couplers/auto_ds/inst/gen_downsizer.gen_simple_downsizer.axi_downsizer_inst/USE_READ.read_addr_inst/cmd_queue/inst/fifo_gen_inst/inst_fifo_gen/gconvfifo.rf/grf.rf/rstblk/ngwrdrst.grst.g7serrst.gnsckt_wrst.gcc_rst.sckt_wr_rst_cc_reg[1]/C
                            (rising edge-triggered cell FDRE clocked by clk_pl_0  {rise@0.000ns fall@5.000ns period=10.000ns})
  Destination:            design_1_i/ps8_0_axi_periph/s00_couplers/auto_ds/inst/gen_downsizer.gen_simple_downsizer.axi_downsizer_inst/USE_READ.read_addr_inst/cmd_queue/inst/fifo_gen_inst/inst_fifo_gen/gconvfifo.rf/grf.rf/gntv_or_sync_fifo.gl0.wr/wpntr/gcc0.gc0.count_reg[3]/CLR
                            (removal check against rising-edge clock clk_pl_0  {rise@0.000ns fall@5.000ns period=10.000ns})
  Path Group:             **async_default**
  Path Type:              Removal (Min at Fast Process Corner)
  Requirement:            0.000ns  (clk_pl_0 rise@0.000ns - clk_pl_0 rise@0.000ns)
  Data Path Delay:        0.254ns  (logic 0.104ns (40.876%)  route 0.150ns (59.124%))
  Logic Levels:           1  (LUT3=1)
  Clock Path Skew:        0.056ns (DCD - SCD - CPR)
    Destination Clock Delay (DCD):    1.780ns
    Source Clock Delay      (SCD):    1.596ns
    Clock Pessimism Removal (CPR):    0.128ns
  Clock Net Delay (Source):      1.445ns (routing 0.676ns, distribution 0.769ns)
  Clock Net Delay (Destination): 1.593ns (routing 0.739ns, distribution 0.854ns)

    Location             Delay type                Incr(ns)  Path(ns)    Netlist Resource(s)
  -------------------------------------------------------------------    -------------------
                         (clock clk_pl_0 rise edge)
                                                      0.000     0.000 r  
    PS8_X0Y0             PS8                          0.000     0.000 r  design_1_i/zynq_ultra_ps_e_0/inst/PS8_i/PLCLK[0]
                         net (fo=1, routed)           0.129     0.129    design_1_i/zynq_ultra_ps_e_0/inst/pl_clk_unbuffered[0]
    BUFG_PS_X0Y90        BUFG_PS (Prop_BUFG_PS_I_O)
                                                      0.022     0.151 r  design_1_i/zynq_ultra_ps_e_0/inst/buffer_pl_clk_0.PL_CLK_0_BUFG/O
    X0Y1 (CLOCK_ROOT)    net (fo=5771, routed)        1.445     1.596    design_1_i/ps8_0_axi_periph/s00_couplers/auto_ds/inst/gen_downsizer.gen_simple_downsizer.axi_downsizer_inst/USE_READ.read_addr_inst/cmd_queue/inst/fifo_gen_inst/inst_fifo_gen/gconvfifo.rf/grf.rf/rstblk/clk
    SLICE_X4Y124         FDRE                                         r  design_1_i/ps8_0_axi_periph/s00_couplers/auto_ds/inst/gen_downsizer.gen_simple_downsizer.axi_downsizer_inst/USE_READ.read_addr_inst/cmd_queue/inst/fifo_gen_inst/inst_fifo_gen/gconvfifo.rf/grf.rf/rstblk/ngwrdrst.grst.g7serrst.gnsckt_wrst.gcc_rst.sckt_wr_rst_cc_reg[1]/C
  -------------------------------------------------------------------    -------------------
    SLICE_X4Y124         FDRE (Prop_CFF2_SLICEM_C_Q)
                                                      0.083     1.679 f  design_1_i/ps8_0_axi_periph/s00_couplers/auto_ds/inst/gen_downsizer.gen_simple_downsizer.axi_downsizer_inst/USE_READ.read_addr_inst/cmd_queue/inst/fifo_gen_inst/inst_fifo_gen/gconvfifo.rf/grf.rf/rstblk/ngwrdrst.grst.g7serrst.gnsckt_wrst.gcc_rst.sckt_wr_rst_cc_reg[1]/Q
                         net (fo=2, routed)           0.057     1.736    design_1_i/ps8_0_axi_periph/s00_couplers/auto_ds/inst/gen_downsizer.gen_simple_downsizer.axi_downsizer_inst/USE_READ.read_addr_inst/cmd_queue/inst/fifo_gen_inst/inst_fifo_gen/gconvfifo.rf/grf.rf/rstblk/ngwrdrst.grst.g7serrst.gnsckt_wrst.gcc_rst.sckt_wr_rst_cc[1]
    SLICE_X4Y124         LUT3 (Prop_D6LUT_SLICEM_I0_O)
                                                      0.021     1.757 f  design_1_i/ps8_0_axi_periph/s00_couplers/auto_ds/inst/gen_downsizer.gen_simple_downsizer.axi_downsizer_inst/USE_READ.read_addr_inst/cmd_queue/inst/fifo_gen_inst/inst_fifo_gen/gconvfifo.rf/grf.rf/rstblk/gpregsm1.curr_fwft_state[1]_i_2/O
                         net (fo=32, routed)          0.093     1.850    design_1_i/ps8_0_axi_periph/s00_couplers/auto_ds/inst/gen_downsizer.gen_simple_downsizer.axi_downsizer_inst/USE_READ.read_addr_inst/cmd_queue/inst/fifo_gen_inst/inst_fifo_gen/gconvfifo.rf/grf.rf/gntv_or_sync_fifo.gl0.wr/wpntr/AR[0]
    SLICE_X2Y124         FDCE                                         f  design_1_i/ps8_0_axi_periph/s00_couplers/auto_ds/inst/gen_downsizer.gen_simple_downsizer.axi_downsizer_inst/USE_READ.read_addr_inst/cmd_queue/inst/fifo_gen_inst/inst_fifo_gen/gconvfifo.rf/grf.rf/gntv_or_sync_fifo.gl0.wr/wpntr/gcc0.gc0.count_reg[3]/CLR
  -------------------------------------------------------------------    -------------------

                         (clock clk_pl_0 rise edge)
                                                      0.000     0.000 r  
    PS8_X0Y0             PS8                          0.000     0.000 r  design_1_i/zynq_ultra_ps_e_0/inst/PS8_i/PLCLK[0]
                         net (fo=1, routed)           0.164     0.164    design_1_i/zynq_ultra_ps_e_0/inst/pl_clk_unbuffered[0]
    BUFG_PS_X0Y90        BUFG_PS (Prop_BUFG_PS_I_O)
                                                      0.023     0.187 r  design_1_i/zynq_ultra_ps_e_0/inst/buffer_pl_clk_0.PL_CLK_0_BUFG/O
    X0Y1 (CLOCK_ROOT)    net (fo=5771, routed)        1.593     1.780    design_1_i/ps8_0_axi_periph/s00_couplers/auto_ds/inst/gen_downsizer.gen_simple_downsizer.axi_downsizer_inst/USE_READ.read_addr_inst/cmd_queue/inst/fifo_gen_inst/inst_fifo_gen/gconvfifo.rf/grf.rf/gntv_or_sync_fifo.gl0.wr/wpntr/clk
    SLICE_X2Y124         FDCE                                         r  design_1_i/ps8_0_axi_periph/s00_couplers/auto_ds/inst/gen_downsizer.gen_simple_downsizer.axi_downsizer_inst/USE_READ.read_addr_inst/cmd_queue/inst/fifo_gen_inst/inst_fifo_gen/gconvfifo.rf/grf.rf/gntv_or_sync_fifo.gl0.wr/wpntr/gcc0.gc0.count_reg[3]/C
                         clock pessimism             -0.128     1.652    
    SLICE_X2Y124         FDCE (Remov_HFF_SLICEM_C_CLR)
                                                     -0.018     1.634    design_1_i/ps8_0_axi_periph/s00_couplers/auto_ds/inst/gen_downsizer.gen_simple_downsizer.axi_downsizer_inst/USE_READ.read_addr_inst/cmd_queue/inst/fifo_gen_inst/inst_fifo_gen/gconvfifo.rf/grf.rf/gntv_or_sync_fifo.gl0.wr/wpntr/gcc0.gc0.count_reg[3]
  -------------------------------------------------------------------
                         required time                         -1.634    
                         arrival time                           1.850    
  -------------------------------------------------------------------
                         slack                                  0.216    

Slack (MET) :             0.216ns  (arrival time - required time)
  Source:                 design_1_i/ps8_0_axi_periph/s00_couplers/auto_ds/inst/gen_downsizer.gen_simple_downsizer.axi_downsizer_inst/USE_READ.read_addr_inst/cmd_queue/inst/fifo_gen_inst/inst_fifo_gen/gconvfifo.rf/grf.rf/rstblk/ngwrdrst.grst.g7serrst.gnsckt_wrst.gcc_rst.sckt_wr_rst_cc_reg[1]/C
                            (rising edge-triggered cell FDRE clocked by clk_pl_0  {rise@0.000ns fall@5.000ns period=10.000ns})
  Destination:            design_1_i/ps8_0_axi_periph/s00_couplers/auto_ds/inst/gen_downsizer.gen_simple_downsizer.axi_downsizer_inst/USE_READ.read_addr_inst/cmd_queue/inst/fifo_gen_inst/inst_fifo_gen/gconvfifo.rf/grf.rf/gntv_or_sync_fifo.gl0.wr/wpntr/gcc0.gc0.count_reg[4]/CLR
                            (removal check against rising-edge clock clk_pl_0  {rise@0.000ns fall@5.000ns period=10.000ns})
  Path Group:             **async_default**
  Path Type:              Removal (Min at Fast Process Corner)
  Requirement:            0.000ns  (clk_pl_0 rise@0.000ns - clk_pl_0 rise@0.000ns)
  Data Path Delay:        0.254ns  (logic 0.104ns (40.876%)  route 0.150ns (59.124%))
  Logic Levels:           1  (LUT3=1)
  Clock Path Skew:        0.056ns (DCD - SCD - CPR)
    Destination Clock Delay (DCD):    1.780ns
    Source Clock Delay      (SCD):    1.596ns
    Clock Pessimism Removal (CPR):    0.128ns
  Clock Net Delay (Source):      1.445ns (routing 0.676ns, distribution 0.769ns)
  Clock Net Delay (Destination): 1.593ns (routing 0.739ns, distribution 0.854ns)

    Location             Delay type                Incr(ns)  Path(ns)    Netlist Resource(s)
  -------------------------------------------------------------------    -------------------
                         (clock clk_pl_0 rise edge)
                                                      0.000     0.000 r  
    PS8_X0Y0             PS8                          0.000     0.000 r  design_1_i/zynq_ultra_ps_e_0/inst/PS8_i/PLCLK[0]
                         net (fo=1, routed)           0.129     0.129    design_1_i/zynq_ultra_ps_e_0/inst/pl_clk_unbuffered[0]
    BUFG_PS_X0Y90        BUFG_PS (Prop_BUFG_PS_I_O)
                                                      0.022     0.151 r  design_1_i/zynq_ultra_ps_e_0/inst/buffer_pl_clk_0.PL_CLK_0_BUFG/O
    X0Y1 (CLOCK_ROOT)    net (fo=5771, routed)        1.445     1.596    design_1_i/ps8_0_axi_periph/s00_couplers/auto_ds/inst/gen_downsizer.gen_simple_downsizer.axi_downsizer_inst/USE_READ.read_addr_inst/cmd_queue/inst/fifo_gen_inst/inst_fifo_gen/gconvfifo.rf/grf.rf/rstblk/clk
    SLICE_X4Y124         FDRE                                         r  design_1_i/ps8_0_axi_periph/s00_couplers/auto_ds/inst/gen_downsizer.gen_simple_downsizer.axi_downsizer_inst/USE_READ.read_addr_inst/cmd_queue/inst/fifo_gen_inst/inst_fifo_gen/gconvfifo.rf/grf.rf/rstblk/ngwrdrst.grst.g7serrst.gnsckt_wrst.gcc_rst.sckt_wr_rst_cc_reg[1]/C
  -------------------------------------------------------------------    -------------------
    SLICE_X4Y124         FDRE (Prop_CFF2_SLICEM_C_Q)
                                                      0.083     1.679 f  design_1_i/ps8_0_axi_periph/s00_couplers/auto_ds/inst/gen_downsizer.gen_simple_downsizer.axi_downsizer_inst/USE_READ.read_addr_inst/cmd_queue/inst/fifo_gen_inst/inst_fifo_gen/gconvfifo.rf/grf.rf/rstblk/ngwrdrst.grst.g7serrst.gnsckt_wrst.gcc_rst.sckt_wr_rst_cc_reg[1]/Q
                         net (fo=2, routed)           0.057     1.736    design_1_i/ps8_0_axi_periph/s00_couplers/auto_ds/inst/gen_downsizer.gen_simple_downsizer.axi_downsizer_inst/USE_READ.read_addr_inst/cmd_queue/inst/fifo_gen_inst/inst_fifo_gen/gconvfifo.rf/grf.rf/rstblk/ngwrdrst.grst.g7serrst.gnsckt_wrst.gcc_rst.sckt_wr_rst_cc[1]
    SLICE_X4Y124         LUT3 (Prop_D6LUT_SLICEM_I0_O)
                                                      0.021     1.757 f  design_1_i/ps8_0_axi_periph/s00_couplers/auto_ds/inst/gen_downsizer.gen_simple_downsizer.axi_downsizer_inst/USE_READ.read_addr_inst/cmd_queue/inst/fifo_gen_inst/inst_fifo_gen/gconvfifo.rf/grf.rf/rstblk/gpregsm1.curr_fwft_state[1]_i_2/O
                         net (fo=32, routed)          0.093     1.850    design_1_i/ps8_0_axi_periph/s00_couplers/auto_ds/inst/gen_downsizer.gen_simple_downsizer.axi_downsizer_inst/USE_READ.read_addr_inst/cmd_queue/inst/fifo_gen_inst/inst_fifo_gen/gconvfifo.rf/grf.rf/gntv_or_sync_fifo.gl0.wr/wpntr/AR[0]
    SLICE_X2Y124         FDCE                                         f  design_1_i/ps8_0_axi_periph/s00_couplers/auto_ds/inst/gen_downsizer.gen_simple_downsizer.axi_downsizer_inst/USE_READ.read_addr_inst/cmd_queue/inst/fifo_gen_inst/inst_fifo_gen/gconvfifo.rf/grf.rf/gntv_or_sync_fifo.gl0.wr/wpntr/gcc0.gc0.count_reg[4]/CLR
  -------------------------------------------------------------------    -------------------

                         (clock clk_pl_0 rise edge)
                                                      0.000     0.000 r  
    PS8_X0Y0             PS8                          0.000     0.000 r  design_1_i/zynq_ultra_ps_e_0/inst/PS8_i/PLCLK[0]
                         net (fo=1, routed)           0.164     0.164    design_1_i/zynq_ultra_ps_e_0/inst/pl_clk_unbuffered[0]
    BUFG_PS_X0Y90        BUFG_PS (Prop_BUFG_PS_I_O)
                                                      0.023     0.187 r  design_1_i/zynq_ultra_ps_e_0/inst/buffer_pl_clk_0.PL_CLK_0_BUFG/O
    X0Y1 (CLOCK_ROOT)    net (fo=5771, routed)        1.593     1.780    design_1_i/ps8_0_axi_periph/s00_couplers/auto_ds/inst/gen_downsizer.gen_simple_downsizer.axi_downsizer_inst/USE_READ.read_addr_inst/cmd_queue/inst/fifo_gen_inst/inst_fifo_gen/gconvfifo.rf/grf.rf/gntv_or_sync_fifo.gl0.wr/wpntr/clk
    SLICE_X2Y124         FDCE                                         r  design_1_i/ps8_0_axi_periph/s00_couplers/auto_ds/inst/gen_downsizer.gen_simple_downsizer.axi_downsizer_inst/USE_READ.read_addr_inst/cmd_queue/inst/fifo_gen_inst/inst_fifo_gen/gconvfifo.rf/grf.rf/gntv_or_sync_fifo.gl0.wr/wpntr/gcc0.gc0.count_reg[4]/C
                         clock pessimism             -0.128     1.652    
    SLICE_X2Y124         FDCE (Remov_HFF2_SLICEM_C_CLR)
                                                     -0.018     1.634    design_1_i/ps8_0_axi_periph/s00_couplers/auto_ds/inst/gen_downsizer.gen_simple_downsizer.axi_downsizer_inst/USE_READ.read_addr_inst/cmd_queue/inst/fifo_gen_inst/inst_fifo_gen/gconvfifo.rf/grf.rf/gntv_or_sync_fifo.gl0.wr/wpntr/gcc0.gc0.count_reg[4]
  -------------------------------------------------------------------
                         required time                         -1.634    
                         arrival time                           1.850    
  -------------------------------------------------------------------
                         slack                                  0.216    

Slack (MET) :             0.242ns  (arrival time - required time)
  Source:                 design_1_i/ps8_0_axi_periph/s00_couplers/auto_ds/inst/gen_downsizer.gen_simple_downsizer.axi_downsizer_inst/USE_READ.read_addr_inst/cmd_queue/inst/fifo_gen_inst/inst_fifo_gen/gconvfifo.rf/grf.rf/rstblk/ngwrdrst.grst.g7serrst.gnsckt_wrst.gcc_rst.sckt_wr_rst_cc_reg[1]/C
                            (rising edge-triggered cell FDRE clocked by clk_pl_0  {rise@0.000ns fall@5.000ns period=10.000ns})
  Destination:            design_1_i/ps8_0_axi_periph/s00_couplers/auto_ds/inst/gen_downsizer.gen_simple_downsizer.axi_downsizer_inst/USE_READ.read_addr_inst/cmd_queue/inst/fifo_gen_inst/inst_fifo_gen/gconvfifo.rf/grf.rf/gntv_or_sync_fifo.gl0.rd/grss.rsts/ram_empty_fb_i_reg/PRE
                            (removal check against rising-edge clock clk_pl_0  {rise@0.000ns fall@5.000ns period=10.000ns})
  Path Group:             **async_default**
  Path Type:              Removal (Min at Fast Process Corner)
  Requirement:            0.000ns  (clk_pl_0 rise@0.000ns - clk_pl_0 rise@0.000ns)
  Data Path Delay:        0.276ns  (logic 0.104ns (37.720%)  route 0.172ns (62.280%))
  Logic Levels:           1  (LUT3=1)
  Clock Path Skew:        0.052ns (DCD - SCD - CPR)
    Destination Clock Delay (DCD):    1.776ns
    Source Clock Delay      (SCD):    1.596ns
    Clock Pessimism Removal (CPR):    0.128ns
  Clock Net Delay (Source):      1.445ns (routing 0.676ns, distribution 0.769ns)
  Clock Net Delay (Destination): 1.589ns (routing 0.739ns, distribution 0.850ns)

    Location             Delay type                Incr(ns)  Path(ns)    Netlist Resource(s)
  -------------------------------------------------------------------    -------------------
                         (clock clk_pl_0 rise edge)
                                                      0.000     0.000 r  
    PS8_X0Y0             PS8                          0.000     0.000 r  design_1_i/zynq_ultra_ps_e_0/inst/PS8_i/PLCLK[0]
                         net (fo=1, routed)           0.129     0.129    design_1_i/zynq_ultra_ps_e_0/inst/pl_clk_unbuffered[0]
    BUFG_PS_X0Y90        BUFG_PS (Prop_BUFG_PS_I_O)
                                                      0.022     0.151 r  design_1_i/zynq_ultra_ps_e_0/inst/buffer_pl_clk_0.PL_CLK_0_BUFG/O
    X0Y1 (CLOCK_ROOT)    net (fo=5771, routed)        1.445     1.596    design_1_i/ps8_0_axi_periph/s00_couplers/auto_ds/inst/gen_downsizer.gen_simple_downsizer.axi_downsizer_inst/USE_READ.read_addr_inst/cmd_queue/inst/fifo_gen_inst/inst_fifo_gen/gconvfifo.rf/grf.rf/rstblk/clk
    SLICE_X4Y124         FDRE                                         r  design_1_i/ps8_0_axi_periph/s00_couplers/auto_ds/inst/gen_downsizer.gen_simple_downsizer.axi_downsizer_inst/USE_READ.read_addr_inst/cmd_queue/inst/fifo_gen_inst/inst_fifo_gen/gconvfifo.rf/grf.rf/rstblk/ngwrdrst.grst.g7serrst.gnsckt_wrst.gcc_rst.sckt_wr_rst_cc_reg[1]/C
  -------------------------------------------------------------------    -------------------
    SLICE_X4Y124         FDRE (Prop_CFF2_SLICEM_C_Q)
                                                      0.083     1.679 f  design_1_i/ps8_0_axi_periph/s00_couplers/auto_ds/inst/gen_downsizer.gen_simple_downsizer.axi_downsizer_inst/USE_READ.read_addr_inst/cmd_queue/inst/fifo_gen_inst/inst_fifo_gen/gconvfifo.rf/grf.rf/rstblk/ngwrdrst.grst.g7serrst.gnsckt_wrst.gcc_rst.sckt_wr_rst_cc_reg[1]/Q
                         net (fo=2, routed)           0.057     1.736    design_1_i/ps8_0_axi_periph/s00_couplers/auto_ds/inst/gen_downsizer.gen_simple_downsizer.axi_downsizer_inst/USE_READ.read_addr_inst/cmd_queue/inst/fifo_gen_inst/inst_fifo_gen/gconvfifo.rf/grf.rf/rstblk/ngwrdrst.grst.g7serrst.gnsckt_wrst.gcc_rst.sckt_wr_rst_cc[1]
    SLICE_X4Y124         LUT3 (Prop_D6LUT_SLICEM_I0_O)
                                                      0.021     1.757 f  design_1_i/ps8_0_axi_periph/s00_couplers/auto_ds/inst/gen_downsizer.gen_simple_downsizer.axi_downsizer_inst/USE_READ.read_addr_inst/cmd_queue/inst/fifo_gen_inst/inst_fifo_gen/gconvfifo.rf/grf.rf/rstblk/gpregsm1.curr_fwft_state[1]_i_2/O
                         net (fo=32, routed)          0.115     1.871    design_1_i/ps8_0_axi_periph/s00_couplers/auto_ds/inst/gen_downsizer.gen_simple_downsizer.axi_downsizer_inst/USE_READ.read_addr_inst/cmd_queue/inst/fifo_gen_inst/inst_fifo_gen/gconvfifo.rf/grf.rf/gntv_or_sync_fifo.gl0.rd/grss.rsts/ram_empty_i_reg_1
    SLICE_X3Y123         FDPE                                         f  design_1_i/ps8_0_axi_periph/s00_couplers/auto_ds/inst/gen_downsizer.gen_simple_downsizer.axi_downsizer_inst/USE_READ.read_addr_inst/cmd_queue/inst/fifo_gen_inst/inst_fifo_gen/gconvfifo.rf/grf.rf/gntv_or_sync_fifo.gl0.rd/grss.rsts/ram_empty_fb_i_reg/PRE
  -------------------------------------------------------------------    -------------------

                         (clock clk_pl_0 rise edge)
                                                      0.000     0.000 r  
    PS8_X0Y0             PS8                          0.000     0.000 r  design_1_i/zynq_ultra_ps_e_0/inst/PS8_i/PLCLK[0]
                         net (fo=1, routed)           0.164     0.164    design_1_i/zynq_ultra_ps_e_0/inst/pl_clk_unbuffered[0]
    BUFG_PS_X0Y90        BUFG_PS (Prop_BUFG_PS_I_O)
                                                      0.023     0.187 r  design_1_i/zynq_ultra_ps_e_0/inst/buffer_pl_clk_0.PL_CLK_0_BUFG/O
    X0Y1 (CLOCK_ROOT)    net (fo=5771, routed)        1.589     1.776    design_1_i/ps8_0_axi_periph/s00_couplers/auto_ds/inst/gen_downsizer.gen_simple_downsizer.axi_downsizer_inst/USE_READ.read_addr_inst/cmd_queue/inst/fifo_gen_inst/inst_fifo_gen/gconvfifo.rf/grf.rf/gntv_or_sync_fifo.gl0.rd/grss.rsts/clk
    SLICE_X3Y123         FDPE                                         r  design_1_i/ps8_0_axi_periph/s00_couplers/auto_ds/inst/gen_downsizer.gen_simple_downsizer.axi_downsizer_inst/USE_READ.read_addr_inst/cmd_queue/inst/fifo_gen_inst/inst_fifo_gen/gconvfifo.rf/grf.rf/gntv_or_sync_fifo.gl0.rd/grss.rsts/ram_empty_fb_i_reg/C
                         clock pessimism             -0.128     1.648    
    SLICE_X3Y123         FDPE (Remov_HFF2_SLICEL_C_PRE)
                                                     -0.018     1.630    design_1_i/ps8_0_axi_periph/s00_couplers/auto_ds/inst/gen_downsizer.gen_simple_downsizer.axi_downsizer_inst/USE_READ.read_addr_inst/cmd_queue/inst/fifo_gen_inst/inst_fifo_gen/gconvfifo.rf/grf.rf/gntv_or_sync_fifo.gl0.rd/grss.rsts/ram_empty_fb_i_reg
  -------------------------------------------------------------------
                         required time                         -1.630    
                         arrival time                           1.871    
  -------------------------------------------------------------------
                         slack                                  0.242    

Slack (MET) :             0.242ns  (arrival time - required time)
  Source:                 design_1_i/ps8_0_axi_periph/s00_couplers/auto_ds/inst/gen_downsizer.gen_simple_downsizer.axi_downsizer_inst/USE_READ.read_addr_inst/cmd_queue/inst/fifo_gen_inst/inst_fifo_gen/gconvfifo.rf/grf.rf/rstblk/ngwrdrst.grst.g7serrst.gnsckt_wrst.gcc_rst.sckt_wr_rst_cc_reg[1]/C
                            (rising edge-triggered cell FDRE clocked by clk_pl_0  {rise@0.000ns fall@5.000ns period=10.000ns})
  Destination:            design_1_i/ps8_0_axi_periph/s00_couplers/auto_ds/inst/gen_downsizer.gen_simple_downsizer.axi_downsizer_inst/USE_READ.read_addr_inst/cmd_queue/inst/fifo_gen_inst/inst_fifo_gen/gconvfifo.rf/grf.rf/gntv_or_sync_fifo.gl0.rd/rpntr/gc0.count_d1_reg[3]/CLR
                            (removal check against rising-edge clock clk_pl_0  {rise@0.000ns fall@5.000ns period=10.000ns})
  Path Group:             **async_default**
  Path Type:              Removal (Min at Fast Process Corner)
  Requirement:            0.000ns  (clk_pl_0 rise@0.000ns - clk_pl_0 rise@0.000ns)
  Data Path Delay:        0.276ns  (logic 0.104ns (37.720%)  route 0.172ns (62.280%))
  Logic Levels:           1  (LUT3=1)
  Clock Path Skew:        0.052ns (DCD - SCD - CPR)
    Destination Clock Delay (DCD):    1.776ns
    Source Clock Delay      (SCD):    1.596ns
    Clock Pessimism Removal (CPR):    0.128ns
  Clock Net Delay (Source):      1.445ns (routing 0.676ns, distribution 0.769ns)
  Clock Net Delay (Destination): 1.589ns (routing 0.739ns, distribution 0.850ns)

    Location             Delay type                Incr(ns)  Path(ns)    Netlist Resource(s)
  -------------------------------------------------------------------    -------------------
                         (clock clk_pl_0 rise edge)
                                                      0.000     0.000 r  
    PS8_X0Y0             PS8                          0.000     0.000 r  design_1_i/zynq_ultra_ps_e_0/inst/PS8_i/PLCLK[0]
                         net (fo=1, routed)           0.129     0.129    design_1_i/zynq_ultra_ps_e_0/inst/pl_clk_unbuffered[0]
    BUFG_PS_X0Y90        BUFG_PS (Prop_BUFG_PS_I_O)
                                                      0.022     0.151 r  design_1_i/zynq_ultra_ps_e_0/inst/buffer_pl_clk_0.PL_CLK_0_BUFG/O
    X0Y1 (CLOCK_ROOT)    net (fo=5771, routed)        1.445     1.596    design_1_i/ps8_0_axi_periph/s00_couplers/auto_ds/inst/gen_downsizer.gen_simple_downsizer.axi_downsizer_inst/USE_READ.read_addr_inst/cmd_queue/inst/fifo_gen_inst/inst_fifo_gen/gconvfifo.rf/grf.rf/rstblk/clk
    SLICE_X4Y124         FDRE                                         r  design_1_i/ps8_0_axi_periph/s00_couplers/auto_ds/inst/gen_downsizer.gen_simple_downsizer.axi_downsizer_inst/USE_READ.read_addr_inst/cmd_queue/inst/fifo_gen_inst/inst_fifo_gen/gconvfifo.rf/grf.rf/rstblk/ngwrdrst.grst.g7serrst.gnsckt_wrst.gcc_rst.sckt_wr_rst_cc_reg[1]/C
  -------------------------------------------------------------------    -------------------
    SLICE_X4Y124         FDRE (Prop_CFF2_SLICEM_C_Q)
                                                      0.083     1.679 f  design_1_i/ps8_0_axi_periph/s00_couplers/auto_ds/inst/gen_downsizer.gen_simple_downsizer.axi_downsizer_inst/USE_READ.read_addr_inst/cmd_queue/inst/fifo_gen_inst/inst_fifo_gen/gconvfifo.rf/grf.rf/rstblk/ngwrdrst.grst.g7serrst.gnsckt_wrst.gcc_rst.sckt_wr_rst_cc_reg[1]/Q
                         net (fo=2, routed)           0.057     1.736    design_1_i/ps8_0_axi_periph/s00_couplers/auto_ds/inst/gen_downsizer.gen_simple_downsizer.axi_downsizer_inst/USE_READ.read_addr_inst/cmd_queue/inst/fifo_gen_inst/inst_fifo_gen/gconvfifo.rf/grf.rf/rstblk/ngwrdrst.grst.g7serrst.gnsckt_wrst.gcc_rst.sckt_wr_rst_cc[1]
    SLICE_X4Y124         LUT3 (Prop_D6LUT_SLICEM_I0_O)
                                                      0.021     1.757 f  design_1_i/ps8_0_axi_periph/s00_couplers/auto_ds/inst/gen_downsizer.gen_simple_downsizer.axi_downsizer_inst/USE_READ.read_addr_inst/cmd_queue/inst/fifo_gen_inst/inst_fifo_gen/gconvfifo.rf/grf.rf/rstblk/gpregsm1.curr_fwft_state[1]_i_2/O
                         net (fo=32, routed)          0.115     1.871    design_1_i/ps8_0_axi_periph/s00_couplers/auto_ds/inst/gen_downsizer.gen_simple_downsizer.axi_downsizer_inst/USE_READ.read_addr_inst/cmd_queue/inst/fifo_gen_inst/inst_fifo_gen/gconvfifo.rf/grf.rf/gntv_or_sync_fifo.gl0.rd/rpntr/gc0.count_d1_reg[4]_1
    SLICE_X3Y123         FDCE                                         f  design_1_i/ps8_0_axi_periph/s00_couplers/auto_ds/inst/gen_downsizer.gen_simple_downsizer.axi_downsizer_inst/USE_READ.read_addr_inst/cmd_queue/inst/fifo_gen_inst/inst_fifo_gen/gconvfifo.rf/grf.rf/gntv_or_sync_fifo.gl0.rd/rpntr/gc0.count_d1_reg[3]/CLR
  -------------------------------------------------------------------    -------------------

                         (clock clk_pl_0 rise edge)
                                                      0.000     0.000 r  
    PS8_X0Y0             PS8                          0.000     0.000 r  design_1_i/zynq_ultra_ps_e_0/inst/PS8_i/PLCLK[0]
                         net (fo=1, routed)           0.164     0.164    design_1_i/zynq_ultra_ps_e_0/inst/pl_clk_unbuffered[0]
    BUFG_PS_X0Y90        BUFG_PS (Prop_BUFG_PS_I_O)
                                                      0.023     0.187 r  design_1_i/zynq_ultra_ps_e_0/inst/buffer_pl_clk_0.PL_CLK_0_BUFG/O
    X0Y1 (CLOCK_ROOT)    net (fo=5771, routed)        1.589     1.776    design_1_i/ps8_0_axi_periph/s00_couplers/auto_ds/inst/gen_downsizer.gen_simple_downsizer.axi_downsizer_inst/USE_READ.read_addr_inst/cmd_queue/inst/fifo_gen_inst/inst_fifo_gen/gconvfifo.rf/grf.rf/gntv_or_sync_fifo.gl0.rd/rpntr/clk
    SLICE_X3Y123         FDCE                                         r  design_1_i/ps8_0_axi_periph/s00_couplers/auto_ds/inst/gen_downsizer.gen_simple_downsizer.axi_downsizer_inst/USE_READ.read_addr_inst/cmd_queue/inst/fifo_gen_inst/inst_fifo_gen/gconvfifo.rf/grf.rf/gntv_or_sync_fifo.gl0.rd/rpntr/gc0.count_d1_reg[3]/C
                         clock pessimism             -0.128     1.648    
    SLICE_X3Y123         FDCE (Remov_HFF_SLICEL_C_CLR)
                                                     -0.018     1.630    design_1_i/ps8_0_axi_periph/s00_couplers/auto_ds/inst/gen_downsizer.gen_simple_downsizer.axi_downsizer_inst/USE_READ.read_addr_inst/cmd_queue/inst/fifo_gen_inst/inst_fifo_gen/gconvfifo.rf/grf.rf/gntv_or_sync_fifo.gl0.rd/rpntr/gc0.count_d1_reg[3]
  -------------------------------------------------------------------
                         required time                         -1.630    
                         arrival time                           1.871    
  -------------------------------------------------------------------
                         slack                                  0.242    

Slack (MET) :             0.242ns  (arrival time - required time)
  Source:                 design_1_i/ps8_0_axi_periph/s00_couplers/auto_ds/inst/gen_downsizer.gen_simple_downsizer.axi_downsizer_inst/USE_READ.read_addr_inst/cmd_queue/inst/fifo_gen_inst/inst_fifo_gen/gconvfifo.rf/grf.rf/rstblk/ngwrdrst.grst.g7serrst.gnsckt_wrst.gcc_rst.sckt_wr_rst_cc_reg[1]/C
                            (rising edge-triggered cell FDRE clocked by clk_pl_0  {rise@0.000ns fall@5.000ns period=10.000ns})
  Destination:            design_1_i/ps8_0_axi_periph/s00_couplers/auto_ds/inst/gen_downsizer.gen_simple_downsizer.axi_downsizer_inst/USE_READ.read_addr_inst/cmd_queue/inst/fifo_gen_inst/inst_fifo_gen/gconvfifo.rf/grf.rf/gntv_or_sync_fifo.gl0.rd/rpntr/gc0.count_d1_reg[4]/CLR
                            (removal check against rising-edge clock clk_pl_0  {rise@0.000ns fall@5.000ns period=10.000ns})
  Path Group:             **async_default**
  Path Type:              Removal (Min at Fast Process Corner)
  Requirement:            0.000ns  (clk_pl_0 rise@0.000ns - clk_pl_0 rise@0.000ns)
  Data Path Delay:        0.276ns  (logic 0.104ns (37.720%)  route 0.172ns (62.280%))
  Logic Levels:           1  (LUT3=1)
  Clock Path Skew:        0.052ns (DCD - SCD - CPR)
    Destination Clock Delay (DCD):    1.776ns
    Source Clock Delay      (SCD):    1.596ns
    Clock Pessimism Removal (CPR):    0.128ns
  Clock Net Delay (Source):      1.445ns (routing 0.676ns, distribution 0.769ns)
  Clock Net Delay (Destination): 1.589ns (routing 0.739ns, distribution 0.850ns)

    Location             Delay type                Incr(ns)  Path(ns)    Netlist Resource(s)
  -------------------------------------------------------------------    -------------------
                         (clock clk_pl_0 rise edge)
                                                      0.000     0.000 r  
    PS8_X0Y0             PS8                          0.000     0.000 r  design_1_i/zynq_ultra_ps_e_0/inst/PS8_i/PLCLK[0]
                         net (fo=1, routed)           0.129     0.129    design_1_i/zynq_ultra_ps_e_0/inst/pl_clk_unbuffered[0]
    BUFG_PS_X0Y90        BUFG_PS (Prop_BUFG_PS_I_O)
                                                      0.022     0.151 r  design_1_i/zynq_ultra_ps_e_0/inst/buffer_pl_clk_0.PL_CLK_0_BUFG/O
    X0Y1 (CLOCK_ROOT)    net (fo=5771, routed)        1.445     1.596    design_1_i/ps8_0_axi_periph/s00_couplers/auto_ds/inst/gen_downsizer.gen_simple_downsizer.axi_downsizer_inst/USE_READ.read_addr_inst/cmd_queue/inst/fifo_gen_inst/inst_fifo_gen/gconvfifo.rf/grf.rf/rstblk/clk
    SLICE_X4Y124         FDRE                                         r  design_1_i/ps8_0_axi_periph/s00_couplers/auto_ds/inst/gen_downsizer.gen_simple_downsizer.axi_downsizer_inst/USE_READ.read_addr_inst/cmd_queue/inst/fifo_gen_inst/inst_fifo_gen/gconvfifo.rf/grf.rf/rstblk/ngwrdrst.grst.g7serrst.gnsckt_wrst.gcc_rst.sckt_wr_rst_cc_reg[1]/C
  -------------------------------------------------------------------    -------------------
    SLICE_X4Y124         FDRE (Prop_CFF2_SLICEM_C_Q)
                                                      0.083     1.679 f  design_1_i/ps8_0_axi_periph/s00_couplers/auto_ds/inst/gen_downsizer.gen_simple_downsizer.axi_downsizer_inst/USE_READ.read_addr_inst/cmd_queue/inst/fifo_gen_inst/inst_fifo_gen/gconvfifo.rf/grf.rf/rstblk/ngwrdrst.grst.g7serrst.gnsckt_wrst.gcc_rst.sckt_wr_rst_cc_reg[1]/Q
                         net (fo=2, routed)           0.057     1.736    design_1_i/ps8_0_axi_periph/s00_couplers/auto_ds/inst/gen_downsizer.gen_simple_downsizer.axi_downsizer_inst/USE_READ.read_addr_inst/cmd_queue/inst/fifo_gen_inst/inst_fifo_gen/gconvfifo.rf/grf.rf/rstblk/ngwrdrst.grst.g7serrst.gnsckt_wrst.gcc_rst.sckt_wr_rst_cc[1]
    SLICE_X4Y124         LUT3 (Prop_D6LUT_SLICEM_I0_O)
                                                      0.021     1.757 f  design_1_i/ps8_0_axi_periph/s00_couplers/auto_ds/inst/gen_downsizer.gen_simple_downsizer.axi_downsizer_inst/USE_READ.read_addr_inst/cmd_queue/inst/fifo_gen_inst/inst_fifo_gen/gconvfifo.rf/grf.rf/rstblk/gpregsm1.curr_fwft_state[1]_i_2/O
                         net (fo=32, routed)          0.115     1.871    design_1_i/ps8_0_axi_periph/s00_couplers/auto_ds/inst/gen_downsizer.gen_simple_downsizer.axi_downsizer_inst/USE_READ.read_addr_inst/cmd_queue/inst/fifo_gen_inst/inst_fifo_gen/gconvfifo.rf/grf.rf/gntv_or_sync_fifo.gl0.rd/rpntr/gc0.count_d1_reg[4]_1
    SLICE_X3Y123         FDCE                                         f  design_1_i/ps8_0_axi_periph/s00_couplers/auto_ds/inst/gen_downsizer.gen_simple_downsizer.axi_downsizer_inst/USE_READ.read_addr_inst/cmd_queue/inst/fifo_gen_inst/inst_fifo_gen/gconvfifo.rf/grf.rf/gntv_or_sync_fifo.gl0.rd/rpntr/gc0.count_d1_reg[4]/CLR
  -------------------------------------------------------------------    -------------------

                         (clock clk_pl_0 rise edge)
                                                      0.000     0.000 r  
    PS8_X0Y0             PS8                          0.000     0.000 r  design_1_i/zynq_ultra_ps_e_0/inst/PS8_i/PLCLK[0]
                         net (fo=1, routed)           0.164     0.164    design_1_i/zynq_ultra_ps_e_0/inst/pl_clk_unbuffered[0]
    BUFG_PS_X0Y90        BUFG_PS (Prop_BUFG_PS_I_O)
                                                      0.023     0.187 r  design_1_i/zynq_ultra_ps_e_0/inst/buffer_pl_clk_0.PL_CLK_0_BUFG/O
    X0Y1 (CLOCK_ROOT)    net (fo=5771, routed)        1.589     1.776    design_1_i/ps8_0_axi_periph/s00_couplers/auto_ds/inst/gen_downsizer.gen_simple_downsizer.axi_downsizer_inst/USE_READ.read_addr_inst/cmd_queue/inst/fifo_gen_inst/inst_fifo_gen/gconvfifo.rf/grf.rf/gntv_or_sync_fifo.gl0.rd/rpntr/clk
    SLICE_X3Y123         FDCE                                         r  design_1_i/ps8_0_axi_periph/s00_couplers/auto_ds/inst/gen_downsizer.gen_simple_downsizer.axi_downsizer_inst/USE_READ.read_addr_inst/cmd_queue/inst/fifo_gen_inst/inst_fifo_gen/gconvfifo.rf/grf.rf/gntv_or_sync_fifo.gl0.rd/rpntr/gc0.count_d1_reg[4]/C
                         clock pessimism             -0.128     1.648    
    SLICE_X3Y123         FDCE (Remov_GFF_SLICEL_C_CLR)
                                                     -0.018     1.630    design_1_i/ps8_0_axi_periph/s00_couplers/auto_ds/inst/gen_downsizer.gen_simple_downsizer.axi_downsizer_inst/USE_READ.read_addr_inst/cmd_queue/inst/fifo_gen_inst/inst_fifo_gen/gconvfifo.rf/grf.rf/gntv_or_sync_fifo.gl0.rd/rpntr/gc0.count_d1_reg[4]
  -------------------------------------------------------------------
                         required time                         -1.630    
                         arrival time                           1.871    
  -------------------------------------------------------------------
                         slack                                  0.242    

Slack (MET) :             0.242ns  (arrival time - required time)
  Source:                 design_1_i/ps8_0_axi_periph/s00_couplers/auto_ds/inst/gen_downsizer.gen_simple_downsizer.axi_downsizer_inst/USE_READ.read_addr_inst/cmd_queue/inst/fifo_gen_inst/inst_fifo_gen/gconvfifo.rf/grf.rf/rstblk/ngwrdrst.grst.g7serrst.gnsckt_wrst.gcc_rst.sckt_wr_rst_cc_reg[1]/C
                            (rising edge-triggered cell FDRE clocked by clk_pl_0  {rise@0.000ns fall@5.000ns period=10.000ns})
  Destination:            design_1_i/ps8_0_axi_periph/s00_couplers/auto_ds/inst/gen_downsizer.gen_simple_downsizer.axi_downsizer_inst/USE_READ.read_addr_inst/cmd_queue/inst/fifo_gen_inst/inst_fifo_gen/gconvfifo.rf/grf.rf/gntv_or_sync_fifo.gl0.wr/gwss.wsts/ram_full_fb_i_reg/CLR
                            (removal check against rising-edge clock clk_pl_0  {rise@0.000ns fall@5.000ns period=10.000ns})
  Path Group:             **async_default**
  Path Type:              Removal (Min at Fast Process Corner)
  Requirement:            0.000ns  (clk_pl_0 rise@0.000ns - clk_pl_0 rise@0.000ns)
  Data Path Delay:        0.276ns  (logic 0.104ns (37.720%)  route 0.172ns (62.280%))
  Logic Levels:           1  (LUT3=1)
  Clock Path Skew:        0.052ns (DCD - SCD - CPR)
    Destination Clock Delay (DCD):    1.776ns
    Source Clock Delay      (SCD):    1.596ns
    Clock Pessimism Removal (CPR):    0.128ns
  Clock Net Delay (Source):      1.445ns (routing 0.676ns, distribution 0.769ns)
  Clock Net Delay (Destination): 1.589ns (routing 0.739ns, distribution 0.850ns)

    Location             Delay type                Incr(ns)  Path(ns)    Netlist Resource(s)
  -------------------------------------------------------------------    -------------------
                         (clock clk_pl_0 rise edge)
                                                      0.000     0.000 r  
    PS8_X0Y0             PS8                          0.000     0.000 r  design_1_i/zynq_ultra_ps_e_0/inst/PS8_i/PLCLK[0]
                         net (fo=1, routed)           0.129     0.129    design_1_i/zynq_ultra_ps_e_0/inst/pl_clk_unbuffered[0]
    BUFG_PS_X0Y90        BUFG_PS (Prop_BUFG_PS_I_O)
                                                      0.022     0.151 r  design_1_i/zynq_ultra_ps_e_0/inst/buffer_pl_clk_0.PL_CLK_0_BUFG/O
    X0Y1 (CLOCK_ROOT)    net (fo=5771, routed)        1.445     1.596    design_1_i/ps8_0_axi_periph/s00_couplers/auto_ds/inst/gen_downsizer.gen_simple_downsizer.axi_downsizer_inst/USE_READ.read_addr_inst/cmd_queue/inst/fifo_gen_inst/inst_fifo_gen/gconvfifo.rf/grf.rf/rstblk/clk
    SLICE_X4Y124         FDRE                                         r  design_1_i/ps8_0_axi_periph/s00_couplers/auto_ds/inst/gen_downsizer.gen_simple_downsizer.axi_downsizer_inst/USE_READ.read_addr_inst/cmd_queue/inst/fifo_gen_inst/inst_fifo_gen/gconvfifo.rf/grf.rf/rstblk/ngwrdrst.grst.g7serrst.gnsckt_wrst.gcc_rst.sckt_wr_rst_cc_reg[1]/C
  -------------------------------------------------------------------    -------------------
    SLICE_X4Y124         FDRE (Prop_CFF2_SLICEM_C_Q)
                                                      0.083     1.679 f  design_1_i/ps8_0_axi_periph/s00_couplers/auto_ds/inst/gen_downsizer.gen_simple_downsizer.axi_downsizer_inst/USE_READ.read_addr_inst/cmd_queue/inst/fifo_gen_inst/inst_fifo_gen/gconvfifo.rf/grf.rf/rstblk/ngwrdrst.grst.g7serrst.gnsckt_wrst.gcc_rst.sckt_wr_rst_cc_reg[1]/Q
                         net (fo=2, routed)           0.057     1.736    design_1_i/ps8_0_axi_periph/s00_couplers/auto_ds/inst/gen_downsizer.gen_simple_downsizer.axi_downsizer_inst/USE_READ.read_addr_inst/cmd_queue/inst/fifo_gen_inst/inst_fifo_gen/gconvfifo.rf/grf.rf/rstblk/ngwrdrst.grst.g7serrst.gnsckt_wrst.gcc_rst.sckt_wr_rst_cc[1]
    SLICE_X4Y124         LUT3 (Prop_D6LUT_SLICEM_I0_O)
                                                      0.021     1.757 f  design_1_i/ps8_0_axi_periph/s00_couplers/auto_ds/inst/gen_downsizer.gen_simple_downsizer.axi_downsizer_inst/USE_READ.read_addr_inst/cmd_queue/inst/fifo_gen_inst/inst_fifo_gen/gconvfifo.rf/grf.rf/rstblk/gpregsm1.curr_fwft_state[1]_i_2/O
                         net (fo=32, routed)          0.115     1.871    design_1_i/ps8_0_axi_periph/s00_couplers/auto_ds/inst/gen_downsizer.gen_simple_downsizer.axi_downsizer_inst/USE_READ.read_addr_inst/cmd_queue/inst/fifo_gen_inst/inst_fifo_gen/gconvfifo.rf/grf.rf/gntv_or_sync_fifo.gl0.wr/gwss.wsts/AR[0]
    SLICE_X3Y123         FDCE                                         f  design_1_i/ps8_0_axi_periph/s00_couplers/auto_ds/inst/gen_downsizer.gen_simple_downsizer.axi_downsizer_inst/USE_READ.read_addr_inst/cmd_queue/inst/fifo_gen_inst/inst_fifo_gen/gconvfifo.rf/grf.rf/gntv_or_sync_fifo.gl0.wr/gwss.wsts/ram_full_fb_i_reg/CLR
  -------------------------------------------------------------------    -------------------

                         (clock clk_pl_0 rise edge)
                                                      0.000     0.000 r  
    PS8_X0Y0             PS8                          0.000     0.000 r  design_1_i/zynq_ultra_ps_e_0/inst/PS8_i/PLCLK[0]
                         net (fo=1, routed)           0.164     0.164    design_1_i/zynq_ultra_ps_e_0/inst/pl_clk_unbuffered[0]
    BUFG_PS_X0Y90        BUFG_PS (Prop_BUFG_PS_I_O)
                                                      0.023     0.187 r  design_1_i/zynq_ultra_ps_e_0/inst/buffer_pl_clk_0.PL_CLK_0_BUFG/O
    X0Y1 (CLOCK_ROOT)    net (fo=5771, routed)        1.589     1.776    design_1_i/ps8_0_axi_periph/s00_couplers/auto_ds/inst/gen_downsizer.gen_simple_downsizer.axi_downsizer_inst/USE_READ.read_addr_inst/cmd_queue/inst/fifo_gen_inst/inst_fifo_gen/gconvfifo.rf/grf.rf/gntv_or_sync_fifo.gl0.wr/gwss.wsts/clk
    SLICE_X3Y123         FDCE                                         r  design_1_i/ps8_0_axi_periph/s00_couplers/auto_ds/inst/gen_downsizer.gen_simple_downsizer.axi_downsizer_inst/USE_READ.read_addr_inst/cmd_queue/inst/fifo_gen_inst/inst_fifo_gen/gconvfifo.rf/grf.rf/gntv_or_sync_fifo.gl0.wr/gwss.wsts/ram_full_fb_i_reg/C
                         clock pessimism             -0.128     1.648    
    SLICE_X3Y123         FDCE (Remov_GFF2_SLICEL_C_CLR)
                                                     -0.018     1.630    design_1_i/ps8_0_axi_periph/s00_couplers/auto_ds/inst/gen_downsizer.gen_simple_downsizer.axi_downsizer_inst/USE_READ.read_addr_inst/cmd_queue/inst/fifo_gen_inst/inst_fifo_gen/gconvfifo.rf/grf.rf/gntv_or_sync_fifo.gl0.wr/gwss.wsts/ram_full_fb_i_reg
  -------------------------------------------------------------------
                         required time                         -1.630    
                         arrival time                           1.871    
  -------------------------------------------------------------------
                         slack                                  0.242    

Slack (MET) :             0.244ns  (arrival time - required time)
  Source:                 design_1_i/ps8_0_axi_periph/s00_couplers/auto_ds/inst/gen_downsizer.gen_simple_downsizer.axi_downsizer_inst/USE_READ.read_addr_inst/cmd_queue/inst/fifo_gen_inst/inst_fifo_gen/gconvfifo.rf/grf.rf/rstblk/ngwrdrst.grst.g7serrst.gnsckt_wrst.gcc_rst.sckt_wr_rst_cc_reg[1]/C
                            (rising edge-triggered cell FDRE clocked by clk_pl_0  {rise@0.000ns fall@5.000ns period=10.000ns})
  Destination:            design_1_i/ps8_0_axi_periph/s00_couplers/auto_ds/inst/gen_downsizer.gen_simple_downsizer.axi_downsizer_inst/USE_READ.read_addr_inst/cmd_queue/inst/fifo_gen_inst/inst_fifo_gen/gconvfifo.rf/grf.rf/gntv_or_sync_fifo.gl0.rd/grss.rsts/ram_empty_i_reg/PRE
                            (removal check against rising-edge clock clk_pl_0  {rise@0.000ns fall@5.000ns period=10.000ns})
  Path Group:             **async_default**
  Path Type:              Removal (Min at Fast Process Corner)
  Requirement:            0.000ns  (clk_pl_0 rise@0.000ns - clk_pl_0 rise@0.000ns)
  Data Path Delay:        0.282ns  (logic 0.104ns (36.917%)  route 0.178ns (63.083%))
  Logic Levels:           1  (LUT3=1)
  Clock Path Skew:        0.056ns (DCD - SCD - CPR)
    Destination Clock Delay (DCD):    1.780ns
    Source Clock Delay      (SCD):    1.596ns
    Clock Pessimism Removal (CPR):    0.128ns
  Clock Net Delay (Source):      1.445ns (routing 0.676ns, distribution 0.769ns)
  Clock Net Delay (Destination): 1.593ns (routing 0.739ns, distribution 0.854ns)

    Location             Delay type                Incr(ns)  Path(ns)    Netlist Resource(s)
  -------------------------------------------------------------------    -------------------
                         (clock clk_pl_0 rise edge)
                                                      0.000     0.000 r  
    PS8_X0Y0             PS8                          0.000     0.000 r  design_1_i/zynq_ultra_ps_e_0/inst/PS8_i/PLCLK[0]
                         net (fo=1, routed)           0.129     0.129    design_1_i/zynq_ultra_ps_e_0/inst/pl_clk_unbuffered[0]
    BUFG_PS_X0Y90        BUFG_PS (Prop_BUFG_PS_I_O)
                                                      0.022     0.151 r  design_1_i/zynq_ultra_ps_e_0/inst/buffer_pl_clk_0.PL_CLK_0_BUFG/O
    X0Y1 (CLOCK_ROOT)    net (fo=5771, routed)        1.445     1.596    design_1_i/ps8_0_axi_periph/s00_couplers/auto_ds/inst/gen_downsizer.gen_simple_downsizer.axi_downsizer_inst/USE_READ.read_addr_inst/cmd_queue/inst/fifo_gen_inst/inst_fifo_gen/gconvfifo.rf/grf.rf/rstblk/clk
    SLICE_X4Y124         FDRE                                         r  design_1_i/ps8_0_axi_periph/s00_couplers/auto_ds/inst/gen_downsizer.gen_simple_downsizer.axi_downsizer_inst/USE_READ.read_addr_inst/cmd_queue/inst/fifo_gen_inst/inst_fifo_gen/gconvfifo.rf/grf.rf/rstblk/ngwrdrst.grst.g7serrst.gnsckt_wrst.gcc_rst.sckt_wr_rst_cc_reg[1]/C
  -------------------------------------------------------------------    -------------------
    SLICE_X4Y124         FDRE (Prop_CFF2_SLICEM_C_Q)
                                                      0.083     1.679 f  design_1_i/ps8_0_axi_periph/s00_couplers/auto_ds/inst/gen_downsizer.gen_simple_downsizer.axi_downsizer_inst/USE_READ.read_addr_inst/cmd_queue/inst/fifo_gen_inst/inst_fifo_gen/gconvfifo.rf/grf.rf/rstblk/ngwrdrst.grst.g7serrst.gnsckt_wrst.gcc_rst.sckt_wr_rst_cc_reg[1]/Q
                         net (fo=2, routed)           0.057     1.736    design_1_i/ps8_0_axi_periph/s00_couplers/auto_ds/inst/gen_downsizer.gen_simple_downsizer.axi_downsizer_inst/USE_READ.read_addr_inst/cmd_queue/inst/fifo_gen_inst/inst_fifo_gen/gconvfifo.rf/grf.rf/rstblk/ngwrdrst.grst.g7serrst.gnsckt_wrst.gcc_rst.sckt_wr_rst_cc[1]
    SLICE_X4Y124         LUT3 (Prop_D6LUT_SLICEM_I0_O)
                                                      0.021     1.757 f  design_1_i/ps8_0_axi_periph/s00_couplers/auto_ds/inst/gen_downsizer.gen_simple_downsizer.axi_downsizer_inst/USE_READ.read_addr_inst/cmd_queue/inst/fifo_gen_inst/inst_fifo_gen/gconvfifo.rf/grf.rf/rstblk/gpregsm1.curr_fwft_state[1]_i_2/O
                         net (fo=32, routed)          0.121     1.877    design_1_i/ps8_0_axi_periph/s00_couplers/auto_ds/inst/gen_downsizer.gen_simple_downsizer.axi_downsizer_inst/USE_READ.read_addr_inst/cmd_queue/inst/fifo_gen_inst/inst_fifo_gen/gconvfifo.rf/grf.rf/gntv_or_sync_fifo.gl0.rd/grss.rsts/ram_empty_i_reg_1
    SLICE_X2Y123         FDPE                                         f  design_1_i/ps8_0_axi_periph/s00_couplers/auto_ds/inst/gen_downsizer.gen_simple_downsizer.axi_downsizer_inst/USE_READ.read_addr_inst/cmd_queue/inst/fifo_gen_inst/inst_fifo_gen/gconvfifo.rf/grf.rf/gntv_or_sync_fifo.gl0.rd/grss.rsts/ram_empty_i_reg/PRE
  -------------------------------------------------------------------    -------------------

                         (clock clk_pl_0 rise edge)
                                                      0.000     0.000 r  
    PS8_X0Y0             PS8                          0.000     0.000 r  design_1_i/zynq_ultra_ps_e_0/inst/PS8_i/PLCLK[0]
                         net (fo=1, routed)           0.164     0.164    design_1_i/zynq_ultra_ps_e_0/inst/pl_clk_unbuffered[0]
    BUFG_PS_X0Y90        BUFG_PS (Prop_BUFG_PS_I_O)
                                                      0.023     0.187 r  design_1_i/zynq_ultra_ps_e_0/inst/buffer_pl_clk_0.PL_CLK_0_BUFG/O
    X0Y1 (CLOCK_ROOT)    net (fo=5771, routed)        1.593     1.780    design_1_i/ps8_0_axi_periph/s00_couplers/auto_ds/inst/gen_downsizer.gen_simple_downsizer.axi_downsizer_inst/USE_READ.read_addr_inst/cmd_queue/inst/fifo_gen_inst/inst_fifo_gen/gconvfifo.rf/grf.rf/gntv_or_sync_fifo.gl0.rd/grss.rsts/clk
    SLICE_X2Y123         FDPE                                         r  design_1_i/ps8_0_axi_periph/s00_couplers/auto_ds/inst/gen_downsizer.gen_simple_downsizer.axi_downsizer_inst/USE_READ.read_addr_inst/cmd_queue/inst/fifo_gen_inst/inst_fifo_gen/gconvfifo.rf/grf.rf/gntv_or_sync_fifo.gl0.rd/grss.rsts/ram_empty_i_reg/C
                         clock pessimism             -0.128     1.652    
    SLICE_X2Y123         FDPE (Remov_HFF_SLICEM_C_PRE)
                                                     -0.018     1.634    design_1_i/ps8_0_axi_periph/s00_couplers/auto_ds/inst/gen_downsizer.gen_simple_downsizer.axi_downsizer_inst/USE_READ.read_addr_inst/cmd_queue/inst/fifo_gen_inst/inst_fifo_gen/gconvfifo.rf/grf.rf/gntv_or_sync_fifo.gl0.rd/grss.rsts/ram_empty_i_reg
  -------------------------------------------------------------------
                         required time                         -1.634    
                         arrival time                           1.877    
  -------------------------------------------------------------------
                         slack                                  0.244    





--------------------------------------------------------------------------------------
Path Group:  (none)
From Clock:  
  To Clock:  clk_pl_0

Max Delay             1 Endpoint
Min Delay             1 Endpoint
--------------------------------------------------------------------------------------


Max Delay Paths
--------------------------------------------------------------------------------------
Slack:                    inf
  Source:                 design_1_i/zynq_ultra_ps_e_0/inst/PS8_i/EMIOGPIOO[95]
                            (internal pin)
  Destination:            design_1_i/rst_ps8_0_99M/U0/EXT_LPF/ACTIVE_LOW_EXT.ACT_LO_EXT/GENERATE_LEVEL_P_S_CDC.SINGLE_BIT.CROSS_PLEVEL_IN2SCNDRY_IN_cdc_to/D
                            (rising edge-triggered cell FDRE clocked by clk_pl_0  {rise@0.000ns fall@5.000ns period=10.000ns})
  Path Group:             (none)
  Path Type:              Setup (Max at Slow Process Corner)
  Data Path Delay:        2.158ns  (logic 0.060ns (2.780%)  route 2.098ns (97.220%))
  Logic Levels:           1  (LUT1=1)
  Clock Uncertainty:      0.127ns  ((TSJ^2 + DJ^2)^1/2) / 2 + PE
    Total System Jitter     (TSJ):    0.050ns
    Discrete Jitter          (DJ):    0.250ns
    Phase Error              (PE):    0.000ns
  Clock Net Delay (Destination): 2.375ns (routing 1.122ns, distribution 1.253ns)
  Timing Exception:       False Path

    Location             Delay type                Incr(ns)  Path(ns)    Netlist Resource(s)
  -------------------------------------------------------------------    -------------------
    PS8_X0Y0             PS8                          0.000     0.000 f  design_1_i/zynq_ultra_ps_e_0/inst/PS8_i/EMIOGPIOO[95]
                         net (fo=1, routed)           1.388     1.388    design_1_i/rst_ps8_0_99M/U0/EXT_LPF/ACTIVE_LOW_EXT.ACT_LO_EXT/ext_reset_in
    SLICE_X7Y125         LUT1 (Prop_H6LUT_SLICEM_I0_O)
                                                      0.060     1.448 r  design_1_i/rst_ps8_0_99M/U0/EXT_LPF/ACTIVE_LOW_EXT.ACT_LO_EXT/GENERATE_LEVEL_P_S_CDC.SINGLE_BIT.CROSS_PLEVEL_IN2SCNDRY_IN_cdc_to_i_1/O
                         net (fo=1, routed)           0.710     2.158    design_1_i/rst_ps8_0_99M/U0/EXT_LPF/ACTIVE_LOW_EXT.ACT_LO_EXT/exr_d1
    SLICE_X12Y124        FDRE                                         r  design_1_i/rst_ps8_0_99M/U0/EXT_LPF/ACTIVE_LOW_EXT.ACT_LO_EXT/GENERATE_LEVEL_P_S_CDC.SINGLE_BIT.CROSS_PLEVEL_IN2SCNDRY_IN_cdc_to/D
  -------------------------------------------------------------------    -------------------

                         (clock clk_pl_0 rise edge)
                                                      0.000     0.000 r  
    PS8_X0Y0             PS8                          0.000     0.000 r  design_1_i/zynq_ultra_ps_e_0/inst/PS8_i/PLCLK[0]
                         net (fo=1, routed)           0.181     0.181    design_1_i/zynq_ultra_ps_e_0/inst/pl_clk_unbuffered[0]
    BUFG_PS_X0Y90        BUFG_PS (Prop_BUFG_PS_I_O)
                                                      0.035     0.216 r  design_1_i/zynq_ultra_ps_e_0/inst/buffer_pl_clk_0.PL_CLK_0_BUFG/O
    X0Y1 (CLOCK_ROOT)    net (fo=5771, routed)        2.375     2.591    design_1_i/rst_ps8_0_99M/U0/EXT_LPF/ACTIVE_LOW_EXT.ACT_LO_EXT/slowest_sync_clk
    SLICE_X12Y124        FDRE                                         r  design_1_i/rst_ps8_0_99M/U0/EXT_LPF/ACTIVE_LOW_EXT.ACT_LO_EXT/GENERATE_LEVEL_P_S_CDC.SINGLE_BIT.CROSS_PLEVEL_IN2SCNDRY_IN_cdc_to/C





Min Delay Paths
--------------------------------------------------------------------------------------
Slack:                    inf
  Source:                 design_1_i/zynq_ultra_ps_e_0/inst/PS8_i/EMIOGPIOO[95]
                            (internal pin)
  Destination:            design_1_i/rst_ps8_0_99M/U0/EXT_LPF/ACTIVE_LOW_EXT.ACT_LO_EXT/GENERATE_LEVEL_P_S_CDC.SINGLE_BIT.CROSS_PLEVEL_IN2SCNDRY_IN_cdc_to/D
                            (rising edge-triggered cell FDRE clocked by clk_pl_0  {rise@0.000ns fall@5.000ns period=10.000ns})
  Path Group:             (none)
  Path Type:              Hold (Min at Fast Process Corner)
  Data Path Delay:        0.819ns  (logic 0.021ns (2.564%)  route 0.798ns (97.436%))
  Logic Levels:           1  (LUT1=1)
  Clock Uncertainty:      0.127ns  ((TSJ^2 + DJ^2)^1/2) / 2 + PE
    Total System Jitter     (TSJ):    0.050ns
    Discrete Jitter          (DJ):    0.250ns
    Phase Error              (PE):    0.000ns
  Clock Net Delay (Destination): 1.576ns (routing 0.739ns, distribution 0.837ns)
  Timing Exception:       False Path

    Location             Delay type                Incr(ns)  Path(ns)    Netlist Resource(s)
  -------------------------------------------------------------------    -------------------
    PS8_X0Y0             PS8                          0.000     0.000 f  design_1_i/zynq_ultra_ps_e_0/inst/PS8_i/EMIOGPIOO[95]
                         net (fo=1, routed)           0.558     0.558    design_1_i/rst_ps8_0_99M/U0/EXT_LPF/ACTIVE_LOW_EXT.ACT_LO_EXT/ext_reset_in
    SLICE_X7Y125         LUT1 (Prop_H6LUT_SLICEM_I0_O)
                                                      0.021     0.579 r  design_1_i/rst_ps8_0_99M/U0/EXT_LPF/ACTIVE_LOW_EXT.ACT_LO_EXT/GENERATE_LEVEL_P_S_CDC.SINGLE_BIT.CROSS_PLEVEL_IN2SCNDRY_IN_cdc_to_i_1/O
                         net (fo=1, routed)           0.240     0.819    design_1_i/rst_ps8_0_99M/U0/EXT_LPF/ACTIVE_LOW_EXT.ACT_LO_EXT/exr_d1
    SLICE_X12Y124        FDRE                                         r  design_1_i/rst_ps8_0_99M/U0/EXT_LPF/ACTIVE_LOW_EXT.ACT_LO_EXT/GENERATE_LEVEL_P_S_CDC.SINGLE_BIT.CROSS_PLEVEL_IN2SCNDRY_IN_cdc_to/D
  -------------------------------------------------------------------    -------------------

                         (clock clk_pl_0 rise edge)
                                                      0.000     0.000 r  
    PS8_X0Y0             PS8                          0.000     0.000 r  design_1_i/zynq_ultra_ps_e_0/inst/PS8_i/PLCLK[0]
                         net (fo=1, routed)           0.164     0.164    design_1_i/zynq_ultra_ps_e_0/inst/pl_clk_unbuffered[0]
    BUFG_PS_X0Y90        BUFG_PS (Prop_BUFG_PS_I_O)
                                                      0.023     0.187 r  design_1_i/zynq_ultra_ps_e_0/inst/buffer_pl_clk_0.PL_CLK_0_BUFG/O
    X0Y1 (CLOCK_ROOT)    net (fo=5771, routed)        1.576     1.763    design_1_i/rst_ps8_0_99M/U0/EXT_LPF/ACTIVE_LOW_EXT.ACT_LO_EXT/slowest_sync_clk
    SLICE_X12Y124        FDRE                                         r  design_1_i/rst_ps8_0_99M/U0/EXT_LPF/ACTIVE_LOW_EXT.ACT_LO_EXT/GENERATE_LEVEL_P_S_CDC.SINGLE_BIT.CROSS_PLEVEL_IN2SCNDRY_IN_cdc_to/C





--------------------------------------------------------------------------------------
Path Group:  (none)
From Clock:  clk_pl_0
  To Clock:  clk_pl_0

Max Delay            30 Endpoints
Min Delay            30 Endpoints
--------------------------------------------------------------------------------------


Max Delay Paths
--------------------------------------------------------------------------------------
Slack:                    inf
  Source:                 design_1_i/rst_ps8_0_99M/U0/ACTIVE_LOW_PR_OUT_DFF[0].FDRE_PER_N/C
                            (rising edge-triggered cell FDRE clocked by clk_pl_0  {rise@0.000ns fall@5.000ns period=10.000ns})
  Destination:            design_1_i/axi_smc/inst/clk_map/psr_aclk/U0/EXT_LPF/ACTIVE_LOW_AUX.ACT_LO_AUX/GENERATE_LEVEL_P_S_CDC.SINGLE_BIT.CROSS_PLEVEL_IN2SCNDRY_IN_cdc_to/D
                            (rising edge-triggered cell FDRE clocked by clk_pl_0  {rise@0.000ns fall@5.000ns period=10.000ns})
  Path Group:             (none)
  Path Type:              Setup (Max at Slow Process Corner)
  Data Path Delay:        2.427ns  (logic 0.193ns (7.953%)  route 2.234ns (92.047%))
  Logic Levels:           1  (LUT1=1)
  Clock Path Skew:        -0.322ns (DCD - SCD + CPR)
    Destination Clock Delay (DCD):    2.570ns
    Source Clock Delay      (SCD):    2.891ns
    Clock Pessimism Removal (CPR):    0.000ns
  Clock Uncertainty:      0.130ns  ((TSJ^2 + DJ^2)^1/2) / 2 + PE
    Total System Jitter     (TSJ):    0.071ns
    Discrete Jitter          (DJ):    0.250ns
    Phase Error              (PE):    0.000ns
  Clock Net Delay (Source):      2.624ns (routing 1.229ns, distribution 1.395ns)
  Clock Net Delay (Destination): 2.354ns (routing 1.122ns, distribution 1.232ns)
  Timing Exception:       False Path

    Location             Delay type                Incr(ns)  Path(ns)    Netlist Resource(s)
  -------------------------------------------------------------------    -------------------
                         (clock clk_pl_0 rise edge)
                                                      0.000     0.000 r  
    PS8_X0Y0             PS8                          0.000     0.000 r  design_1_i/zynq_ultra_ps_e_0/inst/PS8_i/PLCLK[0]
                         net (fo=1, routed)           0.229     0.229    design_1_i/zynq_ultra_ps_e_0/inst/pl_clk_unbuffered[0]
    BUFG_PS_X0Y90        BUFG_PS (Prop_BUFG_PS_I_O)
                                                      0.038     0.267 r  design_1_i/zynq_ultra_ps_e_0/inst/buffer_pl_clk_0.PL_CLK_0_BUFG/O
    X0Y1 (CLOCK_ROOT)    net (fo=5771, routed)        2.624     2.891    design_1_i/rst_ps8_0_99M/U0/slowest_sync_clk
    SLICE_X13Y124        FDRE                                         r  design_1_i/rst_ps8_0_99M/U0/ACTIVE_LOW_PR_OUT_DFF[0].FDRE_PER_N/C
  -------------------------------------------------------------------    -------------------
    SLICE_X13Y124        FDRE (Prop_EFF_SLICEM_C_Q)
                                                      0.113     3.004 f  design_1_i/rst_ps8_0_99M/U0/ACTIVE_LOW_PR_OUT_DFF[0].FDRE_PER_N/Q
                         net (fo=728, routed)         1.996     5.000    design_1_i/axi_smc/inst/clk_map/psr_aclk/U0/EXT_LPF/ACTIVE_LOW_AUX.ACT_LO_AUX/aresetn
    SLICE_X2Y71          LUT1 (Prop_F6LUT_SLICEM_I0_O)
                                                      0.080     5.080 r  design_1_i/axi_smc/inst/clk_map/psr_aclk/U0/EXT_LPF/ACTIVE_LOW_AUX.ACT_LO_AUX/GENERATE_LEVEL_P_S_CDC.SINGLE_BIT.CROSS_PLEVEL_IN2SCNDRY_IN_cdc_to_i_1/O
                         net (fo=1, routed)           0.238     5.318    design_1_i/axi_smc/inst/clk_map/psr_aclk/U0/EXT_LPF/ACTIVE_LOW_AUX.ACT_LO_AUX/asr_d1
    SLICE_X2Y71          FDRE                                         r  design_1_i/axi_smc/inst/clk_map/psr_aclk/U0/EXT_LPF/ACTIVE_LOW_AUX.ACT_LO_AUX/GENERATE_LEVEL_P_S_CDC.SINGLE_BIT.CROSS_PLEVEL_IN2SCNDRY_IN_cdc_to/D
  -------------------------------------------------------------------    -------------------

                         (clock clk_pl_0 rise edge)
                                                      0.000     0.000 r  
    PS8_X0Y0             PS8                          0.000     0.000 r  design_1_i/zynq_ultra_ps_e_0/inst/PS8_i/PLCLK[0]
                         net (fo=1, routed)           0.181     0.181    design_1_i/zynq_ultra_ps_e_0/inst/pl_clk_unbuffered[0]
    BUFG_PS_X0Y90        BUFG_PS (Prop_BUFG_PS_I_O)
                                                      0.035     0.216 r  design_1_i/zynq_ultra_ps_e_0/inst/buffer_pl_clk_0.PL_CLK_0_BUFG/O
    X0Y1 (CLOCK_ROOT)    net (fo=5771, routed)        2.354     2.570    design_1_i/axi_smc/inst/clk_map/psr_aclk/U0/EXT_LPF/ACTIVE_LOW_AUX.ACT_LO_AUX/aclk
    SLICE_X2Y71          FDRE                                         r  design_1_i/axi_smc/inst/clk_map/psr_aclk/U0/EXT_LPF/ACTIVE_LOW_AUX.ACT_LO_AUX/GENERATE_LEVEL_P_S_CDC.SINGLE_BIT.CROSS_PLEVEL_IN2SCNDRY_IN_cdc_to/C

Slack:                    inf
  Source:                 design_1_i/rst_ps8_0_99M/U0/ACTIVE_LOW_PR_OUT_DFF[0].FDRE_PER_N/C
                            (rising edge-triggered cell FDRE clocked by clk_pl_0  {rise@0.000ns fall@5.000ns period=10.000ns})
  Destination:            design_1_i/axi_dma_0/U0/I_RST_MODULE/REG_HRD_RST/GENERATE_LEVEL_P_S_CDC.SINGLE_BIT.CROSS_PLEVEL_IN2SCNDRY_IN_cdc_to/D
                            (rising edge-triggered cell FDRE clocked by clk_pl_0  {rise@0.000ns fall@5.000ns period=10.000ns})
  Path Group:             (none)
  Path Type:              Setup (Max at Slow Process Corner)
  Data Path Delay:        1.914ns  (logic 0.113ns (5.904%)  route 1.801ns (94.096%))
  Logic Levels:           0  
  Clock Path Skew:        -0.358ns (DCD - SCD + CPR)
    Destination Clock Delay (DCD):    2.533ns
    Source Clock Delay      (SCD):    2.891ns
    Clock Pessimism Removal (CPR):    0.000ns
  Clock Uncertainty:      0.130ns  ((TSJ^2 + DJ^2)^1/2) / 2 + PE
    Total System Jitter     (TSJ):    0.071ns
    Discrete Jitter          (DJ):    0.250ns
    Phase Error              (PE):    0.000ns
  Clock Net Delay (Source):      2.624ns (routing 1.229ns, distribution 1.395ns)
  Clock Net Delay (Destination): 2.317ns (routing 1.122ns, distribution 1.195ns)
  Timing Exception:       False Path

    Location             Delay type                Incr(ns)  Path(ns)    Netlist Resource(s)
  -------------------------------------------------------------------    -------------------
                         (clock clk_pl_0 rise edge)
                                                      0.000     0.000 r  
    PS8_X0Y0             PS8                          0.000     0.000 r  design_1_i/zynq_ultra_ps_e_0/inst/PS8_i/PLCLK[0]
                         net (fo=1, routed)           0.229     0.229    design_1_i/zynq_ultra_ps_e_0/inst/pl_clk_unbuffered[0]
    BUFG_PS_X0Y90        BUFG_PS (Prop_BUFG_PS_I_O)
                                                      0.038     0.267 r  design_1_i/zynq_ultra_ps_e_0/inst/buffer_pl_clk_0.PL_CLK_0_BUFG/O
    X0Y1 (CLOCK_ROOT)    net (fo=5771, routed)        2.624     2.891    design_1_i/rst_ps8_0_99M/U0/slowest_sync_clk
    SLICE_X13Y124        FDRE                                         r  design_1_i/rst_ps8_0_99M/U0/ACTIVE_LOW_PR_OUT_DFF[0].FDRE_PER_N/C
  -------------------------------------------------------------------    -------------------
    SLICE_X13Y124        FDRE (Prop_EFF_SLICEM_C_Q)
                                                      0.113     3.004 r  design_1_i/rst_ps8_0_99M/U0/ACTIVE_LOW_PR_OUT_DFF[0].FDRE_PER_N/Q
                         net (fo=728, routed)         1.801     4.805    design_1_i/axi_dma_0/U0/I_RST_MODULE/REG_HRD_RST/axi_resetn
    SLICE_X7Y95          FDRE                                         r  design_1_i/axi_dma_0/U0/I_RST_MODULE/REG_HRD_RST/GENERATE_LEVEL_P_S_CDC.SINGLE_BIT.CROSS_PLEVEL_IN2SCNDRY_IN_cdc_to/D
  -------------------------------------------------------------------    -------------------

                         (clock clk_pl_0 rise edge)
                                                      0.000     0.000 r  
    PS8_X0Y0             PS8                          0.000     0.000 r  design_1_i/zynq_ultra_ps_e_0/inst/PS8_i/PLCLK[0]
                         net (fo=1, routed)           0.181     0.181    design_1_i/zynq_ultra_ps_e_0/inst/pl_clk_unbuffered[0]
    BUFG_PS_X0Y90        BUFG_PS (Prop_BUFG_PS_I_O)
                                                      0.035     0.216 r  design_1_i/zynq_ultra_ps_e_0/inst/buffer_pl_clk_0.PL_CLK_0_BUFG/O
    X0Y1 (CLOCK_ROOT)    net (fo=5771, routed)        2.317     2.533    design_1_i/axi_dma_0/U0/I_RST_MODULE/REG_HRD_RST/s_axi_lite_aclk
    SLICE_X7Y95          FDRE                                         r  design_1_i/axi_dma_0/U0/I_RST_MODULE/REG_HRD_RST/GENERATE_LEVEL_P_S_CDC.SINGLE_BIT.CROSS_PLEVEL_IN2SCNDRY_IN_cdc_to/C

Slack:                    inf
  Source:                 design_1_i/rst_ps8_0_99M/U0/ACTIVE_LOW_PR_OUT_DFF[0].FDRE_PER_N/C
                            (rising edge-triggered cell FDRE clocked by clk_pl_0  {rise@0.000ns fall@5.000ns period=10.000ns})
  Destination:            design_1_i/axi_dma_0/U0/I_RST_MODULE/REG_HRD_RST_OUT/GENERATE_LEVEL_P_S_CDC.SINGLE_BIT.CROSS_PLEVEL_IN2SCNDRY_IN_cdc_to/D
                            (rising edge-triggered cell FDRE clocked by clk_pl_0  {rise@0.000ns fall@5.000ns period=10.000ns})
  Path Group:             (none)
  Path Type:              Setup (Max at Slow Process Corner)
  Data Path Delay:        1.857ns  (logic 0.113ns (6.084%)  route 1.744ns (93.916%))
  Logic Levels:           0  
  Clock Path Skew:        -0.335ns (DCD - SCD + CPR)
    Destination Clock Delay (DCD):    2.556ns
    Source Clock Delay      (SCD):    2.891ns
    Clock Pessimism Removal (CPR):    0.000ns
  Clock Uncertainty:      0.130ns  ((TSJ^2 + DJ^2)^1/2) / 2 + PE
    Total System Jitter     (TSJ):    0.071ns
    Discrete Jitter          (DJ):    0.250ns
    Phase Error              (PE):    0.000ns
  Clock Net Delay (Source):      2.624ns (routing 1.229ns, distribution 1.395ns)
  Clock Net Delay (Destination): 2.340ns (routing 1.122ns, distribution 1.218ns)
  Timing Exception:       False Path

    Location             Delay type                Incr(ns)  Path(ns)    Netlist Resource(s)
  -------------------------------------------------------------------    -------------------
                         (clock clk_pl_0 rise edge)
                                                      0.000     0.000 r  
    PS8_X0Y0             PS8                          0.000     0.000 r  design_1_i/zynq_ultra_ps_e_0/inst/PS8_i/PLCLK[0]
                         net (fo=1, routed)           0.229     0.229    design_1_i/zynq_ultra_ps_e_0/inst/pl_clk_unbuffered[0]
    BUFG_PS_X0Y90        BUFG_PS (Prop_BUFG_PS_I_O)
                                                      0.038     0.267 r  design_1_i/zynq_ultra_ps_e_0/inst/buffer_pl_clk_0.PL_CLK_0_BUFG/O
    X0Y1 (CLOCK_ROOT)    net (fo=5771, routed)        2.624     2.891    design_1_i/rst_ps8_0_99M/U0/slowest_sync_clk
    SLICE_X13Y124        FDRE                                         r  design_1_i/rst_ps8_0_99M/U0/ACTIVE_LOW_PR_OUT_DFF[0].FDRE_PER_N/C
  -------------------------------------------------------------------    -------------------
    SLICE_X13Y124        FDRE (Prop_EFF_SLICEM_C_Q)
                                                      0.113     3.004 r  design_1_i/rst_ps8_0_99M/U0/ACTIVE_LOW_PR_OUT_DFF[0].FDRE_PER_N/Q
                         net (fo=728, routed)         1.744     4.748    design_1_i/axi_dma_0/U0/I_RST_MODULE/REG_HRD_RST_OUT/axi_resetn
    SLICE_X8Y112         FDRE                                         r  design_1_i/axi_dma_0/U0/I_RST_MODULE/REG_HRD_RST_OUT/GENERATE_LEVEL_P_S_CDC.SINGLE_BIT.CROSS_PLEVEL_IN2SCNDRY_IN_cdc_to/D
  -------------------------------------------------------------------    -------------------

                         (clock clk_pl_0 rise edge)
                                                      0.000     0.000 r  
    PS8_X0Y0             PS8                          0.000     0.000 r  design_1_i/zynq_ultra_ps_e_0/inst/PS8_i/PLCLK[0]
                         net (fo=1, routed)           0.181     0.181    design_1_i/zynq_ultra_ps_e_0/inst/pl_clk_unbuffered[0]
    BUFG_PS_X0Y90        BUFG_PS (Prop_BUFG_PS_I_O)
                                                      0.035     0.216 r  design_1_i/zynq_ultra_ps_e_0/inst/buffer_pl_clk_0.PL_CLK_0_BUFG/O
    X0Y1 (CLOCK_ROOT)    net (fo=5771, routed)        2.340     2.556    design_1_i/axi_dma_0/U0/I_RST_MODULE/REG_HRD_RST_OUT/s_axi_lite_aclk
    SLICE_X8Y112         FDRE                                         r  design_1_i/axi_dma_0/U0/I_RST_MODULE/REG_HRD_RST_OUT/GENERATE_LEVEL_P_S_CDC.SINGLE_BIT.CROSS_PLEVEL_IN2SCNDRY_IN_cdc_to/C

Slack:                    inf
  Source:                 design_1_i/rst_ps8_0_99M/U0/ACTIVE_LOW_PR_OUT_DFF[0].FDRE_PER_N/C
                            (rising edge-triggered cell FDRE clocked by clk_pl_0  {rise@0.000ns fall@5.000ns period=10.000ns})
  Destination:            design_1_i/ps8_0_axi_periph/s00_couplers/auto_ds/inst/gen_downsizer.gen_simple_downsizer.axi_downsizer_inst/USE_WRITE.write_addr_inst/cmd_queue/inst/fifo_gen_inst/inst_fifo_gen/gconvfifo.rf/grf.rf/rstblk/ngwrdrst.grst.g7serrst.gnsckt_wrst.rst_wr_reg2_inst/arststages_ff_reg[0]/PRE
                            (recovery check against rising-edge clock clk_pl_0  {rise@0.000ns fall@5.000ns period=10.000ns})
  Path Group:             (none)
  Path Type:              Recovery (Max at Slow Process Corner)
  Data Path Delay:        1.719ns  (logic 0.113ns (6.574%)  route 1.606ns (93.426%))
  Logic Levels:           0  
  Clock Path Skew:        -0.334ns (DCD - SCD + CPR)
    Destination Clock Delay (DCD):    2.557ns
    Source Clock Delay      (SCD):    2.891ns
    Clock Pessimism Removal (CPR):    0.000ns
  Clock Uncertainty:      0.130ns  ((TSJ^2 + DJ^2)^1/2) / 2 + PE
    Total System Jitter     (TSJ):    0.071ns
    Discrete Jitter          (DJ):    0.250ns
    Phase Error              (PE):    0.000ns
  Clock Net Delay (Source):      2.624ns (routing 1.229ns, distribution 1.395ns)
  Clock Net Delay (Destination): 2.341ns (routing 1.122ns, distribution 1.219ns)
  Timing Exception:       False Path

    Location             Delay type                Incr(ns)  Path(ns)    Netlist Resource(s)
  -------------------------------------------------------------------    -------------------
                         (clock clk_pl_0 rise edge)
                                                      0.000     0.000 r  
    PS8_X0Y0             PS8                          0.000     0.000 r  design_1_i/zynq_ultra_ps_e_0/inst/PS8_i/PLCLK[0]
                         net (fo=1, routed)           0.229     0.229    design_1_i/zynq_ultra_ps_e_0/inst/pl_clk_unbuffered[0]
    BUFG_PS_X0Y90        BUFG_PS (Prop_BUFG_PS_I_O)
                                                      0.038     0.267 r  design_1_i/zynq_ultra_ps_e_0/inst/buffer_pl_clk_0.PL_CLK_0_BUFG/O
    X0Y1 (CLOCK_ROOT)    net (fo=5771, routed)        2.624     2.891    design_1_i/rst_ps8_0_99M/U0/slowest_sync_clk
    SLICE_X13Y124        FDRE                                         r  design_1_i/rst_ps8_0_99M/U0/ACTIVE_LOW_PR_OUT_DFF[0].FDRE_PER_N/C
  -------------------------------------------------------------------    -------------------
    SLICE_X13Y124        FDRE (Prop_EFF_SLICEM_C_Q)
                                                      0.113     3.004 r  design_1_i/rst_ps8_0_99M/U0/ACTIVE_LOW_PR_OUT_DFF[0].FDRE_PER_N/Q
                         net (fo=728, routed)         1.606     4.610    design_1_i/ps8_0_axi_periph/s00_couplers/auto_ds/inst/gen_downsizer.gen_simple_downsizer.axi_downsizer_inst/USE_WRITE.write_addr_inst/cmd_queue/inst/fifo_gen_inst/inst_fifo_gen/gconvfifo.rf/grf.rf/rstblk/ngwrdrst.grst.g7serrst.gnsckt_wrst.rst_wr_reg2_inst/src_arst
    SLICE_X8Y119         FDPE                                         f  design_1_i/ps8_0_axi_periph/s00_couplers/auto_ds/inst/gen_downsizer.gen_simple_downsizer.axi_downsizer_inst/USE_WRITE.write_addr_inst/cmd_queue/inst/fifo_gen_inst/inst_fifo_gen/gconvfifo.rf/grf.rf/rstblk/ngwrdrst.grst.g7serrst.gnsckt_wrst.rst_wr_reg2_inst/arststages_ff_reg[0]/PRE  (IS_INVERTED)
  -------------------------------------------------------------------    -------------------

                         (clock clk_pl_0 rise edge)
                                                      0.000     0.000 r  
    PS8_X0Y0             PS8                          0.000     0.000 r  design_1_i/zynq_ultra_ps_e_0/inst/PS8_i/PLCLK[0]
                         net (fo=1, routed)           0.181     0.181    design_1_i/zynq_ultra_ps_e_0/inst/pl_clk_unbuffered[0]
    BUFG_PS_X0Y90        BUFG_PS (Prop_BUFG_PS_I_O)
                                                      0.035     0.216 r  design_1_i/zynq_ultra_ps_e_0/inst/buffer_pl_clk_0.PL_CLK_0_BUFG/O
    X0Y1 (CLOCK_ROOT)    net (fo=5771, routed)        2.341     2.557    design_1_i/ps8_0_axi_periph/s00_couplers/auto_ds/inst/gen_downsizer.gen_simple_downsizer.axi_downsizer_inst/USE_WRITE.write_addr_inst/cmd_queue/inst/fifo_gen_inst/inst_fifo_gen/gconvfifo.rf/grf.rf/rstblk/ngwrdrst.grst.g7serrst.gnsckt_wrst.rst_wr_reg2_inst/dest_clk
    SLICE_X8Y119         FDPE                                         r  design_1_i/ps8_0_axi_periph/s00_couplers/auto_ds/inst/gen_downsizer.gen_simple_downsizer.axi_downsizer_inst/USE_WRITE.write_addr_inst/cmd_queue/inst/fifo_gen_inst/inst_fifo_gen/gconvfifo.rf/grf.rf/rstblk/ngwrdrst.grst.g7serrst.gnsckt_wrst.rst_wr_reg2_inst/arststages_ff_reg[0]/C

Slack:                    inf
  Source:                 design_1_i/rst_ps8_0_99M/U0/ACTIVE_LOW_PR_OUT_DFF[0].FDRE_PER_N/C
                            (rising edge-triggered cell FDRE clocked by clk_pl_0  {rise@0.000ns fall@5.000ns period=10.000ns})
  Destination:            design_1_i/ps8_0_axi_periph/s00_couplers/auto_ds/inst/gen_downsizer.gen_simple_downsizer.axi_downsizer_inst/USE_WRITE.write_addr_inst/cmd_queue/inst/fifo_gen_inst/inst_fifo_gen/gconvfifo.rf/grf.rf/rstblk/ngwrdrst.grst.g7serrst.gnsckt_wrst.rst_wr_reg2_inst/arststages_ff_reg[1]/PRE
                            (recovery check against rising-edge clock clk_pl_0  {rise@0.000ns fall@5.000ns period=10.000ns})
  Path Group:             (none)
  Path Type:              Recovery (Max at Slow Process Corner)
  Data Path Delay:        1.719ns  (logic 0.113ns (6.574%)  route 1.606ns (93.426%))
  Logic Levels:           0  
  Clock Path Skew:        -0.334ns (DCD - SCD + CPR)
    Destination Clock Delay (DCD):    2.557ns
    Source Clock Delay      (SCD):    2.891ns
    Clock Pessimism Removal (CPR):    0.000ns
  Clock Uncertainty:      0.130ns  ((TSJ^2 + DJ^2)^1/2) / 2 + PE
    Total System Jitter     (TSJ):    0.071ns
    Discrete Jitter          (DJ):    0.250ns
    Phase Error              (PE):    0.000ns
  Clock Net Delay (Source):      2.624ns (routing 1.229ns, distribution 1.395ns)
  Clock Net Delay (Destination): 2.341ns (routing 1.122ns, distribution 1.219ns)
  Timing Exception:       False Path

    Location             Delay type                Incr(ns)  Path(ns)    Netlist Resource(s)
  -------------------------------------------------------------------    -------------------
                         (clock clk_pl_0 rise edge)
                                                      0.000     0.000 r  
    PS8_X0Y0             PS8                          0.000     0.000 r  design_1_i/zynq_ultra_ps_e_0/inst/PS8_i/PLCLK[0]
                         net (fo=1, routed)           0.229     0.229    design_1_i/zynq_ultra_ps_e_0/inst/pl_clk_unbuffered[0]
    BUFG_PS_X0Y90        BUFG_PS (Prop_BUFG_PS_I_O)
                                                      0.038     0.267 r  design_1_i/zynq_ultra_ps_e_0/inst/buffer_pl_clk_0.PL_CLK_0_BUFG/O
    X0Y1 (CLOCK_ROOT)    net (fo=5771, routed)        2.624     2.891    design_1_i/rst_ps8_0_99M/U0/slowest_sync_clk
    SLICE_X13Y124        FDRE                                         r  design_1_i/rst_ps8_0_99M/U0/ACTIVE_LOW_PR_OUT_DFF[0].FDRE_PER_N/C
  -------------------------------------------------------------------    -------------------
    SLICE_X13Y124        FDRE (Prop_EFF_SLICEM_C_Q)
                                                      0.113     3.004 r  design_1_i/rst_ps8_0_99M/U0/ACTIVE_LOW_PR_OUT_DFF[0].FDRE_PER_N/Q
                         net (fo=728, routed)         1.606     4.610    design_1_i/ps8_0_axi_periph/s00_couplers/auto_ds/inst/gen_downsizer.gen_simple_downsizer.axi_downsizer_inst/USE_WRITE.write_addr_inst/cmd_queue/inst/fifo_gen_inst/inst_fifo_gen/gconvfifo.rf/grf.rf/rstblk/ngwrdrst.grst.g7serrst.gnsckt_wrst.rst_wr_reg2_inst/src_arst
    SLICE_X8Y119         FDPE                                         f  design_1_i/ps8_0_axi_periph/s00_couplers/auto_ds/inst/gen_downsizer.gen_simple_downsizer.axi_downsizer_inst/USE_WRITE.write_addr_inst/cmd_queue/inst/fifo_gen_inst/inst_fifo_gen/gconvfifo.rf/grf.rf/rstblk/ngwrdrst.grst.g7serrst.gnsckt_wrst.rst_wr_reg2_inst/arststages_ff_reg[1]/PRE  (IS_INVERTED)
  -------------------------------------------------------------------    -------------------

                         (clock clk_pl_0 rise edge)
                                                      0.000     0.000 r  
    PS8_X0Y0             PS8                          0.000     0.000 r  design_1_i/zynq_ultra_ps_e_0/inst/PS8_i/PLCLK[0]
                         net (fo=1, routed)           0.181     0.181    design_1_i/zynq_ultra_ps_e_0/inst/pl_clk_unbuffered[0]
    BUFG_PS_X0Y90        BUFG_PS (Prop_BUFG_PS_I_O)
                                                      0.035     0.216 r  design_1_i/zynq_ultra_ps_e_0/inst/buffer_pl_clk_0.PL_CLK_0_BUFG/O
    X0Y1 (CLOCK_ROOT)    net (fo=5771, routed)        2.341     2.557    design_1_i/ps8_0_axi_periph/s00_couplers/auto_ds/inst/gen_downsizer.gen_simple_downsizer.axi_downsizer_inst/USE_WRITE.write_addr_inst/cmd_queue/inst/fifo_gen_inst/inst_fifo_gen/gconvfifo.rf/grf.rf/rstblk/ngwrdrst.grst.g7serrst.gnsckt_wrst.rst_wr_reg2_inst/dest_clk
    SLICE_X8Y119         FDPE                                         r  design_1_i/ps8_0_axi_periph/s00_couplers/auto_ds/inst/gen_downsizer.gen_simple_downsizer.axi_downsizer_inst/USE_WRITE.write_addr_inst/cmd_queue/inst/fifo_gen_inst/inst_fifo_gen/gconvfifo.rf/grf.rf/rstblk/ngwrdrst.grst.g7serrst.gnsckt_wrst.rst_wr_reg2_inst/arststages_ff_reg[1]/C

Slack:                    inf
  Source:                 design_1_i/rst_ps8_0_99M/U0/ACTIVE_LOW_PR_OUT_DFF[0].FDRE_PER_N/C
                            (rising edge-triggered cell FDRE clocked by clk_pl_0  {rise@0.000ns fall@5.000ns period=10.000ns})
  Destination:            design_1_i/ps8_0_axi_periph/s00_couplers/auto_ds/inst/gen_downsizer.gen_simple_downsizer.axi_downsizer_inst/USE_WRITE.write_addr_inst/USE_B_CHANNEL.cmd_b_queue/inst/fifo_gen_inst/inst_fifo_gen/gconvfifo.rf/grf.rf/rstblk/ngwrdrst.grst.g7serrst.gnsckt_wrst.rst_wr_reg2_inst/arststages_ff_reg[0]/PRE
                            (recovery check against rising-edge clock clk_pl_0  {rise@0.000ns fall@5.000ns period=10.000ns})
  Path Group:             (none)
  Path Type:              Recovery (Max at Slow Process Corner)
  Data Path Delay:        1.704ns  (logic 0.113ns (6.632%)  route 1.591ns (93.368%))
  Logic Levels:           0  
  Clock Path Skew:        -0.338ns (DCD - SCD + CPR)
    Destination Clock Delay (DCD):    2.553ns
    Source Clock Delay      (SCD):    2.891ns
    Clock Pessimism Removal (CPR):    0.000ns
  Clock Uncertainty:      0.130ns  ((TSJ^2 + DJ^2)^1/2) / 2 + PE
    Total System Jitter     (TSJ):    0.071ns
    Discrete Jitter          (DJ):    0.250ns
    Phase Error              (PE):    0.000ns
  Clock Net Delay (Source):      2.624ns (routing 1.229ns, distribution 1.395ns)
  Clock Net Delay (Destination): 2.337ns (routing 1.122ns, distribution 1.215ns)
  Timing Exception:       False Path

    Location             Delay type                Incr(ns)  Path(ns)    Netlist Resource(s)
  -------------------------------------------------------------------    -------------------
                         (clock clk_pl_0 rise edge)
                                                      0.000     0.000 r  
    PS8_X0Y0             PS8                          0.000     0.000 r  design_1_i/zynq_ultra_ps_e_0/inst/PS8_i/PLCLK[0]
                         net (fo=1, routed)           0.229     0.229    design_1_i/zynq_ultra_ps_e_0/inst/pl_clk_unbuffered[0]
    BUFG_PS_X0Y90        BUFG_PS (Prop_BUFG_PS_I_O)
                                                      0.038     0.267 r  design_1_i/zynq_ultra_ps_e_0/inst/buffer_pl_clk_0.PL_CLK_0_BUFG/O
    X0Y1 (CLOCK_ROOT)    net (fo=5771, routed)        2.624     2.891    design_1_i/rst_ps8_0_99M/U0/slowest_sync_clk
    SLICE_X13Y124        FDRE                                         r  design_1_i/rst_ps8_0_99M/U0/ACTIVE_LOW_PR_OUT_DFF[0].FDRE_PER_N/C
  -------------------------------------------------------------------    -------------------
    SLICE_X13Y124        FDRE (Prop_EFF_SLICEM_C_Q)
                                                      0.113     3.004 r  design_1_i/rst_ps8_0_99M/U0/ACTIVE_LOW_PR_OUT_DFF[0].FDRE_PER_N/Q
                         net (fo=728, routed)         1.591     4.595    design_1_i/ps8_0_axi_periph/s00_couplers/auto_ds/inst/gen_downsizer.gen_simple_downsizer.axi_downsizer_inst/USE_WRITE.write_addr_inst/USE_B_CHANNEL.cmd_b_queue/inst/fifo_gen_inst/inst_fifo_gen/gconvfifo.rf/grf.rf/rstblk/ngwrdrst.grst.g7serrst.gnsckt_wrst.rst_wr_reg2_inst/src_arst
    SLICE_X9Y119         FDPE                                         f  design_1_i/ps8_0_axi_periph/s00_couplers/auto_ds/inst/gen_downsizer.gen_simple_downsizer.axi_downsizer_inst/USE_WRITE.write_addr_inst/USE_B_CHANNEL.cmd_b_queue/inst/fifo_gen_inst/inst_fifo_gen/gconvfifo.rf/grf.rf/rstblk/ngwrdrst.grst.g7serrst.gnsckt_wrst.rst_wr_reg2_inst/arststages_ff_reg[0]/PRE  (IS_INVERTED)
  -------------------------------------------------------------------    -------------------

                         (clock clk_pl_0 rise edge)
                                                      0.000     0.000 r  
    PS8_X0Y0             PS8                          0.000     0.000 r  design_1_i/zynq_ultra_ps_e_0/inst/PS8_i/PLCLK[0]
                         net (fo=1, routed)           0.181     0.181    design_1_i/zynq_ultra_ps_e_0/inst/pl_clk_unbuffered[0]
    BUFG_PS_X0Y90        BUFG_PS (Prop_BUFG_PS_I_O)
                                                      0.035     0.216 r  design_1_i/zynq_ultra_ps_e_0/inst/buffer_pl_clk_0.PL_CLK_0_BUFG/O
    X0Y1 (CLOCK_ROOT)    net (fo=5771, routed)        2.337     2.553    design_1_i/ps8_0_axi_periph/s00_couplers/auto_ds/inst/gen_downsizer.gen_simple_downsizer.axi_downsizer_inst/USE_WRITE.write_addr_inst/USE_B_CHANNEL.cmd_b_queue/inst/fifo_gen_inst/inst_fifo_gen/gconvfifo.rf/grf.rf/rstblk/ngwrdrst.grst.g7serrst.gnsckt_wrst.rst_wr_reg2_inst/dest_clk
    SLICE_X9Y119         FDPE                                         r  design_1_i/ps8_0_axi_periph/s00_couplers/auto_ds/inst/gen_downsizer.gen_simple_downsizer.axi_downsizer_inst/USE_WRITE.write_addr_inst/USE_B_CHANNEL.cmd_b_queue/inst/fifo_gen_inst/inst_fifo_gen/gconvfifo.rf/grf.rf/rstblk/ngwrdrst.grst.g7serrst.gnsckt_wrst.rst_wr_reg2_inst/arststages_ff_reg[0]/C

Slack:                    inf
  Source:                 design_1_i/rst_ps8_0_99M/U0/ACTIVE_LOW_PR_OUT_DFF[0].FDRE_PER_N/C
                            (rising edge-triggered cell FDRE clocked by clk_pl_0  {rise@0.000ns fall@5.000ns period=10.000ns})
  Destination:            design_1_i/ps8_0_axi_periph/s00_couplers/auto_ds/inst/gen_downsizer.gen_simple_downsizer.axi_downsizer_inst/USE_WRITE.write_addr_inst/USE_B_CHANNEL.cmd_b_queue/inst/fifo_gen_inst/inst_fifo_gen/gconvfifo.rf/grf.rf/rstblk/ngwrdrst.grst.g7serrst.gnsckt_wrst.rst_wr_reg2_inst/arststages_ff_reg[1]/PRE
                            (recovery check against rising-edge clock clk_pl_0  {rise@0.000ns fall@5.000ns period=10.000ns})
  Path Group:             (none)
  Path Type:              Recovery (Max at Slow Process Corner)
  Data Path Delay:        1.704ns  (logic 0.113ns (6.632%)  route 1.591ns (93.368%))
  Logic Levels:           0  
  Clock Path Skew:        -0.338ns (DCD - SCD + CPR)
    Destination Clock Delay (DCD):    2.553ns
    Source Clock Delay      (SCD):    2.891ns
    Clock Pessimism Removal (CPR):    0.000ns
  Clock Uncertainty:      0.130ns  ((TSJ^2 + DJ^2)^1/2) / 2 + PE
    Total System Jitter     (TSJ):    0.071ns
    Discrete Jitter          (DJ):    0.250ns
    Phase Error              (PE):    0.000ns
  Clock Net Delay (Source):      2.624ns (routing 1.229ns, distribution 1.395ns)
  Clock Net Delay (Destination): 2.337ns (routing 1.122ns, distribution 1.215ns)
  Timing Exception:       False Path

    Location             Delay type                Incr(ns)  Path(ns)    Netlist Resource(s)
  -------------------------------------------------------------------    -------------------
                         (clock clk_pl_0 rise edge)
                                                      0.000     0.000 r  
    PS8_X0Y0             PS8                          0.000     0.000 r  design_1_i/zynq_ultra_ps_e_0/inst/PS8_i/PLCLK[0]
                         net (fo=1, routed)           0.229     0.229    design_1_i/zynq_ultra_ps_e_0/inst/pl_clk_unbuffered[0]
    BUFG_PS_X0Y90        BUFG_PS (Prop_BUFG_PS_I_O)
                                                      0.038     0.267 r  design_1_i/zynq_ultra_ps_e_0/inst/buffer_pl_clk_0.PL_CLK_0_BUFG/O
    X0Y1 (CLOCK_ROOT)    net (fo=5771, routed)        2.624     2.891    design_1_i/rst_ps8_0_99M/U0/slowest_sync_clk
    SLICE_X13Y124        FDRE                                         r  design_1_i/rst_ps8_0_99M/U0/ACTIVE_LOW_PR_OUT_DFF[0].FDRE_PER_N/C
  -------------------------------------------------------------------    -------------------
    SLICE_X13Y124        FDRE (Prop_EFF_SLICEM_C_Q)
                                                      0.113     3.004 r  design_1_i/rst_ps8_0_99M/U0/ACTIVE_LOW_PR_OUT_DFF[0].FDRE_PER_N/Q
                         net (fo=728, routed)         1.591     4.595    design_1_i/ps8_0_axi_periph/s00_couplers/auto_ds/inst/gen_downsizer.gen_simple_downsizer.axi_downsizer_inst/USE_WRITE.write_addr_inst/USE_B_CHANNEL.cmd_b_queue/inst/fifo_gen_inst/inst_fifo_gen/gconvfifo.rf/grf.rf/rstblk/ngwrdrst.grst.g7serrst.gnsckt_wrst.rst_wr_reg2_inst/src_arst
    SLICE_X9Y119         FDPE                                         f  design_1_i/ps8_0_axi_periph/s00_couplers/auto_ds/inst/gen_downsizer.gen_simple_downsizer.axi_downsizer_inst/USE_WRITE.write_addr_inst/USE_B_CHANNEL.cmd_b_queue/inst/fifo_gen_inst/inst_fifo_gen/gconvfifo.rf/grf.rf/rstblk/ngwrdrst.grst.g7serrst.gnsckt_wrst.rst_wr_reg2_inst/arststages_ff_reg[1]/PRE  (IS_INVERTED)
  -------------------------------------------------------------------    -------------------

                         (clock clk_pl_0 rise edge)
                                                      0.000     0.000 r  
    PS8_X0Y0             PS8                          0.000     0.000 r  design_1_i/zynq_ultra_ps_e_0/inst/PS8_i/PLCLK[0]
                         net (fo=1, routed)           0.181     0.181    design_1_i/zynq_ultra_ps_e_0/inst/pl_clk_unbuffered[0]
    BUFG_PS_X0Y90        BUFG_PS (Prop_BUFG_PS_I_O)
                                                      0.035     0.216 r  design_1_i/zynq_ultra_ps_e_0/inst/buffer_pl_clk_0.PL_CLK_0_BUFG/O
    X0Y1 (CLOCK_ROOT)    net (fo=5771, routed)        2.337     2.553    design_1_i/ps8_0_axi_periph/s00_couplers/auto_ds/inst/gen_downsizer.gen_simple_downsizer.axi_downsizer_inst/USE_WRITE.write_addr_inst/USE_B_CHANNEL.cmd_b_queue/inst/fifo_gen_inst/inst_fifo_gen/gconvfifo.rf/grf.rf/rstblk/ngwrdrst.grst.g7serrst.gnsckt_wrst.rst_wr_reg2_inst/dest_clk
    SLICE_X9Y119         FDPE                                         r  design_1_i/ps8_0_axi_periph/s00_couplers/auto_ds/inst/gen_downsizer.gen_simple_downsizer.axi_downsizer_inst/USE_WRITE.write_addr_inst/USE_B_CHANNEL.cmd_b_queue/inst/fifo_gen_inst/inst_fifo_gen/gconvfifo.rf/grf.rf/rstblk/ngwrdrst.grst.g7serrst.gnsckt_wrst.rst_wr_reg2_inst/arststages_ff_reg[1]/C

Slack:                    inf
  Source:                 design_1_i/rst_ps8_0_99M/U0/ACTIVE_LOW_PR_OUT_DFF[0].FDRE_PER_N/C
                            (rising edge-triggered cell FDRE clocked by clk_pl_0  {rise@0.000ns fall@5.000ns period=10.000ns})
  Destination:            design_1_i/ps8_0_axi_periph/s00_couplers/auto_ds/inst/gen_downsizer.gen_simple_downsizer.axi_downsizer_inst/USE_READ.read_addr_inst/cmd_queue/inst/fifo_gen_inst/inst_fifo_gen/gconvfifo.rf/grf.rf/rstblk/ngwrdrst.grst.g7serrst.gnsckt_wrst.rst_wr_reg2_inst/arststages_ff_reg[0]/PRE
                            (recovery check against rising-edge clock clk_pl_0  {rise@0.000ns fall@5.000ns period=10.000ns})
  Path Group:             (none)
  Path Type:              Recovery (Max at Slow Process Corner)
  Data Path Delay:        1.029ns  (logic 0.113ns (10.978%)  route 0.916ns (89.022%))
  Logic Levels:           0  
  Clock Path Skew:        -0.289ns (DCD - SCD + CPR)
    Destination Clock Delay (DCD):    2.602ns
    Source Clock Delay      (SCD):    2.891ns
    Clock Pessimism Removal (CPR):    0.000ns
  Clock Uncertainty:      0.130ns  ((TSJ^2 + DJ^2)^1/2) / 2 + PE
    Total System Jitter     (TSJ):    0.071ns
    Discrete Jitter          (DJ):    0.250ns
    Phase Error              (PE):    0.000ns
  Clock Net Delay (Source):      2.624ns (routing 1.229ns, distribution 1.395ns)
  Clock Net Delay (Destination): 2.386ns (routing 1.122ns, distribution 1.264ns)
  Timing Exception:       False Path

    Location             Delay type                Incr(ns)  Path(ns)    Netlist Resource(s)
  -------------------------------------------------------------------    -------------------
                         (clock clk_pl_0 rise edge)
                                                      0.000     0.000 r  
    PS8_X0Y0             PS8                          0.000     0.000 r  design_1_i/zynq_ultra_ps_e_0/inst/PS8_i/PLCLK[0]
                         net (fo=1, routed)           0.229     0.229    design_1_i/zynq_ultra_ps_e_0/inst/pl_clk_unbuffered[0]
    BUFG_PS_X0Y90        BUFG_PS (Prop_BUFG_PS_I_O)
                                                      0.038     0.267 r  design_1_i/zynq_ultra_ps_e_0/inst/buffer_pl_clk_0.PL_CLK_0_BUFG/O
    X0Y1 (CLOCK_ROOT)    net (fo=5771, routed)        2.624     2.891    design_1_i/rst_ps8_0_99M/U0/slowest_sync_clk
    SLICE_X13Y124        FDRE                                         r  design_1_i/rst_ps8_0_99M/U0/ACTIVE_LOW_PR_OUT_DFF[0].FDRE_PER_N/C
  -------------------------------------------------------------------    -------------------
    SLICE_X13Y124        FDRE (Prop_EFF_SLICEM_C_Q)
                                                      0.113     3.004 r  design_1_i/rst_ps8_0_99M/U0/ACTIVE_LOW_PR_OUT_DFF[0].FDRE_PER_N/Q
                         net (fo=728, routed)         0.916     3.921    design_1_i/ps8_0_axi_periph/s00_couplers/auto_ds/inst/gen_downsizer.gen_simple_downsizer.axi_downsizer_inst/USE_READ.read_addr_inst/cmd_queue/inst/fifo_gen_inst/inst_fifo_gen/gconvfifo.rf/grf.rf/rstblk/ngwrdrst.grst.g7serrst.gnsckt_wrst.rst_wr_reg2_inst/src_arst
    SLICE_X4Y124         FDPE                                         f  design_1_i/ps8_0_axi_periph/s00_couplers/auto_ds/inst/gen_downsizer.gen_simple_downsizer.axi_downsizer_inst/USE_READ.read_addr_inst/cmd_queue/inst/fifo_gen_inst/inst_fifo_gen/gconvfifo.rf/grf.rf/rstblk/ngwrdrst.grst.g7serrst.gnsckt_wrst.rst_wr_reg2_inst/arststages_ff_reg[0]/PRE  (IS_INVERTED)
  -------------------------------------------------------------------    -------------------

                         (clock clk_pl_0 rise edge)
                                                      0.000     0.000 r  
    PS8_X0Y0             PS8                          0.000     0.000 r  design_1_i/zynq_ultra_ps_e_0/inst/PS8_i/PLCLK[0]
                         net (fo=1, routed)           0.181     0.181    design_1_i/zynq_ultra_ps_e_0/inst/pl_clk_unbuffered[0]
    BUFG_PS_X0Y90        BUFG_PS (Prop_BUFG_PS_I_O)
                                                      0.035     0.216 r  design_1_i/zynq_ultra_ps_e_0/inst/buffer_pl_clk_0.PL_CLK_0_BUFG/O
    X0Y1 (CLOCK_ROOT)    net (fo=5771, routed)        2.386     2.602    design_1_i/ps8_0_axi_periph/s00_couplers/auto_ds/inst/gen_downsizer.gen_simple_downsizer.axi_downsizer_inst/USE_READ.read_addr_inst/cmd_queue/inst/fifo_gen_inst/inst_fifo_gen/gconvfifo.rf/grf.rf/rstblk/ngwrdrst.grst.g7serrst.gnsckt_wrst.rst_wr_reg2_inst/dest_clk
    SLICE_X4Y124         FDPE                                         r  design_1_i/ps8_0_axi_periph/s00_couplers/auto_ds/inst/gen_downsizer.gen_simple_downsizer.axi_downsizer_inst/USE_READ.read_addr_inst/cmd_queue/inst/fifo_gen_inst/inst_fifo_gen/gconvfifo.rf/grf.rf/rstblk/ngwrdrst.grst.g7serrst.gnsckt_wrst.rst_wr_reg2_inst/arststages_ff_reg[0]/C

Slack:                    inf
  Source:                 design_1_i/rst_ps8_0_99M/U0/ACTIVE_LOW_PR_OUT_DFF[0].FDRE_PER_N/C
                            (rising edge-triggered cell FDRE clocked by clk_pl_0  {rise@0.000ns fall@5.000ns period=10.000ns})
  Destination:            design_1_i/ps8_0_axi_periph/s00_couplers/auto_ds/inst/gen_downsizer.gen_simple_downsizer.axi_downsizer_inst/USE_READ.read_addr_inst/cmd_queue/inst/fifo_gen_inst/inst_fifo_gen/gconvfifo.rf/grf.rf/rstblk/ngwrdrst.grst.g7serrst.gnsckt_wrst.rst_wr_reg2_inst/arststages_ff_reg[1]/PRE
                            (recovery check against rising-edge clock clk_pl_0  {rise@0.000ns fall@5.000ns period=10.000ns})
  Path Group:             (none)
  Path Type:              Recovery (Max at Slow Process Corner)
  Data Path Delay:        1.029ns  (logic 0.113ns (10.978%)  route 0.916ns (89.022%))
  Logic Levels:           0  
  Clock Path Skew:        -0.289ns (DCD - SCD + CPR)
    Destination Clock Delay (DCD):    2.602ns
    Source Clock Delay      (SCD):    2.891ns
    Clock Pessimism Removal (CPR):    0.000ns
  Clock Uncertainty:      0.130ns  ((TSJ^2 + DJ^2)^1/2) / 2 + PE
    Total System Jitter     (TSJ):    0.071ns
    Discrete Jitter          (DJ):    0.250ns
    Phase Error              (PE):    0.000ns
  Clock Net Delay (Source):      2.624ns (routing 1.229ns, distribution 1.395ns)
  Clock Net Delay (Destination): 2.386ns (routing 1.122ns, distribution 1.264ns)
  Timing Exception:       False Path

    Location             Delay type                Incr(ns)  Path(ns)    Netlist Resource(s)
  -------------------------------------------------------------------    -------------------
                         (clock clk_pl_0 rise edge)
                                                      0.000     0.000 r  
    PS8_X0Y0             PS8                          0.000     0.000 r  design_1_i/zynq_ultra_ps_e_0/inst/PS8_i/PLCLK[0]
                         net (fo=1, routed)           0.229     0.229    design_1_i/zynq_ultra_ps_e_0/inst/pl_clk_unbuffered[0]
    BUFG_PS_X0Y90        BUFG_PS (Prop_BUFG_PS_I_O)
                                                      0.038     0.267 r  design_1_i/zynq_ultra_ps_e_0/inst/buffer_pl_clk_0.PL_CLK_0_BUFG/O
    X0Y1 (CLOCK_ROOT)    net (fo=5771, routed)        2.624     2.891    design_1_i/rst_ps8_0_99M/U0/slowest_sync_clk
    SLICE_X13Y124        FDRE                                         r  design_1_i/rst_ps8_0_99M/U0/ACTIVE_LOW_PR_OUT_DFF[0].FDRE_PER_N/C
  -------------------------------------------------------------------    -------------------
    SLICE_X13Y124        FDRE (Prop_EFF_SLICEM_C_Q)
                                                      0.113     3.004 r  design_1_i/rst_ps8_0_99M/U0/ACTIVE_LOW_PR_OUT_DFF[0].FDRE_PER_N/Q
                         net (fo=728, routed)         0.916     3.921    design_1_i/ps8_0_axi_periph/s00_couplers/auto_ds/inst/gen_downsizer.gen_simple_downsizer.axi_downsizer_inst/USE_READ.read_addr_inst/cmd_queue/inst/fifo_gen_inst/inst_fifo_gen/gconvfifo.rf/grf.rf/rstblk/ngwrdrst.grst.g7serrst.gnsckt_wrst.rst_wr_reg2_inst/src_arst
    SLICE_X4Y124         FDPE                                         f  design_1_i/ps8_0_axi_periph/s00_couplers/auto_ds/inst/gen_downsizer.gen_simple_downsizer.axi_downsizer_inst/USE_READ.read_addr_inst/cmd_queue/inst/fifo_gen_inst/inst_fifo_gen/gconvfifo.rf/grf.rf/rstblk/ngwrdrst.grst.g7serrst.gnsckt_wrst.rst_wr_reg2_inst/arststages_ff_reg[1]/PRE  (IS_INVERTED)
  -------------------------------------------------------------------    -------------------

                         (clock clk_pl_0 rise edge)
                                                      0.000     0.000 r  
    PS8_X0Y0             PS8                          0.000     0.000 r  design_1_i/zynq_ultra_ps_e_0/inst/PS8_i/PLCLK[0]
                         net (fo=1, routed)           0.181     0.181    design_1_i/zynq_ultra_ps_e_0/inst/pl_clk_unbuffered[0]
    BUFG_PS_X0Y90        BUFG_PS (Prop_BUFG_PS_I_O)
                                                      0.035     0.216 r  design_1_i/zynq_ultra_ps_e_0/inst/buffer_pl_clk_0.PL_CLK_0_BUFG/O
    X0Y1 (CLOCK_ROOT)    net (fo=5771, routed)        2.386     2.602    design_1_i/ps8_0_axi_periph/s00_couplers/auto_ds/inst/gen_downsizer.gen_simple_downsizer.axi_downsizer_inst/USE_READ.read_addr_inst/cmd_queue/inst/fifo_gen_inst/inst_fifo_gen/gconvfifo.rf/grf.rf/rstblk/ngwrdrst.grst.g7serrst.gnsckt_wrst.rst_wr_reg2_inst/dest_clk
    SLICE_X4Y124         FDPE                                         r  design_1_i/ps8_0_axi_periph/s00_couplers/auto_ds/inst/gen_downsizer.gen_simple_downsizer.axi_downsizer_inst/USE_READ.read_addr_inst/cmd_queue/inst/fifo_gen_inst/inst_fifo_gen/gconvfifo.rf/grf.rf/rstblk/ngwrdrst.grst.g7serrst.gnsckt_wrst.rst_wr_reg2_inst/arststages_ff_reg[1]/C

Slack:                    inf
  Source:                 design_1_i/axi_smc/inst/clk_map/psr_aclk/U0/ACTIVE_LOW_BSR_OUT_DFF[0].FDRE_BSR_N/C
                            (rising edge-triggered cell FDRE clocked by clk_pl_0  {rise@0.000ns fall@5.000ns period=10.000ns})
  Destination:            design_1_i/axi_smc/inst/s00_entry_pipeline/s00_mmu/inst/xpm_cdc_async_rst_inst/arststages_ff_reg[0]/CLR
                            (recovery check against rising-edge clock clk_pl_0  {rise@0.000ns fall@5.000ns period=10.000ns})
  Path Group:             (none)
  Path Type:              Recovery (Max at Slow Process Corner)
  Data Path Delay:        0.900ns  (logic 0.113ns (12.550%)  route 0.787ns (87.450%))
  Logic Levels:           0  
  Clock Path Skew:        -0.278ns (DCD - SCD + CPR)
    Destination Clock Delay (DCD):    2.560ns
    Source Clock Delay      (SCD):    2.838ns
    Clock Pessimism Removal (CPR):    0.000ns
  Clock Uncertainty:      0.130ns  ((TSJ^2 + DJ^2)^1/2) / 2 + PE
    Total System Jitter     (TSJ):    0.071ns
    Discrete Jitter          (DJ):    0.250ns
    Phase Error              (PE):    0.000ns
  Clock Net Delay (Source):      2.571ns (routing 1.229ns, distribution 1.342ns)
  Clock Net Delay (Destination): 2.344ns (routing 1.122ns, distribution 1.222ns)
  Timing Exception:       False Path

    Location             Delay type                Incr(ns)  Path(ns)    Netlist Resource(s)
  -------------------------------------------------------------------    -------------------
                         (clock clk_pl_0 rise edge)
                                                      0.000     0.000 r  
    PS8_X0Y0             PS8                          0.000     0.000 r  design_1_i/zynq_ultra_ps_e_0/inst/PS8_i/PLCLK[0]
                         net (fo=1, routed)           0.229     0.229    design_1_i/zynq_ultra_ps_e_0/inst/pl_clk_unbuffered[0]
    BUFG_PS_X0Y90        BUFG_PS (Prop_BUFG_PS_I_O)
                                                      0.038     0.267 r  design_1_i/zynq_ultra_ps_e_0/inst/buffer_pl_clk_0.PL_CLK_0_BUFG/O
    X0Y1 (CLOCK_ROOT)    net (fo=5771, routed)        2.571     2.838    design_1_i/axi_smc/inst/clk_map/psr_aclk/U0/aclk
    SLICE_X0Y45          FDRE                                         r  design_1_i/axi_smc/inst/clk_map/psr_aclk/U0/ACTIVE_LOW_BSR_OUT_DFF[0].FDRE_BSR_N/C
  -------------------------------------------------------------------    -------------------
    SLICE_X0Y45          FDRE (Prop_HFF_SLICEL_C_Q)
                                                      0.113     2.951 r  design_1_i/axi_smc/inst/clk_map/psr_aclk/U0/ACTIVE_LOW_BSR_OUT_DFF[0].FDRE_BSR_N/Q
                         net (fo=21, routed)          0.787     3.738    design_1_i/axi_smc/inst/s00_entry_pipeline/s00_mmu/inst/xpm_cdc_async_rst_inst/src_arst
    SLICE_X5Y49          FDCE                                         f  design_1_i/axi_smc/inst/s00_entry_pipeline/s00_mmu/inst/xpm_cdc_async_rst_inst/arststages_ff_reg[0]/CLR  (IS_INVERTED)
  -------------------------------------------------------------------    -------------------

                         (clock clk_pl_0 rise edge)
                                                      0.000     0.000 r  
    PS8_X0Y0             PS8                          0.000     0.000 r  design_1_i/zynq_ultra_ps_e_0/inst/PS8_i/PLCLK[0]
                         net (fo=1, routed)           0.181     0.181    design_1_i/zynq_ultra_ps_e_0/inst/pl_clk_unbuffered[0]
    BUFG_PS_X0Y90        BUFG_PS (Prop_BUFG_PS_I_O)
                                                      0.035     0.216 r  design_1_i/zynq_ultra_ps_e_0/inst/buffer_pl_clk_0.PL_CLK_0_BUFG/O
    X0Y1 (CLOCK_ROOT)    net (fo=5771, routed)        2.344     2.560    design_1_i/axi_smc/inst/s00_entry_pipeline/s00_mmu/inst/xpm_cdc_async_rst_inst/dest_clk
    SLICE_X5Y49          FDCE                                         r  design_1_i/axi_smc/inst/s00_entry_pipeline/s00_mmu/inst/xpm_cdc_async_rst_inst/arststages_ff_reg[0]/C





Min Delay Paths
--------------------------------------------------------------------------------------
Slack:                    inf
  Source:                 design_1_i/axi_smc/inst/clk_map/psr_aclk/U0/ACTIVE_LOW_BSR_OUT_DFF[0].FDRE_BSR_N/C
                            (rising edge-triggered cell FDRE clocked by clk_pl_0  {rise@0.000ns fall@5.000ns period=10.000ns})
  Destination:            design_1_i/axi_smc/inst/s00_nodes/s00_w_node/inst/s_sc_xpm_cdc_async_rst_inst/arststages_ff_reg[0]/CLR
                            (removal check against rising-edge clock clk_pl_0  {rise@0.000ns fall@5.000ns period=10.000ns})
  Path Group:             (none)
  Path Type:              Removal (Min at Fast Process Corner)
  Data Path Delay:        0.166ns  (logic 0.084ns (50.634%)  route 0.082ns (49.366%))
  Logic Levels:           0  
  Clock Path Skew:        0.157ns (DCD - SCD - CPR)
    Destination Clock Delay (DCD):    1.724ns
    Source Clock Delay      (SCD):    1.567ns
    Clock Pessimism Removal (CPR):    -0.000ns
  Clock Uncertainty:      0.130ns  ((TSJ^2 + DJ^2)^1/2) / 2 + PE
    Total System Jitter     (TSJ):    0.071ns
    Discrete Jitter          (DJ):    0.250ns
    Phase Error              (PE):    0.000ns
  Clock Net Delay (Source):      1.416ns (routing 0.676ns, distribution 0.740ns)
  Clock Net Delay (Destination): 1.537ns (routing 0.739ns, distribution 0.798ns)
  Timing Exception:       False Path

    Location             Delay type                Incr(ns)  Path(ns)    Netlist Resource(s)
  -------------------------------------------------------------------    -------------------
                         (clock clk_pl_0 rise edge)
                                                      0.000     0.000 r  
    PS8_X0Y0             PS8                          0.000     0.000 r  design_1_i/zynq_ultra_ps_e_0/inst/PS8_i/PLCLK[0]
                         net (fo=1, routed)           0.129     0.129    design_1_i/zynq_ultra_ps_e_0/inst/pl_clk_unbuffered[0]
    BUFG_PS_X0Y90        BUFG_PS (Prop_BUFG_PS_I_O)
                                                      0.022     0.151 r  design_1_i/zynq_ultra_ps_e_0/inst/buffer_pl_clk_0.PL_CLK_0_BUFG/O
    X0Y1 (CLOCK_ROOT)    net (fo=5771, routed)        1.416     1.567    design_1_i/axi_smc/inst/clk_map/psr_aclk/U0/aclk
    SLICE_X0Y45          FDRE                                         r  design_1_i/axi_smc/inst/clk_map/psr_aclk/U0/ACTIVE_LOW_BSR_OUT_DFF[0].FDRE_BSR_N/C
  -------------------------------------------------------------------    -------------------
    SLICE_X0Y45          FDRE (Prop_HFF_SLICEL_C_Q)
                                                      0.084     1.651 r  design_1_i/axi_smc/inst/clk_map/psr_aclk/U0/ACTIVE_LOW_BSR_OUT_DFF[0].FDRE_BSR_N/Q
                         net (fo=21, routed)          0.082     1.733    design_1_i/axi_smc/inst/s00_nodes/s00_w_node/inst/s_sc_xpm_cdc_async_rst_inst/src_arst
    SLICE_X0Y44          FDCE                                         f  design_1_i/axi_smc/inst/s00_nodes/s00_w_node/inst/s_sc_xpm_cdc_async_rst_inst/arststages_ff_reg[0]/CLR  (IS_INVERTED)
  -------------------------------------------------------------------    -------------------

                         (clock clk_pl_0 rise edge)
                                                      0.000     0.000 r  
    PS8_X0Y0             PS8                          0.000     0.000 r  design_1_i/zynq_ultra_ps_e_0/inst/PS8_i/PLCLK[0]
                         net (fo=1, routed)           0.164     0.164    design_1_i/zynq_ultra_ps_e_0/inst/pl_clk_unbuffered[0]
    BUFG_PS_X0Y90        BUFG_PS (Prop_BUFG_PS_I_O)
                                                      0.023     0.187 r  design_1_i/zynq_ultra_ps_e_0/inst/buffer_pl_clk_0.PL_CLK_0_BUFG/O
    X0Y1 (CLOCK_ROOT)    net (fo=5771, routed)        1.537     1.724    design_1_i/axi_smc/inst/s00_nodes/s00_w_node/inst/s_sc_xpm_cdc_async_rst_inst/dest_clk
    SLICE_X0Y44          FDCE                                         r  design_1_i/axi_smc/inst/s00_nodes/s00_w_node/inst/s_sc_xpm_cdc_async_rst_inst/arststages_ff_reg[0]/C

Slack:                    inf
  Source:                 design_1_i/axi_smc/inst/clk_map/psr_aclk/U0/ACTIVE_LOW_BSR_OUT_DFF[0].FDRE_BSR_N/C
                            (rising edge-triggered cell FDRE clocked by clk_pl_0  {rise@0.000ns fall@5.000ns period=10.000ns})
  Destination:            design_1_i/axi_smc/inst/s00_nodes/s00_w_node/inst/s_sc_xpm_cdc_async_rst_inst/arststages_ff_reg[1]/CLR
                            (removal check against rising-edge clock clk_pl_0  {rise@0.000ns fall@5.000ns period=10.000ns})
  Path Group:             (none)
  Path Type:              Removal (Min at Fast Process Corner)
  Data Path Delay:        0.166ns  (logic 0.084ns (50.634%)  route 0.082ns (49.366%))
  Logic Levels:           0  
  Clock Path Skew:        0.157ns (DCD - SCD - CPR)
    Destination Clock Delay (DCD):    1.724ns
    Source Clock Delay      (SCD):    1.567ns
    Clock Pessimism Removal (CPR):    -0.000ns
  Clock Uncertainty:      0.130ns  ((TSJ^2 + DJ^2)^1/2) / 2 + PE
    Total System Jitter     (TSJ):    0.071ns
    Discrete Jitter          (DJ):    0.250ns
    Phase Error              (PE):    0.000ns
  Clock Net Delay (Source):      1.416ns (routing 0.676ns, distribution 0.740ns)
  Clock Net Delay (Destination): 1.537ns (routing 0.739ns, distribution 0.798ns)
  Timing Exception:       False Path

    Location             Delay type                Incr(ns)  Path(ns)    Netlist Resource(s)
  -------------------------------------------------------------------    -------------------
                         (clock clk_pl_0 rise edge)
                                                      0.000     0.000 r  
    PS8_X0Y0             PS8                          0.000     0.000 r  design_1_i/zynq_ultra_ps_e_0/inst/PS8_i/PLCLK[0]
                         net (fo=1, routed)           0.129     0.129    design_1_i/zynq_ultra_ps_e_0/inst/pl_clk_unbuffered[0]
    BUFG_PS_X0Y90        BUFG_PS (Prop_BUFG_PS_I_O)
                                                      0.022     0.151 r  design_1_i/zynq_ultra_ps_e_0/inst/buffer_pl_clk_0.PL_CLK_0_BUFG/O
    X0Y1 (CLOCK_ROOT)    net (fo=5771, routed)        1.416     1.567    design_1_i/axi_smc/inst/clk_map/psr_aclk/U0/aclk
    SLICE_X0Y45          FDRE                                         r  design_1_i/axi_smc/inst/clk_map/psr_aclk/U0/ACTIVE_LOW_BSR_OUT_DFF[0].FDRE_BSR_N/C
  -------------------------------------------------------------------    -------------------
    SLICE_X0Y45          FDRE (Prop_HFF_SLICEL_C_Q)
                                                      0.084     1.651 r  design_1_i/axi_smc/inst/clk_map/psr_aclk/U0/ACTIVE_LOW_BSR_OUT_DFF[0].FDRE_BSR_N/Q
                         net (fo=21, routed)          0.082     1.733    design_1_i/axi_smc/inst/s00_nodes/s00_w_node/inst/s_sc_xpm_cdc_async_rst_inst/src_arst
    SLICE_X0Y44          FDCE                                         f  design_1_i/axi_smc/inst/s00_nodes/s00_w_node/inst/s_sc_xpm_cdc_async_rst_inst/arststages_ff_reg[1]/CLR  (IS_INVERTED)
  -------------------------------------------------------------------    -------------------

                         (clock clk_pl_0 rise edge)
                                                      0.000     0.000 r  
    PS8_X0Y0             PS8                          0.000     0.000 r  design_1_i/zynq_ultra_ps_e_0/inst/PS8_i/PLCLK[0]
                         net (fo=1, routed)           0.164     0.164    design_1_i/zynq_ultra_ps_e_0/inst/pl_clk_unbuffered[0]
    BUFG_PS_X0Y90        BUFG_PS (Prop_BUFG_PS_I_O)
                                                      0.023     0.187 r  design_1_i/zynq_ultra_ps_e_0/inst/buffer_pl_clk_0.PL_CLK_0_BUFG/O
    X0Y1 (CLOCK_ROOT)    net (fo=5771, routed)        1.537     1.724    design_1_i/axi_smc/inst/s00_nodes/s00_w_node/inst/s_sc_xpm_cdc_async_rst_inst/dest_clk
    SLICE_X0Y44          FDCE                                         r  design_1_i/axi_smc/inst/s00_nodes/s00_w_node/inst/s_sc_xpm_cdc_async_rst_inst/arststages_ff_reg[1]/C

Slack:                    inf
  Source:                 design_1_i/axi_smc/inst/clk_map/psr_aclk/U0/ACTIVE_LOW_BSR_OUT_DFF[0].FDRE_BSR_N/C
                            (rising edge-triggered cell FDRE clocked by clk_pl_0  {rise@0.000ns fall@5.000ns period=10.000ns})
  Destination:            design_1_i/axi_smc/inst/s00_nodes/s00_w_node/inst/s_sc_xpm_cdc_async_rst_inst/arststages_ff_reg[2]/CLR
                            (removal check against rising-edge clock clk_pl_0  {rise@0.000ns fall@5.000ns period=10.000ns})
  Path Group:             (none)
  Path Type:              Removal (Min at Fast Process Corner)
  Data Path Delay:        0.166ns  (logic 0.084ns (50.634%)  route 0.082ns (49.366%))
  Logic Levels:           0  
  Clock Path Skew:        0.157ns (DCD - SCD - CPR)
    Destination Clock Delay (DCD):    1.724ns
    Source Clock Delay      (SCD):    1.567ns
    Clock Pessimism Removal (CPR):    -0.000ns
  Clock Uncertainty:      0.130ns  ((TSJ^2 + DJ^2)^1/2) / 2 + PE
    Total System Jitter     (TSJ):    0.071ns
    Discrete Jitter          (DJ):    0.250ns
    Phase Error              (PE):    0.000ns
  Clock Net Delay (Source):      1.416ns (routing 0.676ns, distribution 0.740ns)
  Clock Net Delay (Destination): 1.537ns (routing 0.739ns, distribution 0.798ns)
  Timing Exception:       False Path

    Location             Delay type                Incr(ns)  Path(ns)    Netlist Resource(s)
  -------------------------------------------------------------------    -------------------
                         (clock clk_pl_0 rise edge)
                                                      0.000     0.000 r  
    PS8_X0Y0             PS8                          0.000     0.000 r  design_1_i/zynq_ultra_ps_e_0/inst/PS8_i/PLCLK[0]
                         net (fo=1, routed)           0.129     0.129    design_1_i/zynq_ultra_ps_e_0/inst/pl_clk_unbuffered[0]
    BUFG_PS_X0Y90        BUFG_PS (Prop_BUFG_PS_I_O)
                                                      0.022     0.151 r  design_1_i/zynq_ultra_ps_e_0/inst/buffer_pl_clk_0.PL_CLK_0_BUFG/O
    X0Y1 (CLOCK_ROOT)    net (fo=5771, routed)        1.416     1.567    design_1_i/axi_smc/inst/clk_map/psr_aclk/U0/aclk
    SLICE_X0Y45          FDRE                                         r  design_1_i/axi_smc/inst/clk_map/psr_aclk/U0/ACTIVE_LOW_BSR_OUT_DFF[0].FDRE_BSR_N/C
  -------------------------------------------------------------------    -------------------
    SLICE_X0Y45          FDRE (Prop_HFF_SLICEL_C_Q)
                                                      0.084     1.651 r  design_1_i/axi_smc/inst/clk_map/psr_aclk/U0/ACTIVE_LOW_BSR_OUT_DFF[0].FDRE_BSR_N/Q
                         net (fo=21, routed)          0.082     1.733    design_1_i/axi_smc/inst/s00_nodes/s00_w_node/inst/s_sc_xpm_cdc_async_rst_inst/src_arst
    SLICE_X0Y44          FDCE                                         f  design_1_i/axi_smc/inst/s00_nodes/s00_w_node/inst/s_sc_xpm_cdc_async_rst_inst/arststages_ff_reg[2]/CLR  (IS_INVERTED)
  -------------------------------------------------------------------    -------------------

                         (clock clk_pl_0 rise edge)
                                                      0.000     0.000 r  
    PS8_X0Y0             PS8                          0.000     0.000 r  design_1_i/zynq_ultra_ps_e_0/inst/PS8_i/PLCLK[0]
                         net (fo=1, routed)           0.164     0.164    design_1_i/zynq_ultra_ps_e_0/inst/pl_clk_unbuffered[0]
    BUFG_PS_X0Y90        BUFG_PS (Prop_BUFG_PS_I_O)
                                                      0.023     0.187 r  design_1_i/zynq_ultra_ps_e_0/inst/buffer_pl_clk_0.PL_CLK_0_BUFG/O
    X0Y1 (CLOCK_ROOT)    net (fo=5771, routed)        1.537     1.724    design_1_i/axi_smc/inst/s00_nodes/s00_w_node/inst/s_sc_xpm_cdc_async_rst_inst/dest_clk
    SLICE_X0Y44          FDCE                                         r  design_1_i/axi_smc/inst/s00_nodes/s00_w_node/inst/s_sc_xpm_cdc_async_rst_inst/arststages_ff_reg[2]/C

Slack:                    inf
  Source:                 design_1_i/axi_smc/inst/clk_map/psr_aclk/U0/ACTIVE_LOW_BSR_OUT_DFF[0].FDRE_BSR_N/C
                            (rising edge-triggered cell FDRE clocked by clk_pl_0  {rise@0.000ns fall@5.000ns period=10.000ns})
  Destination:            design_1_i/axi_smc/inst/m00_exit_pipeline/m00_exit/inst/xpm_cdc_async_rst_inst/arststages_ff_reg[0]/CLR
                            (removal check against rising-edge clock clk_pl_0  {rise@0.000ns fall@5.000ns period=10.000ns})
  Path Group:             (none)
  Path Type:              Removal (Min at Fast Process Corner)
  Data Path Delay:        0.215ns  (logic 0.084ns (39.082%)  route 0.131ns (60.917%))
  Logic Levels:           0  
  Clock Path Skew:        0.163ns (DCD - SCD - CPR)
    Destination Clock Delay (DCD):    1.730ns
    Source Clock Delay      (SCD):    1.567ns
    Clock Pessimism Removal (CPR):    -0.000ns
  Clock Uncertainty:      0.130ns  ((TSJ^2 + DJ^2)^1/2) / 2 + PE
    Total System Jitter     (TSJ):    0.071ns
    Discrete Jitter          (DJ):    0.250ns
    Phase Error              (PE):    0.000ns
  Clock Net Delay (Source):      1.416ns (routing 0.676ns, distribution 0.740ns)
  Clock Net Delay (Destination): 1.543ns (routing 0.739ns, distribution 0.804ns)
  Timing Exception:       False Path

    Location             Delay type                Incr(ns)  Path(ns)    Netlist Resource(s)
  -------------------------------------------------------------------    -------------------
                         (clock clk_pl_0 rise edge)
                                                      0.000     0.000 r  
    PS8_X0Y0             PS8                          0.000     0.000 r  design_1_i/zynq_ultra_ps_e_0/inst/PS8_i/PLCLK[0]
                         net (fo=1, routed)           0.129     0.129    design_1_i/zynq_ultra_ps_e_0/inst/pl_clk_unbuffered[0]
    BUFG_PS_X0Y90        BUFG_PS (Prop_BUFG_PS_I_O)
                                                      0.022     0.151 r  design_1_i/zynq_ultra_ps_e_0/inst/buffer_pl_clk_0.PL_CLK_0_BUFG/O
    X0Y1 (CLOCK_ROOT)    net (fo=5771, routed)        1.416     1.567    design_1_i/axi_smc/inst/clk_map/psr_aclk/U0/aclk
    SLICE_X0Y45          FDRE                                         r  design_1_i/axi_smc/inst/clk_map/psr_aclk/U0/ACTIVE_LOW_BSR_OUT_DFF[0].FDRE_BSR_N/C
  -------------------------------------------------------------------    -------------------
    SLICE_X0Y45          FDRE (Prop_HFF_SLICEL_C_Q)
                                                      0.084     1.651 r  design_1_i/axi_smc/inst/clk_map/psr_aclk/U0/ACTIVE_LOW_BSR_OUT_DFF[0].FDRE_BSR_N/Q
                         net (fo=21, routed)          0.131     1.782    design_1_i/axi_smc/inst/m00_exit_pipeline/m00_exit/inst/xpm_cdc_async_rst_inst/src_arst
    SLICE_X1Y44          FDCE                                         f  design_1_i/axi_smc/inst/m00_exit_pipeline/m00_exit/inst/xpm_cdc_async_rst_inst/arststages_ff_reg[0]/CLR  (IS_INVERTED)
  -------------------------------------------------------------------    -------------------

                         (clock clk_pl_0 rise edge)
                                                      0.000     0.000 r  
    PS8_X0Y0             PS8                          0.000     0.000 r  design_1_i/zynq_ultra_ps_e_0/inst/PS8_i/PLCLK[0]
                         net (fo=1, routed)           0.164     0.164    design_1_i/zynq_ultra_ps_e_0/inst/pl_clk_unbuffered[0]
    BUFG_PS_X0Y90        BUFG_PS (Prop_BUFG_PS_I_O)
                                                      0.023     0.187 r  design_1_i/zynq_ultra_ps_e_0/inst/buffer_pl_clk_0.PL_CLK_0_BUFG/O
    X0Y1 (CLOCK_ROOT)    net (fo=5771, routed)        1.543     1.730    design_1_i/axi_smc/inst/m00_exit_pipeline/m00_exit/inst/xpm_cdc_async_rst_inst/dest_clk
    SLICE_X1Y44          FDCE                                         r  design_1_i/axi_smc/inst/m00_exit_pipeline/m00_exit/inst/xpm_cdc_async_rst_inst/arststages_ff_reg[0]/C

Slack:                    inf
  Source:                 design_1_i/axi_smc/inst/clk_map/psr_aclk/U0/ACTIVE_LOW_BSR_OUT_DFF[0].FDRE_BSR_N/C
                            (rising edge-triggered cell FDRE clocked by clk_pl_0  {rise@0.000ns fall@5.000ns period=10.000ns})
  Destination:            design_1_i/axi_smc/inst/m00_exit_pipeline/m00_exit/inst/xpm_cdc_async_rst_inst/arststages_ff_reg[1]/CLR
                            (removal check against rising-edge clock clk_pl_0  {rise@0.000ns fall@5.000ns period=10.000ns})
  Path Group:             (none)
  Path Type:              Removal (Min at Fast Process Corner)
  Data Path Delay:        0.215ns  (logic 0.084ns (39.082%)  route 0.131ns (60.917%))
  Logic Levels:           0  
  Clock Path Skew:        0.163ns (DCD - SCD - CPR)
    Destination Clock Delay (DCD):    1.730ns
    Source Clock Delay      (SCD):    1.567ns
    Clock Pessimism Removal (CPR):    -0.000ns
  Clock Uncertainty:      0.130ns  ((TSJ^2 + DJ^2)^1/2) / 2 + PE
    Total System Jitter     (TSJ):    0.071ns
    Discrete Jitter          (DJ):    0.250ns
    Phase Error              (PE):    0.000ns
  Clock Net Delay (Source):      1.416ns (routing 0.676ns, distribution 0.740ns)
  Clock Net Delay (Destination): 1.543ns (routing 0.739ns, distribution 0.804ns)
  Timing Exception:       False Path

    Location             Delay type                Incr(ns)  Path(ns)    Netlist Resource(s)
  -------------------------------------------------------------------    -------------------
                         (clock clk_pl_0 rise edge)
                                                      0.000     0.000 r  
    PS8_X0Y0             PS8                          0.000     0.000 r  design_1_i/zynq_ultra_ps_e_0/inst/PS8_i/PLCLK[0]
                         net (fo=1, routed)           0.129     0.129    design_1_i/zynq_ultra_ps_e_0/inst/pl_clk_unbuffered[0]
    BUFG_PS_X0Y90        BUFG_PS (Prop_BUFG_PS_I_O)
                                                      0.022     0.151 r  design_1_i/zynq_ultra_ps_e_0/inst/buffer_pl_clk_0.PL_CLK_0_BUFG/O
    X0Y1 (CLOCK_ROOT)    net (fo=5771, routed)        1.416     1.567    design_1_i/axi_smc/inst/clk_map/psr_aclk/U0/aclk
    SLICE_X0Y45          FDRE                                         r  design_1_i/axi_smc/inst/clk_map/psr_aclk/U0/ACTIVE_LOW_BSR_OUT_DFF[0].FDRE_BSR_N/C
  -------------------------------------------------------------------    -------------------
    SLICE_X0Y45          FDRE (Prop_HFF_SLICEL_C_Q)
                                                      0.084     1.651 r  design_1_i/axi_smc/inst/clk_map/psr_aclk/U0/ACTIVE_LOW_BSR_OUT_DFF[0].FDRE_BSR_N/Q
                         net (fo=21, routed)          0.131     1.782    design_1_i/axi_smc/inst/m00_exit_pipeline/m00_exit/inst/xpm_cdc_async_rst_inst/src_arst
    SLICE_X1Y44          FDCE                                         f  design_1_i/axi_smc/inst/m00_exit_pipeline/m00_exit/inst/xpm_cdc_async_rst_inst/arststages_ff_reg[1]/CLR  (IS_INVERTED)
  -------------------------------------------------------------------    -------------------

                         (clock clk_pl_0 rise edge)
                                                      0.000     0.000 r  
    PS8_X0Y0             PS8                          0.000     0.000 r  design_1_i/zynq_ultra_ps_e_0/inst/PS8_i/PLCLK[0]
                         net (fo=1, routed)           0.164     0.164    design_1_i/zynq_ultra_ps_e_0/inst/pl_clk_unbuffered[0]
    BUFG_PS_X0Y90        BUFG_PS (Prop_BUFG_PS_I_O)
                                                      0.023     0.187 r  design_1_i/zynq_ultra_ps_e_0/inst/buffer_pl_clk_0.PL_CLK_0_BUFG/O
    X0Y1 (CLOCK_ROOT)    net (fo=5771, routed)        1.543     1.730    design_1_i/axi_smc/inst/m00_exit_pipeline/m00_exit/inst/xpm_cdc_async_rst_inst/dest_clk
    SLICE_X1Y44          FDCE                                         r  design_1_i/axi_smc/inst/m00_exit_pipeline/m00_exit/inst/xpm_cdc_async_rst_inst/arststages_ff_reg[1]/C

Slack:                    inf
  Source:                 design_1_i/axi_smc/inst/clk_map/psr_aclk/U0/ACTIVE_LOW_BSR_OUT_DFF[0].FDRE_BSR_N/C
                            (rising edge-triggered cell FDRE clocked by clk_pl_0  {rise@0.000ns fall@5.000ns period=10.000ns})
  Destination:            design_1_i/axi_smc/inst/m00_exit_pipeline/m00_exit/inst/xpm_cdc_async_rst_inst/arststages_ff_reg[2]/CLR
                            (removal check against rising-edge clock clk_pl_0  {rise@0.000ns fall@5.000ns period=10.000ns})
  Path Group:             (none)
  Path Type:              Removal (Min at Fast Process Corner)
  Data Path Delay:        0.215ns  (logic 0.084ns (39.082%)  route 0.131ns (60.917%))
  Logic Levels:           0  
  Clock Path Skew:        0.163ns (DCD - SCD - CPR)
    Destination Clock Delay (DCD):    1.730ns
    Source Clock Delay      (SCD):    1.567ns
    Clock Pessimism Removal (CPR):    -0.000ns
  Clock Uncertainty:      0.130ns  ((TSJ^2 + DJ^2)^1/2) / 2 + PE
    Total System Jitter     (TSJ):    0.071ns
    Discrete Jitter          (DJ):    0.250ns
    Phase Error              (PE):    0.000ns
  Clock Net Delay (Source):      1.416ns (routing 0.676ns, distribution 0.740ns)
  Clock Net Delay (Destination): 1.543ns (routing 0.739ns, distribution 0.804ns)
  Timing Exception:       False Path

    Location             Delay type                Incr(ns)  Path(ns)    Netlist Resource(s)
  -------------------------------------------------------------------    -------------------
                         (clock clk_pl_0 rise edge)
                                                      0.000     0.000 r  
    PS8_X0Y0             PS8                          0.000     0.000 r  design_1_i/zynq_ultra_ps_e_0/inst/PS8_i/PLCLK[0]
                         net (fo=1, routed)           0.129     0.129    design_1_i/zynq_ultra_ps_e_0/inst/pl_clk_unbuffered[0]
    BUFG_PS_X0Y90        BUFG_PS (Prop_BUFG_PS_I_O)
                                                      0.022     0.151 r  design_1_i/zynq_ultra_ps_e_0/inst/buffer_pl_clk_0.PL_CLK_0_BUFG/O
    X0Y1 (CLOCK_ROOT)    net (fo=5771, routed)        1.416     1.567    design_1_i/axi_smc/inst/clk_map/psr_aclk/U0/aclk
    SLICE_X0Y45          FDRE                                         r  design_1_i/axi_smc/inst/clk_map/psr_aclk/U0/ACTIVE_LOW_BSR_OUT_DFF[0].FDRE_BSR_N/C
  -------------------------------------------------------------------    -------------------
    SLICE_X0Y45          FDRE (Prop_HFF_SLICEL_C_Q)
                                                      0.084     1.651 r  design_1_i/axi_smc/inst/clk_map/psr_aclk/U0/ACTIVE_LOW_BSR_OUT_DFF[0].FDRE_BSR_N/Q
                         net (fo=21, routed)          0.131     1.782    design_1_i/axi_smc/inst/m00_exit_pipeline/m00_exit/inst/xpm_cdc_async_rst_inst/src_arst
    SLICE_X1Y44          FDCE                                         f  design_1_i/axi_smc/inst/m00_exit_pipeline/m00_exit/inst/xpm_cdc_async_rst_inst/arststages_ff_reg[2]/CLR  (IS_INVERTED)
  -------------------------------------------------------------------    -------------------

                         (clock clk_pl_0 rise edge)
                                                      0.000     0.000 r  
    PS8_X0Y0             PS8                          0.000     0.000 r  design_1_i/zynq_ultra_ps_e_0/inst/PS8_i/PLCLK[0]
                         net (fo=1, routed)           0.164     0.164    design_1_i/zynq_ultra_ps_e_0/inst/pl_clk_unbuffered[0]
    BUFG_PS_X0Y90        BUFG_PS (Prop_BUFG_PS_I_O)
                                                      0.023     0.187 r  design_1_i/zynq_ultra_ps_e_0/inst/buffer_pl_clk_0.PL_CLK_0_BUFG/O
    X0Y1 (CLOCK_ROOT)    net (fo=5771, routed)        1.543     1.730    design_1_i/axi_smc/inst/m00_exit_pipeline/m00_exit/inst/xpm_cdc_async_rst_inst/dest_clk
    SLICE_X1Y44          FDCE                                         r  design_1_i/axi_smc/inst/m00_exit_pipeline/m00_exit/inst/xpm_cdc_async_rst_inst/arststages_ff_reg[2]/C

Slack:                    inf
  Source:                 design_1_i/axi_smc/inst/clk_map/psr_aclk/U0/ACTIVE_LOW_BSR_OUT_DFF[0].FDRE_BSR_N/C
                            (rising edge-triggered cell FDRE clocked by clk_pl_0  {rise@0.000ns fall@5.000ns period=10.000ns})
  Destination:            design_1_i/axi_smc/inst/s00_nodes/s00_aw_node/inst/s_sc_xpm_cdc_async_rst_inst/arststages_ff_reg[0]/CLR
                            (removal check against rising-edge clock clk_pl_0  {rise@0.000ns fall@5.000ns period=10.000ns})
  Path Group:             (none)
  Path Type:              Removal (Min at Fast Process Corner)
  Data Path Delay:        0.240ns  (logic 0.084ns (35.066%)  route 0.156ns (64.934%))
  Logic Levels:           0  
  Clock Path Skew:        0.165ns (DCD - SCD - CPR)
    Destination Clock Delay (DCD):    1.732ns
    Source Clock Delay      (SCD):    1.567ns
    Clock Pessimism Removal (CPR):    -0.000ns
  Clock Uncertainty:      0.130ns  ((TSJ^2 + DJ^2)^1/2) / 2 + PE
    Total System Jitter     (TSJ):    0.071ns
    Discrete Jitter          (DJ):    0.250ns
    Phase Error              (PE):    0.000ns
  Clock Net Delay (Source):      1.416ns (routing 0.676ns, distribution 0.740ns)
  Clock Net Delay (Destination): 1.545ns (routing 0.739ns, distribution 0.806ns)
  Timing Exception:       False Path

    Location             Delay type                Incr(ns)  Path(ns)    Netlist Resource(s)
  -------------------------------------------------------------------    -------------------
                         (clock clk_pl_0 rise edge)
                                                      0.000     0.000 r  
    PS8_X0Y0             PS8                          0.000     0.000 r  design_1_i/zynq_ultra_ps_e_0/inst/PS8_i/PLCLK[0]
                         net (fo=1, routed)           0.129     0.129    design_1_i/zynq_ultra_ps_e_0/inst/pl_clk_unbuffered[0]
    BUFG_PS_X0Y90        BUFG_PS (Prop_BUFG_PS_I_O)
                                                      0.022     0.151 r  design_1_i/zynq_ultra_ps_e_0/inst/buffer_pl_clk_0.PL_CLK_0_BUFG/O
    X0Y1 (CLOCK_ROOT)    net (fo=5771, routed)        1.416     1.567    design_1_i/axi_smc/inst/clk_map/psr_aclk/U0/aclk
    SLICE_X0Y45          FDRE                                         r  design_1_i/axi_smc/inst/clk_map/psr_aclk/U0/ACTIVE_LOW_BSR_OUT_DFF[0].FDRE_BSR_N/C
  -------------------------------------------------------------------    -------------------
    SLICE_X0Y45          FDRE (Prop_HFF_SLICEL_C_Q)
                                                      0.084     1.651 r  design_1_i/axi_smc/inst/clk_map/psr_aclk/U0/ACTIVE_LOW_BSR_OUT_DFF[0].FDRE_BSR_N/Q
                         net (fo=21, routed)          0.156     1.807    design_1_i/axi_smc/inst/s00_nodes/s00_aw_node/inst/s_sc_xpm_cdc_async_rst_inst/src_arst
    SLICE_X2Y44          FDCE                                         f  design_1_i/axi_smc/inst/s00_nodes/s00_aw_node/inst/s_sc_xpm_cdc_async_rst_inst/arststages_ff_reg[0]/CLR  (IS_INVERTED)
  -------------------------------------------------------------------    -------------------

                         (clock clk_pl_0 rise edge)
                                                      0.000     0.000 r  
    PS8_X0Y0             PS8                          0.000     0.000 r  design_1_i/zynq_ultra_ps_e_0/inst/PS8_i/PLCLK[0]
                         net (fo=1, routed)           0.164     0.164    design_1_i/zynq_ultra_ps_e_0/inst/pl_clk_unbuffered[0]
    BUFG_PS_X0Y90        BUFG_PS (Prop_BUFG_PS_I_O)
                                                      0.023     0.187 r  design_1_i/zynq_ultra_ps_e_0/inst/buffer_pl_clk_0.PL_CLK_0_BUFG/O
    X0Y1 (CLOCK_ROOT)    net (fo=5771, routed)        1.545     1.732    design_1_i/axi_smc/inst/s00_nodes/s00_aw_node/inst/s_sc_xpm_cdc_async_rst_inst/dest_clk
    SLICE_X2Y44          FDCE                                         r  design_1_i/axi_smc/inst/s00_nodes/s00_aw_node/inst/s_sc_xpm_cdc_async_rst_inst/arststages_ff_reg[0]/C

Slack:                    inf
  Source:                 design_1_i/axi_smc/inst/clk_map/psr_aclk/U0/ACTIVE_LOW_BSR_OUT_DFF[0].FDRE_BSR_N/C
                            (rising edge-triggered cell FDRE clocked by clk_pl_0  {rise@0.000ns fall@5.000ns period=10.000ns})
  Destination:            design_1_i/axi_smc/inst/s00_nodes/s00_aw_node/inst/s_sc_xpm_cdc_async_rst_inst/arststages_ff_reg[1]/CLR
                            (removal check against rising-edge clock clk_pl_0  {rise@0.000ns fall@5.000ns period=10.000ns})
  Path Group:             (none)
  Path Type:              Removal (Min at Fast Process Corner)
  Data Path Delay:        0.240ns  (logic 0.084ns (35.066%)  route 0.156ns (64.934%))
  Logic Levels:           0  
  Clock Path Skew:        0.165ns (DCD - SCD - CPR)
    Destination Clock Delay (DCD):    1.732ns
    Source Clock Delay      (SCD):    1.567ns
    Clock Pessimism Removal (CPR):    -0.000ns
  Clock Uncertainty:      0.130ns  ((TSJ^2 + DJ^2)^1/2) / 2 + PE
    Total System Jitter     (TSJ):    0.071ns
    Discrete Jitter          (DJ):    0.250ns
    Phase Error              (PE):    0.000ns
  Clock Net Delay (Source):      1.416ns (routing 0.676ns, distribution 0.740ns)
  Clock Net Delay (Destination): 1.545ns (routing 0.739ns, distribution 0.806ns)
  Timing Exception:       False Path

    Location             Delay type                Incr(ns)  Path(ns)    Netlist Resource(s)
  -------------------------------------------------------------------    -------------------
                         (clock clk_pl_0 rise edge)
                                                      0.000     0.000 r  
    PS8_X0Y0             PS8                          0.000     0.000 r  design_1_i/zynq_ultra_ps_e_0/inst/PS8_i/PLCLK[0]
                         net (fo=1, routed)           0.129     0.129    design_1_i/zynq_ultra_ps_e_0/inst/pl_clk_unbuffered[0]
    BUFG_PS_X0Y90        BUFG_PS (Prop_BUFG_PS_I_O)
                                                      0.022     0.151 r  design_1_i/zynq_ultra_ps_e_0/inst/buffer_pl_clk_0.PL_CLK_0_BUFG/O
    X0Y1 (CLOCK_ROOT)    net (fo=5771, routed)        1.416     1.567    design_1_i/axi_smc/inst/clk_map/psr_aclk/U0/aclk
    SLICE_X0Y45          FDRE                                         r  design_1_i/axi_smc/inst/clk_map/psr_aclk/U0/ACTIVE_LOW_BSR_OUT_DFF[0].FDRE_BSR_N/C
  -------------------------------------------------------------------    -------------------
    SLICE_X0Y45          FDRE (Prop_HFF_SLICEL_C_Q)
                                                      0.084     1.651 r  design_1_i/axi_smc/inst/clk_map/psr_aclk/U0/ACTIVE_LOW_BSR_OUT_DFF[0].FDRE_BSR_N/Q
                         net (fo=21, routed)          0.156     1.807    design_1_i/axi_smc/inst/s00_nodes/s00_aw_node/inst/s_sc_xpm_cdc_async_rst_inst/src_arst
    SLICE_X2Y44          FDCE                                         f  design_1_i/axi_smc/inst/s00_nodes/s00_aw_node/inst/s_sc_xpm_cdc_async_rst_inst/arststages_ff_reg[1]/CLR  (IS_INVERTED)
  -------------------------------------------------------------------    -------------------

                         (clock clk_pl_0 rise edge)
                                                      0.000     0.000 r  
    PS8_X0Y0             PS8                          0.000     0.000 r  design_1_i/zynq_ultra_ps_e_0/inst/PS8_i/PLCLK[0]
                         net (fo=1, routed)           0.164     0.164    design_1_i/zynq_ultra_ps_e_0/inst/pl_clk_unbuffered[0]
    BUFG_PS_X0Y90        BUFG_PS (Prop_BUFG_PS_I_O)
                                                      0.023     0.187 r  design_1_i/zynq_ultra_ps_e_0/inst/buffer_pl_clk_0.PL_CLK_0_BUFG/O
    X0Y1 (CLOCK_ROOT)    net (fo=5771, routed)        1.545     1.732    design_1_i/axi_smc/inst/s00_nodes/s00_aw_node/inst/s_sc_xpm_cdc_async_rst_inst/dest_clk
    SLICE_X2Y44          FDCE                                         r  design_1_i/axi_smc/inst/s00_nodes/s00_aw_node/inst/s_sc_xpm_cdc_async_rst_inst/arststages_ff_reg[1]/C

Slack:                    inf
  Source:                 design_1_i/axi_smc/inst/clk_map/psr_aclk/U0/ACTIVE_LOW_BSR_OUT_DFF[0].FDRE_BSR_N/C
                            (rising edge-triggered cell FDRE clocked by clk_pl_0  {rise@0.000ns fall@5.000ns period=10.000ns})
  Destination:            design_1_i/axi_smc/inst/s00_nodes/s00_aw_node/inst/s_sc_xpm_cdc_async_rst_inst/arststages_ff_reg[2]/CLR
                            (removal check against rising-edge clock clk_pl_0  {rise@0.000ns fall@5.000ns period=10.000ns})
  Path Group:             (none)
  Path Type:              Removal (Min at Fast Process Corner)
  Data Path Delay:        0.240ns  (logic 0.084ns (35.066%)  route 0.156ns (64.934%))
  Logic Levels:           0  
  Clock Path Skew:        0.165ns (DCD - SCD - CPR)
    Destination Clock Delay (DCD):    1.732ns
    Source Clock Delay      (SCD):    1.567ns
    Clock Pessimism Removal (CPR):    -0.000ns
  Clock Uncertainty:      0.130ns  ((TSJ^2 + DJ^2)^1/2) / 2 + PE
    Total System Jitter     (TSJ):    0.071ns
    Discrete Jitter          (DJ):    0.250ns
    Phase Error              (PE):    0.000ns
  Clock Net Delay (Source):      1.416ns (routing 0.676ns, distribution 0.740ns)
  Clock Net Delay (Destination): 1.545ns (routing 0.739ns, distribution 0.806ns)
  Timing Exception:       False Path

    Location             Delay type                Incr(ns)  Path(ns)    Netlist Resource(s)
  -------------------------------------------------------------------    -------------------
                         (clock clk_pl_0 rise edge)
                                                      0.000     0.000 r  
    PS8_X0Y0             PS8                          0.000     0.000 r  design_1_i/zynq_ultra_ps_e_0/inst/PS8_i/PLCLK[0]
                         net (fo=1, routed)           0.129     0.129    design_1_i/zynq_ultra_ps_e_0/inst/pl_clk_unbuffered[0]
    BUFG_PS_X0Y90        BUFG_PS (Prop_BUFG_PS_I_O)
                                                      0.022     0.151 r  design_1_i/zynq_ultra_ps_e_0/inst/buffer_pl_clk_0.PL_CLK_0_BUFG/O
    X0Y1 (CLOCK_ROOT)    net (fo=5771, routed)        1.416     1.567    design_1_i/axi_smc/inst/clk_map/psr_aclk/U0/aclk
    SLICE_X0Y45          FDRE                                         r  design_1_i/axi_smc/inst/clk_map/psr_aclk/U0/ACTIVE_LOW_BSR_OUT_DFF[0].FDRE_BSR_N/C
  -------------------------------------------------------------------    -------------------
    SLICE_X0Y45          FDRE (Prop_HFF_SLICEL_C_Q)
                                                      0.084     1.651 r  design_1_i/axi_smc/inst/clk_map/psr_aclk/U0/ACTIVE_LOW_BSR_OUT_DFF[0].FDRE_BSR_N/Q
                         net (fo=21, routed)          0.156     1.807    design_1_i/axi_smc/inst/s00_nodes/s00_aw_node/inst/s_sc_xpm_cdc_async_rst_inst/src_arst
    SLICE_X2Y44          FDCE                                         f  design_1_i/axi_smc/inst/s00_nodes/s00_aw_node/inst/s_sc_xpm_cdc_async_rst_inst/arststages_ff_reg[2]/CLR  (IS_INVERTED)
  -------------------------------------------------------------------    -------------------

                         (clock clk_pl_0 rise edge)
                                                      0.000     0.000 r  
    PS8_X0Y0             PS8                          0.000     0.000 r  design_1_i/zynq_ultra_ps_e_0/inst/PS8_i/PLCLK[0]
                         net (fo=1, routed)           0.164     0.164    design_1_i/zynq_ultra_ps_e_0/inst/pl_clk_unbuffered[0]
    BUFG_PS_X0Y90        BUFG_PS (Prop_BUFG_PS_I_O)
                                                      0.023     0.187 r  design_1_i/zynq_ultra_ps_e_0/inst/buffer_pl_clk_0.PL_CLK_0_BUFG/O
    X0Y1 (CLOCK_ROOT)    net (fo=5771, routed)        1.545     1.732    design_1_i/axi_smc/inst/s00_nodes/s00_aw_node/inst/s_sc_xpm_cdc_async_rst_inst/dest_clk
    SLICE_X2Y44          FDCE                                         r  design_1_i/axi_smc/inst/s00_nodes/s00_aw_node/inst/s_sc_xpm_cdc_async_rst_inst/arststages_ff_reg[2]/C

Slack:                    inf
  Source:                 design_1_i/axi_smc/inst/clk_map/psr_aclk/U0/ACTIVE_LOW_BSR_OUT_DFF[0].FDRE_BSR_N/C
                            (rising edge-triggered cell FDRE clocked by clk_pl_0  {rise@0.000ns fall@5.000ns period=10.000ns})
  Destination:            design_1_i/axi_smc/inst/s00_entry_pipeline/s00_si_converter/inst/xpm_cdc_async_rst_inst/arststages_ff_reg[0]/CLR
                            (removal check against rising-edge clock clk_pl_0  {rise@0.000ns fall@5.000ns period=10.000ns})
  Path Group:             (none)
  Path Type:              Removal (Min at Fast Process Corner)
  Data Path Delay:        0.241ns  (logic 0.084ns (34.920%)  route 0.157ns (65.080%))
  Logic Levels:           0  
  Clock Path Skew:        0.167ns (DCD - SCD - CPR)
    Destination Clock Delay (DCD):    1.734ns
    Source Clock Delay      (SCD):    1.567ns
    Clock Pessimism Removal (CPR):    -0.000ns
  Clock Uncertainty:      0.130ns  ((TSJ^2 + DJ^2)^1/2) / 2 + PE
    Total System Jitter     (TSJ):    0.071ns
    Discrete Jitter          (DJ):    0.250ns
    Phase Error              (PE):    0.000ns
  Clock Net Delay (Source):      1.416ns (routing 0.676ns, distribution 0.740ns)
  Clock Net Delay (Destination): 1.547ns (routing 0.739ns, distribution 0.808ns)
  Timing Exception:       False Path

    Location             Delay type                Incr(ns)  Path(ns)    Netlist Resource(s)
  -------------------------------------------------------------------    -------------------
                         (clock clk_pl_0 rise edge)
                                                      0.000     0.000 r  
    PS8_X0Y0             PS8                          0.000     0.000 r  design_1_i/zynq_ultra_ps_e_0/inst/PS8_i/PLCLK[0]
                         net (fo=1, routed)           0.129     0.129    design_1_i/zynq_ultra_ps_e_0/inst/pl_clk_unbuffered[0]
    BUFG_PS_X0Y90        BUFG_PS (Prop_BUFG_PS_I_O)
                                                      0.022     0.151 r  design_1_i/zynq_ultra_ps_e_0/inst/buffer_pl_clk_0.PL_CLK_0_BUFG/O
    X0Y1 (CLOCK_ROOT)    net (fo=5771, routed)        1.416     1.567    design_1_i/axi_smc/inst/clk_map/psr_aclk/U0/aclk
    SLICE_X0Y45          FDRE                                         r  design_1_i/axi_smc/inst/clk_map/psr_aclk/U0/ACTIVE_LOW_BSR_OUT_DFF[0].FDRE_BSR_N/C
  -------------------------------------------------------------------    -------------------
    SLICE_X0Y45          FDRE (Prop_HFF_SLICEL_C_Q)
                                                      0.084     1.651 r  design_1_i/axi_smc/inst/clk_map/psr_aclk/U0/ACTIVE_LOW_BSR_OUT_DFF[0].FDRE_BSR_N/Q
                         net (fo=21, routed)          0.157     1.808    design_1_i/axi_smc/inst/s00_entry_pipeline/s00_si_converter/inst/xpm_cdc_async_rst_inst/src_arst
    SLICE_X2Y44          FDCE                                         f  design_1_i/axi_smc/inst/s00_entry_pipeline/s00_si_converter/inst/xpm_cdc_async_rst_inst/arststages_ff_reg[0]/CLR  (IS_INVERTED)
  -------------------------------------------------------------------    -------------------

                         (clock clk_pl_0 rise edge)
                                                      0.000     0.000 r  
    PS8_X0Y0             PS8                          0.000     0.000 r  design_1_i/zynq_ultra_ps_e_0/inst/PS8_i/PLCLK[0]
                         net (fo=1, routed)           0.164     0.164    design_1_i/zynq_ultra_ps_e_0/inst/pl_clk_unbuffered[0]
    BUFG_PS_X0Y90        BUFG_PS (Prop_BUFG_PS_I_O)
                                                      0.023     0.187 r  design_1_i/zynq_ultra_ps_e_0/inst/buffer_pl_clk_0.PL_CLK_0_BUFG/O
    X0Y1 (CLOCK_ROOT)    net (fo=5771, routed)        1.547     1.734    design_1_i/axi_smc/inst/s00_entry_pipeline/s00_si_converter/inst/xpm_cdc_async_rst_inst/dest_clk
    SLICE_X2Y44          FDCE                                         r  design_1_i/axi_smc/inst/s00_entry_pipeline/s00_si_converter/inst/xpm_cdc_async_rst_inst/arststages_ff_reg[0]/C





--------------------------------------------------------------------------------------
Path Group:  (none)
From Clock:  
  To Clock:  

Max Delay           153 Endpoints
Min Delay           153 Endpoints
--------------------------------------------------------------------------------------


Max Delay Paths
--------------------------------------------------------------------------------------
Slack:                    inf
  Source:                 design_1_i/audio_pipeline_0/inst/inst_i2s_master/lrcl_reg/C
                            (rising edge-triggered cell FDRE)
  Destination:            pmod_i2s_lrclk
                            (output port)
  Path Group:             (none)
  Path Type:              Max at Slow Process Corner
  Data Path Delay:        5.328ns  (logic 3.617ns (67.888%)  route 1.711ns (32.112%))
  Logic Levels:           2  (FDRE=1 OBUF=1)

    Location             Delay type                Incr(ns)  Path(ns)    Netlist Resource(s)
  -------------------------------------------------------------------    -------------------
    SLICE_X13Y87         FDRE                         0.000     0.000 r  design_1_i/audio_pipeline_0/inst/inst_i2s_master/lrcl_reg/C
    SLICE_X13Y87         FDRE (Prop_DFF2_SLICEM_C_Q)
                                                      0.115     0.115 r  design_1_i/audio_pipeline_0/inst/inst_i2s_master/lrcl_reg/Q
                         net (fo=3, routed)           1.711     1.826    pmod_i2s_lrclk_OBUF
    B10                  OBUF (Prop_OUTBUF_HDIOB_S_I_O)
                                                      3.502     5.328 r  pmod_i2s_lrclk_OBUF_inst/O
                         net (fo=0)                   0.000     5.328    pmod_i2s_lrclk
    B10                                                               r  pmod_i2s_lrclk (OUT)
  -------------------------------------------------------------------    -------------------

Slack:                    inf
  Source:                 pmod_i2s_dout
                            (input port)
  Destination:            design_1_i/audio_pipeline_0/inst/inst_i2s_master/data_source_reg[31]/D
  Path Group:             (none)
  Path Type:              Max at Slow Process Corner
  Data Path Delay:        2.738ns  (logic 1.252ns (45.721%)  route 1.486ns (54.279%))
  Logic Levels:           2  (IBUFCTRL=1 INBUF=1)

    Location             Delay type                Incr(ns)  Path(ns)    Netlist Resource(s)
  -------------------------------------------------------------------    -------------------
    E12                                               0.000     0.000 r  pmod_i2s_dout (IN)
                         net (fo=0)                   0.000     0.000    pmod_i2s_dout_IBUF_inst/I
    E12                  INBUF (Prop_INBUF_HDIOB_M_PAD_O)
                                                      1.252     1.252 r  pmod_i2s_dout_IBUF_inst/INBUF_INST/O
                         net (fo=1, routed)           0.000     1.252    pmod_i2s_dout_IBUF_inst/OUT
    E12                  IBUFCTRL (Prop_IBUFCTRL_HDIOB_M_I_O)
                                                      0.000     1.252 r  pmod_i2s_dout_IBUF_inst/IBUFCTRL_INST/O
                         net (fo=1, routed)           1.486     2.738    design_1_i/audio_pipeline_0/inst/inst_i2s_master/i2s_dout
    SLICE_X11Y93         FDRE                                         r  design_1_i/audio_pipeline_0/inst/inst_i2s_master/data_source_reg[31]/D
  -------------------------------------------------------------------    -------------------

Slack:                    inf
  Source:                 design_1_i/audio_pipeline_0/inst/inst_i2s_master/fsm_count_reg[22]/C
                            (rising edge-triggered cell FDRE)
  Destination:            design_1_i/audio_pipeline_0/inst/inst_i2s_master/fsm_count_reg[31]/D
  Path Group:             (none)
  Path Type:              Max at Slow Process Corner
  Data Path Delay:        2.476ns  (logic 1.218ns (49.193%)  route 1.258ns (50.807%))
  Logic Levels:           10  (CARRY8=4 FDRE=1 LUT2=1 LUT4=1 LUT6=3)

    Location             Delay type                Incr(ns)  Path(ns)    Netlist Resource(s)
  -------------------------------------------------------------------    -------------------
    SLICE_X15Y98         FDRE                         0.000     0.000 r  design_1_i/audio_pipeline_0/inst/inst_i2s_master/fsm_count_reg[22]/C
    SLICE_X15Y98         FDRE (Prop_GFF_SLICEL_C_Q)
                                                      0.114     0.114 r  design_1_i/audio_pipeline_0/inst/inst_i2s_master/fsm_count_reg[22]/Q
                         net (fo=5, routed)           0.346     0.460    design_1_i/audio_pipeline_0/inst/inst_i2s_master/fsm_count_reg[22]
    SLICE_X16Y99         LUT2 (Prop_B5LUT_SLICEL_I0_O)
                                                      0.097     0.557 f  design_1_i/audio_pipeline_0/inst/inst_i2s_master/fsm_count[0]_i_20/O
                         net (fo=1, routed)           0.206     0.763    design_1_i/audio_pipeline_0/inst/inst_i2s_master/fsm_count[0]_i_20_n_0
    SLICE_X16Y99         LUT6 (Prop_C6LUT_SLICEL_I5_O)
                                                      0.081     0.844 r  design_1_i/audio_pipeline_0/inst/inst_i2s_master/fsm_count[0]_i_18/O
                         net (fo=1, routed)           0.238     1.082    design_1_i/audio_pipeline_0/inst/inst_i2s_master/fsm_count[0]_i_18_n_0
    SLICE_X16Y99         LUT6 (Prop_G6LUT_SLICEL_I0_O)
                                                      0.057     1.139 r  design_1_i/audio_pipeline_0/inst/inst_i2s_master/fsm_count[0]_i_15/O
                         net (fo=1, routed)           0.054     1.193    design_1_i/audio_pipeline_0/inst/inst_i2s_master/fsm_count[0]_i_15_n_0
    SLICE_X16Y99         LUT6 (Prop_H6LUT_SLICEL_I5_O)
                                                      0.083     1.276 f  design_1_i/audio_pipeline_0/inst/inst_i2s_master/fsm_count[0]_i_11/O
                         net (fo=31, routed)          0.277     1.553    design_1_i/audio_pipeline_0/inst/inst_i2s_master/fsm_count[0]_i_11_n_0
    SLICE_X15Y96         LUT4 (Prop_B6LUT_SLICEL_I3_O)
                                                      0.224     1.777 r  design_1_i/audio_pipeline_0/inst/inst_i2s_master/fsm_count[0]_i_8/O
                         net (fo=1, routed)           0.013     1.790    design_1_i/audio_pipeline_0/inst/inst_i2s_master/fsm_count[0]_i_8_n_0
    SLICE_X15Y96         CARRY8 (Prop_CARRY8_SLICEL_S[1]_CO[7])
                                                      0.261     2.051 r  design_1_i/audio_pipeline_0/inst/inst_i2s_master/fsm_count_reg[0]_i_1/CO[7]
                         net (fo=1, routed)           0.030     2.081    design_1_i/audio_pipeline_0/inst/inst_i2s_master/fsm_count_reg[0]_i_1_n_0
    SLICE_X15Y97         CARRY8 (Prop_CARRY8_SLICEL_CI_CO[7])
                                                      0.065     2.146 r  design_1_i/audio_pipeline_0/inst/inst_i2s_master/fsm_count_reg[8]_i_1/CO[7]
                         net (fo=1, routed)           0.030     2.176    design_1_i/audio_pipeline_0/inst/inst_i2s_master/fsm_count_reg[8]_i_1_n_0
    SLICE_X15Y98         CARRY8 (Prop_CARRY8_SLICEL_CI_CO[7])
                                                      0.065     2.241 r  design_1_i/audio_pipeline_0/inst/inst_i2s_master/fsm_count_reg[16]_i_1/CO[7]
                         net (fo=1, routed)           0.030     2.271    design_1_i/audio_pipeline_0/inst/inst_i2s_master/fsm_count_reg[16]_i_1_n_0
    SLICE_X15Y99         CARRY8 (Prop_CARRY8_SLICEL_CI_O[7])
                                                      0.171     2.442 r  design_1_i/audio_pipeline_0/inst/inst_i2s_master/fsm_count_reg[24]_i_1/O[7]
                         net (fo=1, routed)           0.034     2.476    design_1_i/audio_pipeline_0/inst/inst_i2s_master/fsm_count_reg[24]_i_1_n_8
    SLICE_X15Y99         FDRE                                         r  design_1_i/audio_pipeline_0/inst/inst_i2s_master/fsm_count_reg[31]/D
  -------------------------------------------------------------------    -------------------

Slack:                    inf
  Source:                 design_1_i/audio_pipeline_0/inst/inst_i2s_master/fsm_count_reg[22]/C
                            (rising edge-triggered cell FDRE)
  Destination:            design_1_i/audio_pipeline_0/inst/inst_i2s_master/fsm_count_reg[29]/D
  Path Group:             (none)
  Path Type:              Max at Slow Process Corner
  Data Path Delay:        2.465ns  (logic 1.208ns (49.007%)  route 1.257ns (50.993%))
  Logic Levels:           10  (CARRY8=4 FDRE=1 LUT2=1 LUT4=1 LUT6=3)

    Location             Delay type                Incr(ns)  Path(ns)    Netlist Resource(s)
  -------------------------------------------------------------------    -------------------
    SLICE_X15Y98         FDRE                         0.000     0.000 r  design_1_i/audio_pipeline_0/inst/inst_i2s_master/fsm_count_reg[22]/C
    SLICE_X15Y98         FDRE (Prop_GFF_SLICEL_C_Q)
                                                      0.114     0.114 r  design_1_i/audio_pipeline_0/inst/inst_i2s_master/fsm_count_reg[22]/Q
                         net (fo=5, routed)           0.346     0.460    design_1_i/audio_pipeline_0/inst/inst_i2s_master/fsm_count_reg[22]
    SLICE_X16Y99         LUT2 (Prop_B5LUT_SLICEL_I0_O)
                                                      0.097     0.557 f  design_1_i/audio_pipeline_0/inst/inst_i2s_master/fsm_count[0]_i_20/O
                         net (fo=1, routed)           0.206     0.763    design_1_i/audio_pipeline_0/inst/inst_i2s_master/fsm_count[0]_i_20_n_0
    SLICE_X16Y99         LUT6 (Prop_C6LUT_SLICEL_I5_O)
                                                      0.081     0.844 r  design_1_i/audio_pipeline_0/inst/inst_i2s_master/fsm_count[0]_i_18/O
                         net (fo=1, routed)           0.238     1.082    design_1_i/audio_pipeline_0/inst/inst_i2s_master/fsm_count[0]_i_18_n_0
    SLICE_X16Y99         LUT6 (Prop_G6LUT_SLICEL_I0_O)
                                                      0.057     1.139 r  design_1_i/audio_pipeline_0/inst/inst_i2s_master/fsm_count[0]_i_15/O
                         net (fo=1, routed)           0.054     1.193    design_1_i/audio_pipeline_0/inst/inst_i2s_master/fsm_count[0]_i_15_n_0
    SLICE_X16Y99         LUT6 (Prop_H6LUT_SLICEL_I5_O)
                                                      0.083     1.276 f  design_1_i/audio_pipeline_0/inst/inst_i2s_master/fsm_count[0]_i_11/O
                         net (fo=31, routed)          0.277     1.553    design_1_i/audio_pipeline_0/inst/inst_i2s_master/fsm_count[0]_i_11_n_0
    SLICE_X15Y96         LUT4 (Prop_B6LUT_SLICEL_I3_O)
                                                      0.224     1.777 r  design_1_i/audio_pipeline_0/inst/inst_i2s_master/fsm_count[0]_i_8/O
                         net (fo=1, routed)           0.013     1.790    design_1_i/audio_pipeline_0/inst/inst_i2s_master/fsm_count[0]_i_8_n_0
    SLICE_X15Y96         CARRY8 (Prop_CARRY8_SLICEL_S[1]_CO[7])
                                                      0.261     2.051 r  design_1_i/audio_pipeline_0/inst/inst_i2s_master/fsm_count_reg[0]_i_1/CO[7]
                         net (fo=1, routed)           0.030     2.081    design_1_i/audio_pipeline_0/inst/inst_i2s_master/fsm_count_reg[0]_i_1_n_0
    SLICE_X15Y97         CARRY8 (Prop_CARRY8_SLICEL_CI_CO[7])
                                                      0.065     2.146 r  design_1_i/audio_pipeline_0/inst/inst_i2s_master/fsm_count_reg[8]_i_1/CO[7]
                         net (fo=1, routed)           0.030     2.176    design_1_i/audio_pipeline_0/inst/inst_i2s_master/fsm_count_reg[8]_i_1_n_0
    SLICE_X15Y98         CARRY8 (Prop_CARRY8_SLICEL_CI_CO[7])
                                                      0.065     2.241 r  design_1_i/audio_pipeline_0/inst/inst_i2s_master/fsm_count_reg[16]_i_1/CO[7]
                         net (fo=1, routed)           0.030     2.271    design_1_i/audio_pipeline_0/inst/inst_i2s_master/fsm_count_reg[16]_i_1_n_0
    SLICE_X15Y99         CARRY8 (Prop_CARRY8_SLICEL_CI_O[5])
                                                      0.161     2.432 r  design_1_i/audio_pipeline_0/inst/inst_i2s_master/fsm_count_reg[24]_i_1/O[5]
                         net (fo=1, routed)           0.033     2.465    design_1_i/audio_pipeline_0/inst/inst_i2s_master/fsm_count_reg[24]_i_1_n_10
    SLICE_X15Y99         FDRE                                         r  design_1_i/audio_pipeline_0/inst/inst_i2s_master/fsm_count_reg[29]/D
  -------------------------------------------------------------------    -------------------

Slack:                    inf
  Source:                 design_1_i/audio_pipeline_0/inst/inst_i2s_master/fsm_count_reg[22]/C
                            (rising edge-triggered cell FDRE)
  Destination:            design_1_i/audio_pipeline_0/inst/inst_i2s_master/fsm_count_reg[30]/D
  Path Group:             (none)
  Path Type:              Max at Slow Process Corner
  Data Path Delay:        2.462ns  (logic 1.204ns (48.904%)  route 1.258ns (51.096%))
  Logic Levels:           10  (CARRY8=4 FDRE=1 LUT2=1 LUT4=1 LUT6=3)

    Location             Delay type                Incr(ns)  Path(ns)    Netlist Resource(s)
  -------------------------------------------------------------------    -------------------
    SLICE_X15Y98         FDRE                         0.000     0.000 r  design_1_i/audio_pipeline_0/inst/inst_i2s_master/fsm_count_reg[22]/C
    SLICE_X15Y98         FDRE (Prop_GFF_SLICEL_C_Q)
                                                      0.114     0.114 r  design_1_i/audio_pipeline_0/inst/inst_i2s_master/fsm_count_reg[22]/Q
                         net (fo=5, routed)           0.346     0.460    design_1_i/audio_pipeline_0/inst/inst_i2s_master/fsm_count_reg[22]
    SLICE_X16Y99         LUT2 (Prop_B5LUT_SLICEL_I0_O)
                                                      0.097     0.557 f  design_1_i/audio_pipeline_0/inst/inst_i2s_master/fsm_count[0]_i_20/O
                         net (fo=1, routed)           0.206     0.763    design_1_i/audio_pipeline_0/inst/inst_i2s_master/fsm_count[0]_i_20_n_0
    SLICE_X16Y99         LUT6 (Prop_C6LUT_SLICEL_I5_O)
                                                      0.081     0.844 r  design_1_i/audio_pipeline_0/inst/inst_i2s_master/fsm_count[0]_i_18/O
                         net (fo=1, routed)           0.238     1.082    design_1_i/audio_pipeline_0/inst/inst_i2s_master/fsm_count[0]_i_18_n_0
    SLICE_X16Y99         LUT6 (Prop_G6LUT_SLICEL_I0_O)
                                                      0.057     1.139 r  design_1_i/audio_pipeline_0/inst/inst_i2s_master/fsm_count[0]_i_15/O
                         net (fo=1, routed)           0.054     1.193    design_1_i/audio_pipeline_0/inst/inst_i2s_master/fsm_count[0]_i_15_n_0
    SLICE_X16Y99         LUT6 (Prop_H6LUT_SLICEL_I5_O)
                                                      0.083     1.276 f  design_1_i/audio_pipeline_0/inst/inst_i2s_master/fsm_count[0]_i_11/O
                         net (fo=31, routed)          0.277     1.553    design_1_i/audio_pipeline_0/inst/inst_i2s_master/fsm_count[0]_i_11_n_0
    SLICE_X15Y96         LUT4 (Prop_B6LUT_SLICEL_I3_O)
                                                      0.224     1.777 r  design_1_i/audio_pipeline_0/inst/inst_i2s_master/fsm_count[0]_i_8/O
                         net (fo=1, routed)           0.013     1.790    design_1_i/audio_pipeline_0/inst/inst_i2s_master/fsm_count[0]_i_8_n_0
    SLICE_X15Y96         CARRY8 (Prop_CARRY8_SLICEL_S[1]_CO[7])
                                                      0.261     2.051 r  design_1_i/audio_pipeline_0/inst/inst_i2s_master/fsm_count_reg[0]_i_1/CO[7]
                         net (fo=1, routed)           0.030     2.081    design_1_i/audio_pipeline_0/inst/inst_i2s_master/fsm_count_reg[0]_i_1_n_0
    SLICE_X15Y97         CARRY8 (Prop_CARRY8_SLICEL_CI_CO[7])
                                                      0.065     2.146 r  design_1_i/audio_pipeline_0/inst/inst_i2s_master/fsm_count_reg[8]_i_1/CO[7]
                         net (fo=1, routed)           0.030     2.176    design_1_i/audio_pipeline_0/inst/inst_i2s_master/fsm_count_reg[8]_i_1_n_0
    SLICE_X15Y98         CARRY8 (Prop_CARRY8_SLICEL_CI_CO[7])
                                                      0.065     2.241 r  design_1_i/audio_pipeline_0/inst/inst_i2s_master/fsm_count_reg[16]_i_1/CO[7]
                         net (fo=1, routed)           0.030     2.271    design_1_i/audio_pipeline_0/inst/inst_i2s_master/fsm_count_reg[16]_i_1_n_0
    SLICE_X15Y99         CARRY8 (Prop_CARRY8_SLICEL_CI_O[6])
                                                      0.157     2.428 r  design_1_i/audio_pipeline_0/inst/inst_i2s_master/fsm_count_reg[24]_i_1/O[6]
                         net (fo=1, routed)           0.034     2.462    design_1_i/audio_pipeline_0/inst/inst_i2s_master/fsm_count_reg[24]_i_1_n_9
    SLICE_X15Y99         FDRE                                         r  design_1_i/audio_pipeline_0/inst/inst_i2s_master/fsm_count_reg[30]/D
  -------------------------------------------------------------------    -------------------

Slack:                    inf
  Source:                 design_1_i/audio_pipeline_0/inst/inst_i2s_master/fsm_count_reg[3]/C
                            (rising edge-triggered cell FDRE)
  Destination:            design_1_i/audio_pipeline_0/inst/inst_i2s_master/data_source_reg[22]/CE
  Path Group:             (none)
  Path Type:              Max at Slow Process Corner
  Data Path Delay:        2.447ns  (logic 0.820ns (33.506%)  route 1.627ns (66.494%))
  Logic Levels:           5  (CARRY8=2 FDRE=1 LUT2=1 LUT5=1)

    Location             Delay type                Incr(ns)  Path(ns)    Netlist Resource(s)
  -------------------------------------------------------------------    -------------------
    SLICE_X15Y96         FDRE                         0.000     0.000 r  design_1_i/audio_pipeline_0/inst/inst_i2s_master/fsm_count_reg[3]/C
    SLICE_X15Y96         FDRE (Prop_DFF_SLICEL_C_Q)
                                                      0.114     0.114 f  design_1_i/audio_pipeline_0/inst/inst_i2s_master/fsm_count_reg[3]/Q
                         net (fo=5, routed)           0.338     0.452    design_1_i/audio_pipeline_0/inst/inst_i2s_master/fsm_count_reg[3]
    SLICE_X16Y97         LUT2 (Prop_B6LUT_SLICEL_I1_O)
                                                      0.152     0.604 r  design_1_i/audio_pipeline_0/inst/inst_i2s_master/data_source0_carry_i_9/O
                         net (fo=1, routed)           0.013     0.617    design_1_i/audio_pipeline_0/inst/inst_i2s_master/data_source0_carry_i_9_n_0
    SLICE_X16Y97         CARRY8 (Prop_CARRY8_SLICEL_S[1]_CO[7])
                                                      0.261     0.878 r  design_1_i/audio_pipeline_0/inst/inst_i2s_master/data_source0_carry/CO[7]
                         net (fo=1, routed)           0.030     0.908    design_1_i/audio_pipeline_0/inst/inst_i2s_master/data_source0_carry_n_0
    SLICE_X16Y98         CARRY8 (Prop_CARRY8_SLICEL_CI_CO[7])
                                                      0.073     0.981 r  design_1_i/audio_pipeline_0/inst/inst_i2s_master/data_source0_carry__0/CO[7]
                         net (fo=1, routed)           0.236     1.217    design_1_i/audio_pipeline_0/inst/inst_i2s_master/data_source0_carry__0_n_0
    SLICE_X17Y97         LUT5 (Prop_D5LUT_SLICEM_I0_O)
                                                      0.220     1.437 r  design_1_i/audio_pipeline_0/inst/inst_i2s_master/data_state_i_1/O
                         net (fo=19, routed)          1.010     2.447    design_1_i/audio_pipeline_0/inst/inst_i2s_master/data_state_i_1_n_0
    SLICE_X9Y79          FDRE                                         r  design_1_i/audio_pipeline_0/inst/inst_i2s_master/data_source_reg[22]/CE
  -------------------------------------------------------------------    -------------------

Slack:                    inf
  Source:                 design_1_i/audio_pipeline_0/inst/inst_i2s_master/fsm_count_reg[3]/C
                            (rising edge-triggered cell FDRE)
  Destination:            design_1_i/audio_pipeline_0/inst/inst_i2s_master/data_source_reg[24]/CE
  Path Group:             (none)
  Path Type:              Max at Slow Process Corner
  Data Path Delay:        2.447ns  (logic 0.820ns (33.506%)  route 1.627ns (66.494%))
  Logic Levels:           5  (CARRY8=2 FDRE=1 LUT2=1 LUT5=1)

    Location             Delay type                Incr(ns)  Path(ns)    Netlist Resource(s)
  -------------------------------------------------------------------    -------------------
    SLICE_X15Y96         FDRE                         0.000     0.000 r  design_1_i/audio_pipeline_0/inst/inst_i2s_master/fsm_count_reg[3]/C
    SLICE_X15Y96         FDRE (Prop_DFF_SLICEL_C_Q)
                                                      0.114     0.114 f  design_1_i/audio_pipeline_0/inst/inst_i2s_master/fsm_count_reg[3]/Q
                         net (fo=5, routed)           0.338     0.452    design_1_i/audio_pipeline_0/inst/inst_i2s_master/fsm_count_reg[3]
    SLICE_X16Y97         LUT2 (Prop_B6LUT_SLICEL_I1_O)
                                                      0.152     0.604 r  design_1_i/audio_pipeline_0/inst/inst_i2s_master/data_source0_carry_i_9/O
                         net (fo=1, routed)           0.013     0.617    design_1_i/audio_pipeline_0/inst/inst_i2s_master/data_source0_carry_i_9_n_0
    SLICE_X16Y97         CARRY8 (Prop_CARRY8_SLICEL_S[1]_CO[7])
                                                      0.261     0.878 r  design_1_i/audio_pipeline_0/inst/inst_i2s_master/data_source0_carry/CO[7]
                         net (fo=1, routed)           0.030     0.908    design_1_i/audio_pipeline_0/inst/inst_i2s_master/data_source0_carry_n_0
    SLICE_X16Y98         CARRY8 (Prop_CARRY8_SLICEL_CI_CO[7])
                                                      0.073     0.981 r  design_1_i/audio_pipeline_0/inst/inst_i2s_master/data_source0_carry__0/CO[7]
                         net (fo=1, routed)           0.236     1.217    design_1_i/audio_pipeline_0/inst/inst_i2s_master/data_source0_carry__0_n_0
    SLICE_X17Y97         LUT5 (Prop_D5LUT_SLICEM_I0_O)
                                                      0.220     1.437 r  design_1_i/audio_pipeline_0/inst/inst_i2s_master/data_state_i_1/O
                         net (fo=19, routed)          1.010     2.447    design_1_i/audio_pipeline_0/inst/inst_i2s_master/data_state_i_1_n_0
    SLICE_X9Y79          FDRE                                         r  design_1_i/audio_pipeline_0/inst/inst_i2s_master/data_source_reg[24]/CE
  -------------------------------------------------------------------    -------------------

Slack:                    inf
  Source:                 design_1_i/audio_pipeline_0/inst/inst_i2s_master/fsm_count_reg[3]/C
                            (rising edge-triggered cell FDRE)
  Destination:            design_1_i/audio_pipeline_0/inst/inst_i2s_master/data_source_reg[26]/CE
  Path Group:             (none)
  Path Type:              Max at Slow Process Corner
  Data Path Delay:        2.447ns  (logic 0.820ns (33.506%)  route 1.627ns (66.494%))
  Logic Levels:           5  (CARRY8=2 FDRE=1 LUT2=1 LUT5=1)

    Location             Delay type                Incr(ns)  Path(ns)    Netlist Resource(s)
  -------------------------------------------------------------------    -------------------
    SLICE_X15Y96         FDRE                         0.000     0.000 r  design_1_i/audio_pipeline_0/inst/inst_i2s_master/fsm_count_reg[3]/C
    SLICE_X15Y96         FDRE (Prop_DFF_SLICEL_C_Q)
                                                      0.114     0.114 f  design_1_i/audio_pipeline_0/inst/inst_i2s_master/fsm_count_reg[3]/Q
                         net (fo=5, routed)           0.338     0.452    design_1_i/audio_pipeline_0/inst/inst_i2s_master/fsm_count_reg[3]
    SLICE_X16Y97         LUT2 (Prop_B6LUT_SLICEL_I1_O)
                                                      0.152     0.604 r  design_1_i/audio_pipeline_0/inst/inst_i2s_master/data_source0_carry_i_9/O
                         net (fo=1, routed)           0.013     0.617    design_1_i/audio_pipeline_0/inst/inst_i2s_master/data_source0_carry_i_9_n_0
    SLICE_X16Y97         CARRY8 (Prop_CARRY8_SLICEL_S[1]_CO[7])
                                                      0.261     0.878 r  design_1_i/audio_pipeline_0/inst/inst_i2s_master/data_source0_carry/CO[7]
                         net (fo=1, routed)           0.030     0.908    design_1_i/audio_pipeline_0/inst/inst_i2s_master/data_source0_carry_n_0
    SLICE_X16Y98         CARRY8 (Prop_CARRY8_SLICEL_CI_CO[7])
                                                      0.073     0.981 r  design_1_i/audio_pipeline_0/inst/inst_i2s_master/data_source0_carry__0/CO[7]
                         net (fo=1, routed)           0.236     1.217    design_1_i/audio_pipeline_0/inst/inst_i2s_master/data_source0_carry__0_n_0
    SLICE_X17Y97         LUT5 (Prop_D5LUT_SLICEM_I0_O)
                                                      0.220     1.437 r  design_1_i/audio_pipeline_0/inst/inst_i2s_master/data_state_i_1/O
                         net (fo=19, routed)          1.010     2.447    design_1_i/audio_pipeline_0/inst/inst_i2s_master/data_state_i_1_n_0
    SLICE_X9Y79          FDRE                                         r  design_1_i/audio_pipeline_0/inst/inst_i2s_master/data_source_reg[26]/CE
  -------------------------------------------------------------------    -------------------

Slack:                    inf
  Source:                 design_1_i/audio_pipeline_0/inst/inst_i2s_master/fsm_count_reg[3]/C
                            (rising edge-triggered cell FDRE)
  Destination:            design_1_i/audio_pipeline_0/inst/inst_i2s_master/data_source_reg[21]/CE
  Path Group:             (none)
  Path Type:              Max at Slow Process Corner
  Data Path Delay:        2.445ns  (logic 0.820ns (33.534%)  route 1.625ns (66.466%))
  Logic Levels:           5  (CARRY8=2 FDRE=1 LUT2=1 LUT5=1)

    Location             Delay type                Incr(ns)  Path(ns)    Netlist Resource(s)
  -------------------------------------------------------------------    -------------------
    SLICE_X15Y96         FDRE                         0.000     0.000 r  design_1_i/audio_pipeline_0/inst/inst_i2s_master/fsm_count_reg[3]/C
    SLICE_X15Y96         FDRE (Prop_DFF_SLICEL_C_Q)
                                                      0.114     0.114 f  design_1_i/audio_pipeline_0/inst/inst_i2s_master/fsm_count_reg[3]/Q
                         net (fo=5, routed)           0.338     0.452    design_1_i/audio_pipeline_0/inst/inst_i2s_master/fsm_count_reg[3]
    SLICE_X16Y97         LUT2 (Prop_B6LUT_SLICEL_I1_O)
                                                      0.152     0.604 r  design_1_i/audio_pipeline_0/inst/inst_i2s_master/data_source0_carry_i_9/O
                         net (fo=1, routed)           0.013     0.617    design_1_i/audio_pipeline_0/inst/inst_i2s_master/data_source0_carry_i_9_n_0
    SLICE_X16Y97         CARRY8 (Prop_CARRY8_SLICEL_S[1]_CO[7])
                                                      0.261     0.878 r  design_1_i/audio_pipeline_0/inst/inst_i2s_master/data_source0_carry/CO[7]
                         net (fo=1, routed)           0.030     0.908    design_1_i/audio_pipeline_0/inst/inst_i2s_master/data_source0_carry_n_0
    SLICE_X16Y98         CARRY8 (Prop_CARRY8_SLICEL_CI_CO[7])
                                                      0.073     0.981 r  design_1_i/audio_pipeline_0/inst/inst_i2s_master/data_source0_carry__0/CO[7]
                         net (fo=1, routed)           0.236     1.217    design_1_i/audio_pipeline_0/inst/inst_i2s_master/data_source0_carry__0_n_0
    SLICE_X17Y97         LUT5 (Prop_D5LUT_SLICEM_I0_O)
                                                      0.220     1.437 r  design_1_i/audio_pipeline_0/inst/inst_i2s_master/data_state_i_1/O
                         net (fo=19, routed)          1.008     2.445    design_1_i/audio_pipeline_0/inst/inst_i2s_master/data_state_i_1_n_0
    SLICE_X9Y79          FDRE                                         r  design_1_i/audio_pipeline_0/inst/inst_i2s_master/data_source_reg[21]/CE
  -------------------------------------------------------------------    -------------------

Slack:                    inf
  Source:                 design_1_i/audio_pipeline_0/inst/inst_i2s_master/fsm_count_reg[3]/C
                            (rising edge-triggered cell FDRE)
  Destination:            design_1_i/audio_pipeline_0/inst/inst_i2s_master/data_source_reg[23]/CE
  Path Group:             (none)
  Path Type:              Max at Slow Process Corner
  Data Path Delay:        2.445ns  (logic 0.820ns (33.534%)  route 1.625ns (66.466%))
  Logic Levels:           5  (CARRY8=2 FDRE=1 LUT2=1 LUT5=1)

    Location             Delay type                Incr(ns)  Path(ns)    Netlist Resource(s)
  -------------------------------------------------------------------    -------------------
    SLICE_X15Y96         FDRE                         0.000     0.000 r  design_1_i/audio_pipeline_0/inst/inst_i2s_master/fsm_count_reg[3]/C
    SLICE_X15Y96         FDRE (Prop_DFF_SLICEL_C_Q)
                                                      0.114     0.114 f  design_1_i/audio_pipeline_0/inst/inst_i2s_master/fsm_count_reg[3]/Q
                         net (fo=5, routed)           0.338     0.452    design_1_i/audio_pipeline_0/inst/inst_i2s_master/fsm_count_reg[3]
    SLICE_X16Y97         LUT2 (Prop_B6LUT_SLICEL_I1_O)
                                                      0.152     0.604 r  design_1_i/audio_pipeline_0/inst/inst_i2s_master/data_source0_carry_i_9/O
                         net (fo=1, routed)           0.013     0.617    design_1_i/audio_pipeline_0/inst/inst_i2s_master/data_source0_carry_i_9_n_0
    SLICE_X16Y97         CARRY8 (Prop_CARRY8_SLICEL_S[1]_CO[7])
                                                      0.261     0.878 r  design_1_i/audio_pipeline_0/inst/inst_i2s_master/data_source0_carry/CO[7]
                         net (fo=1, routed)           0.030     0.908    design_1_i/audio_pipeline_0/inst/inst_i2s_master/data_source0_carry_n_0
    SLICE_X16Y98         CARRY8 (Prop_CARRY8_SLICEL_CI_CO[7])
                                                      0.073     0.981 r  design_1_i/audio_pipeline_0/inst/inst_i2s_master/data_source0_carry__0/CO[7]
                         net (fo=1, routed)           0.236     1.217    design_1_i/audio_pipeline_0/inst/inst_i2s_master/data_source0_carry__0_n_0
    SLICE_X17Y97         LUT5 (Prop_D5LUT_SLICEM_I0_O)
                                                      0.220     1.437 r  design_1_i/audio_pipeline_0/inst/inst_i2s_master/data_state_i_1/O
                         net (fo=19, routed)          1.008     2.445    design_1_i/audio_pipeline_0/inst/inst_i2s_master/data_state_i_1_n_0
    SLICE_X9Y79          FDRE                                         r  design_1_i/audio_pipeline_0/inst/inst_i2s_master/data_source_reg[23]/CE
  -------------------------------------------------------------------    -------------------





Min Delay Paths
--------------------------------------------------------------------------------------
Slack:                    inf
  Source:                 design_1_i/audio_pipeline_0/inst/inst_i2s_master/data_source_reg[30]/C
                            (rising edge-triggered cell FDRE)
  Destination:            design_1_i/audio_pipeline_0/inst/inst_i2s_master/data_source_reg[29]/D
  Path Group:             (none)
  Path Type:              Min at Fast Process Corner
  Data Path Delay:        0.121ns  (logic 0.083ns (68.595%)  route 0.038ns (31.405%))
  Logic Levels:           1  (FDRE=1)

    Location             Delay type                Incr(ns)  Path(ns)    Netlist Resource(s)
  -------------------------------------------------------------------    -------------------
    SLICE_X11Y79         FDRE                         0.000     0.000 r  design_1_i/audio_pipeline_0/inst/inst_i2s_master/data_source_reg[30]/C
    SLICE_X11Y79         FDRE (Prop_FFF_SLICEL_C_Q)
                                                      0.083     0.083 r  design_1_i/audio_pipeline_0/inst/inst_i2s_master/data_source_reg[30]/Q
                         net (fo=2, routed)           0.038     0.121    design_1_i/audio_pipeline_0/inst/inst_i2s_master/p_0_in[16]
    SLICE_X11Y79         FDRE                                         r  design_1_i/audio_pipeline_0/inst/inst_i2s_master/data_source_reg[29]/D
  -------------------------------------------------------------------    -------------------

Slack:                    inf
  Source:                 design_1_i/audio_pipeline_0/inst/inst_i2s_master/data_source_reg[23]/C
                            (rising edge-triggered cell FDRE)
  Destination:            design_1_i/audio_pipeline_0/inst/inst_i2s_master/data_source_reg[22]/D
  Path Group:             (none)
  Path Type:              Min at Fast Process Corner
  Data Path Delay:        0.125ns  (logic 0.083ns (66.594%)  route 0.042ns (33.406%))
  Logic Levels:           1  (FDRE=1)

    Location             Delay type                Incr(ns)  Path(ns)    Netlist Resource(s)
  -------------------------------------------------------------------    -------------------
    SLICE_X9Y79          FDRE                         0.000     0.000 r  design_1_i/audio_pipeline_0/inst/inst_i2s_master/data_source_reg[23]/C
    SLICE_X9Y79          FDRE (Prop_FFF_SLICEL_C_Q)
                                                      0.083     0.083 r  design_1_i/audio_pipeline_0/inst/inst_i2s_master/data_source_reg[23]/Q
                         net (fo=2, routed)           0.042     0.125    design_1_i/audio_pipeline_0/inst/inst_i2s_master/p_0_in[9]
    SLICE_X9Y79          FDRE                                         r  design_1_i/audio_pipeline_0/inst/inst_i2s_master/data_source_reg[22]/D
  -------------------------------------------------------------------    -------------------

Slack:                    inf
  Source:                 design_1_i/audio_pipeline_0/inst/inst_i2s_master/data_source_reg[16]/C
                            (rising edge-triggered cell FDRE)
  Destination:            design_1_i/audio_pipeline_0/inst/inst_i2s_master/data_source_reg[15]/D
  Path Group:             (none)
  Path Type:              Min at Fast Process Corner
  Data Path Delay:        0.129ns  (logic 0.082ns (63.746%)  route 0.047ns (36.254%))
  Logic Levels:           1  (FDRE=1)

    Location             Delay type                Incr(ns)  Path(ns)    Netlist Resource(s)
  -------------------------------------------------------------------    -------------------
    SLICE_X12Y78         FDRE                         0.000     0.000 r  design_1_i/audio_pipeline_0/inst/inst_i2s_master/data_source_reg[16]/C
    SLICE_X12Y78         FDRE (Prop_FFF_SLICEM_C_Q)
                                                      0.082     0.082 r  design_1_i/audio_pipeline_0/inst/inst_i2s_master/data_source_reg[16]/Q
                         net (fo=2, routed)           0.047     0.129    design_1_i/audio_pipeline_0/inst/inst_i2s_master/p_0_in[2]
    SLICE_X12Y78         FDRE                                         r  design_1_i/audio_pipeline_0/inst/inst_i2s_master/data_source_reg[15]/D
  -------------------------------------------------------------------    -------------------

Slack:                    inf
  Source:                 design_1_i/audio_pipeline_0/inst/inst_i2s_master/data_source_reg[20]/C
                            (rising edge-triggered cell FDRE)
  Destination:            design_1_i/audio_pipeline_0/inst/inst_i2s_master/data_source_reg[19]/D
  Path Group:             (none)
  Path Type:              Min at Fast Process Corner
  Data Path Delay:        0.164ns  (logic 0.083ns (50.722%)  route 0.081ns (49.278%))
  Logic Levels:           1  (FDRE=1)

    Location             Delay type                Incr(ns)  Path(ns)    Netlist Resource(s)
  -------------------------------------------------------------------    -------------------
    SLICE_X12Y78         FDRE                         0.000     0.000 r  design_1_i/audio_pipeline_0/inst/inst_i2s_master/data_source_reg[20]/C
    SLICE_X12Y78         FDRE (Prop_HFF_SLICEM_C_Q)
                                                      0.083     0.083 r  design_1_i/audio_pipeline_0/inst/inst_i2s_master/data_source_reg[20]/Q
                         net (fo=2, routed)           0.081     0.164    design_1_i/audio_pipeline_0/inst/inst_i2s_master/p_0_in[6]
    SLICE_X12Y78         FDRE                                         r  design_1_i/audio_pipeline_0/inst/inst_i2s_master/data_source_reg[19]/D
  -------------------------------------------------------------------    -------------------

Slack:                    inf
  Source:                 design_1_i/audio_pipeline_0/inst/inst_i2s_master/bit_count_reg[19]/C
                            (rising edge-triggered cell FDRE)
  Destination:            design_1_i/audio_pipeline_0/inst/inst_i2s_master/bit_count_reg[19]/D
  Path Group:             (none)
  Path Type:              Min at Fast Process Corner
  Data Path Delay:        0.167ns  (logic 0.103ns (61.811%)  route 0.064ns (38.189%))
  Logic Levels:           2  (CARRY8=1 FDRE=1)

    Location             Delay type                Incr(ns)  Path(ns)    Netlist Resource(s)
  -------------------------------------------------------------------    -------------------
    SLICE_X14Y89         FDRE                         0.000     0.000 r  design_1_i/audio_pipeline_0/inst/inst_i2s_master/bit_count_reg[19]/C
    SLICE_X14Y89         FDRE (Prop_DFF_SLICEL_C_Q)
                                                      0.084     0.084 r  design_1_i/audio_pipeline_0/inst/inst_i2s_master/bit_count_reg[19]/Q
                         net (fo=2, routed)           0.056     0.140    design_1_i/audio_pipeline_0/inst/inst_i2s_master/bit_count_reg[19]
    SLICE_X14Y89         CARRY8 (Prop_CARRY8_SLICEL_S[3]_O[3])
                                                      0.019     0.159 r  design_1_i/audio_pipeline_0/inst/inst_i2s_master/bit_count_reg[16]_i_1/O[3]
                         net (fo=1, routed)           0.008     0.167    design_1_i/audio_pipeline_0/inst/inst_i2s_master/bit_count_reg[16]_i_1_n_12
    SLICE_X14Y89         FDRE                                         r  design_1_i/audio_pipeline_0/inst/inst_i2s_master/bit_count_reg[19]/D
  -------------------------------------------------------------------    -------------------

Slack:                    inf
  Source:                 design_1_i/audio_pipeline_0/inst/inst_i2s_master/data_source_reg[27]/C
                            (rising edge-triggered cell FDRE)
  Destination:            design_1_i/audio_pipeline_0/inst/inst_i2s_master/data_source_reg[26]/D
  Path Group:             (none)
  Path Type:              Min at Fast Process Corner
  Data Path Delay:        0.167ns  (logic 0.084ns (50.366%)  route 0.083ns (49.634%))
  Logic Levels:           1  (FDRE=1)

    Location             Delay type                Incr(ns)  Path(ns)    Netlist Resource(s)
  -------------------------------------------------------------------    -------------------
    SLICE_X9Y79          FDRE                         0.000     0.000 r  design_1_i/audio_pipeline_0/inst/inst_i2s_master/data_source_reg[27]/C
    SLICE_X9Y79          FDRE (Prop_HFF_SLICEL_C_Q)
                                                      0.084     0.084 r  design_1_i/audio_pipeline_0/inst/inst_i2s_master/data_source_reg[27]/Q
                         net (fo=2, routed)           0.083     0.167    design_1_i/audio_pipeline_0/inst/inst_i2s_master/p_0_in[13]
    SLICE_X9Y79          FDRE                                         r  design_1_i/audio_pipeline_0/inst/inst_i2s_master/data_source_reg[26]/D
  -------------------------------------------------------------------    -------------------

Slack:                    inf
  Source:                 design_1_i/audio_pipeline_0/inst/inst_i2s_master/bit_count_reg[17]/C
                            (rising edge-triggered cell FDRE)
  Destination:            design_1_i/audio_pipeline_0/inst/inst_i2s_master/bit_count_reg[17]/D
  Path Group:             (none)
  Path Type:              Min at Fast Process Corner
  Data Path Delay:        0.168ns  (logic 0.103ns (61.443%)  route 0.065ns (38.557%))
  Logic Levels:           2  (CARRY8=1 FDRE=1)

    Location             Delay type                Incr(ns)  Path(ns)    Netlist Resource(s)
  -------------------------------------------------------------------    -------------------
    SLICE_X14Y89         FDRE                         0.000     0.000 r  design_1_i/audio_pipeline_0/inst/inst_i2s_master/bit_count_reg[17]/C
    SLICE_X14Y89         FDRE (Prop_BFF_SLICEL_C_Q)
                                                      0.084     0.084 r  design_1_i/audio_pipeline_0/inst/inst_i2s_master/bit_count_reg[17]/Q
                         net (fo=2, routed)           0.057     0.141    design_1_i/audio_pipeline_0/inst/inst_i2s_master/bit_count_reg[17]
    SLICE_X14Y89         CARRY8 (Prop_CARRY8_SLICEL_S[1]_O[1])
                                                      0.019     0.160 r  design_1_i/audio_pipeline_0/inst/inst_i2s_master/bit_count_reg[16]_i_1/O[1]
                         net (fo=1, routed)           0.008     0.168    design_1_i/audio_pipeline_0/inst/inst_i2s_master/bit_count_reg[16]_i_1_n_14
    SLICE_X14Y89         FDRE                                         r  design_1_i/audio_pipeline_0/inst/inst_i2s_master/bit_count_reg[17]/D
  -------------------------------------------------------------------    -------------------

Slack:                    inf
  Source:                 design_1_i/audio_pipeline_0/inst/inst_i2s_master/bit_count_reg[1]/C
                            (rising edge-triggered cell FDRE)
  Destination:            design_1_i/audio_pipeline_0/inst/inst_i2s_master/bit_count_reg[1]/D
  Path Group:             (none)
  Path Type:              Min at Fast Process Corner
  Data Path Delay:        0.168ns  (logic 0.103ns (61.443%)  route 0.065ns (38.557%))
  Logic Levels:           2  (CARRY8=1 FDRE=1)

    Location             Delay type                Incr(ns)  Path(ns)    Netlist Resource(s)
  -------------------------------------------------------------------    -------------------
    SLICE_X14Y87         FDRE                         0.000     0.000 r  design_1_i/audio_pipeline_0/inst/inst_i2s_master/bit_count_reg[1]/C
    SLICE_X14Y87         FDRE (Prop_BFF_SLICEL_C_Q)
                                                      0.084     0.084 r  design_1_i/audio_pipeline_0/inst/inst_i2s_master/bit_count_reg[1]/Q
                         net (fo=3, routed)           0.057     0.141    design_1_i/audio_pipeline_0/inst/inst_i2s_master/bit_count_reg[1]
    SLICE_X14Y87         CARRY8 (Prop_CARRY8_SLICEL_S[1]_O[1])
                                                      0.019     0.160 r  design_1_i/audio_pipeline_0/inst/inst_i2s_master/bit_count_reg[0]_i_1/O[1]
                         net (fo=1, routed)           0.008     0.168    design_1_i/audio_pipeline_0/inst/inst_i2s_master/bit_count_reg[0]_i_1_n_14
    SLICE_X14Y87         FDRE                                         r  design_1_i/audio_pipeline_0/inst/inst_i2s_master/bit_count_reg[1]/D
  -------------------------------------------------------------------    -------------------

Slack:                    inf
  Source:                 design_1_i/audio_pipeline_0/inst/inst_i2s_master/bit_count_reg[25]/C
                            (rising edge-triggered cell FDRE)
  Destination:            design_1_i/audio_pipeline_0/inst/inst_i2s_master/bit_count_reg[25]/D
  Path Group:             (none)
  Path Type:              Min at Fast Process Corner
  Data Path Delay:        0.168ns  (logic 0.103ns (61.443%)  route 0.065ns (38.557%))
  Logic Levels:           2  (CARRY8=1 FDRE=1)

    Location             Delay type                Incr(ns)  Path(ns)    Netlist Resource(s)
  -------------------------------------------------------------------    -------------------
    SLICE_X14Y90         FDRE                         0.000     0.000 r  design_1_i/audio_pipeline_0/inst/inst_i2s_master/bit_count_reg[25]/C
    SLICE_X14Y90         FDRE (Prop_BFF_SLICEL_C_Q)
                                                      0.084     0.084 r  design_1_i/audio_pipeline_0/inst/inst_i2s_master/bit_count_reg[25]/Q
                         net (fo=2, routed)           0.057     0.141    design_1_i/audio_pipeline_0/inst/inst_i2s_master/bit_count_reg[25]
    SLICE_X14Y90         CARRY8 (Prop_CARRY8_SLICEL_S[1]_O[1])
                                                      0.019     0.160 r  design_1_i/audio_pipeline_0/inst/inst_i2s_master/bit_count_reg[24]_i_1/O[1]
                         net (fo=1, routed)           0.008     0.168    design_1_i/audio_pipeline_0/inst/inst_i2s_master/bit_count_reg[24]_i_1_n_14
    SLICE_X14Y90         FDRE                                         r  design_1_i/audio_pipeline_0/inst/inst_i2s_master/bit_count_reg[25]/D
  -------------------------------------------------------------------    -------------------

Slack:                    inf
  Source:                 design_1_i/audio_pipeline_0/inst/inst_i2s_master/bit_count_reg[9]/C
                            (rising edge-triggered cell FDRE)
  Destination:            design_1_i/audio_pipeline_0/inst/inst_i2s_master/bit_count_reg[9]/D
  Path Group:             (none)
  Path Type:              Min at Fast Process Corner
  Data Path Delay:        0.168ns  (logic 0.103ns (61.443%)  route 0.065ns (38.557%))
  Logic Levels:           2  (CARRY8=1 FDRE=1)

    Location             Delay type                Incr(ns)  Path(ns)    Netlist Resource(s)
  -------------------------------------------------------------------    -------------------
    SLICE_X14Y88         FDRE                         0.000     0.000 r  design_1_i/audio_pipeline_0/inst/inst_i2s_master/bit_count_reg[9]/C
    SLICE_X14Y88         FDRE (Prop_BFF_SLICEL_C_Q)
                                                      0.084     0.084 r  design_1_i/audio_pipeline_0/inst/inst_i2s_master/bit_count_reg[9]/Q
                         net (fo=2, routed)           0.057     0.141    design_1_i/audio_pipeline_0/inst/inst_i2s_master/bit_count_reg[9]
    SLICE_X14Y88         CARRY8 (Prop_CARRY8_SLICEL_S[1]_O[1])
                                                      0.019     0.160 r  design_1_i/audio_pipeline_0/inst/inst_i2s_master/bit_count_reg[8]_i_1/O[1]
                         net (fo=1, routed)           0.008     0.168    design_1_i/audio_pipeline_0/inst/inst_i2s_master/bit_count_reg[8]_i_1_n_14
    SLICE_X14Y88         FDRE                                         r  design_1_i/audio_pipeline_0/inst/inst_i2s_master/bit_count_reg[9]/D
  -------------------------------------------------------------------    -------------------





--------------------------------------------------------------------------------------
Path Group:  (none)
From Clock:  clk_pl_0
  To Clock:  

Max Delay             2 Endpoints
Min Delay             2 Endpoints
--------------------------------------------------------------------------------------


Max Delay Paths
--------------------------------------------------------------------------------------
Slack:                    inf
  Source:                 design_1_i/audio_pipeline_0/inst/inst_i2s_master/bclk_reg/C
                            (rising edge-triggered cell FDRE clocked by clk_pl_0  {rise@0.000ns fall@5.000ns period=10.000ns})
  Destination:            pmod_i2s_bclk
                            (output port)
  Path Group:             (none)
  Path Type:              Max at Slow Process Corner
  Data Path Delay:        7.076ns  (logic 3.648ns (51.558%)  route 3.428ns (48.442%))
  Logic Levels:           2  (BUFGCE=1 OBUF=1)
  Clock Uncertainty:      0.127ns  ((TSJ^2 + DJ^2)^1/2) / 2 + PE
    Total System Jitter     (TSJ):    0.050ns
    Discrete Jitter          (DJ):    0.250ns
    Phase Error              (PE):    0.000ns
  Clock Net Delay (Source):      2.683ns (routing 1.229ns, distribution 1.454ns)

    Location             Delay type                Incr(ns)  Path(ns)    Netlist Resource(s)
  -------------------------------------------------------------------    -------------------
                         (clock clk_pl_0 rise edge)
                                                      0.000     0.000 r  
    PS8_X0Y0             PS8                          0.000     0.000 r  design_1_i/zynq_ultra_ps_e_0/inst/PS8_i/PLCLK[0]
                         net (fo=1, routed)           0.229     0.229    design_1_i/zynq_ultra_ps_e_0/inst/pl_clk_unbuffered[0]
    BUFG_PS_X0Y90        BUFG_PS (Prop_BUFG_PS_I_O)
                                                      0.038     0.267 r  design_1_i/zynq_ultra_ps_e_0/inst/buffer_pl_clk_0.PL_CLK_0_BUFG/O
    X0Y1 (CLOCK_ROOT)    net (fo=5771, routed)        2.683     2.950    design_1_i/audio_pipeline_0/inst/inst_i2s_master/clk
    SLICE_X23Y151        FDRE                                         r  design_1_i/audio_pipeline_0/inst/inst_i2s_master/bclk_reg/C
  -------------------------------------------------------------------    -------------------
    SLICE_X23Y151        FDRE (Prop_DFF2_SLICEL_C_Q)
                                                      0.115     3.065 r  design_1_i/audio_pipeline_0/inst/inst_i2s_master/bclk_reg/Q
                         net (fo=2, routed)           0.508     3.573    design_1_i/audio_pipeline_0/i2s_bclk__0
    BUFGCE_X0Y48         BUFGCE (Prop_BUFCE_BUFGCE_I_O)
                                                      0.044     3.617 r  design_1_i/audio_pipeline_0/i2s_bclk_BUFG_inst/O
                         net (fo=85, routed)          2.920     6.537    pmod_i2s_bclk_OBUF
    D11                  OBUF (Prop_OUTBUF_HDIOB_S_I_O)
                                                      3.489    10.026 r  pmod_i2s_bclk_OBUF_inst/O
                         net (fo=0)                   0.000    10.026    pmod_i2s_bclk
    D11                                                               r  pmod_i2s_bclk (OUT)
  -------------------------------------------------------------------    -------------------

Slack:                    inf
  Source:                 design_1_i/axi_gpio_0/inst/led_out_reg_reg[0]/C
                            (rising edge-triggered cell FDRE clocked by clk_pl_0  {rise@0.000ns fall@5.000ns period=10.000ns})
  Destination:            pmod_led_d1
                            (output port)
  Path Group:             (none)
  Path Type:              Max at Slow Process Corner
  Data Path Delay:        4.918ns  (logic 3.616ns (73.516%)  route 1.302ns (26.484%))
  Logic Levels:           1  (OBUF=1)
  Clock Uncertainty:      0.127ns  ((TSJ^2 + DJ^2)^1/2) / 2 + PE
    Total System Jitter     (TSJ):    0.050ns
    Discrete Jitter          (DJ):    0.250ns
    Phase Error              (PE):    0.000ns
  Clock Net Delay (Source):      2.611ns (routing 1.229ns, distribution 1.382ns)

    Location             Delay type                Incr(ns)  Path(ns)    Netlist Resource(s)
  -------------------------------------------------------------------    -------------------
                         (clock clk_pl_0 rise edge)
                                                      0.000     0.000 r  
    PS8_X0Y0             PS8                          0.000     0.000 r  design_1_i/zynq_ultra_ps_e_0/inst/PS8_i/PLCLK[0]
                         net (fo=1, routed)           0.229     0.229    design_1_i/zynq_ultra_ps_e_0/inst/pl_clk_unbuffered[0]
    BUFG_PS_X0Y90        BUFG_PS (Prop_BUFG_PS_I_O)
                                                      0.038     0.267 r  design_1_i/zynq_ultra_ps_e_0/inst/buffer_pl_clk_0.PL_CLK_0_BUFG/O
    X0Y1 (CLOCK_ROOT)    net (fo=5771, routed)        2.611     2.878    design_1_i/axi_gpio_0/inst/S_AXI_ACLK
    SLICE_X8Y107         FDRE                                         r  design_1_i/axi_gpio_0/inst/led_out_reg_reg[0]/C
  -------------------------------------------------------------------    -------------------
    SLICE_X8Y107         FDRE (Prop_HFF_SLICEM_C_Q)
                                                      0.114     2.992 r  design_1_i/axi_gpio_0/inst/led_out_reg_reg[0]/Q
                         net (fo=2, routed)           1.302     4.294    pmod_led_d1_OBUF
    C11                  OBUF (Prop_OUTBUF_HDIOB_M_I_O)
                                                      3.502     7.796 r  pmod_led_d1_OBUF_inst/O
                         net (fo=0)                   0.000     7.796    pmod_led_d1
    C11                                                               r  pmod_led_d1 (OUT)
  -------------------------------------------------------------------    -------------------





Min Delay Paths
--------------------------------------------------------------------------------------
Slack:                    inf
  Source:                 design_1_i/axi_gpio_0/inst/led_out_reg_reg[0]/C
                            (rising edge-triggered cell FDRE clocked by clk_pl_0  {rise@0.000ns fall@5.000ns period=10.000ns})
  Destination:            pmod_led_d1
                            (output port)
  Path Group:             (none)
  Path Type:              Min at Fast Process Corner
  Data Path Delay:        2.469ns  (logic 1.979ns (80.185%)  route 0.489ns (19.815%))
  Logic Levels:           1  (OBUF=1)
  Clock Uncertainty:      0.127ns  ((TSJ^2 + DJ^2)^1/2) / 2 + PE
    Total System Jitter     (TSJ):    0.050ns
    Discrete Jitter          (DJ):    0.250ns
    Phase Error              (PE):    0.000ns
  Clock Net Delay (Source):      1.411ns (routing 0.676ns, distribution 0.735ns)

    Location             Delay type                Incr(ns)  Path(ns)    Netlist Resource(s)
  -------------------------------------------------------------------    -------------------
                         (clock clk_pl_0 rise edge)
                                                      0.000     0.000 r  
    PS8_X0Y0             PS8                          0.000     0.000 r  design_1_i/zynq_ultra_ps_e_0/inst/PS8_i/PLCLK[0]
                         net (fo=1, routed)           0.129     0.129    design_1_i/zynq_ultra_ps_e_0/inst/pl_clk_unbuffered[0]
    BUFG_PS_X0Y90        BUFG_PS (Prop_BUFG_PS_I_O)
                                                      0.022     0.151 r  design_1_i/zynq_ultra_ps_e_0/inst/buffer_pl_clk_0.PL_CLK_0_BUFG/O
    X0Y1 (CLOCK_ROOT)    net (fo=5771, routed)        1.411     1.562    design_1_i/axi_gpio_0/inst/S_AXI_ACLK
    SLICE_X8Y107         FDRE                                         r  design_1_i/axi_gpio_0/inst/led_out_reg_reg[0]/C
  -------------------------------------------------------------------    -------------------
    SLICE_X8Y107         FDRE (Prop_HFF_SLICEM_C_Q)
                                                      0.083     1.645 r  design_1_i/axi_gpio_0/inst/led_out_reg_reg[0]/Q
                         net (fo=2, routed)           0.489     2.134    pmod_led_d1_OBUF
    C11                  OBUF (Prop_OUTBUF_HDIOB_M_I_O)
                                                      1.896     4.030 r  pmod_led_d1_OBUF_inst/O
                         net (fo=0)                   0.000     4.030    pmod_led_d1
    C11                                                               r  pmod_led_d1 (OUT)
  -------------------------------------------------------------------    -------------------

Slack:                    inf
  Source:                 design_1_i/audio_pipeline_0/inst/inst_i2s_master/bclk_reg/C
                            (rising edge-triggered cell FDRE clocked by clk_pl_0  {rise@0.000ns fall@5.000ns period=10.000ns})
  Destination:            pmod_i2s_bclk
                            (output port)
  Path Group:             (none)
  Path Type:              Min at Fast Process Corner
  Data Path Delay:        3.721ns  (logic 1.993ns (53.565%)  route 1.728ns (46.435%))
  Logic Levels:           2  (BUFGCE=1 OBUF=1)
  Clock Uncertainty:      0.127ns  ((TSJ^2 + DJ^2)^1/2) / 2 + PE
    Total System Jitter     (TSJ):    0.050ns
    Discrete Jitter          (DJ):    0.250ns
    Phase Error              (PE):    0.000ns
  Clock Net Delay (Source):      1.468ns (routing 0.676ns, distribution 0.792ns)

    Location             Delay type                Incr(ns)  Path(ns)    Netlist Resource(s)
  -------------------------------------------------------------------    -------------------
                         (clock clk_pl_0 rise edge)
                                                      0.000     0.000 r  
    PS8_X0Y0             PS8                          0.000     0.000 r  design_1_i/zynq_ultra_ps_e_0/inst/PS8_i/PLCLK[0]
                         net (fo=1, routed)           0.129     0.129    design_1_i/zynq_ultra_ps_e_0/inst/pl_clk_unbuffered[0]
    BUFG_PS_X0Y90        BUFG_PS (Prop_BUFG_PS_I_O)
                                                      0.022     0.151 r  design_1_i/zynq_ultra_ps_e_0/inst/buffer_pl_clk_0.PL_CLK_0_BUFG/O
    X0Y1 (CLOCK_ROOT)    net (fo=5771, routed)        1.468     1.619    design_1_i/audio_pipeline_0/inst/inst_i2s_master/clk
    SLICE_X23Y151        FDRE                                         r  design_1_i/audio_pipeline_0/inst/inst_i2s_master/bclk_reg/C
  -------------------------------------------------------------------    -------------------
    SLICE_X23Y151        FDRE (Prop_DFF2_SLICEL_C_Q)
                                                      0.086     1.705 r  design_1_i/audio_pipeline_0/inst/inst_i2s_master/bclk_reg/Q
                         net (fo=2, routed)           0.247     1.952    design_1_i/audio_pipeline_0/i2s_bclk__0
    BUFGCE_X0Y48         BUFGCE (Prop_BUFCE_BUFGCE_I_O)
                                                      0.023     1.975 r  design_1_i/audio_pipeline_0/i2s_bclk_BUFG_inst/O
                         net (fo=85, routed)          1.481     3.456    pmod_i2s_bclk_OBUF
    D11                  OBUF (Prop_OUTBUF_HDIOB_S_I_O)
                                                      1.884     5.340 r  pmod_i2s_bclk_OBUF_inst/O
                         net (fo=0)                   0.000     5.340    pmod_i2s_bclk
    D11                                                               r  pmod_i2s_bclk (OUT)
  -------------------------------------------------------------------    -------------------





--------------------------------------------------------------------------------------
Path Group:  (none)
From Clock:  
  To Clock:  clk_pl_0

Max Delay            40 Endpoints
Min Delay            40 Endpoints
--------------------------------------------------------------------------------------


Max Delay Paths
--------------------------------------------------------------------------------------
Slack:                    inf
  Source:                 pmod_btn_sw1
                            (input port)
  Destination:            design_1_i/axi_gpio_0/inst/button_in_sync_reg_reg[0]/D
                            (rising edge-triggered cell FDRE clocked by clk_pl_0  {rise@0.000ns fall@5.000ns period=10.000ns})
  Path Group:             (none)
  Path Type:              Setup (Max at Slow Process Corner)
  Data Path Delay:        2.518ns  (logic 1.253ns (49.769%)  route 1.265ns (50.231%))
  Logic Levels:           2  (IBUFCTRL=1 INBUF=1)
  Clock Path Skew:        2.556ns (DCD - SCD + CPR)
    Destination Clock Delay (DCD):    2.556ns
    Source Clock Delay      (SCD):    0.000ns
    Clock Pessimism Removal (CPR):    0.000ns
  Clock Uncertainty:      0.127ns  ((TSJ^2 + DJ^2)^1/2) / 2 + PE
    Total System Jitter     (TSJ):    0.050ns
    Discrete Jitter          (DJ):    0.250ns
    Phase Error              (PE):    0.000ns
  Clock Net Delay (Destination): 2.340ns (routing 1.122ns, distribution 1.218ns)

    Location             Delay type                Incr(ns)  Path(ns)    Netlist Resource(s)
  -------------------------------------------------------------------    -------------------
    B11                                               0.000     0.000 r  pmod_btn_sw1 (IN)
                         net (fo=0)                   0.000     0.000    pmod_btn_sw1_IBUF_inst/I
    B11                  INBUF (Prop_INBUF_HDIOB_M_PAD_O)
                                                      1.253     1.253 r  pmod_btn_sw1_IBUF_inst/INBUF_INST/O
                         net (fo=1, routed)           0.000     1.253    pmod_btn_sw1_IBUF_inst/OUT
    B11                  IBUFCTRL (Prop_IBUFCTRL_HDIOB_M_I_O)
                                                      0.000     1.253 r  pmod_btn_sw1_IBUF_inst/IBUFCTRL_INST/O
                         net (fo=1, routed)           1.265     2.518    design_1_i/axi_gpio_0/inst/BUTTON
    SLICE_X8Y111         FDRE                                         r  design_1_i/axi_gpio_0/inst/button_in_sync_reg_reg[0]/D
  -------------------------------------------------------------------    -------------------

                         (clock clk_pl_0 rise edge)
                                                      0.000     0.000 r  
    PS8_X0Y0             PS8                          0.000     0.000 r  design_1_i/zynq_ultra_ps_e_0/inst/PS8_i/PLCLK[0]
                         net (fo=1, routed)           0.181     0.181    design_1_i/zynq_ultra_ps_e_0/inst/pl_clk_unbuffered[0]
    BUFG_PS_X0Y90        BUFG_PS (Prop_BUFG_PS_I_O)
                                                      0.035     0.216 r  design_1_i/zynq_ultra_ps_e_0/inst/buffer_pl_clk_0.PL_CLK_0_BUFG/O
    X0Y1 (CLOCK_ROOT)    net (fo=5771, routed)        2.340     2.556    design_1_i/axi_gpio_0/inst/S_AXI_ACLK
    SLICE_X8Y111         FDRE                                         r  design_1_i/axi_gpio_0/inst/button_in_sync_reg_reg[0]/C

Slack:                    inf
  Source:                 design_1_i/audio_pipeline_0/inst/inst_i2s_master/lrcl_reg/C
                            (rising edge-triggered cell FDRE)
  Destination:            design_1_i/audio_pipeline_0/inst/inst_i2s_master/fifo_din_reg[10]/CE
                            (rising edge-triggered cell FDRE clocked by clk_pl_0  {rise@0.000ns fall@5.000ns period=10.000ns})
  Path Group:             (none)
  Path Type:              Setup (Max at Slow Process Corner)
  Data Path Delay:        1.169ns  (logic 0.301ns (25.744%)  route 0.868ns (74.256%))
  Logic Levels:           2  (FDRE=1 LUT4=1)
  Clock Uncertainty:      0.127ns  ((TSJ^2 + DJ^2)^1/2) / 2 + PE
    Total System Jitter     (TSJ):    0.050ns
    Discrete Jitter          (DJ):    0.250ns
    Phase Error              (PE):    0.000ns
  Clock Net Delay (Destination): 2.315ns (routing 1.122ns, distribution 1.193ns)

    Location             Delay type                Incr(ns)  Path(ns)    Netlist Resource(s)
  -------------------------------------------------------------------    -------------------
    SLICE_X13Y87         FDRE                         0.000     0.000 r  design_1_i/audio_pipeline_0/inst/inst_i2s_master/lrcl_reg/C
    SLICE_X13Y87         FDRE (Prop_DFF2_SLICEM_C_Q)
                                                      0.115     0.115 f  design_1_i/audio_pipeline_0/inst/inst_i2s_master/lrcl_reg/Q
                         net (fo=3, routed)           0.255     0.370    design_1_i/audio_pipeline_0/inst/inst_i2s_master/i2s_lrcl
    SLICE_X13Y79         LUT4 (Prop_C6LUT_SLICEM_I2_O)
                                                      0.186     0.556 r  design_1_i/audio_pipeline_0/inst/inst_i2s_master/fifo_din[17]_i_1/O
                         net (fo=19, routed)          0.613     1.169    design_1_i/audio_pipeline_0/inst/inst_i2s_master/fifo_din[17]_i_1_n_0
    SLICE_X9Y79          FDRE                                         r  design_1_i/audio_pipeline_0/inst/inst_i2s_master/fifo_din_reg[10]/CE
  -------------------------------------------------------------------    -------------------

                         (clock clk_pl_0 rise edge)
                                                      0.000     0.000 r  
    PS8_X0Y0             PS8                          0.000     0.000 r  design_1_i/zynq_ultra_ps_e_0/inst/PS8_i/PLCLK[0]
                         net (fo=1, routed)           0.181     0.181    design_1_i/zynq_ultra_ps_e_0/inst/pl_clk_unbuffered[0]
    BUFG_PS_X0Y90        BUFG_PS (Prop_BUFG_PS_I_O)
                                                      0.035     0.216 r  design_1_i/zynq_ultra_ps_e_0/inst/buffer_pl_clk_0.PL_CLK_0_BUFG/O
    X0Y1 (CLOCK_ROOT)    net (fo=5771, routed)        2.315     2.531    design_1_i/audio_pipeline_0/inst/inst_i2s_master/clk
    SLICE_X9Y79          FDRE                                         r  design_1_i/audio_pipeline_0/inst/inst_i2s_master/fifo_din_reg[10]/C

Slack:                    inf
  Source:                 design_1_i/audio_pipeline_0/inst/inst_i2s_master/lrcl_reg/C
                            (rising edge-triggered cell FDRE)
  Destination:            design_1_i/audio_pipeline_0/inst/inst_i2s_master/fifo_din_reg[11]/CE
                            (rising edge-triggered cell FDRE clocked by clk_pl_0  {rise@0.000ns fall@5.000ns period=10.000ns})
  Path Group:             (none)
  Path Type:              Setup (Max at Slow Process Corner)
  Data Path Delay:        1.169ns  (logic 0.301ns (25.744%)  route 0.868ns (74.256%))
  Logic Levels:           2  (FDRE=1 LUT4=1)
  Clock Uncertainty:      0.127ns  ((TSJ^2 + DJ^2)^1/2) / 2 + PE
    Total System Jitter     (TSJ):    0.050ns
    Discrete Jitter          (DJ):    0.250ns
    Phase Error              (PE):    0.000ns
  Clock Net Delay (Destination): 2.315ns (routing 1.122ns, distribution 1.193ns)

    Location             Delay type                Incr(ns)  Path(ns)    Netlist Resource(s)
  -------------------------------------------------------------------    -------------------
    SLICE_X13Y87         FDRE                         0.000     0.000 r  design_1_i/audio_pipeline_0/inst/inst_i2s_master/lrcl_reg/C
    SLICE_X13Y87         FDRE (Prop_DFF2_SLICEM_C_Q)
                                                      0.115     0.115 f  design_1_i/audio_pipeline_0/inst/inst_i2s_master/lrcl_reg/Q
                         net (fo=3, routed)           0.255     0.370    design_1_i/audio_pipeline_0/inst/inst_i2s_master/i2s_lrcl
    SLICE_X13Y79         LUT4 (Prop_C6LUT_SLICEM_I2_O)
                                                      0.186     0.556 r  design_1_i/audio_pipeline_0/inst/inst_i2s_master/fifo_din[17]_i_1/O
                         net (fo=19, routed)          0.613     1.169    design_1_i/audio_pipeline_0/inst/inst_i2s_master/fifo_din[17]_i_1_n_0
    SLICE_X9Y79          FDRE                                         r  design_1_i/audio_pipeline_0/inst/inst_i2s_master/fifo_din_reg[11]/CE
  -------------------------------------------------------------------    -------------------

                         (clock clk_pl_0 rise edge)
                                                      0.000     0.000 r  
    PS8_X0Y0             PS8                          0.000     0.000 r  design_1_i/zynq_ultra_ps_e_0/inst/PS8_i/PLCLK[0]
                         net (fo=1, routed)           0.181     0.181    design_1_i/zynq_ultra_ps_e_0/inst/pl_clk_unbuffered[0]
    BUFG_PS_X0Y90        BUFG_PS (Prop_BUFG_PS_I_O)
                                                      0.035     0.216 r  design_1_i/zynq_ultra_ps_e_0/inst/buffer_pl_clk_0.PL_CLK_0_BUFG/O
    X0Y1 (CLOCK_ROOT)    net (fo=5771, routed)        2.315     2.531    design_1_i/audio_pipeline_0/inst/inst_i2s_master/clk
    SLICE_X9Y79          FDRE                                         r  design_1_i/audio_pipeline_0/inst/inst_i2s_master/fifo_din_reg[11]/C

Slack:                    inf
  Source:                 design_1_i/audio_pipeline_0/inst/inst_i2s_master/lrcl_reg/C
                            (rising edge-triggered cell FDRE)
  Destination:            design_1_i/audio_pipeline_0/inst/inst_i2s_master/fifo_din_reg[12]/CE
                            (rising edge-triggered cell FDRE clocked by clk_pl_0  {rise@0.000ns fall@5.000ns period=10.000ns})
  Path Group:             (none)
  Path Type:              Setup (Max at Slow Process Corner)
  Data Path Delay:        1.169ns  (logic 0.301ns (25.744%)  route 0.868ns (74.256%))
  Logic Levels:           2  (FDRE=1 LUT4=1)
  Clock Uncertainty:      0.127ns  ((TSJ^2 + DJ^2)^1/2) / 2 + PE
    Total System Jitter     (TSJ):    0.050ns
    Discrete Jitter          (DJ):    0.250ns
    Phase Error              (PE):    0.000ns
  Clock Net Delay (Destination): 2.315ns (routing 1.122ns, distribution 1.193ns)

    Location             Delay type                Incr(ns)  Path(ns)    Netlist Resource(s)
  -------------------------------------------------------------------    -------------------
    SLICE_X13Y87         FDRE                         0.000     0.000 r  design_1_i/audio_pipeline_0/inst/inst_i2s_master/lrcl_reg/C
    SLICE_X13Y87         FDRE (Prop_DFF2_SLICEM_C_Q)
                                                      0.115     0.115 f  design_1_i/audio_pipeline_0/inst/inst_i2s_master/lrcl_reg/Q
                         net (fo=3, routed)           0.255     0.370    design_1_i/audio_pipeline_0/inst/inst_i2s_master/i2s_lrcl
    SLICE_X13Y79         LUT4 (Prop_C6LUT_SLICEM_I2_O)
                                                      0.186     0.556 r  design_1_i/audio_pipeline_0/inst/inst_i2s_master/fifo_din[17]_i_1/O
                         net (fo=19, routed)          0.613     1.169    design_1_i/audio_pipeline_0/inst/inst_i2s_master/fifo_din[17]_i_1_n_0
    SLICE_X9Y79          FDRE                                         r  design_1_i/audio_pipeline_0/inst/inst_i2s_master/fifo_din_reg[12]/CE
  -------------------------------------------------------------------    -------------------

                         (clock clk_pl_0 rise edge)
                                                      0.000     0.000 r  
    PS8_X0Y0             PS8                          0.000     0.000 r  design_1_i/zynq_ultra_ps_e_0/inst/PS8_i/PLCLK[0]
                         net (fo=1, routed)           0.181     0.181    design_1_i/zynq_ultra_ps_e_0/inst/pl_clk_unbuffered[0]
    BUFG_PS_X0Y90        BUFG_PS (Prop_BUFG_PS_I_O)
                                                      0.035     0.216 r  design_1_i/zynq_ultra_ps_e_0/inst/buffer_pl_clk_0.PL_CLK_0_BUFG/O
    X0Y1 (CLOCK_ROOT)    net (fo=5771, routed)        2.315     2.531    design_1_i/audio_pipeline_0/inst/inst_i2s_master/clk
    SLICE_X9Y79          FDRE                                         r  design_1_i/audio_pipeline_0/inst/inst_i2s_master/fifo_din_reg[12]/C

Slack:                    inf
  Source:                 design_1_i/audio_pipeline_0/inst/inst_i2s_master/lrcl_reg/C
                            (rising edge-triggered cell FDRE)
  Destination:            design_1_i/audio_pipeline_0/inst/inst_i2s_master/fifo_din_reg[13]/CE
                            (rising edge-triggered cell FDRE clocked by clk_pl_0  {rise@0.000ns fall@5.000ns period=10.000ns})
  Path Group:             (none)
  Path Type:              Setup (Max at Slow Process Corner)
  Data Path Delay:        1.169ns  (logic 0.301ns (25.744%)  route 0.868ns (74.256%))
  Logic Levels:           2  (FDRE=1 LUT4=1)
  Clock Uncertainty:      0.127ns  ((TSJ^2 + DJ^2)^1/2) / 2 + PE
    Total System Jitter     (TSJ):    0.050ns
    Discrete Jitter          (DJ):    0.250ns
    Phase Error              (PE):    0.000ns
  Clock Net Delay (Destination): 2.315ns (routing 1.122ns, distribution 1.193ns)

    Location             Delay type                Incr(ns)  Path(ns)    Netlist Resource(s)
  -------------------------------------------------------------------    -------------------
    SLICE_X13Y87         FDRE                         0.000     0.000 r  design_1_i/audio_pipeline_0/inst/inst_i2s_master/lrcl_reg/C
    SLICE_X13Y87         FDRE (Prop_DFF2_SLICEM_C_Q)
                                                      0.115     0.115 f  design_1_i/audio_pipeline_0/inst/inst_i2s_master/lrcl_reg/Q
                         net (fo=3, routed)           0.255     0.370    design_1_i/audio_pipeline_0/inst/inst_i2s_master/i2s_lrcl
    SLICE_X13Y79         LUT4 (Prop_C6LUT_SLICEM_I2_O)
                                                      0.186     0.556 r  design_1_i/audio_pipeline_0/inst/inst_i2s_master/fifo_din[17]_i_1/O
                         net (fo=19, routed)          0.613     1.169    design_1_i/audio_pipeline_0/inst/inst_i2s_master/fifo_din[17]_i_1_n_0
    SLICE_X9Y79          FDRE                                         r  design_1_i/audio_pipeline_0/inst/inst_i2s_master/fifo_din_reg[13]/CE
  -------------------------------------------------------------------    -------------------

                         (clock clk_pl_0 rise edge)
                                                      0.000     0.000 r  
    PS8_X0Y0             PS8                          0.000     0.000 r  design_1_i/zynq_ultra_ps_e_0/inst/PS8_i/PLCLK[0]
                         net (fo=1, routed)           0.181     0.181    design_1_i/zynq_ultra_ps_e_0/inst/pl_clk_unbuffered[0]
    BUFG_PS_X0Y90        BUFG_PS (Prop_BUFG_PS_I_O)
                                                      0.035     0.216 r  design_1_i/zynq_ultra_ps_e_0/inst/buffer_pl_clk_0.PL_CLK_0_BUFG/O
    X0Y1 (CLOCK_ROOT)    net (fo=5771, routed)        2.315     2.531    design_1_i/audio_pipeline_0/inst/inst_i2s_master/clk
    SLICE_X9Y79          FDRE                                         r  design_1_i/audio_pipeline_0/inst/inst_i2s_master/fifo_din_reg[13]/C

Slack:                    inf
  Source:                 design_1_i/audio_pipeline_0/inst/inst_i2s_master/lrcl_reg/C
                            (rising edge-triggered cell FDRE)
  Destination:            design_1_i/audio_pipeline_0/inst/inst_i2s_master/fifo_din_reg[7]/CE
                            (rising edge-triggered cell FDRE clocked by clk_pl_0  {rise@0.000ns fall@5.000ns period=10.000ns})
  Path Group:             (none)
  Path Type:              Setup (Max at Slow Process Corner)
  Data Path Delay:        1.169ns  (logic 0.301ns (25.744%)  route 0.868ns (74.256%))
  Logic Levels:           2  (FDRE=1 LUT4=1)
  Clock Uncertainty:      0.127ns  ((TSJ^2 + DJ^2)^1/2) / 2 + PE
    Total System Jitter     (TSJ):    0.050ns
    Discrete Jitter          (DJ):    0.250ns
    Phase Error              (PE):    0.000ns
  Clock Net Delay (Destination): 2.315ns (routing 1.122ns, distribution 1.193ns)

    Location             Delay type                Incr(ns)  Path(ns)    Netlist Resource(s)
  -------------------------------------------------------------------    -------------------
    SLICE_X13Y87         FDRE                         0.000     0.000 r  design_1_i/audio_pipeline_0/inst/inst_i2s_master/lrcl_reg/C
    SLICE_X13Y87         FDRE (Prop_DFF2_SLICEM_C_Q)
                                                      0.115     0.115 f  design_1_i/audio_pipeline_0/inst/inst_i2s_master/lrcl_reg/Q
                         net (fo=3, routed)           0.255     0.370    design_1_i/audio_pipeline_0/inst/inst_i2s_master/i2s_lrcl
    SLICE_X13Y79         LUT4 (Prop_C6LUT_SLICEM_I2_O)
                                                      0.186     0.556 r  design_1_i/audio_pipeline_0/inst/inst_i2s_master/fifo_din[17]_i_1/O
                         net (fo=19, routed)          0.613     1.169    design_1_i/audio_pipeline_0/inst/inst_i2s_master/fifo_din[17]_i_1_n_0
    SLICE_X9Y79          FDRE                                         r  design_1_i/audio_pipeline_0/inst/inst_i2s_master/fifo_din_reg[7]/CE
  -------------------------------------------------------------------    -------------------

                         (clock clk_pl_0 rise edge)
                                                      0.000     0.000 r  
    PS8_X0Y0             PS8                          0.000     0.000 r  design_1_i/zynq_ultra_ps_e_0/inst/PS8_i/PLCLK[0]
                         net (fo=1, routed)           0.181     0.181    design_1_i/zynq_ultra_ps_e_0/inst/pl_clk_unbuffered[0]
    BUFG_PS_X0Y90        BUFG_PS (Prop_BUFG_PS_I_O)
                                                      0.035     0.216 r  design_1_i/zynq_ultra_ps_e_0/inst/buffer_pl_clk_0.PL_CLK_0_BUFG/O
    X0Y1 (CLOCK_ROOT)    net (fo=5771, routed)        2.315     2.531    design_1_i/audio_pipeline_0/inst/inst_i2s_master/clk
    SLICE_X9Y79          FDRE                                         r  design_1_i/audio_pipeline_0/inst/inst_i2s_master/fifo_din_reg[7]/C

Slack:                    inf
  Source:                 design_1_i/audio_pipeline_0/inst/inst_i2s_master/lrcl_reg/C
                            (rising edge-triggered cell FDRE)
  Destination:            design_1_i/audio_pipeline_0/inst/inst_i2s_master/fifo_din_reg[8]/CE
                            (rising edge-triggered cell FDRE clocked by clk_pl_0  {rise@0.000ns fall@5.000ns period=10.000ns})
  Path Group:             (none)
  Path Type:              Setup (Max at Slow Process Corner)
  Data Path Delay:        1.169ns  (logic 0.301ns (25.744%)  route 0.868ns (74.256%))
  Logic Levels:           2  (FDRE=1 LUT4=1)
  Clock Uncertainty:      0.127ns  ((TSJ^2 + DJ^2)^1/2) / 2 + PE
    Total System Jitter     (TSJ):    0.050ns
    Discrete Jitter          (DJ):    0.250ns
    Phase Error              (PE):    0.000ns
  Clock Net Delay (Destination): 2.315ns (routing 1.122ns, distribution 1.193ns)

    Location             Delay type                Incr(ns)  Path(ns)    Netlist Resource(s)
  -------------------------------------------------------------------    -------------------
    SLICE_X13Y87         FDRE                         0.000     0.000 r  design_1_i/audio_pipeline_0/inst/inst_i2s_master/lrcl_reg/C
    SLICE_X13Y87         FDRE (Prop_DFF2_SLICEM_C_Q)
                                                      0.115     0.115 f  design_1_i/audio_pipeline_0/inst/inst_i2s_master/lrcl_reg/Q
                         net (fo=3, routed)           0.255     0.370    design_1_i/audio_pipeline_0/inst/inst_i2s_master/i2s_lrcl
    SLICE_X13Y79         LUT4 (Prop_C6LUT_SLICEM_I2_O)
                                                      0.186     0.556 r  design_1_i/audio_pipeline_0/inst/inst_i2s_master/fifo_din[17]_i_1/O
                         net (fo=19, routed)          0.613     1.169    design_1_i/audio_pipeline_0/inst/inst_i2s_master/fifo_din[17]_i_1_n_0
    SLICE_X9Y79          FDRE                                         r  design_1_i/audio_pipeline_0/inst/inst_i2s_master/fifo_din_reg[8]/CE
  -------------------------------------------------------------------    -------------------

                         (clock clk_pl_0 rise edge)
                                                      0.000     0.000 r  
    PS8_X0Y0             PS8                          0.000     0.000 r  design_1_i/zynq_ultra_ps_e_0/inst/PS8_i/PLCLK[0]
                         net (fo=1, routed)           0.181     0.181    design_1_i/zynq_ultra_ps_e_0/inst/pl_clk_unbuffered[0]
    BUFG_PS_X0Y90        BUFG_PS (Prop_BUFG_PS_I_O)
                                                      0.035     0.216 r  design_1_i/zynq_ultra_ps_e_0/inst/buffer_pl_clk_0.PL_CLK_0_BUFG/O
    X0Y1 (CLOCK_ROOT)    net (fo=5771, routed)        2.315     2.531    design_1_i/audio_pipeline_0/inst/inst_i2s_master/clk
    SLICE_X9Y79          FDRE                                         r  design_1_i/audio_pipeline_0/inst/inst_i2s_master/fifo_din_reg[8]/C

Slack:                    inf
  Source:                 design_1_i/audio_pipeline_0/inst/inst_i2s_master/lrcl_reg/C
                            (rising edge-triggered cell FDRE)
  Destination:            design_1_i/audio_pipeline_0/inst/inst_i2s_master/fifo_din_reg[9]/CE
                            (rising edge-triggered cell FDRE clocked by clk_pl_0  {rise@0.000ns fall@5.000ns period=10.000ns})
  Path Group:             (none)
  Path Type:              Setup (Max at Slow Process Corner)
  Data Path Delay:        1.169ns  (logic 0.301ns (25.744%)  route 0.868ns (74.256%))
  Logic Levels:           2  (FDRE=1 LUT4=1)
  Clock Uncertainty:      0.127ns  ((TSJ^2 + DJ^2)^1/2) / 2 + PE
    Total System Jitter     (TSJ):    0.050ns
    Discrete Jitter          (DJ):    0.250ns
    Phase Error              (PE):    0.000ns
  Clock Net Delay (Destination): 2.315ns (routing 1.122ns, distribution 1.193ns)

    Location             Delay type                Incr(ns)  Path(ns)    Netlist Resource(s)
  -------------------------------------------------------------------    -------------------
    SLICE_X13Y87         FDRE                         0.000     0.000 r  design_1_i/audio_pipeline_0/inst/inst_i2s_master/lrcl_reg/C
    SLICE_X13Y87         FDRE (Prop_DFF2_SLICEM_C_Q)
                                                      0.115     0.115 f  design_1_i/audio_pipeline_0/inst/inst_i2s_master/lrcl_reg/Q
                         net (fo=3, routed)           0.255     0.370    design_1_i/audio_pipeline_0/inst/inst_i2s_master/i2s_lrcl
    SLICE_X13Y79         LUT4 (Prop_C6LUT_SLICEM_I2_O)
                                                      0.186     0.556 r  design_1_i/audio_pipeline_0/inst/inst_i2s_master/fifo_din[17]_i_1/O
                         net (fo=19, routed)          0.613     1.169    design_1_i/audio_pipeline_0/inst/inst_i2s_master/fifo_din[17]_i_1_n_0
    SLICE_X9Y79          FDRE                                         r  design_1_i/audio_pipeline_0/inst/inst_i2s_master/fifo_din_reg[9]/CE
  -------------------------------------------------------------------    -------------------

                         (clock clk_pl_0 rise edge)
                                                      0.000     0.000 r  
    PS8_X0Y0             PS8                          0.000     0.000 r  design_1_i/zynq_ultra_ps_e_0/inst/PS8_i/PLCLK[0]
                         net (fo=1, routed)           0.181     0.181    design_1_i/zynq_ultra_ps_e_0/inst/pl_clk_unbuffered[0]
    BUFG_PS_X0Y90        BUFG_PS (Prop_BUFG_PS_I_O)
                                                      0.035     0.216 r  design_1_i/zynq_ultra_ps_e_0/inst/buffer_pl_clk_0.PL_CLK_0_BUFG/O
    X0Y1 (CLOCK_ROOT)    net (fo=5771, routed)        2.315     2.531    design_1_i/audio_pipeline_0/inst/inst_i2s_master/clk
    SLICE_X9Y79          FDRE                                         r  design_1_i/audio_pipeline_0/inst/inst_i2s_master/fifo_din_reg[9]/C

Slack:                    inf
  Source:                 design_1_i/audio_pipeline_0/inst/inst_i2s_master/lrcl_reg/C
                            (rising edge-triggered cell FDRE)
  Destination:            design_1_i/audio_pipeline_0/inst/inst_i2s_master/fifo_din_reg[1]/CE
                            (rising edge-triggered cell FDRE clocked by clk_pl_0  {rise@0.000ns fall@5.000ns period=10.000ns})
  Path Group:             (none)
  Path Type:              Setup (Max at Slow Process Corner)
  Data Path Delay:        1.161ns  (logic 0.301ns (25.932%)  route 0.860ns (74.068%))
  Logic Levels:           2  (FDRE=1 LUT4=1)
  Clock Uncertainty:      0.127ns  ((TSJ^2 + DJ^2)^1/2) / 2 + PE
    Total System Jitter     (TSJ):    0.050ns
    Discrete Jitter          (DJ):    0.250ns
    Phase Error              (PE):    0.000ns
  Clock Net Delay (Destination): 2.307ns (routing 1.122ns, distribution 1.185ns)

    Location             Delay type                Incr(ns)  Path(ns)    Netlist Resource(s)
  -------------------------------------------------------------------    -------------------
    SLICE_X13Y87         FDRE                         0.000     0.000 r  design_1_i/audio_pipeline_0/inst/inst_i2s_master/lrcl_reg/C
    SLICE_X13Y87         FDRE (Prop_DFF2_SLICEM_C_Q)
                                                      0.115     0.115 f  design_1_i/audio_pipeline_0/inst/inst_i2s_master/lrcl_reg/Q
                         net (fo=3, routed)           0.255     0.370    design_1_i/audio_pipeline_0/inst/inst_i2s_master/i2s_lrcl
    SLICE_X13Y79         LUT4 (Prop_C6LUT_SLICEM_I2_O)
                                                      0.186     0.556 r  design_1_i/audio_pipeline_0/inst/inst_i2s_master/fifo_din[17]_i_1/O
                         net (fo=19, routed)          0.605     1.161    design_1_i/audio_pipeline_0/inst/inst_i2s_master/fifo_din[17]_i_1_n_0
    SLICE_X12Y78         FDRE                                         r  design_1_i/audio_pipeline_0/inst/inst_i2s_master/fifo_din_reg[1]/CE
  -------------------------------------------------------------------    -------------------

                         (clock clk_pl_0 rise edge)
                                                      0.000     0.000 r  
    PS8_X0Y0             PS8                          0.000     0.000 r  design_1_i/zynq_ultra_ps_e_0/inst/PS8_i/PLCLK[0]
                         net (fo=1, routed)           0.181     0.181    design_1_i/zynq_ultra_ps_e_0/inst/pl_clk_unbuffered[0]
    BUFG_PS_X0Y90        BUFG_PS (Prop_BUFG_PS_I_O)
                                                      0.035     0.216 r  design_1_i/zynq_ultra_ps_e_0/inst/buffer_pl_clk_0.PL_CLK_0_BUFG/O
    X0Y1 (CLOCK_ROOT)    net (fo=5771, routed)        2.307     2.523    design_1_i/audio_pipeline_0/inst/inst_i2s_master/clk
    SLICE_X12Y78         FDRE                                         r  design_1_i/audio_pipeline_0/inst/inst_i2s_master/fifo_din_reg[1]/C

Slack:                    inf
  Source:                 design_1_i/audio_pipeline_0/inst/inst_i2s_master/lrcl_reg/C
                            (rising edge-triggered cell FDRE)
  Destination:            design_1_i/audio_pipeline_0/inst/inst_i2s_master/fifo_din_reg[3]/CE
                            (rising edge-triggered cell FDRE clocked by clk_pl_0  {rise@0.000ns fall@5.000ns period=10.000ns})
  Path Group:             (none)
  Path Type:              Setup (Max at Slow Process Corner)
  Data Path Delay:        1.161ns  (logic 0.301ns (25.932%)  route 0.860ns (74.068%))
  Logic Levels:           2  (FDRE=1 LUT4=1)
  Clock Uncertainty:      0.127ns  ((TSJ^2 + DJ^2)^1/2) / 2 + PE
    Total System Jitter     (TSJ):    0.050ns
    Discrete Jitter          (DJ):    0.250ns
    Phase Error              (PE):    0.000ns
  Clock Net Delay (Destination): 2.307ns (routing 1.122ns, distribution 1.185ns)

    Location             Delay type                Incr(ns)  Path(ns)    Netlist Resource(s)
  -------------------------------------------------------------------    -------------------
    SLICE_X13Y87         FDRE                         0.000     0.000 r  design_1_i/audio_pipeline_0/inst/inst_i2s_master/lrcl_reg/C
    SLICE_X13Y87         FDRE (Prop_DFF2_SLICEM_C_Q)
                                                      0.115     0.115 f  design_1_i/audio_pipeline_0/inst/inst_i2s_master/lrcl_reg/Q
                         net (fo=3, routed)           0.255     0.370    design_1_i/audio_pipeline_0/inst/inst_i2s_master/i2s_lrcl
    SLICE_X13Y79         LUT4 (Prop_C6LUT_SLICEM_I2_O)
                                                      0.186     0.556 r  design_1_i/audio_pipeline_0/inst/inst_i2s_master/fifo_din[17]_i_1/O
                         net (fo=19, routed)          0.605     1.161    design_1_i/audio_pipeline_0/inst/inst_i2s_master/fifo_din[17]_i_1_n_0
    SLICE_X12Y78         FDRE                                         r  design_1_i/audio_pipeline_0/inst/inst_i2s_master/fifo_din_reg[3]/CE
  -------------------------------------------------------------------    -------------------

                         (clock clk_pl_0 rise edge)
                                                      0.000     0.000 r  
    PS8_X0Y0             PS8                          0.000     0.000 r  design_1_i/zynq_ultra_ps_e_0/inst/PS8_i/PLCLK[0]
                         net (fo=1, routed)           0.181     0.181    design_1_i/zynq_ultra_ps_e_0/inst/pl_clk_unbuffered[0]
    BUFG_PS_X0Y90        BUFG_PS (Prop_BUFG_PS_I_O)
                                                      0.035     0.216 r  design_1_i/zynq_ultra_ps_e_0/inst/buffer_pl_clk_0.PL_CLK_0_BUFG/O
    X0Y1 (CLOCK_ROOT)    net (fo=5771, routed)        2.307     2.523    design_1_i/audio_pipeline_0/inst/inst_i2s_master/clk
    SLICE_X12Y78         FDRE                                         r  design_1_i/audio_pipeline_0/inst/inst_i2s_master/fifo_din_reg[3]/C





Min Delay Paths
--------------------------------------------------------------------------------------
Slack:                    inf
  Source:                 design_1_i/audio_pipeline_0/inst/inst_i2s_master/data_source_reg[28]/C
                            (rising edge-triggered cell FDRE)
  Destination:            design_1_i/audio_pipeline_0/inst/inst_i2s_master/fifo_din_reg[14]/D
                            (rising edge-triggered cell FDRE clocked by clk_pl_0  {rise@0.000ns fall@5.000ns period=10.000ns})
  Path Group:             (none)
  Path Type:              Hold (Min at Fast Process Corner)
  Data Path Delay:        0.155ns  (logic 0.084ns (54.321%)  route 0.071ns (45.679%))
  Logic Levels:           1  (FDRE=1)
  Clock Uncertainty:      0.127ns  ((TSJ^2 + DJ^2)^1/2) / 2 + PE
    Total System Jitter     (TSJ):    0.050ns
    Discrete Jitter          (DJ):    0.250ns
    Phase Error              (PE):    0.000ns
  Clock Net Delay (Destination): 1.519ns (routing 0.739ns, distribution 0.780ns)

    Location             Delay type                Incr(ns)  Path(ns)    Netlist Resource(s)
  -------------------------------------------------------------------    -------------------
    SLICE_X11Y79         FDRE                         0.000     0.000 r  design_1_i/audio_pipeline_0/inst/inst_i2s_master/data_source_reg[28]/C
    SLICE_X11Y79         FDRE (Prop_EFF_SLICEL_C_Q)
                                                      0.084     0.084 r  design_1_i/audio_pipeline_0/inst/inst_i2s_master/data_source_reg[28]/Q
                         net (fo=2, routed)           0.071     0.155    design_1_i/audio_pipeline_0/inst/inst_i2s_master/p_0_in[14]
    SLICE_X11Y79         FDRE                                         r  design_1_i/audio_pipeline_0/inst/inst_i2s_master/fifo_din_reg[14]/D
  -------------------------------------------------------------------    -------------------

                         (clock clk_pl_0 rise edge)
                                                      0.000     0.000 r  
    PS8_X0Y0             PS8                          0.000     0.000 r  design_1_i/zynq_ultra_ps_e_0/inst/PS8_i/PLCLK[0]
                         net (fo=1, routed)           0.164     0.164    design_1_i/zynq_ultra_ps_e_0/inst/pl_clk_unbuffered[0]
    BUFG_PS_X0Y90        BUFG_PS (Prop_BUFG_PS_I_O)
                                                      0.023     0.187 r  design_1_i/zynq_ultra_ps_e_0/inst/buffer_pl_clk_0.PL_CLK_0_BUFG/O
    X0Y1 (CLOCK_ROOT)    net (fo=5771, routed)        1.519     1.706    design_1_i/audio_pipeline_0/inst/inst_i2s_master/clk
    SLICE_X11Y79         FDRE                                         r  design_1_i/audio_pipeline_0/inst/inst_i2s_master/fifo_din_reg[14]/C

Slack:                    inf
  Source:                 design_1_i/audio_pipeline_0/inst/inst_i2s_master/data_source_reg[21]/C
                            (rising edge-triggered cell FDRE)
  Destination:            design_1_i/audio_pipeline_0/inst/inst_i2s_master/fifo_din_reg[7]/D
                            (rising edge-triggered cell FDRE clocked by clk_pl_0  {rise@0.000ns fall@5.000ns period=10.000ns})
  Path Group:             (none)
  Path Type:              Hold (Min at Fast Process Corner)
  Data Path Delay:        0.157ns  (logic 0.084ns (53.628%)  route 0.073ns (46.372%))
  Logic Levels:           1  (FDRE=1)
  Clock Uncertainty:      0.127ns  ((TSJ^2 + DJ^2)^1/2) / 2 + PE
    Total System Jitter     (TSJ):    0.050ns
    Discrete Jitter          (DJ):    0.250ns
    Phase Error              (PE):    0.000ns
  Clock Net Delay (Destination): 1.527ns (routing 0.739ns, distribution 0.788ns)

    Location             Delay type                Incr(ns)  Path(ns)    Netlist Resource(s)
  -------------------------------------------------------------------    -------------------
    SLICE_X9Y79          FDRE                         0.000     0.000 r  design_1_i/audio_pipeline_0/inst/inst_i2s_master/data_source_reg[21]/C
    SLICE_X9Y79          FDRE (Prop_EFF_SLICEL_C_Q)
                                                      0.084     0.084 r  design_1_i/audio_pipeline_0/inst/inst_i2s_master/data_source_reg[21]/Q
                         net (fo=2, routed)           0.073     0.157    design_1_i/audio_pipeline_0/inst/inst_i2s_master/p_0_in[7]
    SLICE_X9Y79          FDRE                                         r  design_1_i/audio_pipeline_0/inst/inst_i2s_master/fifo_din_reg[7]/D
  -------------------------------------------------------------------    -------------------

                         (clock clk_pl_0 rise edge)
                                                      0.000     0.000 r  
    PS8_X0Y0             PS8                          0.000     0.000 r  design_1_i/zynq_ultra_ps_e_0/inst/PS8_i/PLCLK[0]
                         net (fo=1, routed)           0.164     0.164    design_1_i/zynq_ultra_ps_e_0/inst/pl_clk_unbuffered[0]
    BUFG_PS_X0Y90        BUFG_PS (Prop_BUFG_PS_I_O)
                                                      0.023     0.187 r  design_1_i/zynq_ultra_ps_e_0/inst/buffer_pl_clk_0.PL_CLK_0_BUFG/O
    X0Y1 (CLOCK_ROOT)    net (fo=5771, routed)        1.527     1.714    design_1_i/audio_pipeline_0/inst/inst_i2s_master/clk
    SLICE_X9Y79          FDRE                                         r  design_1_i/audio_pipeline_0/inst/inst_i2s_master/fifo_din_reg[7]/C

Slack:                    inf
  Source:                 design_1_i/audio_pipeline_0/inst/inst_i2s_master/data_source_reg[14]/C
                            (rising edge-triggered cell FDRE)
  Destination:            design_1_i/audio_pipeline_0/inst/inst_i2s_master/fifo_din_reg[0]/D
                            (rising edge-triggered cell FDRE clocked by clk_pl_0  {rise@0.000ns fall@5.000ns period=10.000ns})
  Path Group:             (none)
  Path Type:              Hold (Min at Fast Process Corner)
  Data Path Delay:        0.164ns  (logic 0.082ns (50.000%)  route 0.082ns (50.000%))
  Logic Levels:           1  (FDRE=1)
  Clock Uncertainty:      0.127ns  ((TSJ^2 + DJ^2)^1/2) / 2 + PE
    Total System Jitter     (TSJ):    0.050ns
    Discrete Jitter          (DJ):    0.250ns
    Phase Error              (PE):    0.000ns
  Clock Net Delay (Destination): 1.525ns (routing 0.739ns, distribution 0.786ns)

    Location             Delay type                Incr(ns)  Path(ns)    Netlist Resource(s)
  -------------------------------------------------------------------    -------------------
    SLICE_X12Y78         FDRE                         0.000     0.000 r  design_1_i/audio_pipeline_0/inst/inst_i2s_master/data_source_reg[14]/C
    SLICE_X12Y78         FDRE (Prop_EFF_SLICEM_C_Q)
                                                      0.082     0.082 r  design_1_i/audio_pipeline_0/inst/inst_i2s_master/data_source_reg[14]/Q
                         net (fo=1, routed)           0.082     0.164    design_1_i/audio_pipeline_0/inst/inst_i2s_master/p_0_in[0]
    SLICE_X12Y78         FDRE                                         r  design_1_i/audio_pipeline_0/inst/inst_i2s_master/fifo_din_reg[0]/D
  -------------------------------------------------------------------    -------------------

                         (clock clk_pl_0 rise edge)
                                                      0.000     0.000 r  
    PS8_X0Y0             PS8                          0.000     0.000 r  design_1_i/zynq_ultra_ps_e_0/inst/PS8_i/PLCLK[0]
                         net (fo=1, routed)           0.164     0.164    design_1_i/zynq_ultra_ps_e_0/inst/pl_clk_unbuffered[0]
    BUFG_PS_X0Y90        BUFG_PS (Prop_BUFG_PS_I_O)
                                                      0.023     0.187 r  design_1_i/zynq_ultra_ps_e_0/inst/buffer_pl_clk_0.PL_CLK_0_BUFG/O
    X0Y1 (CLOCK_ROOT)    net (fo=5771, routed)        1.525     1.712    design_1_i/audio_pipeline_0/inst/inst_i2s_master/clk
    SLICE_X12Y78         FDRE                                         r  design_1_i/audio_pipeline_0/inst/inst_i2s_master/fifo_din_reg[0]/C

Slack:                    inf
  Source:                 design_1_i/audio_pipeline_0/inst/inst_i2s_master/data_source_reg[29]/C
                            (rising edge-triggered cell FDRE)
  Destination:            design_1_i/audio_pipeline_0/inst/inst_i2s_master/fifo_din_reg[15]/D
                            (rising edge-triggered cell FDRE clocked by clk_pl_0  {rise@0.000ns fall@5.000ns period=10.000ns})
  Path Group:             (none)
  Path Type:              Hold (Min at Fast Process Corner)
  Data Path Delay:        0.164ns  (logic 0.085ns (51.829%)  route 0.079ns (48.171%))
  Logic Levels:           1  (FDRE=1)
  Clock Uncertainty:      0.127ns  ((TSJ^2 + DJ^2)^1/2) / 2 + PE
    Total System Jitter     (TSJ):    0.050ns
    Discrete Jitter          (DJ):    0.250ns
    Phase Error              (PE):    0.000ns
  Clock Net Delay (Destination): 1.519ns (routing 0.739ns, distribution 0.780ns)

    Location             Delay type                Incr(ns)  Path(ns)    Netlist Resource(s)
  -------------------------------------------------------------------    -------------------
    SLICE_X11Y79         FDRE                         0.000     0.000 r  design_1_i/audio_pipeline_0/inst/inst_i2s_master/data_source_reg[29]/C
    SLICE_X11Y79         FDRE (Prop_EFF2_SLICEL_C_Q)
                                                      0.085     0.085 r  design_1_i/audio_pipeline_0/inst/inst_i2s_master/data_source_reg[29]/Q
                         net (fo=2, routed)           0.079     0.164    design_1_i/audio_pipeline_0/inst/inst_i2s_master/p_0_in[15]
    SLICE_X11Y79         FDRE                                         r  design_1_i/audio_pipeline_0/inst/inst_i2s_master/fifo_din_reg[15]/D
  -------------------------------------------------------------------    -------------------

                         (clock clk_pl_0 rise edge)
                                                      0.000     0.000 r  
    PS8_X0Y0             PS8                          0.000     0.000 r  design_1_i/zynq_ultra_ps_e_0/inst/PS8_i/PLCLK[0]
                         net (fo=1, routed)           0.164     0.164    design_1_i/zynq_ultra_ps_e_0/inst/pl_clk_unbuffered[0]
    BUFG_PS_X0Y90        BUFG_PS (Prop_BUFG_PS_I_O)
                                                      0.023     0.187 r  design_1_i/zynq_ultra_ps_e_0/inst/buffer_pl_clk_0.PL_CLK_0_BUFG/O
    X0Y1 (CLOCK_ROOT)    net (fo=5771, routed)        1.519     1.706    design_1_i/audio_pipeline_0/inst/inst_i2s_master/clk
    SLICE_X11Y79         FDRE                                         r  design_1_i/audio_pipeline_0/inst/inst_i2s_master/fifo_din_reg[15]/C

Slack:                    inf
  Source:                 design_1_i/audio_pipeline_0/inst/inst_i2s_master/data_source_reg[19]/C
                            (rising edge-triggered cell FDRE)
  Destination:            design_1_i/audio_pipeline_0/inst/inst_i2s_master/fifo_din_reg[5]/D
                            (rising edge-triggered cell FDRE clocked by clk_pl_0  {rise@0.000ns fall@5.000ns period=10.000ns})
  Path Group:             (none)
  Path Type:              Hold (Min at Fast Process Corner)
  Data Path Delay:        0.167ns  (logic 0.084ns (50.295%)  route 0.083ns (49.705%))
  Logic Levels:           1  (FDRE=1)
  Clock Uncertainty:      0.127ns  ((TSJ^2 + DJ^2)^1/2) / 2 + PE
    Total System Jitter     (TSJ):    0.050ns
    Discrete Jitter          (DJ):    0.250ns
    Phase Error              (PE):    0.000ns
  Clock Net Delay (Destination): 1.525ns (routing 0.739ns, distribution 0.786ns)

    Location             Delay type                Incr(ns)  Path(ns)    Netlist Resource(s)
  -------------------------------------------------------------------    -------------------
    SLICE_X12Y78         FDRE                         0.000     0.000 r  design_1_i/audio_pipeline_0/inst/inst_i2s_master/data_source_reg[19]/C
    SLICE_X12Y78         FDRE (Prop_GFF2_SLICEM_C_Q)
                                                      0.084     0.084 r  design_1_i/audio_pipeline_0/inst/inst_i2s_master/data_source_reg[19]/Q
                         net (fo=2, routed)           0.083     0.167    design_1_i/audio_pipeline_0/inst/inst_i2s_master/p_0_in[5]
    SLICE_X12Y78         FDRE                                         r  design_1_i/audio_pipeline_0/inst/inst_i2s_master/fifo_din_reg[5]/D
  -------------------------------------------------------------------    -------------------

                         (clock clk_pl_0 rise edge)
                                                      0.000     0.000 r  
    PS8_X0Y0             PS8                          0.000     0.000 r  design_1_i/zynq_ultra_ps_e_0/inst/PS8_i/PLCLK[0]
                         net (fo=1, routed)           0.164     0.164    design_1_i/zynq_ultra_ps_e_0/inst/pl_clk_unbuffered[0]
    BUFG_PS_X0Y90        BUFG_PS (Prop_BUFG_PS_I_O)
                                                      0.023     0.187 r  design_1_i/zynq_ultra_ps_e_0/inst/buffer_pl_clk_0.PL_CLK_0_BUFG/O
    X0Y1 (CLOCK_ROOT)    net (fo=5771, routed)        1.525     1.712    design_1_i/audio_pipeline_0/inst/inst_i2s_master/clk
    SLICE_X12Y78         FDRE                                         r  design_1_i/audio_pipeline_0/inst/inst_i2s_master/fifo_din_reg[5]/C

Slack:                    inf
  Source:                 design_1_i/audio_pipeline_0/inst/inst_i2s_master/data_source_reg[17]/C
                            (rising edge-triggered cell FDRE)
  Destination:            design_1_i/audio_pipeline_0/inst/inst_i2s_master/fifo_din_reg[3]/D
                            (rising edge-triggered cell FDRE clocked by clk_pl_0  {rise@0.000ns fall@5.000ns period=10.000ns})
  Path Group:             (none)
  Path Type:              Hold (Min at Fast Process Corner)
  Data Path Delay:        0.170ns  (logic 0.084ns (49.412%)  route 0.086ns (50.588%))
  Logic Levels:           1  (FDRE=1)
  Clock Uncertainty:      0.127ns  ((TSJ^2 + DJ^2)^1/2) / 2 + PE
    Total System Jitter     (TSJ):    0.050ns
    Discrete Jitter          (DJ):    0.250ns
    Phase Error              (PE):    0.000ns
  Clock Net Delay (Destination): 1.525ns (routing 0.739ns, distribution 0.786ns)

    Location             Delay type                Incr(ns)  Path(ns)    Netlist Resource(s)
  -------------------------------------------------------------------    -------------------
    SLICE_X12Y78         FDRE                         0.000     0.000 r  design_1_i/audio_pipeline_0/inst/inst_i2s_master/data_source_reg[17]/C
    SLICE_X12Y78         FDRE (Prop_FFF2_SLICEM_C_Q)
                                                      0.084     0.084 r  design_1_i/audio_pipeline_0/inst/inst_i2s_master/data_source_reg[17]/Q
                         net (fo=2, routed)           0.086     0.170    design_1_i/audio_pipeline_0/inst/inst_i2s_master/p_0_in[3]
    SLICE_X12Y78         FDRE                                         r  design_1_i/audio_pipeline_0/inst/inst_i2s_master/fifo_din_reg[3]/D
  -------------------------------------------------------------------    -------------------

                         (clock clk_pl_0 rise edge)
                                                      0.000     0.000 r  
    PS8_X0Y0             PS8                          0.000     0.000 r  design_1_i/zynq_ultra_ps_e_0/inst/PS8_i/PLCLK[0]
                         net (fo=1, routed)           0.164     0.164    design_1_i/zynq_ultra_ps_e_0/inst/pl_clk_unbuffered[0]
    BUFG_PS_X0Y90        BUFG_PS (Prop_BUFG_PS_I_O)
                                                      0.023     0.187 r  design_1_i/zynq_ultra_ps_e_0/inst/buffer_pl_clk_0.PL_CLK_0_BUFG/O
    X0Y1 (CLOCK_ROOT)    net (fo=5771, routed)        1.525     1.712    design_1_i/audio_pipeline_0/inst/inst_i2s_master/clk
    SLICE_X12Y78         FDRE                                         r  design_1_i/audio_pipeline_0/inst/inst_i2s_master/fifo_din_reg[3]/C

Slack:                    inf
  Source:                 design_1_i/audio_pipeline_0/inst/inst_i2s_master/data_source_reg[24]/C
                            (rising edge-triggered cell FDRE)
  Destination:            design_1_i/audio_pipeline_0/inst/inst_i2s_master/fifo_din_reg[10]/D
                            (rising edge-triggered cell FDRE clocked by clk_pl_0  {rise@0.000ns fall@5.000ns period=10.000ns})
  Path Group:             (none)
  Path Type:              Hold (Min at Fast Process Corner)
  Data Path Delay:        0.171ns  (logic 0.085ns (49.814%)  route 0.086ns (50.186%))
  Logic Levels:           1  (FDRE=1)
  Clock Uncertainty:      0.127ns  ((TSJ^2 + DJ^2)^1/2) / 2 + PE
    Total System Jitter     (TSJ):    0.050ns
    Discrete Jitter          (DJ):    0.250ns
    Phase Error              (PE):    0.000ns
  Clock Net Delay (Destination): 1.527ns (routing 0.739ns, distribution 0.788ns)

    Location             Delay type                Incr(ns)  Path(ns)    Netlist Resource(s)
  -------------------------------------------------------------------    -------------------
    SLICE_X9Y79          FDRE                         0.000     0.000 r  design_1_i/audio_pipeline_0/inst/inst_i2s_master/data_source_reg[24]/C
    SLICE_X9Y79          FDRE (Prop_FFF2_SLICEL_C_Q)
                                                      0.085     0.085 r  design_1_i/audio_pipeline_0/inst/inst_i2s_master/data_source_reg[24]/Q
                         net (fo=2, routed)           0.086     0.171    design_1_i/audio_pipeline_0/inst/inst_i2s_master/p_0_in[10]
    SLICE_X9Y79          FDRE                                         r  design_1_i/audio_pipeline_0/inst/inst_i2s_master/fifo_din_reg[10]/D
  -------------------------------------------------------------------    -------------------

                         (clock clk_pl_0 rise edge)
                                                      0.000     0.000 r  
    PS8_X0Y0             PS8                          0.000     0.000 r  design_1_i/zynq_ultra_ps_e_0/inst/PS8_i/PLCLK[0]
                         net (fo=1, routed)           0.164     0.164    design_1_i/zynq_ultra_ps_e_0/inst/pl_clk_unbuffered[0]
    BUFG_PS_X0Y90        BUFG_PS (Prop_BUFG_PS_I_O)
                                                      0.023     0.187 r  design_1_i/zynq_ultra_ps_e_0/inst/buffer_pl_clk_0.PL_CLK_0_BUFG/O
    X0Y1 (CLOCK_ROOT)    net (fo=5771, routed)        1.527     1.714    design_1_i/audio_pipeline_0/inst/inst_i2s_master/clk
    SLICE_X9Y79          FDRE                                         r  design_1_i/audio_pipeline_0/inst/inst_i2s_master/fifo_din_reg[10]/C

Slack:                    inf
  Source:                 design_1_i/audio_pipeline_0/inst/inst_i2s_master/data_source_reg[30]/C
                            (rising edge-triggered cell FDRE)
  Destination:            design_1_i/audio_pipeline_0/inst/inst_i2s_master/fifo_din_reg[16]/D
                            (rising edge-triggered cell FDRE clocked by clk_pl_0  {rise@0.000ns fall@5.000ns period=10.000ns})
  Path Group:             (none)
  Path Type:              Hold (Min at Fast Process Corner)
  Data Path Delay:        0.175ns  (logic 0.083ns (47.429%)  route 0.092ns (52.571%))
  Logic Levels:           1  (FDRE=1)
  Clock Uncertainty:      0.127ns  ((TSJ^2 + DJ^2)^1/2) / 2 + PE
    Total System Jitter     (TSJ):    0.050ns
    Discrete Jitter          (DJ):    0.250ns
    Phase Error              (PE):    0.000ns
  Clock Net Delay (Destination): 1.519ns (routing 0.739ns, distribution 0.780ns)

    Location             Delay type                Incr(ns)  Path(ns)    Netlist Resource(s)
  -------------------------------------------------------------------    -------------------
    SLICE_X11Y79         FDRE                         0.000     0.000 r  design_1_i/audio_pipeline_0/inst/inst_i2s_master/data_source_reg[30]/C
    SLICE_X11Y79         FDRE (Prop_FFF_SLICEL_C_Q)
                                                      0.083     0.083 r  design_1_i/audio_pipeline_0/inst/inst_i2s_master/data_source_reg[30]/Q
                         net (fo=2, routed)           0.092     0.175    design_1_i/audio_pipeline_0/inst/inst_i2s_master/p_0_in[16]
    SLICE_X11Y79         FDRE                                         r  design_1_i/audio_pipeline_0/inst/inst_i2s_master/fifo_din_reg[16]/D
  -------------------------------------------------------------------    -------------------

                         (clock clk_pl_0 rise edge)
                                                      0.000     0.000 r  
    PS8_X0Y0             PS8                          0.000     0.000 r  design_1_i/zynq_ultra_ps_e_0/inst/PS8_i/PLCLK[0]
                         net (fo=1, routed)           0.164     0.164    design_1_i/zynq_ultra_ps_e_0/inst/pl_clk_unbuffered[0]
    BUFG_PS_X0Y90        BUFG_PS (Prop_BUFG_PS_I_O)
                                                      0.023     0.187 r  design_1_i/zynq_ultra_ps_e_0/inst/buffer_pl_clk_0.PL_CLK_0_BUFG/O
    X0Y1 (CLOCK_ROOT)    net (fo=5771, routed)        1.519     1.706    design_1_i/audio_pipeline_0/inst/inst_i2s_master/clk
    SLICE_X11Y79         FDRE                                         r  design_1_i/audio_pipeline_0/inst/inst_i2s_master/fifo_din_reg[16]/C

Slack:                    inf
  Source:                 design_1_i/audio_pipeline_0/inst/inst_i2s_master/data_source_reg[15]/C
                            (rising edge-triggered cell FDRE)
  Destination:            design_1_i/audio_pipeline_0/inst/inst_i2s_master/fifo_din_reg[1]/D
                            (rising edge-triggered cell FDRE clocked by clk_pl_0  {rise@0.000ns fall@5.000ns period=10.000ns})
  Path Group:             (none)
  Path Type:              Hold (Min at Fast Process Corner)
  Data Path Delay:        0.177ns  (logic 0.084ns (47.467%)  route 0.093ns (52.533%))
  Logic Levels:           1  (FDRE=1)
  Clock Uncertainty:      0.127ns  ((TSJ^2 + DJ^2)^1/2) / 2 + PE
    Total System Jitter     (TSJ):    0.050ns
    Discrete Jitter          (DJ):    0.250ns
    Phase Error              (PE):    0.000ns
  Clock Net Delay (Destination): 1.525ns (routing 0.739ns, distribution 0.786ns)

    Location             Delay type                Incr(ns)  Path(ns)    Netlist Resource(s)
  -------------------------------------------------------------------    -------------------
    SLICE_X12Y78         FDRE                         0.000     0.000 r  design_1_i/audio_pipeline_0/inst/inst_i2s_master/data_source_reg[15]/C
    SLICE_X12Y78         FDRE (Prop_EFF2_SLICEM_C_Q)
                                                      0.084     0.084 r  design_1_i/audio_pipeline_0/inst/inst_i2s_master/data_source_reg[15]/Q
                         net (fo=2, routed)           0.093     0.177    design_1_i/audio_pipeline_0/inst/inst_i2s_master/p_0_in[1]
    SLICE_X12Y78         FDRE                                         r  design_1_i/audio_pipeline_0/inst/inst_i2s_master/fifo_din_reg[1]/D
  -------------------------------------------------------------------    -------------------

                         (clock clk_pl_0 rise edge)
                                                      0.000     0.000 r  
    PS8_X0Y0             PS8                          0.000     0.000 r  design_1_i/zynq_ultra_ps_e_0/inst/PS8_i/PLCLK[0]
                         net (fo=1, routed)           0.164     0.164    design_1_i/zynq_ultra_ps_e_0/inst/pl_clk_unbuffered[0]
    BUFG_PS_X0Y90        BUFG_PS (Prop_BUFG_PS_I_O)
                                                      0.023     0.187 r  design_1_i/zynq_ultra_ps_e_0/inst/buffer_pl_clk_0.PL_CLK_0_BUFG/O
    X0Y1 (CLOCK_ROOT)    net (fo=5771, routed)        1.525     1.712    design_1_i/audio_pipeline_0/inst/inst_i2s_master/clk
    SLICE_X12Y78         FDRE                                         r  design_1_i/audio_pipeline_0/inst/inst_i2s_master/fifo_din_reg[1]/C

Slack:                    inf
  Source:                 design_1_i/audio_pipeline_0/inst/inst_i2s_master/data_source_reg[25]/C
                            (rising edge-triggered cell FDRE)
  Destination:            design_1_i/audio_pipeline_0/inst/inst_i2s_master/fifo_din_reg[11]/D
                            (rising edge-triggered cell FDRE clocked by clk_pl_0  {rise@0.000ns fall@5.000ns period=10.000ns})
  Path Group:             (none)
  Path Type:              Hold (Min at Fast Process Corner)
  Data Path Delay:        0.184ns  (logic 0.084ns (45.658%)  route 0.100ns (54.342%))
  Logic Levels:           1  (FDRE=1)
  Clock Uncertainty:      0.127ns  ((TSJ^2 + DJ^2)^1/2) / 2 + PE
    Total System Jitter     (TSJ):    0.050ns
    Discrete Jitter          (DJ):    0.250ns
    Phase Error              (PE):    0.000ns
  Clock Net Delay (Destination): 1.527ns (routing 0.739ns, distribution 0.788ns)

    Location             Delay type                Incr(ns)  Path(ns)    Netlist Resource(s)
  -------------------------------------------------------------------    -------------------
    SLICE_X9Y79          FDRE                         0.000     0.000 r  design_1_i/audio_pipeline_0/inst/inst_i2s_master/data_source_reg[25]/C
    SLICE_X9Y79          FDRE (Prop_GFF_SLICEL_C_Q)
                                                      0.084     0.084 r  design_1_i/audio_pipeline_0/inst/inst_i2s_master/data_source_reg[25]/Q
                         net (fo=2, routed)           0.100     0.184    design_1_i/audio_pipeline_0/inst/inst_i2s_master/p_0_in[11]
    SLICE_X9Y79          FDRE                                         r  design_1_i/audio_pipeline_0/inst/inst_i2s_master/fifo_din_reg[11]/D
  -------------------------------------------------------------------    -------------------

                         (clock clk_pl_0 rise edge)
                                                      0.000     0.000 r  
    PS8_X0Y0             PS8                          0.000     0.000 r  design_1_i/zynq_ultra_ps_e_0/inst/PS8_i/PLCLK[0]
                         net (fo=1, routed)           0.164     0.164    design_1_i/zynq_ultra_ps_e_0/inst/pl_clk_unbuffered[0]
    BUFG_PS_X0Y90        BUFG_PS (Prop_BUFG_PS_I_O)
                                                      0.023     0.187 r  design_1_i/zynq_ultra_ps_e_0/inst/buffer_pl_clk_0.PL_CLK_0_BUFG/O
    X0Y1 (CLOCK_ROOT)    net (fo=5771, routed)        1.527     1.714    design_1_i/audio_pipeline_0/inst/inst_i2s_master/clk
    SLICE_X9Y79          FDRE                                         r  design_1_i/audio_pipeline_0/inst/inst_i2s_master/fifo_din_reg[11]/C





