
*** Running vivado
    with args -log design_1_wrapper.vdi -applog -m64 -product Vivado -messageDb vivado.pb -mode batch -source design_1_wrapper.tcl -notrace



****** Vivado v2024.1 (64-bit)
  **** SW Build 5076996 on Wed May 22 18:37:14 MDT 2024
  **** IP Build 5075265 on Wed May 22 21:45:21 MDT 2024
  **** SharedData Build 5076995 on Wed May 22 18:29:18 MDT 2024
  **** Start of session at: Wed Nov 19 08:03:05 2025
    ** Copyright 1986-2022 Xilinx, Inc. All Rights Reserved.
    ** Copyright 2022-2024 Advanced Micro Devices, Inc. All Rights Reserved.

source design_1_wrapper.tcl -notrace
create_project: Time (s): cpu = 00:00:07 ; elapsed = 00:00:08 . Memory (MB): peak = 523.203 ; gain = 202.047
INFO: [IP_Flow 19-234] Refreshing IP repositories
INFO: [IP_Flow 19-1704] No user IP repositories specified
INFO: [IP_Flow 19-2313] Loaded Vivado IP repository 'C:/Xilinx/Vivado/2024.1/data/ip'.
Command: link_design -top design_1_wrapper -part xck26-sfvc784-2LV-c
Design is defaulting to srcset: sources_1
Design is defaulting to constrset: constrs_1
INFO: [Device 21-403] Loading part xck26-sfvc784-2LV-c
Netlist sorting complete. Time (s): cpu = 00:00:00 ; elapsed = 00:00:00.440 . Memory (MB): peak = 1604.121 ; gain = 0.000
INFO: [Netlist 29-17] Analyzing 600 Unisim elements for replacement
INFO: [Netlist 29-28] Unisim Transformation completed in 1 CPU seconds
INFO: [Project 1-479] Netlist was created with Vivado 2024.1
INFO: [Project 1-570] Preparing netlist for logic optimization
Parsing XDC File [c:/Sadat_files/Academics/Current_Term/COMP3601/Project/project_repo/COMP3601_Project_Audio_tuner/Lab3.gen/sources_1/bd/design_1/ip/design_1_zynq_ultra_ps_e_0_0/design_1_zynq_ultra_ps_e_0_0.xdc] for cell 'design_1_i/zynq_ultra_ps_e_0/inst'
Finished Parsing XDC File [c:/Sadat_files/Academics/Current_Term/COMP3601/Project/project_repo/COMP3601_Project_Audio_tuner/Lab3.gen/sources_1/bd/design_1/ip/design_1_zynq_ultra_ps_e_0_0/design_1_zynq_ultra_ps_e_0_0.xdc] for cell 'design_1_i/zynq_ultra_ps_e_0/inst'
Parsing XDC File [c:/Sadat_files/Academics/Current_Term/COMP3601/Project/project_repo/COMP3601_Project_Audio_tuner/Lab3.gen/sources_1/bd/design_1/ip/design_1_axi_dma_0_0/design_1_axi_dma_0_0.xdc] for cell 'design_1_i/axi_dma_0/U0'
WARNING: [Vivado_Tcl 4-921] Waiver ID 'CDC-1' -to list should not be empty. [c:/Sadat_files/Academics/Current_Term/COMP3601/Project/project_repo/COMP3601_Project_Audio_tuner/Lab3.gen/sources_1/bd/design_1/ip/design_1_axi_dma_0_0/design_1_axi_dma_0_0.xdc:52]
WARNING: [Vivado_Tcl 4-921] Waiver ID 'CDC-1' -to list should not be empty. [c:/Sadat_files/Academics/Current_Term/COMP3601/Project/project_repo/COMP3601_Project_Audio_tuner/Lab3.gen/sources_1/bd/design_1/ip/design_1_axi_dma_0_0/design_1_axi_dma_0_0.xdc:56]
WARNING: [Vivado_Tcl 4-919] Waiver ID 'CDC-1' -from list should not be empty. [c:/Sadat_files/Academics/Current_Term/COMP3601/Project/project_repo/COMP3601_Project_Audio_tuner/Lab3.gen/sources_1/bd/design_1/ip/design_1_axi_dma_0_0/design_1_axi_dma_0_0.xdc:61]
Finished Parsing XDC File [c:/Sadat_files/Academics/Current_Term/COMP3601/Project/project_repo/COMP3601_Project_Audio_tuner/Lab3.gen/sources_1/bd/design_1/ip/design_1_axi_dma_0_0/design_1_axi_dma_0_0.xdc] for cell 'design_1_i/axi_dma_0/U0'
Parsing XDC File [c:/Sadat_files/Academics/Current_Term/COMP3601/Project/project_repo/COMP3601_Project_Audio_tuner/Lab3.gen/sources_1/bd/design_1/ip/design_1_rst_ps8_0_99M_0/design_1_rst_ps8_0_99M_0_board.xdc] for cell 'design_1_i/rst_ps8_0_99M/U0'
Finished Parsing XDC File [c:/Sadat_files/Academics/Current_Term/COMP3601/Project/project_repo/COMP3601_Project_Audio_tuner/Lab3.gen/sources_1/bd/design_1/ip/design_1_rst_ps8_0_99M_0/design_1_rst_ps8_0_99M_0_board.xdc] for cell 'design_1_i/rst_ps8_0_99M/U0'
Parsing XDC File [c:/Sadat_files/Academics/Current_Term/COMP3601/Project/project_repo/COMP3601_Project_Audio_tuner/Lab3.gen/sources_1/bd/design_1/ip/design_1_rst_ps8_0_99M_0/design_1_rst_ps8_0_99M_0.xdc] for cell 'design_1_i/rst_ps8_0_99M/U0'
WARNING: [Vivado_Tcl 4-921] Waiver ID 'CDC-11' -to list should not be empty. [c:/Sadat_files/Academics/Current_Term/COMP3601/Project/project_repo/COMP3601_Project_Audio_tuner/Lab3.gen/sources_1/bd/design_1/ip/design_1_rst_ps8_0_99M_0/design_1_rst_ps8_0_99M_0.xdc:50]
Finished Parsing XDC File [c:/Sadat_files/Academics/Current_Term/COMP3601/Project/project_repo/COMP3601_Project_Audio_tuner/Lab3.gen/sources_1/bd/design_1/ip/design_1_rst_ps8_0_99M_0/design_1_rst_ps8_0_99M_0.xdc] for cell 'design_1_i/rst_ps8_0_99M/U0'
Parsing XDC File [c:/Sadat_files/Academics/Current_Term/COMP3601/Project/project_repo/COMP3601_Project_Audio_tuner/Lab3.gen/sources_1/bd/design_1/ip/design_1_axi_smc_0/bd_0/ip/ip_1/bd_afc3_psr_aclk_0_board.xdc] for cell 'design_1_i/axi_smc/inst/clk_map/psr_aclk/U0'
Finished Parsing XDC File [c:/Sadat_files/Academics/Current_Term/COMP3601/Project/project_repo/COMP3601_Project_Audio_tuner/Lab3.gen/sources_1/bd/design_1/ip/design_1_axi_smc_0/bd_0/ip/ip_1/bd_afc3_psr_aclk_0_board.xdc] for cell 'design_1_i/axi_smc/inst/clk_map/psr_aclk/U0'
Parsing XDC File [c:/Sadat_files/Academics/Current_Term/COMP3601/Project/project_repo/COMP3601_Project_Audio_tuner/Lab3.gen/sources_1/bd/design_1/ip/design_1_axi_smc_0/bd_0/ip/ip_1/bd_afc3_psr_aclk_0.xdc] for cell 'design_1_i/axi_smc/inst/clk_map/psr_aclk/U0'
Finished Parsing XDC File [c:/Sadat_files/Academics/Current_Term/COMP3601/Project/project_repo/COMP3601_Project_Audio_tuner/Lab3.gen/sources_1/bd/design_1/ip/design_1_axi_smc_0/bd_0/ip/ip_1/bd_afc3_psr_aclk_0.xdc] for cell 'design_1_i/axi_smc/inst/clk_map/psr_aclk/U0'
Parsing XDC File [c:/Sadat_files/Academics/Current_Term/COMP3601/Project/project_repo/COMP3601_Project_Audio_tuner/Lab3.gen/sources_1/bd/design_1/ip/design_1_axi_smc_0/bd_0/ip/ip_11/bd_afc3_sawn_0_clocks.xdc] for cell 'design_1_i/axi_smc/inst/s00_nodes/s00_aw_node/inst'
WARNING: [Vivado_Tcl 4-921] Waiver ID 'CDC-1' -to list should not be empty. [c:/Sadat_files/Academics/Current_Term/COMP3601/Project/project_repo/COMP3601_Project_Audio_tuner/Lab3.gen/sources_1/bd/design_1/ip/design_1_axi_smc_0/bd_0/ip/ip_11/bd_afc3_sawn_0_clocks.xdc:49]
WARNING: [Vivado_Tcl 4-921] Waiver ID 'CDC-1' -to list should not be empty. [c:/Sadat_files/Academics/Current_Term/COMP3601/Project/project_repo/COMP3601_Project_Audio_tuner/Lab3.gen/sources_1/bd/design_1/ip/design_1_axi_smc_0/bd_0/ip/ip_11/bd_afc3_sawn_0_clocks.xdc:52]
WARNING: [Vivado_Tcl 4-921] Waiver ID 'CDC-1' -to list should not be empty. [c:/Sadat_files/Academics/Current_Term/COMP3601/Project/project_repo/COMP3601_Project_Audio_tuner/Lab3.gen/sources_1/bd/design_1/ip/design_1_axi_smc_0/bd_0/ip/ip_11/bd_afc3_sawn_0_clocks.xdc:55]
WARNING: [Vivado_Tcl 4-921] Waiver ID 'CDC-1' -to list should not be empty. [c:/Sadat_files/Academics/Current_Term/COMP3601/Project/project_repo/COMP3601_Project_Audio_tuner/Lab3.gen/sources_1/bd/design_1/ip/design_1_axi_smc_0/bd_0/ip/ip_11/bd_afc3_sawn_0_clocks.xdc:59]
WARNING: [Vivado_Tcl 4-921] Waiver ID 'CDC-1' -to list should not be empty. [c:/Sadat_files/Academics/Current_Term/COMP3601/Project/project_repo/COMP3601_Project_Audio_tuner/Lab3.gen/sources_1/bd/design_1/ip/design_1_axi_smc_0/bd_0/ip/ip_11/bd_afc3_sawn_0_clocks.xdc:63]
WARNING: [Vivado_Tcl 4-921] Waiver ID 'CDC-1' -to list should not be empty. [c:/Sadat_files/Academics/Current_Term/COMP3601/Project/project_repo/COMP3601_Project_Audio_tuner/Lab3.gen/sources_1/bd/design_1/ip/design_1_axi_smc_0/bd_0/ip/ip_11/bd_afc3_sawn_0_clocks.xdc:66]
WARNING: [Vivado_Tcl 4-921] Waiver ID 'CDC-1' -to list should not be empty. [c:/Sadat_files/Academics/Current_Term/COMP3601/Project/project_repo/COMP3601_Project_Audio_tuner/Lab3.gen/sources_1/bd/design_1/ip/design_1_axi_smc_0/bd_0/ip/ip_11/bd_afc3_sawn_0_clocks.xdc:70]
WARNING: [Vivado_Tcl 4-921] Waiver ID 'CDC-1' -to list should not be empty. [c:/Sadat_files/Academics/Current_Term/COMP3601/Project/project_repo/COMP3601_Project_Audio_tuner/Lab3.gen/sources_1/bd/design_1/ip/design_1_axi_smc_0/bd_0/ip/ip_11/bd_afc3_sawn_0_clocks.xdc:73]
WARNING: [Vivado_Tcl 4-921] Waiver ID 'CDC-1' -to list should not be empty. [c:/Sadat_files/Academics/Current_Term/COMP3601/Project/project_repo/COMP3601_Project_Audio_tuner/Lab3.gen/sources_1/bd/design_1/ip/design_1_axi_smc_0/bd_0/ip/ip_11/bd_afc3_sawn_0_clocks.xdc:76]
WARNING: [Vivado_Tcl 4-921] Waiver ID 'CDC-1' -to list should not be empty. [c:/Sadat_files/Academics/Current_Term/COMP3601/Project/project_repo/COMP3601_Project_Audio_tuner/Lab3.gen/sources_1/bd/design_1/ip/design_1_axi_smc_0/bd_0/ip/ip_11/bd_afc3_sawn_0_clocks.xdc:79]
WARNING: [Vivado_Tcl 4-921] Waiver ID 'CDC-1' -to list should not be empty. [c:/Sadat_files/Academics/Current_Term/COMP3601/Project/project_repo/COMP3601_Project_Audio_tuner/Lab3.gen/sources_1/bd/design_1/ip/design_1_axi_smc_0/bd_0/ip/ip_11/bd_afc3_sawn_0_clocks.xdc:82]
WARNING: [Vivado_Tcl 4-921] Waiver ID 'CDC-4' -to list should not be empty. [c:/Sadat_files/Academics/Current_Term/COMP3601/Project/project_repo/COMP3601_Project_Audio_tuner/Lab3.gen/sources_1/bd/design_1/ip/design_1_axi_smc_0/bd_0/ip/ip_11/bd_afc3_sawn_0_clocks.xdc:85]
WARNING: [Vivado_Tcl 4-921] Waiver ID 'CDC-4' -to list should not be empty. [c:/Sadat_files/Academics/Current_Term/COMP3601/Project/project_repo/COMP3601_Project_Audio_tuner/Lab3.gen/sources_1/bd/design_1/ip/design_1_axi_smc_0/bd_0/ip/ip_11/bd_afc3_sawn_0_clocks.xdc:88]
WARNING: [Vivado_Tcl 4-921] Waiver ID 'CDC-2' -to list should not be empty. [c:/Sadat_files/Academics/Current_Term/COMP3601/Project/project_repo/COMP3601_Project_Audio_tuner/Lab3.gen/sources_1/bd/design_1/ip/design_1_axi_smc_0/bd_0/ip/ip_11/bd_afc3_sawn_0_clocks.xdc:91]
WARNING: [Vivado_Tcl 4-921] Waiver ID 'CDC-2' -to list should not be empty. [c:/Sadat_files/Academics/Current_Term/COMP3601/Project/project_repo/COMP3601_Project_Audio_tuner/Lab3.gen/sources_1/bd/design_1/ip/design_1_axi_smc_0/bd_0/ip/ip_11/bd_afc3_sawn_0_clocks.xdc:94]
WARNING: [Vivado_Tcl 4-921] Waiver ID 'CDC-2' -to list should not be empty. [c:/Sadat_files/Academics/Current_Term/COMP3601/Project/project_repo/COMP3601_Project_Audio_tuner/Lab3.gen/sources_1/bd/design_1/ip/design_1_axi_smc_0/bd_0/ip/ip_11/bd_afc3_sawn_0_clocks.xdc:97]
WARNING: [Vivado_Tcl 4-921] Waiver ID 'CDC-2' -to list should not be empty. [c:/Sadat_files/Academics/Current_Term/COMP3601/Project/project_repo/COMP3601_Project_Audio_tuner/Lab3.gen/sources_1/bd/design_1/ip/design_1_axi_smc_0/bd_0/ip/ip_11/bd_afc3_sawn_0_clocks.xdc:100]
WARNING: [Vivado_Tcl 4-921] Waiver ID 'CDC-1' -to list should not be empty. [c:/Sadat_files/Academics/Current_Term/COMP3601/Project/project_repo/COMP3601_Project_Audio_tuner/Lab3.gen/sources_1/bd/design_1/ip/design_1_axi_smc_0/bd_0/ip/ip_11/bd_afc3_sawn_0_clocks.xdc:104]
WARNING: [Vivado_Tcl 4-921] Waiver ID 'CDC-10' -to list should not be empty. [c:/Sadat_files/Academics/Current_Term/COMP3601/Project/project_repo/COMP3601_Project_Audio_tuner/Lab3.gen/sources_1/bd/design_1/ip/design_1_axi_smc_0/bd_0/ip/ip_11/bd_afc3_sawn_0_clocks.xdc:107]
WARNING: [Vivado_Tcl 4-921] Waiver ID 'CDC-10' -to list should not be empty. [c:/Sadat_files/Academics/Current_Term/COMP3601/Project/project_repo/COMP3601_Project_Audio_tuner/Lab3.gen/sources_1/bd/design_1/ip/design_1_axi_smc_0/bd_0/ip/ip_11/bd_afc3_sawn_0_clocks.xdc:110]
WARNING: [Vivado_Tcl 4-921] Waiver ID 'CDC-1' -to list should not be empty. [c:/Sadat_files/Academics/Current_Term/COMP3601/Project/project_repo/COMP3601_Project_Audio_tuner/Lab3.gen/sources_1/bd/design_1/ip/design_1_axi_smc_0/bd_0/ip/ip_11/bd_afc3_sawn_0_clocks.xdc:113]
WARNING: [Vivado_Tcl 4-921] Waiver ID 'CDC-1' -to list should not be empty. [c:/Sadat_files/Academics/Current_Term/COMP3601/Project/project_repo/COMP3601_Project_Audio_tuner/Lab3.gen/sources_1/bd/design_1/ip/design_1_axi_smc_0/bd_0/ip/ip_11/bd_afc3_sawn_0_clocks.xdc:116]
WARNING: [Vivado_Tcl 4-921] Waiver ID 'CDC-1' -to list should not be empty. [c:/Sadat_files/Academics/Current_Term/COMP3601/Project/project_repo/COMP3601_Project_Audio_tuner/Lab3.gen/sources_1/bd/design_1/ip/design_1_axi_smc_0/bd_0/ip/ip_11/bd_afc3_sawn_0_clocks.xdc:119]
WARNING: [Vivado_Tcl 4-921] Waiver ID 'CDC-13' -to list should not be empty. [c:/Sadat_files/Academics/Current_Term/COMP3601/Project/project_repo/COMP3601_Project_Audio_tuner/Lab3.gen/sources_1/bd/design_1/ip/design_1_axi_smc_0/bd_0/ip/ip_11/bd_afc3_sawn_0_clocks.xdc:122]
WARNING: [Vivado_Tcl 4-921] Waiver ID 'CDC-1' -to list should not be empty. [c:/Sadat_files/Academics/Current_Term/COMP3601/Project/project_repo/COMP3601_Project_Audio_tuner/Lab3.gen/sources_1/bd/design_1/ip/design_1_axi_smc_0/bd_0/ip/ip_11/bd_afc3_sawn_0_clocks.xdc:125]
WARNING: [Vivado_Tcl 4-921] Waiver ID 'CDC-1' -to list should not be empty. [c:/Sadat_files/Academics/Current_Term/COMP3601/Project/project_repo/COMP3601_Project_Audio_tuner/Lab3.gen/sources_1/bd/design_1/ip/design_1_axi_smc_0/bd_0/ip/ip_11/bd_afc3_sawn_0_clocks.xdc:128]
WARNING: [Vivado_Tcl 4-921] Waiver ID 'CDC-13' -to list should not be empty. [c:/Sadat_files/Academics/Current_Term/COMP3601/Project/project_repo/COMP3601_Project_Audio_tuner/Lab3.gen/sources_1/bd/design_1/ip/design_1_axi_smc_0/bd_0/ip/ip_11/bd_afc3_sawn_0_clocks.xdc:131]
WARNING: [Vivado_Tcl 4-921] Waiver ID 'CDC-1' -to list should not be empty. [c:/Sadat_files/Academics/Current_Term/COMP3601/Project/project_repo/COMP3601_Project_Audio_tuner/Lab3.gen/sources_1/bd/design_1/ip/design_1_axi_smc_0/bd_0/ip/ip_11/bd_afc3_sawn_0_clocks.xdc:134]
WARNING: [Vivado_Tcl 4-921] Waiver ID 'CDC-10' -to list should not be empty. [c:/Sadat_files/Academics/Current_Term/COMP3601/Project/project_repo/COMP3601_Project_Audio_tuner/Lab3.gen/sources_1/bd/design_1/ip/design_1_axi_smc_0/bd_0/ip/ip_11/bd_afc3_sawn_0_clocks.xdc:137]
WARNING: [Vivado_Tcl 4-921] Waiver ID 'CDC-1' -to list should not be empty. [c:/Sadat_files/Academics/Current_Term/COMP3601/Project/project_repo/COMP3601_Project_Audio_tuner/Lab3.gen/sources_1/bd/design_1/ip/design_1_axi_smc_0/bd_0/ip/ip_11/bd_afc3_sawn_0_clocks.xdc:140]
WARNING: [Vivado_Tcl 4-921] Waiver ID 'CDC-1' -to list should not be empty. [c:/Sadat_files/Academics/Current_Term/COMP3601/Project/project_repo/COMP3601_Project_Audio_tuner/Lab3.gen/sources_1/bd/design_1/ip/design_1_axi_smc_0/bd_0/ip/ip_11/bd_afc3_sawn_0_clocks.xdc:143]
WARNING: [Vivado_Tcl 4-921] Waiver ID 'CDC-1' -to list should not be empty. [c:/Sadat_files/Academics/Current_Term/COMP3601/Project/project_repo/COMP3601_Project_Audio_tuner/Lab3.gen/sources_1/bd/design_1/ip/design_1_axi_smc_0/bd_0/ip/ip_11/bd_afc3_sawn_0_clocks.xdc:146]
WARNING: [Vivado_Tcl 4-921] Waiver ID 'CDC-2' -to list should not be empty. [c:/Sadat_files/Academics/Current_Term/COMP3601/Project/project_repo/COMP3601_Project_Audio_tuner/Lab3.gen/sources_1/bd/design_1/ip/design_1_axi_smc_0/bd_0/ip/ip_11/bd_afc3_sawn_0_clocks.xdc:149]
WARNING: [Vivado_Tcl 4-921] Waiver ID 'CDC-1' -to list should not be empty. [c:/Sadat_files/Academics/Current_Term/COMP3601/Project/project_repo/COMP3601_Project_Audio_tuner/Lab3.gen/sources_1/bd/design_1/ip/design_1_axi_smc_0/bd_0/ip/ip_11/bd_afc3_sawn_0_clocks.xdc:152]
WARNING: [Vivado_Tcl 4-921] Waiver ID 'CDC-1' -to list should not be empty. [c:/Sadat_files/Academics/Current_Term/COMP3601/Project/project_repo/COMP3601_Project_Audio_tuner/Lab3.gen/sources_1/bd/design_1/ip/design_1_axi_smc_0/bd_0/ip/ip_11/bd_afc3_sawn_0_clocks.xdc:155]
WARNING: [Vivado_Tcl 4-921] Waiver ID 'CDC-10' -to list should not be empty. [c:/Sadat_files/Academics/Current_Term/COMP3601/Project/project_repo/COMP3601_Project_Audio_tuner/Lab3.gen/sources_1/bd/design_1/ip/design_1_axi_smc_0/bd_0/ip/ip_11/bd_afc3_sawn_0_clocks.xdc:161]
WARNING: [Vivado_Tcl 4-921] Waiver ID 'CDC-4' -to list should not be empty. [c:/Sadat_files/Academics/Current_Term/COMP3601/Project/project_repo/COMP3601_Project_Audio_tuner/Lab3.gen/sources_1/bd/design_1/ip/design_1_axi_smc_0/bd_0/ip/ip_11/bd_afc3_sawn_0_clocks.xdc:164]
WARNING: [Vivado_Tcl 4-921] Waiver ID 'CDC-4' -to list should not be empty. [c:/Sadat_files/Academics/Current_Term/COMP3601/Project/project_repo/COMP3601_Project_Audio_tuner/Lab3.gen/sources_1/bd/design_1/ip/design_1_axi_smc_0/bd_0/ip/ip_11/bd_afc3_sawn_0_clocks.xdc:167]
WARNING: [Vivado_Tcl 4-921] Waiver ID 'CDC-4' -to list should not be empty. [c:/Sadat_files/Academics/Current_Term/COMP3601/Project/project_repo/COMP3601_Project_Audio_tuner/Lab3.gen/sources_1/bd/design_1/ip/design_1_axi_smc_0/bd_0/ip/ip_11/bd_afc3_sawn_0_clocks.xdc:171]
WARNING: [Vivado_Tcl 4-921] Waiver ID 'CDC-4' -to list should not be empty. [c:/Sadat_files/Academics/Current_Term/COMP3601/Project/project_repo/COMP3601_Project_Audio_tuner/Lab3.gen/sources_1/bd/design_1/ip/design_1_axi_smc_0/bd_0/ip/ip_11/bd_afc3_sawn_0_clocks.xdc:174]
WARNING: [Vivado_Tcl 4-921] Waiver ID 'CDC-1' -to list should not be empty. [c:/Sadat_files/Academics/Current_Term/COMP3601/Project/project_repo/COMP3601_Project_Audio_tuner/Lab3.gen/sources_1/bd/design_1/ip/design_1_axi_smc_0/bd_0/ip/ip_11/bd_afc3_sawn_0_clocks.xdc:178]
WARNING: [Vivado_Tcl 4-921] Waiver ID 'CDC-1' -to list should not be empty. [c:/Sadat_files/Academics/Current_Term/COMP3601/Project/project_repo/COMP3601_Project_Audio_tuner/Lab3.gen/sources_1/bd/design_1/ip/design_1_axi_smc_0/bd_0/ip/ip_11/bd_afc3_sawn_0_clocks.xdc:181]
WARNING: [Vivado_Tcl 4-921] Waiver ID 'CDC-13' -to list should not be empty. [c:/Sadat_files/Academics/Current_Term/COMP3601/Project/project_repo/COMP3601_Project_Audio_tuner/Lab3.gen/sources_1/bd/design_1/ip/design_1_axi_smc_0/bd_0/ip/ip_11/bd_afc3_sawn_0_clocks.xdc:184]
Finished Parsing XDC File [c:/Sadat_files/Academics/Current_Term/COMP3601/Project/project_repo/COMP3601_Project_Audio_tuner/Lab3.gen/sources_1/bd/design_1/ip/design_1_axi_smc_0/bd_0/ip/ip_11/bd_afc3_sawn_0_clocks.xdc] for cell 'design_1_i/axi_smc/inst/s00_nodes/s00_aw_node/inst'
Parsing XDC File [c:/Sadat_files/Academics/Current_Term/COMP3601/Project/project_repo/COMP3601_Project_Audio_tuner/Lab3.gen/sources_1/bd/design_1/ip/design_1_axi_smc_0/bd_0/ip/ip_12/bd_afc3_swn_0_clocks.xdc] for cell 'design_1_i/axi_smc/inst/s00_nodes/s00_w_node/inst'
WARNING: [Vivado_Tcl 4-921] Waiver ID 'CDC-1' -to list should not be empty. [c:/Sadat_files/Academics/Current_Term/COMP3601/Project/project_repo/COMP3601_Project_Audio_tuner/Lab3.gen/sources_1/bd/design_1/ip/design_1_axi_smc_0/bd_0/ip/ip_12/bd_afc3_swn_0_clocks.xdc:49]
WARNING: [Vivado_Tcl 4-921] Waiver ID 'CDC-1' -to list should not be empty. [c:/Sadat_files/Academics/Current_Term/COMP3601/Project/project_repo/COMP3601_Project_Audio_tuner/Lab3.gen/sources_1/bd/design_1/ip/design_1_axi_smc_0/bd_0/ip/ip_12/bd_afc3_swn_0_clocks.xdc:52]
WARNING: [Vivado_Tcl 4-921] Waiver ID 'CDC-1' -to list should not be empty. [c:/Sadat_files/Academics/Current_Term/COMP3601/Project/project_repo/COMP3601_Project_Audio_tuner/Lab3.gen/sources_1/bd/design_1/ip/design_1_axi_smc_0/bd_0/ip/ip_12/bd_afc3_swn_0_clocks.xdc:55]
WARNING: [Vivado_Tcl 4-921] Waiver ID 'CDC-1' -to list should not be empty. [c:/Sadat_files/Academics/Current_Term/COMP3601/Project/project_repo/COMP3601_Project_Audio_tuner/Lab3.gen/sources_1/bd/design_1/ip/design_1_axi_smc_0/bd_0/ip/ip_12/bd_afc3_swn_0_clocks.xdc:59]
WARNING: [Vivado_Tcl 4-921] Waiver ID 'CDC-1' -to list should not be empty. [c:/Sadat_files/Academics/Current_Term/COMP3601/Project/project_repo/COMP3601_Project_Audio_tuner/Lab3.gen/sources_1/bd/design_1/ip/design_1_axi_smc_0/bd_0/ip/ip_12/bd_afc3_swn_0_clocks.xdc:63]
WARNING: [Vivado_Tcl 4-921] Waiver ID 'CDC-1' -to list should not be empty. [c:/Sadat_files/Academics/Current_Term/COMP3601/Project/project_repo/COMP3601_Project_Audio_tuner/Lab3.gen/sources_1/bd/design_1/ip/design_1_axi_smc_0/bd_0/ip/ip_12/bd_afc3_swn_0_clocks.xdc:66]
WARNING: [Vivado_Tcl 4-921] Waiver ID 'CDC-1' -to list should not be empty. [c:/Sadat_files/Academics/Current_Term/COMP3601/Project/project_repo/COMP3601_Project_Audio_tuner/Lab3.gen/sources_1/bd/design_1/ip/design_1_axi_smc_0/bd_0/ip/ip_12/bd_afc3_swn_0_clocks.xdc:70]
WARNING: [Vivado_Tcl 4-921] Waiver ID 'CDC-1' -to list should not be empty. [c:/Sadat_files/Academics/Current_Term/COMP3601/Project/project_repo/COMP3601_Project_Audio_tuner/Lab3.gen/sources_1/bd/design_1/ip/design_1_axi_smc_0/bd_0/ip/ip_12/bd_afc3_swn_0_clocks.xdc:73]
WARNING: [Vivado_Tcl 4-921] Waiver ID 'CDC-1' -to list should not be empty. [c:/Sadat_files/Academics/Current_Term/COMP3601/Project/project_repo/COMP3601_Project_Audio_tuner/Lab3.gen/sources_1/bd/design_1/ip/design_1_axi_smc_0/bd_0/ip/ip_12/bd_afc3_swn_0_clocks.xdc:76]
WARNING: [Vivado_Tcl 4-921] Waiver ID 'CDC-1' -to list should not be empty. [c:/Sadat_files/Academics/Current_Term/COMP3601/Project/project_repo/COMP3601_Project_Audio_tuner/Lab3.gen/sources_1/bd/design_1/ip/design_1_axi_smc_0/bd_0/ip/ip_12/bd_afc3_swn_0_clocks.xdc:79]
WARNING: [Vivado_Tcl 4-921] Waiver ID 'CDC-4' -to list should not be empty. [c:/Sadat_files/Academics/Current_Term/COMP3601/Project/project_repo/COMP3601_Project_Audio_tuner/Lab3.gen/sources_1/bd/design_1/ip/design_1_axi_smc_0/bd_0/ip/ip_12/bd_afc3_swn_0_clocks.xdc:85]
WARNING: [Vivado_Tcl 4-921] Waiver ID 'CDC-4' -to list should not be empty. [c:/Sadat_files/Academics/Current_Term/COMP3601/Project/project_repo/COMP3601_Project_Audio_tuner/Lab3.gen/sources_1/bd/design_1/ip/design_1_axi_smc_0/bd_0/ip/ip_12/bd_afc3_swn_0_clocks.xdc:88]
WARNING: [Vivado_Tcl 4-921] Waiver ID 'CDC-2' -to list should not be empty. [c:/Sadat_files/Academics/Current_Term/COMP3601/Project/project_repo/COMP3601_Project_Audio_tuner/Lab3.gen/sources_1/bd/design_1/ip/design_1_axi_smc_0/bd_0/ip/ip_12/bd_afc3_swn_0_clocks.xdc:91]
WARNING: [Vivado_Tcl 4-921] Waiver ID 'CDC-2' -to list should not be empty. [c:/Sadat_files/Academics/Current_Term/COMP3601/Project/project_repo/COMP3601_Project_Audio_tuner/Lab3.gen/sources_1/bd/design_1/ip/design_1_axi_smc_0/bd_0/ip/ip_12/bd_afc3_swn_0_clocks.xdc:94]
WARNING: [Vivado_Tcl 4-921] Waiver ID 'CDC-2' -to list should not be empty. [c:/Sadat_files/Academics/Current_Term/COMP3601/Project/project_repo/COMP3601_Project_Audio_tuner/Lab3.gen/sources_1/bd/design_1/ip/design_1_axi_smc_0/bd_0/ip/ip_12/bd_afc3_swn_0_clocks.xdc:97]
WARNING: [Vivado_Tcl 4-921] Waiver ID 'CDC-2' -to list should not be empty. [c:/Sadat_files/Academics/Current_Term/COMP3601/Project/project_repo/COMP3601_Project_Audio_tuner/Lab3.gen/sources_1/bd/design_1/ip/design_1_axi_smc_0/bd_0/ip/ip_12/bd_afc3_swn_0_clocks.xdc:100]
WARNING: [Vivado_Tcl 4-921] Waiver ID 'CDC-1' -to list should not be empty. [c:/Sadat_files/Academics/Current_Term/COMP3601/Project/project_repo/COMP3601_Project_Audio_tuner/Lab3.gen/sources_1/bd/design_1/ip/design_1_axi_smc_0/bd_0/ip/ip_12/bd_afc3_swn_0_clocks.xdc:104]
WARNING: [Vivado_Tcl 4-921] Waiver ID 'CDC-10' -to list should not be empty. [c:/Sadat_files/Academics/Current_Term/COMP3601/Project/project_repo/COMP3601_Project_Audio_tuner/Lab3.gen/sources_1/bd/design_1/ip/design_1_axi_smc_0/bd_0/ip/ip_12/bd_afc3_swn_0_clocks.xdc:107]
WARNING: [Vivado_Tcl 4-921] Waiver ID 'CDC-10' -to list should not be empty. [c:/Sadat_files/Academics/Current_Term/COMP3601/Project/project_repo/COMP3601_Project_Audio_tuner/Lab3.gen/sources_1/bd/design_1/ip/design_1_axi_smc_0/bd_0/ip/ip_12/bd_afc3_swn_0_clocks.xdc:110]
WARNING: [Vivado_Tcl 4-921] Waiver ID 'CDC-1' -to list should not be empty. [c:/Sadat_files/Academics/Current_Term/COMP3601/Project/project_repo/COMP3601_Project_Audio_tuner/Lab3.gen/sources_1/bd/design_1/ip/design_1_axi_smc_0/bd_0/ip/ip_12/bd_afc3_swn_0_clocks.xdc:113]
WARNING: [Vivado_Tcl 4-921] Waiver ID 'CDC-1' -to list should not be empty. [c:/Sadat_files/Academics/Current_Term/COMP3601/Project/project_repo/COMP3601_Project_Audio_tuner/Lab3.gen/sources_1/bd/design_1/ip/design_1_axi_smc_0/bd_0/ip/ip_12/bd_afc3_swn_0_clocks.xdc:116]
WARNING: [Vivado_Tcl 4-921] Waiver ID 'CDC-1' -to list should not be empty. [c:/Sadat_files/Academics/Current_Term/COMP3601/Project/project_repo/COMP3601_Project_Audio_tuner/Lab3.gen/sources_1/bd/design_1/ip/design_1_axi_smc_0/bd_0/ip/ip_12/bd_afc3_swn_0_clocks.xdc:119]
WARNING: [Vivado_Tcl 4-921] Waiver ID 'CDC-13' -to list should not be empty. [c:/Sadat_files/Academics/Current_Term/COMP3601/Project/project_repo/COMP3601_Project_Audio_tuner/Lab3.gen/sources_1/bd/design_1/ip/design_1_axi_smc_0/bd_0/ip/ip_12/bd_afc3_swn_0_clocks.xdc:122]
WARNING: [Vivado_Tcl 4-921] Waiver ID 'CDC-1' -to list should not be empty. [c:/Sadat_files/Academics/Current_Term/COMP3601/Project/project_repo/COMP3601_Project_Audio_tuner/Lab3.gen/sources_1/bd/design_1/ip/design_1_axi_smc_0/bd_0/ip/ip_12/bd_afc3_swn_0_clocks.xdc:125]
WARNING: [Vivado_Tcl 4-921] Waiver ID 'CDC-1' -to list should not be empty. [c:/Sadat_files/Academics/Current_Term/COMP3601/Project/project_repo/COMP3601_Project_Audio_tuner/Lab3.gen/sources_1/bd/design_1/ip/design_1_axi_smc_0/bd_0/ip/ip_12/bd_afc3_swn_0_clocks.xdc:128]
WARNING: [Vivado_Tcl 4-921] Waiver ID 'CDC-13' -to list should not be empty. [c:/Sadat_files/Academics/Current_Term/COMP3601/Project/project_repo/COMP3601_Project_Audio_tuner/Lab3.gen/sources_1/bd/design_1/ip/design_1_axi_smc_0/bd_0/ip/ip_12/bd_afc3_swn_0_clocks.xdc:131]
WARNING: [Vivado_Tcl 4-921] Waiver ID 'CDC-1' -to list should not be empty. [c:/Sadat_files/Academics/Current_Term/COMP3601/Project/project_repo/COMP3601_Project_Audio_tuner/Lab3.gen/sources_1/bd/design_1/ip/design_1_axi_smc_0/bd_0/ip/ip_12/bd_afc3_swn_0_clocks.xdc:134]
WARNING: [Vivado_Tcl 4-921] Waiver ID 'CDC-10' -to list should not be empty. [c:/Sadat_files/Academics/Current_Term/COMP3601/Project/project_repo/COMP3601_Project_Audio_tuner/Lab3.gen/sources_1/bd/design_1/ip/design_1_axi_smc_0/bd_0/ip/ip_12/bd_afc3_swn_0_clocks.xdc:137]
WARNING: [Vivado_Tcl 4-921] Waiver ID 'CDC-1' -to list should not be empty. [c:/Sadat_files/Academics/Current_Term/COMP3601/Project/project_repo/COMP3601_Project_Audio_tuner/Lab3.gen/sources_1/bd/design_1/ip/design_1_axi_smc_0/bd_0/ip/ip_12/bd_afc3_swn_0_clocks.xdc:140]
WARNING: [Vivado_Tcl 4-921] Waiver ID 'CDC-1' -to list should not be empty. [c:/Sadat_files/Academics/Current_Term/COMP3601/Project/project_repo/COMP3601_Project_Audio_tuner/Lab3.gen/sources_1/bd/design_1/ip/design_1_axi_smc_0/bd_0/ip/ip_12/bd_afc3_swn_0_clocks.xdc:143]
WARNING: [Vivado_Tcl 4-921] Waiver ID 'CDC-1' -to list should not be empty. [c:/Sadat_files/Academics/Current_Term/COMP3601/Project/project_repo/COMP3601_Project_Audio_tuner/Lab3.gen/sources_1/bd/design_1/ip/design_1_axi_smc_0/bd_0/ip/ip_12/bd_afc3_swn_0_clocks.xdc:146]
WARNING: [Vivado_Tcl 4-921] Waiver ID 'CDC-2' -to list should not be empty. [c:/Sadat_files/Academics/Current_Term/COMP3601/Project/project_repo/COMP3601_Project_Audio_tuner/Lab3.gen/sources_1/bd/design_1/ip/design_1_axi_smc_0/bd_0/ip/ip_12/bd_afc3_swn_0_clocks.xdc:149]
WARNING: [Vivado_Tcl 4-921] Waiver ID 'CDC-1' -to list should not be empty. [c:/Sadat_files/Academics/Current_Term/COMP3601/Project/project_repo/COMP3601_Project_Audio_tuner/Lab3.gen/sources_1/bd/design_1/ip/design_1_axi_smc_0/bd_0/ip/ip_12/bd_afc3_swn_0_clocks.xdc:152]
WARNING: [Vivado_Tcl 4-921] Waiver ID 'CDC-1' -to list should not be empty. [c:/Sadat_files/Academics/Current_Term/COMP3601/Project/project_repo/COMP3601_Project_Audio_tuner/Lab3.gen/sources_1/bd/design_1/ip/design_1_axi_smc_0/bd_0/ip/ip_12/bd_afc3_swn_0_clocks.xdc:155]
WARNING: [Vivado_Tcl 4-921] Waiver ID 'CDC-10' -to list should not be empty. [c:/Sadat_files/Academics/Current_Term/COMP3601/Project/project_repo/COMP3601_Project_Audio_tuner/Lab3.gen/sources_1/bd/design_1/ip/design_1_axi_smc_0/bd_0/ip/ip_12/bd_afc3_swn_0_clocks.xdc:161]
WARNING: [Vivado_Tcl 4-921] Waiver ID 'CDC-4' -to list should not be empty. [c:/Sadat_files/Academics/Current_Term/COMP3601/Project/project_repo/COMP3601_Project_Audio_tuner/Lab3.gen/sources_1/bd/design_1/ip/design_1_axi_smc_0/bd_0/ip/ip_12/bd_afc3_swn_0_clocks.xdc:164]
WARNING: [Vivado_Tcl 4-921] Waiver ID 'CDC-4' -to list should not be empty. [c:/Sadat_files/Academics/Current_Term/COMP3601/Project/project_repo/COMP3601_Project_Audio_tuner/Lab3.gen/sources_1/bd/design_1/ip/design_1_axi_smc_0/bd_0/ip/ip_12/bd_afc3_swn_0_clocks.xdc:167]
WARNING: [Vivado_Tcl 4-921] Waiver ID 'CDC-4' -to list should not be empty. [c:/Sadat_files/Academics/Current_Term/COMP3601/Project/project_repo/COMP3601_Project_Audio_tuner/Lab3.gen/sources_1/bd/design_1/ip/design_1_axi_smc_0/bd_0/ip/ip_12/bd_afc3_swn_0_clocks.xdc:171]
WARNING: [Vivado_Tcl 4-921] Waiver ID 'CDC-4' -to list should not be empty. [c:/Sadat_files/Academics/Current_Term/COMP3601/Project/project_repo/COMP3601_Project_Audio_tuner/Lab3.gen/sources_1/bd/design_1/ip/design_1_axi_smc_0/bd_0/ip/ip_12/bd_afc3_swn_0_clocks.xdc:174]
WARNING: [Vivado_Tcl 4-921] Waiver ID 'CDC-1' -to list should not be empty. [c:/Sadat_files/Academics/Current_Term/COMP3601/Project/project_repo/COMP3601_Project_Audio_tuner/Lab3.gen/sources_1/bd/design_1/ip/design_1_axi_smc_0/bd_0/ip/ip_12/bd_afc3_swn_0_clocks.xdc:178]
WARNING: [Vivado_Tcl 4-921] Waiver ID 'CDC-1' -to list should not be empty. [c:/Sadat_files/Academics/Current_Term/COMP3601/Project/project_repo/COMP3601_Project_Audio_tuner/Lab3.gen/sources_1/bd/design_1/ip/design_1_axi_smc_0/bd_0/ip/ip_12/bd_afc3_swn_0_clocks.xdc:181]
WARNING: [Vivado_Tcl 4-921] Waiver ID 'CDC-13' -to list should not be empty. [c:/Sadat_files/Academics/Current_Term/COMP3601/Project/project_repo/COMP3601_Project_Audio_tuner/Lab3.gen/sources_1/bd/design_1/ip/design_1_axi_smc_0/bd_0/ip/ip_12/bd_afc3_swn_0_clocks.xdc:184]
Finished Parsing XDC File [c:/Sadat_files/Academics/Current_Term/COMP3601/Project/project_repo/COMP3601_Project_Audio_tuner/Lab3.gen/sources_1/bd/design_1/ip/design_1_axi_smc_0/bd_0/ip/ip_12/bd_afc3_swn_0_clocks.xdc] for cell 'design_1_i/axi_smc/inst/s00_nodes/s00_w_node/inst'
Parsing XDC File [c:/Sadat_files/Academics/Current_Term/COMP3601/Project/project_repo/COMP3601_Project_Audio_tuner/Lab3.gen/sources_1/bd/design_1/ip/design_1_axi_smc_0/bd_0/ip/ip_13/bd_afc3_sbn_0_clocks.xdc] for cell 'design_1_i/axi_smc/inst/s00_nodes/s00_b_node/inst'
WARNING: [Vivado_Tcl 4-921] Waiver ID 'CDC-1' -to list should not be empty. [c:/Sadat_files/Academics/Current_Term/COMP3601/Project/project_repo/COMP3601_Project_Audio_tuner/Lab3.gen/sources_1/bd/design_1/ip/design_1_axi_smc_0/bd_0/ip/ip_13/bd_afc3_sbn_0_clocks.xdc:49]
WARNING: [Vivado_Tcl 4-921] Waiver ID 'CDC-1' -to list should not be empty. [c:/Sadat_files/Academics/Current_Term/COMP3601/Project/project_repo/COMP3601_Project_Audio_tuner/Lab3.gen/sources_1/bd/design_1/ip/design_1_axi_smc_0/bd_0/ip/ip_13/bd_afc3_sbn_0_clocks.xdc:52]
WARNING: [Vivado_Tcl 4-921] Waiver ID 'CDC-1' -to list should not be empty. [c:/Sadat_files/Academics/Current_Term/COMP3601/Project/project_repo/COMP3601_Project_Audio_tuner/Lab3.gen/sources_1/bd/design_1/ip/design_1_axi_smc_0/bd_0/ip/ip_13/bd_afc3_sbn_0_clocks.xdc:55]
WARNING: [Vivado_Tcl 4-921] Waiver ID 'CDC-1' -to list should not be empty. [c:/Sadat_files/Academics/Current_Term/COMP3601/Project/project_repo/COMP3601_Project_Audio_tuner/Lab3.gen/sources_1/bd/design_1/ip/design_1_axi_smc_0/bd_0/ip/ip_13/bd_afc3_sbn_0_clocks.xdc:59]
WARNING: [Vivado_Tcl 4-921] Waiver ID 'CDC-1' -to list should not be empty. [c:/Sadat_files/Academics/Current_Term/COMP3601/Project/project_repo/COMP3601_Project_Audio_tuner/Lab3.gen/sources_1/bd/design_1/ip/design_1_axi_smc_0/bd_0/ip/ip_13/bd_afc3_sbn_0_clocks.xdc:63]
WARNING: [Vivado_Tcl 4-921] Waiver ID 'CDC-1' -to list should not be empty. [c:/Sadat_files/Academics/Current_Term/COMP3601/Project/project_repo/COMP3601_Project_Audio_tuner/Lab3.gen/sources_1/bd/design_1/ip/design_1_axi_smc_0/bd_0/ip/ip_13/bd_afc3_sbn_0_clocks.xdc:66]
WARNING: [Vivado_Tcl 4-921] Waiver ID 'CDC-1' -to list should not be empty. [c:/Sadat_files/Academics/Current_Term/COMP3601/Project/project_repo/COMP3601_Project_Audio_tuner/Lab3.gen/sources_1/bd/design_1/ip/design_1_axi_smc_0/bd_0/ip/ip_13/bd_afc3_sbn_0_clocks.xdc:70]
INFO: [Common 17-14] Message 'Vivado 12-180' appears 100 times and further instances of the messages will be disabled. Use the Tcl command set_msg_config to change the current settings. [c:/Sadat_files/Academics/Current_Term/COMP3601/Project/project_repo/COMP3601_Project_Audio_tuner/Lab3.gen/sources_1/bd/design_1/ip/design_1_axi_smc_0/bd_0/ip/ip_13/bd_afc3_sbn_0_clocks.xdc:73]
WARNING: [Vivado_Tcl 4-921] Waiver ID 'CDC-1' -to list should not be empty. [c:/Sadat_files/Academics/Current_Term/COMP3601/Project/project_repo/COMP3601_Project_Audio_tuner/Lab3.gen/sources_1/bd/design_1/ip/design_1_axi_smc_0/bd_0/ip/ip_13/bd_afc3_sbn_0_clocks.xdc:73]
WARNING: [Vivado_Tcl 4-921] Waiver ID 'CDC-1' -to list should not be empty. [c:/Sadat_files/Academics/Current_Term/COMP3601/Project/project_repo/COMP3601_Project_Audio_tuner/Lab3.gen/sources_1/bd/design_1/ip/design_1_axi_smc_0/bd_0/ip/ip_13/bd_afc3_sbn_0_clocks.xdc:76]
WARNING: [Vivado_Tcl 4-921] Waiver ID 'CDC-1' -to list should not be empty. [c:/Sadat_files/Academics/Current_Term/COMP3601/Project/project_repo/COMP3601_Project_Audio_tuner/Lab3.gen/sources_1/bd/design_1/ip/design_1_axi_smc_0/bd_0/ip/ip_13/bd_afc3_sbn_0_clocks.xdc:79]
WARNING: [Vivado_Tcl 4-921] Waiver ID 'CDC-1' -to list should not be empty. [c:/Sadat_files/Academics/Current_Term/COMP3601/Project/project_repo/COMP3601_Project_Audio_tuner/Lab3.gen/sources_1/bd/design_1/ip/design_1_axi_smc_0/bd_0/ip/ip_13/bd_afc3_sbn_0_clocks.xdc:82]
WARNING: [Vivado_Tcl 4-921] Waiver ID 'CDC-4' -to list should not be empty. [c:/Sadat_files/Academics/Current_Term/COMP3601/Project/project_repo/COMP3601_Project_Audio_tuner/Lab3.gen/sources_1/bd/design_1/ip/design_1_axi_smc_0/bd_0/ip/ip_13/bd_afc3_sbn_0_clocks.xdc:85]
INFO: [Common 17-14] Message 'Vivado_Tcl 4-921' appears 100 times and further instances of the messages will be disabled. Use the Tcl command set_msg_config to change the current settings. [c:/Sadat_files/Academics/Current_Term/COMP3601/Project/project_repo/COMP3601_Project_Audio_tuner/Lab3.gen/sources_1/bd/design_1/ip/design_1_axi_smc_0/bd_0/ip/ip_13/bd_afc3_sbn_0_clocks.xdc:85]
Finished Parsing XDC File [c:/Sadat_files/Academics/Current_Term/COMP3601/Project/project_repo/COMP3601_Project_Audio_tuner/Lab3.gen/sources_1/bd/design_1/ip/design_1_axi_smc_0/bd_0/ip/ip_13/bd_afc3_sbn_0_clocks.xdc] for cell 'design_1_i/axi_smc/inst/s00_nodes/s00_b_node/inst'
Parsing XDC File [c:/Sadat_files/Academics/Current_Term/COMP3601/Project/project_repo/COMP3601_Project_Audio_tuner/Lab3.gen/sources_1/bd/design_1/ip/design_1_axi_smc_0/bd_0/ip/ip_18/bd_afc3_sarn_0_clocks.xdc] for cell 'design_1_i/axi_smc/inst/s01_nodes/s01_ar_node/inst'
Finished Parsing XDC File [c:/Sadat_files/Academics/Current_Term/COMP3601/Project/project_repo/COMP3601_Project_Audio_tuner/Lab3.gen/sources_1/bd/design_1/ip/design_1_axi_smc_0/bd_0/ip/ip_18/bd_afc3_sarn_0_clocks.xdc] for cell 'design_1_i/axi_smc/inst/s01_nodes/s01_ar_node/inst'
Parsing XDC File [c:/Sadat_files/Academics/Current_Term/COMP3601/Project/project_repo/COMP3601_Project_Audio_tuner/Lab3.gen/sources_1/bd/design_1/ip/design_1_axi_smc_0/bd_0/ip/ip_19/bd_afc3_srn_0_clocks.xdc] for cell 'design_1_i/axi_smc/inst/s01_nodes/s01_r_node/inst'
Finished Parsing XDC File [c:/Sadat_files/Academics/Current_Term/COMP3601/Project/project_repo/COMP3601_Project_Audio_tuner/Lab3.gen/sources_1/bd/design_1/ip/design_1_axi_smc_0/bd_0/ip/ip_19/bd_afc3_srn_0_clocks.xdc] for cell 'design_1_i/axi_smc/inst/s01_nodes/s01_r_node/inst'
Parsing XDC File [c:/Sadat_files/Academics/Current_Term/COMP3601/Project/project_repo/COMP3601_Project_Audio_tuner/Lab3.gen/sources_1/bd/design_1/ip/design_1_axi_smc_0/bd_0/ip/ip_21/bd_afc3_m00arn_0_clocks.xdc] for cell 'design_1_i/axi_smc/inst/m00_nodes/m00_ar_node/inst'
Finished Parsing XDC File [c:/Sadat_files/Academics/Current_Term/COMP3601/Project/project_repo/COMP3601_Project_Audio_tuner/Lab3.gen/sources_1/bd/design_1/ip/design_1_axi_smc_0/bd_0/ip/ip_21/bd_afc3_m00arn_0_clocks.xdc] for cell 'design_1_i/axi_smc/inst/m00_nodes/m00_ar_node/inst'
Parsing XDC File [c:/Sadat_files/Academics/Current_Term/COMP3601/Project/project_repo/COMP3601_Project_Audio_tuner/Lab3.gen/sources_1/bd/design_1/ip/design_1_axi_smc_0/bd_0/ip/ip_22/bd_afc3_m00rn_0_clocks.xdc] for cell 'design_1_i/axi_smc/inst/m00_nodes/m00_r_node/inst'
Finished Parsing XDC File [c:/Sadat_files/Academics/Current_Term/COMP3601/Project/project_repo/COMP3601_Project_Audio_tuner/Lab3.gen/sources_1/bd/design_1/ip/design_1_axi_smc_0/bd_0/ip/ip_22/bd_afc3_m00rn_0_clocks.xdc] for cell 'design_1_i/axi_smc/inst/m00_nodes/m00_r_node/inst'
Parsing XDC File [c:/Sadat_files/Academics/Current_Term/COMP3601/Project/project_repo/COMP3601_Project_Audio_tuner/Lab3.gen/sources_1/bd/design_1/ip/design_1_axi_smc_0/bd_0/ip/ip_23/bd_afc3_m00awn_0_clocks.xdc] for cell 'design_1_i/axi_smc/inst/m00_nodes/m00_aw_node/inst'
Finished Parsing XDC File [c:/Sadat_files/Academics/Current_Term/COMP3601/Project/project_repo/COMP3601_Project_Audio_tuner/Lab3.gen/sources_1/bd/design_1/ip/design_1_axi_smc_0/bd_0/ip/ip_23/bd_afc3_m00awn_0_clocks.xdc] for cell 'design_1_i/axi_smc/inst/m00_nodes/m00_aw_node/inst'
Parsing XDC File [c:/Sadat_files/Academics/Current_Term/COMP3601/Project/project_repo/COMP3601_Project_Audio_tuner/Lab3.gen/sources_1/bd/design_1/ip/design_1_axi_smc_0/bd_0/ip/ip_24/bd_afc3_m00wn_0_clocks.xdc] for cell 'design_1_i/axi_smc/inst/m00_nodes/m00_w_node/inst'
Finished Parsing XDC File [c:/Sadat_files/Academics/Current_Term/COMP3601/Project/project_repo/COMP3601_Project_Audio_tuner/Lab3.gen/sources_1/bd/design_1/ip/design_1_axi_smc_0/bd_0/ip/ip_24/bd_afc3_m00wn_0_clocks.xdc] for cell 'design_1_i/axi_smc/inst/m00_nodes/m00_w_node/inst'
Parsing XDC File [c:/Sadat_files/Academics/Current_Term/COMP3601/Project/project_repo/COMP3601_Project_Audio_tuner/Lab3.gen/sources_1/bd/design_1/ip/design_1_axi_smc_0/bd_0/ip/ip_25/bd_afc3_m00bn_0_clocks.xdc] for cell 'design_1_i/axi_smc/inst/m00_nodes/m00_b_node/inst'
Finished Parsing XDC File [c:/Sadat_files/Academics/Current_Term/COMP3601/Project/project_repo/COMP3601_Project_Audio_tuner/Lab3.gen/sources_1/bd/design_1/ip/design_1_axi_smc_0/bd_0/ip/ip_25/bd_afc3_m00bn_0_clocks.xdc] for cell 'design_1_i/axi_smc/inst/m00_nodes/m00_b_node/inst'
Parsing XDC File [c:/Sadat_files/Academics/Current_Term/COMP3601/Project/project_repo/COMP3601_Project_Audio_tuner/Lab3.gen/sources_1/bd/design_1/ip/design_1_axi_smc_0/smartconnect.xdc] for cell 'design_1_i/axi_smc/inst'
WARNING: [Vivado_Tcl 4-919] Waiver ID 'CDC-1' -from list should not be empty. [c:/Sadat_files/Academics/Current_Term/COMP3601/Project/project_repo/COMP3601_Project_Audio_tuner/Lab3.gen/sources_1/bd/design_1/ip/design_1_axi_smc_0/smartconnect.xdc:1]
Finished Parsing XDC File [c:/Sadat_files/Academics/Current_Term/COMP3601/Project/project_repo/COMP3601_Project_Audio_tuner/Lab3.gen/sources_1/bd/design_1/ip/design_1_axi_smc_0/smartconnect.xdc] for cell 'design_1_i/axi_smc/inst'
Parsing XDC File [C:/Sadat_files/Academics/Current_Term/COMP3601/Project/project_repo/COMP3601_Project_Audio_tuner/Lab3.srcs/constrs_1/imports/COMP3601/kria-constraints.xdc]
WARNING: [Vivado 12-4702] SLEW is not a supported property on input port(s). Setting is ignored. [C:/Sadat_files/Academics/Current_Term/COMP3601/Project/project_repo/COMP3601_Project_Audio_tuner/Lab3.srcs/constrs_1/imports/COMP3601/kria-constraints.xdc:35]
WARNING: [Vivado 12-4702] SLEW is not a supported property on input port(s). Setting is ignored. [C:/Sadat_files/Academics/Current_Term/COMP3601/Project/project_repo/COMP3601_Project_Audio_tuner/Lab3.srcs/constrs_1/imports/COMP3601/kria-constraints.xdc:39]
WARNING: [Vivado 12-4702] DRIVE is not a supported property on input port(s). Setting is ignored. [C:/Sadat_files/Academics/Current_Term/COMP3601/Project/project_repo/COMP3601_Project_Audio_tuner/Lab3.srcs/constrs_1/imports/COMP3601/kria-constraints.xdc:45]
WARNING: [Vivado 12-4702] DRIVE is not a supported property on input port(s). Setting is ignored. [C:/Sadat_files/Academics/Current_Term/COMP3601/Project/project_repo/COMP3601_Project_Audio_tuner/Lab3.srcs/constrs_1/imports/COMP3601/kria-constraints.xdc:49]
Finished Parsing XDC File [C:/Sadat_files/Academics/Current_Term/COMP3601/Project/project_repo/COMP3601_Project_Audio_tuner/Lab3.srcs/constrs_1/imports/COMP3601/kria-constraints.xdc]
Parsing XDC File [c:/Sadat_files/Academics/Current_Term/COMP3601/Project/project_repo/COMP3601_Project_Audio_tuner/Lab3.gen/sources_1/bd/design_1/ip/design_1_axi_dma_0_0/design_1_axi_dma_0_0_clocks.xdc] for cell 'design_1_i/axi_dma_0/U0'
Finished Parsing XDC File [c:/Sadat_files/Academics/Current_Term/COMP3601/Project/project_repo/COMP3601_Project_Audio_tuner/Lab3.gen/sources_1/bd/design_1/ip/design_1_axi_dma_0_0/design_1_axi_dma_0_0_clocks.xdc] for cell 'design_1_i/axi_dma_0/U0'
Parsing XDC File [c:/Sadat_files/Academics/Current_Term/COMP3601/Project/project_repo/COMP3601_Project_Audio_tuner/Lab3.gen/sources_1/bd/design_1/ip/design_1_auto_ds_0/design_1_auto_ds_0_clocks.xdc] for cell 'design_1_i/ps8_0_axi_periph/s00_couplers/auto_ds/inst'
Finished Parsing XDC File [c:/Sadat_files/Academics/Current_Term/COMP3601/Project/project_repo/COMP3601_Project_Audio_tuner/Lab3.gen/sources_1/bd/design_1/ip/design_1_auto_ds_0/design_1_auto_ds_0_clocks.xdc] for cell 'design_1_i/ps8_0_axi_periph/s00_couplers/auto_ds/inst'
Parsing XDC File [c:/Sadat_files/Academics/Current_Term/COMP3601/Project/project_repo/COMP3601_Project_Audio_tuner/Lab3.gen/sources_1/bd/design_1/ip/design_1_auto_ds_1/design_1_auto_ds_1_clocks.xdc] for cell 'design_1_i/ps8_0_axi_periph/s01_couplers/auto_ds/inst'
Finished Parsing XDC File [c:/Sadat_files/Academics/Current_Term/COMP3601/Project/project_repo/COMP3601_Project_Audio_tuner/Lab3.gen/sources_1/bd/design_1/ip/design_1_auto_ds_1/design_1_auto_ds_1_clocks.xdc] for cell 'design_1_i/ps8_0_axi_periph/s01_couplers/auto_ds/inst'
INFO: [Project 1-1714] 50 XPM XDC files have been applied to the design.
INFO: [Opt 31-138] Pushed 0 inverter(s) to 0 load pin(s).
INFO: [Project 1-1687] 493 scoped IP constraints or related sub-commands were skipped due to synthesis logic optimizations usually triggered by constant connectivity or unconnected output pins. To review the skipped constraints and messages, run the command 'set_param netlist.IPMsgFiltering false' before opening the design.
Netlist sorting complete. Time (s): cpu = 00:00:00 ; elapsed = 00:00:00.006 . Memory (MB): peak = 2679.609 ; gain = 0.000
INFO: [Project 1-111] Unisim Transformation Summary:
  A total of 284 instances were transformed.
  IBUF => IBUF (IBUFCTRL, INBUF): 2 instances
  RAM16X1D => RAM32X1D (RAMD32(x2)): 1 instance 
  RAM32M => RAM32M (RAMD32(x6), RAMS32(x2)): 3 instances
  RAM32M16 => RAM32M16 (RAMD32(x14), RAMS32(x2)): 82 instances
  RAM32X1D => RAM32X1D (RAMD32(x2)): 4 instances
  RAM64M8 => RAM64M8 (RAMD64E(x8)): 192 instances

14 Infos, 106 Warnings, 0 Critical Warnings and 0 Errors encountered.
link_design completed successfully
link_design: Time (s): cpu = 00:00:26 ; elapsed = 00:00:35 . Memory (MB): peak = 2679.609 ; gain = 2091.980
Command: opt_design
Attempting to get a license for feature 'Implementation' and/or device 'xck26'
INFO: [Common 17-349] Got license for feature 'Implementation' and/or device 'xck26'
Running DRC as a precondition to command opt_design

Starting DRC Task
INFO: [DRC 23-27] Running DRC with 2 threads
INFO: [Project 1-461] DRC finished with 0 Errors
INFO: [Project 1-462] Please refer to the DRC report (report_drc) for more information.

Time (s): cpu = 00:00:02 ; elapsed = 00:00:02 . Memory (MB): peak = 2679.609 ; gain = 0.000

Starting Cache Timing Information Task
INFO: [Timing 38-35] Done setting XDC timing constraints.
Ending Cache Timing Information Task | Checksum: f8784cbf

Time (s): cpu = 00:00:02 ; elapsed = 00:00:01 . Memory (MB): peak = 2679.609 ; gain = 0.000

Starting Logic Optimization Task

Phase 1 Initialization

Phase 1.1 Core Generation And Design Setup
Phase 1.1 Core Generation And Design Setup | Checksum: f8784cbf

Time (s): cpu = 00:00:00 ; elapsed = 00:00:00.009 . Memory (MB): peak = 3038.723 ; gain = 0.000

Phase 1.2 Setup Constraints And Sort Netlist
Phase 1.2 Setup Constraints And Sort Netlist | Checksum: f8784cbf

Time (s): cpu = 00:00:00 ; elapsed = 00:00:00.020 . Memory (MB): peak = 3038.723 ; gain = 0.000
Phase 1 Initialization | Checksum: f8784cbf

Time (s): cpu = 00:00:00 ; elapsed = 00:00:00.022 . Memory (MB): peak = 3038.723 ; gain = 0.000

Phase 2 Timer Update And Timing Data Collection

Phase 2.1 Timer Update
Phase 2.1 Timer Update | Checksum: f8784cbf

Time (s): cpu = 00:00:00 ; elapsed = 00:00:00.461 . Memory (MB): peak = 3042.773 ; gain = 4.051

Phase 2.2 Timing Data Collection
Phase 2.2 Timing Data Collection | Checksum: f8784cbf

Time (s): cpu = 00:00:00 ; elapsed = 00:00:00.529 . Memory (MB): peak = 3042.773 ; gain = 4.051
Phase 2 Timer Update And Timing Data Collection | Checksum: f8784cbf

Time (s): cpu = 00:00:00 ; elapsed = 00:00:00.531 . Memory (MB): peak = 3042.773 ; gain = 4.051

Phase 3 Retarget
INFO: [Opt 31-1834] Total Chains To Be Transformed Were: 0 AND Number of Transformed insts Created are: 0
INFO: [Opt 31-1566] Pulled 7 inverters resulting in an inversion of 54 pins
INFO: [Opt 31-138] Pushed 59 inverter(s) to 2458 load pin(s).
INFO: [Opt 31-49] Retargeted 0 cell(s).
Phase 3 Retarget | Checksum: 1d0a9ca93

Time (s): cpu = 00:00:01 ; elapsed = 00:00:01 . Memory (MB): peak = 3042.773 ; gain = 4.051
Retarget | Checksum: 1d0a9ca93
INFO: [Opt 31-389] Phase Retarget created 2 cells and removed 389 cells
INFO: [Opt 31-1021] In phase Retarget, 94 netlist objects are constrained preventing optimization. Please run opt_design with -debug_log to get more detail. 

Phase 4 Constant propagation
INFO: [Opt 31-138] Pushed 0 inverter(s) to 0 load pin(s).
Phase 4 Constant propagation | Checksum: 157e25b18

Time (s): cpu = 00:00:01 ; elapsed = 00:00:01 . Memory (MB): peak = 3042.773 ; gain = 4.051
Constant propagation | Checksum: 157e25b18
INFO: [Opt 31-389] Phase Constant propagation created 0 cells and removed 0 cells
INFO: [Opt 31-1021] In phase Constant propagation, 94 netlist objects are constrained preventing optimization. Please run opt_design with -debug_log to get more detail. 

Phase 5 Sweep
Phase 5 Sweep | Checksum: 1b4041ab6

Time (s): cpu = 00:00:02 ; elapsed = 00:00:02 . Memory (MB): peak = 3042.773 ; gain = 4.051
Sweep | Checksum: 1b4041ab6
INFO: [Opt 31-389] Phase Sweep created 0 cells and removed 50 cells
INFO: [Opt 31-1021] In phase Sweep, 245 netlist objects are constrained preventing optimization. Please run opt_design with -debug_log to get more detail. 

Phase 6 BUFG optimization
INFO: [Opt 31-1077] Phase BUFG optimization inserted 0 global clock buffer(s) for CLOCK_LOW_FANOUT.
Phase 6 BUFG optimization | Checksum: 1b4041ab6

Time (s): cpu = 00:00:03 ; elapsed = 00:00:03 . Memory (MB): peak = 3042.773 ; gain = 4.051
BUFG optimization | Checksum: 1b4041ab6
INFO: [Opt 31-662] Phase BUFG optimization created 0 cells of which 0 are BUFGs and removed 0 cells.

Phase 7 Shift Register Optimization
INFO: [Opt 31-1064] SRL Remap converted 0 SRLs to 0 registers and converted 0 registers of register chains to 0 SRLs
Phase 7 Shift Register Optimization | Checksum: 1b4041ab6

Time (s): cpu = 00:00:03 ; elapsed = 00:00:03 . Memory (MB): peak = 3042.773 ; gain = 4.051
Shift Register Optimization | Checksum: 1b4041ab6
INFO: [Opt 31-389] Phase Shift Register Optimization created 0 cells and removed 0 cells

Phase 8 Post Processing Netlist
Phase 8 Post Processing Netlist | Checksum: 1b4041ab6

Time (s): cpu = 00:00:03 ; elapsed = 00:00:03 . Memory (MB): peak = 3042.773 ; gain = 4.051
Post Processing Netlist | Checksum: 1b4041ab6
INFO: [Opt 31-389] Phase Post Processing Netlist created 0 cells and removed 0 cells
INFO: [Opt 31-1021] In phase Post Processing Netlist, 106 netlist objects are constrained preventing optimization. Please run opt_design with -debug_log to get more detail. 

Phase 9 Finalization

Phase 9.1 Finalizing Design Cores and Updating Shapes
Phase 9.1 Finalizing Design Cores and Updating Shapes | Checksum: 1535f05d8

Time (s): cpu = 00:00:03 ; elapsed = 00:00:03 . Memory (MB): peak = 3042.773 ; gain = 4.051

Phase 9.2 Verifying Netlist Connectivity

Starting Connectivity Check Task

Time (s): cpu = 00:00:00 ; elapsed = 00:00:00.028 . Memory (MB): peak = 3042.773 ; gain = 0.000
Phase 9.2 Verifying Netlist Connectivity | Checksum: 1535f05d8

Time (s): cpu = 00:00:03 ; elapsed = 00:00:03 . Memory (MB): peak = 3042.773 ; gain = 4.051
Phase 9 Finalization | Checksum: 1535f05d8

Time (s): cpu = 00:00:03 ; elapsed = 00:00:03 . Memory (MB): peak = 3042.773 ; gain = 4.051
Opt_design Change Summary
=========================


-------------------------------------------------------------------------------------------------------------------------
|  Phase                        |  #Cells created  |  #Cells Removed  |  #Constrained objects preventing optimizations  |
-------------------------------------------------------------------------------------------------------------------------
|  Retarget                     |               2  |             389  |                                             94  |
|  Constant propagation         |               0  |               0  |                                             94  |
|  Sweep                        |               0  |              50  |                                            245  |
|  BUFG optimization            |               0  |               0  |                                              0  |
|  Shift Register Optimization  |               0  |               0  |                                              0  |
|  Post Processing Netlist      |               0  |               0  |                                            106  |
-------------------------------------------------------------------------------------------------------------------------


Ending Logic Optimization Task | Checksum: 1535f05d8

Time (s): cpu = 00:00:03 ; elapsed = 00:00:03 . Memory (MB): peak = 3042.773 ; gain = 4.051

Starting Power Optimization Task
INFO: [Pwropt 34-132] Skipping clock gating for clocks with a period < 2.00 ns.
INFO: [Pwropt 34-9] Applying IDT optimizations ...
INFO: [Pwropt 34-10] Applying ODC optimizations ...
INFO: [Timing 38-35] Done setting XDC timing constraints.
Running Vector-less Activity Propagation...

Finished Running Vector-less Activity Propagation


Starting PowerOpt Patch Enables Task
INFO: [Pwropt 34-162] WRITE_MODE attribute of 0 BRAM(s) out of a total of 2 has been updated to save power. Run report_power_opt to get a complete listing of the BRAMs updated.
INFO: [Pwropt 34-201] Structural ODC has moved 0 WE to EN ports
Number of BRAM Ports augmented: 0 newly gated: 0 Total Ports: 4
Ending PowerOpt Patch Enables Task | Checksum: 1535f05d8

Time (s): cpu = 00:00:00 ; elapsed = 00:00:00.068 . Memory (MB): peak = 3218.527 ; gain = 0.000
Ending Power Optimization Task | Checksum: 1535f05d8

Time (s): cpu = 00:00:07 ; elapsed = 00:00:05 . Memory (MB): peak = 3218.527 ; gain = 175.754

Starting Final Cleanup Task
Ending Final Cleanup Task | Checksum: 1535f05d8

Time (s): cpu = 00:00:00 ; elapsed = 00:00:00.001 . Memory (MB): peak = 3218.527 ; gain = 0.000

Starting Netlist Obfuscation Task
Netlist sorting complete. Time (s): cpu = 00:00:00 ; elapsed = 00:00:00.005 . Memory (MB): peak = 3218.527 ; gain = 0.000
Ending Netlist Obfuscation Task | Checksum: 1535f05d8

Time (s): cpu = 00:00:00 ; elapsed = 00:00:00.007 . Memory (MB): peak = 3218.527 ; gain = 0.000
INFO: [Common 17-83] Releasing license: Implementation
43 Infos, 106 Warnings, 0 Critical Warnings and 0 Errors encountered.
opt_design completed successfully
opt_design: Time (s): cpu = 00:00:17 ; elapsed = 00:00:14 . Memory (MB): peak = 3218.527 ; gain = 538.918
INFO: [Vivado 12-24828] Executing command : report_drc -file design_1_wrapper_drc_opted.rpt -pb design_1_wrapper_drc_opted.pb -rpx design_1_wrapper_drc_opted.rpx
Command: report_drc -file design_1_wrapper_drc_opted.rpt -pb design_1_wrapper_drc_opted.pb -rpx design_1_wrapper_drc_opted.rpx
INFO: [IP_Flow 19-1839] IP Catalog is up to date.
INFO: [Timing 38-35] Done setting XDC timing constraints.
INFO: [DRC 23-27] Running DRC with 2 threads
INFO: [Vivado_Tcl 2-168] The results of DRC are in file C:/Sadat_files/Academics/Current_Term/COMP3601/Project/project_repo/COMP3601_Project_Audio_tuner/Lab3.runs/impl_1/design_1_wrapper_drc_opted.rpt.
report_drc completed successfully
report_drc: Time (s): cpu = 00:00:23 ; elapsed = 00:00:21 . Memory (MB): peak = 4156.742 ; gain = 938.215
generate_parallel_reports: Time (s): cpu = 00:00:23 ; elapsed = 00:00:21 . Memory (MB): peak = 4156.742 ; gain = 938.215
INFO: [Timing 38-480] Writing timing data to binary archive.
Wrote PlaceDB: Time (s): cpu = 00:00:00 ; elapsed = 00:00:00.002 . Memory (MB): peak = 4156.742 ; gain = 0.000
Wrote PulsedLatchDB: Time (s): cpu = 00:00:00 ; elapsed = 00:00:00 . Memory (MB): peak = 4156.742 ; gain = 0.000
Writing XDEF routing.
Write ShapeDB Complete: Time (s): cpu = 00:00:00 ; elapsed = 00:00:00.035 . Memory (MB): peak = 4156.742 ; gain = 0.000
Writing XDEF routing logical nets.
Writing XDEF routing special nets.
Wrote RouteStorage: Time (s): cpu = 00:00:00 ; elapsed = 00:00:00.136 . Memory (MB): peak = 4156.742 ; gain = 0.000
Wrote Netlist Cache: Time (s): cpu = 00:00:00 ; elapsed = 00:00:00 . Memory (MB): peak = 4156.742 ; gain = 0.000
Wrote Device Cache: Time (s): cpu = 00:00:00 ; elapsed = 00:00:00.032 . Memory (MB): peak = 4156.742 ; gain = 0.000
Write Physdb Complete: Time (s): cpu = 00:00:01 ; elapsed = 00:00:00.193 . Memory (MB): peak = 4156.742 ; gain = 0.000
INFO: [Common 17-1381] The checkpoint 'C:/Sadat_files/Academics/Current_Term/COMP3601/Project/project_repo/COMP3601_Project_Audio_tuner/Lab3.runs/impl_1/design_1_wrapper_opt.dcp' has been generated.
Command: place_design
Attempting to get a license for feature 'Implementation' and/or device 'xck26'
INFO: [Common 17-349] Got license for feature 'Implementation' and/or device 'xck26'
INFO: [Common 17-83] Releasing license: Implementation
INFO: [DRC 23-27] Running DRC with 2 threads
INFO: [Vivado_Tcl 4-198] DRC finished with 0 Errors
INFO: [Vivado_Tcl 4-199] Please refer to the DRC report (report_drc) for more information.
Running DRC as a precondition to command place_design
INFO: [DRC 23-27] Running DRC with 2 threads
INFO: [Vivado_Tcl 4-198] DRC finished with 0 Errors
INFO: [Vivado_Tcl 4-199] Please refer to the DRC report (report_drc) for more information.
INFO: [Place 30-611] Multithreading enabled for place_design using a maximum of 2 CPUs

Starting Placer Task

Phase 1 Placer Initialization

Phase 1.1 Placer Initialization Netlist Sorting
Netlist sorting complete. Time (s): cpu = 00:00:00 ; elapsed = 00:00:00.008 . Memory (MB): peak = 4156.742 ; gain = 0.000
Phase 1.1 Placer Initialization Netlist Sorting | Checksum: 113e8a096

Time (s): cpu = 00:00:00 ; elapsed = 00:00:00.020 . Memory (MB): peak = 4156.742 ; gain = 0.000
Netlist sorting complete. Time (s): cpu = 00:00:00 ; elapsed = 00:00:00.006 . Memory (MB): peak = 4156.742 ; gain = 0.000

Phase 1.2 IO Placement/ Clock Placement/ Build Placer Device
Phase 1.2 IO Placement/ Clock Placement/ Build Placer Device | Checksum: 1dd2ad48f

Time (s): cpu = 00:00:02 ; elapsed = 00:00:02 . Memory (MB): peak = 4156.742 ; gain = 0.000

Phase 1.3 Build Placer Netlist Model
Phase 1.3 Build Placer Netlist Model | Checksum: 254e1689d

Time (s): cpu = 00:00:09 ; elapsed = 00:00:07 . Memory (MB): peak = 4156.742 ; gain = 0.000

Phase 1.4 Constrain Clocks/Macros
Phase 1.4 Constrain Clocks/Macros | Checksum: 254e1689d

Time (s): cpu = 00:00:09 ; elapsed = 00:00:07 . Memory (MB): peak = 4156.742 ; gain = 0.000
Phase 1 Placer Initialization | Checksum: 254e1689d

Time (s): cpu = 00:00:09 ; elapsed = 00:00:07 . Memory (MB): peak = 4156.742 ; gain = 0.000

Phase 2 Global Placement

Phase 2.1 Floorplanning

Phase 2.1.1 Partition Driven Placement

Phase 2.1.1.1 PBP: Partition Driven Placement
Phase 2.1.1.1 PBP: Partition Driven Placement | Checksum: 1f7a4f2e6

Time (s): cpu = 00:00:14 ; elapsed = 00:00:10 . Memory (MB): peak = 4156.742 ; gain = 0.000

Phase 2.1.1.2 PBP: Clock Region Placement
INFO: [Place 30-3162] Check ILP status : ILP-based clock placer completed successfully.
Phase 2.1.1.2 PBP: Clock Region Placement | Checksum: 331fe0a9b

Time (s): cpu = 00:00:14 ; elapsed = 00:00:11 . Memory (MB): peak = 4156.742 ; gain = 0.000

Phase 2.1.1.3 PBP: Compute Congestion
Phase 2.1.1.3 PBP: Compute Congestion | Checksum: 331fe0a9b

Time (s): cpu = 00:00:24 ; elapsed = 00:00:16 . Memory (MB): peak = 4156.742 ; gain = 0.000

Phase 2.1.1.4 PBP: UpdateTiming
Phase 2.1.1.4 PBP: UpdateTiming | Checksum: 393f21dcb

Time (s): cpu = 00:00:25 ; elapsed = 00:00:17 . Memory (MB): peak = 4156.742 ; gain = 0.000

Phase 2.1.1.5 PBP: Add part constraints
Phase 2.1.1.5 PBP: Add part constraints | Checksum: 393f21dcb

Time (s): cpu = 00:00:25 ; elapsed = 00:00:17 . Memory (MB): peak = 4156.742 ; gain = 0.000
Phase 2.1.1 Partition Driven Placement | Checksum: 393f21dcb

Time (s): cpu = 00:00:25 ; elapsed = 00:00:17 . Memory (MB): peak = 4156.742 ; gain = 0.000
Phase 2.1 Floorplanning | Checksum: 302a44120

Time (s): cpu = 00:00:25 ; elapsed = 00:00:17 . Memory (MB): peak = 4156.742 ; gain = 0.000

Phase 2.2 Update Timing before SLR Path Opt
Phase 2.2 Update Timing before SLR Path Opt | Checksum: 302a44120

Time (s): cpu = 00:00:25 ; elapsed = 00:00:17 . Memory (MB): peak = 4156.742 ; gain = 0.000

Phase 2.3 Post-Processing in Floorplanning
Phase 2.3 Post-Processing in Floorplanning | Checksum: 302a44120

Time (s): cpu = 00:00:25 ; elapsed = 00:00:17 . Memory (MB): peak = 4156.742 ; gain = 0.000

Phase 2.4 Global Placement Core

Phase 2.4.1 UpdateTiming Before Physical Synthesis
Phase 2.4.1 UpdateTiming Before Physical Synthesis | Checksum: 242328708

Time (s): cpu = 00:01:08 ; elapsed = 00:00:44 . Memory (MB): peak = 4156.742 ; gain = 0.000

Phase 2.4.2 Physical Synthesis In Placer
INFO: [Physopt 32-1035] Found 0 LUTNM shape to break, 559 LUT instances to create LUTNM shape
INFO: [Physopt 32-1044] Break lutnm for timing: one critical 0, two critical 0, total 0, new lutff created 0
INFO: [Physopt 32-1138] End 1 Pass. Optimized 216 nets or LUTs. Breaked 0 LUT, combined 216 existing LUTs and moved 0 existing LUT
INFO: [Physopt 32-1030] Pass 1. Identified 10 candidate driver sets for equivalent driver rewiring.
INFO: [Physopt 32-661] Optimized 2 nets.  Re-placed 3 instances.
INFO: [Physopt 32-775] End 1 Pass. Optimized 2 nets or cells. Created 0 new cell, deleted 0 existing cell and moved 3 existing cells
Netlist sorting complete. Time (s): cpu = 00:00:00 ; elapsed = 00:00:00.011 . Memory (MB): peak = 4156.742 ; gain = 0.000
INFO: [Physopt 32-1132] Very high fanout net 'design_1_i/audio_pipeline_0/inst/inst_fifo/wrp_reg[0]_rep_n_0' is not considered as a candidate in VHFN optimzation. The fanout considered for this optimization is changed from 1154 to 131 due to a timing constraint that prevent optimization on all of the loads. To force replication, set the FORCE_MAX_FANOUT property on the net to a number less than 131.
INFO: [Physopt 32-1132] Very high fanout net 'design_1_i/audio_pipeline_0/inst/inst_fifo/wrp_reg[2]_rep_n_0' is not considered as a candidate in VHFN optimzation. The fanout considered for this optimization is changed from 1153 to 130 due to a timing constraint that prevent optimization on all of the loads. To force replication, set the FORCE_MAX_FANOUT property on the net to a number less than 130.
INFO: [Physopt 32-1132] Very high fanout net 'design_1_i/audio_pipeline_0/inst/inst_fifo/wrp_reg_n_0_[3]' is not considered as a candidate in VHFN optimzation. The fanout considered for this optimization is changed from 1731 to 196 due to a timing constraint that prevent optimization on all of the loads. To force replication, set the FORCE_MAX_FANOUT property on the net to a number less than 196.
INFO: [Physopt 32-1132] Very high fanout net 'design_1_i/audio_pipeline_0/inst/inst_fifo/wrp_reg_n_0_[4]' is not considered as a candidate in VHFN optimzation. The fanout considered for this optimization is changed from 1731 to 196 due to a timing constraint that prevent optimization on all of the loads. To force replication, set the FORCE_MAX_FANOUT property on the net to a number less than 196.
INFO: [Physopt 32-1132] Very high fanout net 'design_1_i/audio_pipeline_0/inst/inst_fifo/wrp_reg_n_0_[5]' is not considered as a candidate in VHFN optimzation. The fanout considered for this optimization is changed from 1155 to 132 due to a timing constraint that prevent optimization on all of the loads. To force replication, set the FORCE_MAX_FANOUT property on the net to a number less than 132.
INFO: [Physopt 32-65] No nets found for high-fanout optimization.
INFO: [Physopt 32-232] Optimized 0 net. Created 0 new instance.
INFO: [Physopt 32-775] End 1 Pass. Optimized 0 net or cell. Created 0 new cell, deleted 0 existing cell and moved 0 existing cell
INFO: [Physopt 32-670] No setup violation found.  DSP Register Optimization was not performed.
INFO: [Physopt 32-670] No setup violation found.  Shift Register to Pipeline Optimization was not performed.
INFO: [Physopt 32-670] No setup violation found.  Shift Register Optimization was not performed.
INFO: [Physopt 32-670] No setup violation found.  BRAM Register Optimization was not performed.
INFO: [Physopt 32-670] No setup violation found.  URAM Register Optimization was not performed.
INFO: [Physopt 32-949] No candidate nets found for dynamic/static region interface net replication
INFO: [Physopt 32-775] End 1 Pass. Optimized 0 net or cell. Created 0 new cell, deleted 0 existing cell and moved 0 existing cell
Netlist sorting complete. Time (s): cpu = 00:00:00 ; elapsed = 00:00:00.007 . Memory (MB): peak = 4156.742 ; gain = 0.000

Summary of Physical Synthesis Optimizations
============================================


-----------------------------------------------------------------------------------------------------------------------------------------------------------
|  Optimization                                     |  Added Cells  |  Removed Cells  |  Optimized Cells/Nets  |  Dont Touch  |  Iterations  |  Elapsed   |
-----------------------------------------------------------------------------------------------------------------------------------------------------------
|  LUT Combining                                    |            0  |            216  |                   216  |           0  |           1  |  00:00:00  |
|  Retime                                           |            0  |              0  |                     0  |           0  |           1  |  00:00:00  |
|  Equivalent Driver Rewiring                       |            0  |              0  |                     2  |           0  |           1  |  00:00:00  |
|  Very High Fanout                                 |            0  |              0  |                     0  |           0  |           1  |  00:00:00  |
|  DSP Register                                     |            0  |              0  |                     0  |           0  |           0  |  00:00:00  |
|  Shift Register to Pipeline                       |            0  |              0  |                     0  |           0  |           0  |  00:00:00  |
|  Shift Register                                   |            0  |              0  |                     0  |           0  |           0  |  00:00:00  |
|  BRAM Register                                    |            0  |              0  |                     0  |           0  |           0  |  00:00:00  |
|  URAM Register                                    |            0  |              0  |                     0  |           0  |           0  |  00:00:00  |
|  Dynamic/Static Region Interface Net Replication  |            0  |              0  |                     0  |           0  |           1  |  00:00:00  |
|  Total                                            |            0  |            216  |                   218  |           0  |           5  |  00:00:01  |
-----------------------------------------------------------------------------------------------------------------------------------------------------------


Phase 2.4.2 Physical Synthesis In Placer | Checksum: 19e44dc7a

Time (s): cpu = 00:01:11 ; elapsed = 00:00:46 . Memory (MB): peak = 4156.742 ; gain = 0.000
Phase 2.4 Global Placement Core | Checksum: 1da988872

Time (s): cpu = 00:01:21 ; elapsed = 00:00:52 . Memory (MB): peak = 4156.742 ; gain = 0.000
Phase 2 Global Placement | Checksum: 1da988872

Time (s): cpu = 00:01:21 ; elapsed = 00:00:52 . Memory (MB): peak = 4156.742 ; gain = 0.000

Phase 3 Detail Placement

Phase 3.1 Commit Multi Column Macros
Phase 3.1 Commit Multi Column Macros | Checksum: 181dbcab9

Time (s): cpu = 00:01:31 ; elapsed = 00:00:59 . Memory (MB): peak = 4156.742 ; gain = 0.000

Phase 3.2 Commit Most Macros & LUTRAMs
Phase 3.2 Commit Most Macros & LUTRAMs | Checksum: 1f426a48e

Time (s): cpu = 00:01:35 ; elapsed = 00:01:02 . Memory (MB): peak = 4156.742 ; gain = 0.000

Phase 3.3 Small Shape DP

Phase 3.3.1 Small Shape Clustering
Phase 3.3.1 Small Shape Clustering | Checksum: 10b43ff5d

Time (s): cpu = 00:01:56 ; elapsed = 00:01:14 . Memory (MB): peak = 4156.742 ; gain = 0.000

Phase 3.3.2 Slice Area Swap

Phase 3.3.2.1 Slice Area Swap Initial
Phase 3.3.2.1 Slice Area Swap Initial | Checksum: 15ce1fec6

Time (s): cpu = 00:02:09 ; elapsed = 00:01:23 . Memory (MB): peak = 4156.742 ; gain = 0.000
Phase 3.3.2 Slice Area Swap | Checksum: 15ce1fec6

Time (s): cpu = 00:02:09 ; elapsed = 00:01:23 . Memory (MB): peak = 4156.742 ; gain = 0.000
Phase 3.3 Small Shape DP | Checksum: 287279337

Time (s): cpu = 00:02:33 ; elapsed = 00:01:36 . Memory (MB): peak = 4156.742 ; gain = 0.000

Phase 3.4 Re-assign LUT pins
Phase 3.4 Re-assign LUT pins | Checksum: 21345c5d7

Time (s): cpu = 00:02:33 ; elapsed = 00:01:37 . Memory (MB): peak = 4156.742 ; gain = 0.000

Phase 3.5 Pipeline Register Optimization
Phase 3.5 Pipeline Register Optimization | Checksum: 18554ac48

Time (s): cpu = 00:02:34 ; elapsed = 00:01:37 . Memory (MB): peak = 4156.742 ; gain = 0.000
Phase 3 Detail Placement | Checksum: 18554ac48

Time (s): cpu = 00:02:34 ; elapsed = 00:01:37 . Memory (MB): peak = 4156.742 ; gain = 0.000

Phase 4 Post Placement Optimization and Clean-Up

Phase 4.1 Post Commit Optimization
INFO: [Timing 38-35] Done setting XDC timing constraints.

Phase 4.1.1 Post Placement Optimization
Post Placement Optimization Initialization | Checksum: 201e0392f

Phase 4.1.1.1 BUFG Insertion

Starting Physical Synthesis Task

Phase 1 Physical Synthesis Initialization
INFO: [Physopt 32-721] Multithreading enabled for phys_opt_design using a maximum of 2 CPUs
INFO: [Physopt 32-619] Estimated Timing Summary | WNS=5.625 | TNS=0.000 |
Phase 1 Physical Synthesis Initialization | Checksum: 1153c6932

Time (s): cpu = 00:00:01 ; elapsed = 00:00:00.480 . Memory (MB): peak = 4187.160 ; gain = 0.000
INFO: [Place 46-56] BUFG insertion identified 0 candidate nets. Inserted BUFG: 0, Replicated BUFG Driver: 0, Skipped due to Placement/Routing Conflicts: 0, Skipped due to Timing Degradation: 0, Skipped due to netlist editing failed: 0.
Ending Physical Synthesis Task | Checksum: 1992b36a7

Time (s): cpu = 00:00:02 ; elapsed = 00:00:00.725 . Memory (MB): peak = 4187.160 ; gain = 0.000
Phase 4.1.1.1 BUFG Insertion | Checksum: 201e0392f

Time (s): cpu = 00:02:54 ; elapsed = 00:01:50 . Memory (MB): peak = 4187.160 ; gain = 30.418

Phase 4.1.1.2 Post Placement Timing Optimization
INFO: [Place 30-746] Post Placement Timing Summary WNS=5.625. For the most accurate timing information please run report_timing.
Phase 4.1.1.2 Post Placement Timing Optimization | Checksum: 1773a8112

Time (s): cpu = 00:02:54 ; elapsed = 00:01:51 . Memory (MB): peak = 4187.160 ; gain = 30.418

Time (s): cpu = 00:02:54 ; elapsed = 00:01:51 . Memory (MB): peak = 4187.160 ; gain = 30.418
Phase 4.1 Post Commit Optimization | Checksum: 1773a8112

Time (s): cpu = 00:02:54 ; elapsed = 00:01:51 . Memory (MB): peak = 4187.160 ; gain = 30.418
Netlist sorting complete. Time (s): cpu = 00:00:00 ; elapsed = 00:00:00.007 . Memory (MB): peak = 4204.129 ; gain = 0.000

Phase 4.2 Post Placement Cleanup
Phase 4.2 Post Placement Cleanup | Checksum: 188d80325

Time (s): cpu = 00:03:06 ; elapsed = 00:01:59 . Memory (MB): peak = 4204.129 ; gain = 47.387

Phase 4.3 Placer Reporting

Phase 4.3.1 Print Estimated Congestion
INFO: [Place 30-612] Post-Placement Estimated Congestion 
 ________________________________________________________________________
|           | Global Congestion | Long Congestion   | Short Congestion  |
| Direction | Region Size       | Region Size       | Region Size       |
|___________|___________________|___________________|___________________|
|      North|                1x1|                1x1|                1x1|
|___________|___________________|___________________|___________________|
|      South|                1x1|                1x1|                1x1|
|___________|___________________|___________________|___________________|
|       East|                1x1|                1x1|                1x1|
|___________|___________________|___________________|___________________|
|       West|                1x1|                1x1|                2x2|
|___________|___________________|___________________|___________________|

Phase 4.3.1 Print Estimated Congestion | Checksum: 188d80325

Time (s): cpu = 00:03:06 ; elapsed = 00:01:59 . Memory (MB): peak = 4204.129 ; gain = 47.387
Phase 4.3 Placer Reporting | Checksum: 188d80325

Time (s): cpu = 00:03:06 ; elapsed = 00:01:59 . Memory (MB): peak = 4204.129 ; gain = 47.387

Phase 4.4 Final Placement Cleanup
Netlist sorting complete. Time (s): cpu = 00:00:00 ; elapsed = 00:00:00.007 . Memory (MB): peak = 4204.129 ; gain = 0.000

Time (s): cpu = 00:03:06 ; elapsed = 00:01:59 . Memory (MB): peak = 4204.129 ; gain = 47.387
Phase 4 Post Placement Optimization and Clean-Up | Checksum: 19ef26329

Time (s): cpu = 00:03:06 ; elapsed = 00:01:59 . Memory (MB): peak = 4204.129 ; gain = 47.387
Ending Placer Task | Checksum: 18f51cd46

Time (s): cpu = 00:03:06 ; elapsed = 00:01:59 . Memory (MB): peak = 4204.129 ; gain = 47.387
87 Infos, 106 Warnings, 0 Critical Warnings and 0 Errors encountered.
place_design completed successfully
place_design: Time (s): cpu = 00:03:12 ; elapsed = 00:02:04 . Memory (MB): peak = 4204.129 ; gain = 47.387
INFO: [Vivado 12-24838] Running report commands "report_control_sets, report_io, report_utilization" in parallel.
Running report generation with 2 threads.
INFO: [Vivado 12-24828] Executing command : report_io -file design_1_wrapper_io_placed.rpt
report_io: Time (s): cpu = 00:00:00 ; elapsed = 00:00:00.099 . Memory (MB): peak = 4204.129 ; gain = 0.000
INFO: [Vivado 12-24828] Executing command : report_control_sets -verbose -file design_1_wrapper_control_sets_placed.rpt
report_control_sets: Time (s): cpu = 00:00:00 ; elapsed = 00:00:00.078 . Memory (MB): peak = 4204.129 ; gain = 0.000
INFO: [Vivado 12-24828] Executing command : report_utilization -file design_1_wrapper_utilization_placed.rpt -pb design_1_wrapper_utilization_placed.pb
INFO: [Timing 38-480] Writing timing data to binary archive.
Write ShapeDB Complete: Time (s): cpu = 00:00:00 ; elapsed = 00:00:00.079 . Memory (MB): peak = 4204.129 ; gain = 0.000
Wrote PlaceDB: Time (s): cpu = 00:00:03 ; elapsed = 00:00:01 . Memory (MB): peak = 4204.129 ; gain = 0.000
Wrote PulsedLatchDB: Time (s): cpu = 00:00:00 ; elapsed = 00:00:00 . Memory (MB): peak = 4204.129 ; gain = 0.000
Writing XDEF routing.
Writing XDEF routing logical nets.
Writing XDEF routing special nets.
Wrote RouteStorage: Time (s): cpu = 00:00:00 ; elapsed = 00:00:00.085 . Memory (MB): peak = 4204.129 ; gain = 0.000
Wrote Netlist Cache: Time (s): cpu = 00:00:00 ; elapsed = 00:00:00.022 . Memory (MB): peak = 4204.129 ; gain = 0.000
Wrote Device Cache: Time (s): cpu = 00:00:00 ; elapsed = 00:00:00.035 . Memory (MB): peak = 4204.129 ; gain = 0.000
Write Physdb Complete: Time (s): cpu = 00:00:03 ; elapsed = 00:00:01 . Memory (MB): peak = 4204.129 ; gain = 0.000
INFO: [Common 17-1381] The checkpoint 'C:/Sadat_files/Academics/Current_Term/COMP3601/Project/project_repo/COMP3601_Project_Audio_tuner/Lab3.runs/impl_1/design_1_wrapper_placed.dcp' has been generated.
Command: phys_opt_design
Attempting to get a license for feature 'Implementation' and/or device 'xck26'
INFO: [Common 17-349] Got license for feature 'Implementation' and/or device 'xck26'

Starting Initial Update Timing Task

Time (s): cpu = 00:00:06 ; elapsed = 00:00:04 . Memory (MB): peak = 4204.129 ; gain = 0.000
INFO: [Vivado_Tcl 4-2279] Estimated Timing Summary | WNS= 5.621 | TNS= 0.000 | 
INFO: [Vivado_Tcl 4-383] Design worst setup slack (WNS) is greater than or equal to 0.000 ns. All physical synthesis setup optimizations will be skipped.
INFO: [Vivado_Tcl 4-232] No setup violation found. The netlist was not modified.
INFO: [Common 17-83] Releasing license: Implementation
98 Infos, 106 Warnings, 0 Critical Warnings and 0 Errors encountered.
phys_opt_design completed successfully
INFO: [Timing 38-480] Writing timing data to binary archive.
Write ShapeDB Complete: Time (s): cpu = 00:00:00 ; elapsed = 00:00:00.074 . Memory (MB): peak = 4229.137 ; gain = 11.027
Wrote PlaceDB: Time (s): cpu = 00:00:03 ; elapsed = 00:00:01 . Memory (MB): peak = 4232.164 ; gain = 14.055
Wrote PulsedLatchDB: Time (s): cpu = 00:00:00 ; elapsed = 00:00:00 . Memory (MB): peak = 4232.164 ; gain = 0.000
Writing XDEF routing.
Writing XDEF routing logical nets.
Writing XDEF routing special nets.
Wrote RouteStorage: Time (s): cpu = 00:00:00 ; elapsed = 00:00:00.074 . Memory (MB): peak = 4232.164 ; gain = 0.000
Wrote Netlist Cache: Time (s): cpu = 00:00:00 ; elapsed = 00:00:00.023 . Memory (MB): peak = 4232.164 ; gain = 0.000
Wrote Device Cache: Time (s): cpu = 00:00:00 ; elapsed = 00:00:00.035 . Memory (MB): peak = 4232.164 ; gain = 0.000
Write Physdb Complete: Time (s): cpu = 00:00:03 ; elapsed = 00:00:01 . Memory (MB): peak = 4232.164 ; gain = 14.055
INFO: [Common 17-1381] The checkpoint 'C:/Sadat_files/Academics/Current_Term/COMP3601/Project/project_repo/COMP3601_Project_Audio_tuner/Lab3.runs/impl_1/design_1_wrapper_physopt.dcp' has been generated.
Command: route_design
Attempting to get a license for feature 'Implementation' and/or device 'xck26'
INFO: [Common 17-349] Got license for feature 'Implementation' and/or device 'xck26'
Running DRC as a precondition to command route_design
INFO: [DRC 23-27] Running DRC with 2 threads
INFO: [Vivado_Tcl 4-198] DRC finished with 0 Errors
INFO: [Vivado_Tcl 4-199] Please refer to the DRC report (report_drc) for more information.


Starting Routing Task
INFO: [Route 35-254] Multithreading enabled for route_design using a maximum of 8 CPUs

Phase 1 Build RT Design
Checksum: PlaceDB: 581d9529 ConstDB: 0 ShapeSum: 5f7f2fbe RouteDB: d7b5085f
Nodegraph reading from file.  Time (s): cpu = 00:00:00 ; elapsed = 00:00:00.847 . Memory (MB): peak = 4232.164 ; gain = 0.000
Post Restoration Checksum: NetGraph: 2e647b8b | NumContArr: 681a7a27 | Constraints: 2703dc42 | Timing: c2a8fa9d
Phase 1 Build RT Design | Checksum: 1802bcc91

Time (s): cpu = 00:00:11 ; elapsed = 00:00:07 . Memory (MB): peak = 4238.578 ; gain = 6.414

Phase 2 Router Initialization

Phase 2.1 Fix Topology Constraints
Phase 2.1 Fix Topology Constraints | Checksum: 1802bcc91

Time (s): cpu = 00:00:11 ; elapsed = 00:00:07 . Memory (MB): peak = 4238.578 ; gain = 6.414

Phase 2.2 Pre Route Cleanup
Phase 2.2 Pre Route Cleanup | Checksum: 1802bcc91

Time (s): cpu = 00:00:11 ; elapsed = 00:00:07 . Memory (MB): peak = 4238.578 ; gain = 6.414

Phase 2.3 Global Clock Net Routing
 Number of Nodes with overlaps = 0
Phase 2.3 Global Clock Net Routing | Checksum: 244a70a24

Time (s): cpu = 00:00:13 ; elapsed = 00:00:08 . Memory (MB): peak = 4322.719 ; gain = 90.555

Phase 2.4 Update Timing
Phase 2.4 Update Timing | Checksum: 1a173b63a

Time (s): cpu = 00:00:17 ; elapsed = 00:00:10 . Memory (MB): peak = 4322.719 ; gain = 90.555
INFO: [Route 35-416] Intermediate Timing Summary | WNS=5.769  | TNS=0.000  | WHS=-0.089 | THS=-158.623|


Router Utilization Summary
  Global Vertical Routing Utilization    = 0.000137191 %
  Global Horizontal Routing Utilization  = 0 %
  Routable Net Status*
  *Does not include unroutable nets such as driverless and loadless.
  Run report_route_status for detailed report.
  Number of Failed Nets               = 15400
    (Failed Nets is the sum of unrouted and partially routed nets)
  Number of Unrouted Nets             = 11794
  Number of Partially Routed Nets     = 3606
  Number of Node Overlaps             = 0

Phase 2 Router Initialization | Checksum: 237913b3a

Time (s): cpu = 00:00:25 ; elapsed = 00:00:14 . Memory (MB): peak = 4332.836 ; gain = 100.672

Phase 3 Global Routing
Phase 3 Global Routing | Checksum: 237913b3a

Time (s): cpu = 00:00:25 ; elapsed = 00:00:14 . Memory (MB): peak = 4332.836 ; gain = 100.672

Phase 4 Initial Routing

Phase 4.1 Initial Net Routing Pass
Phase 4.1 Initial Net Routing Pass | Checksum: 263538340

Time (s): cpu = 00:00:32 ; elapsed = 00:00:16 . Memory (MB): peak = 4332.836 ; gain = 100.672
Phase 4 Initial Routing | Checksum: 23058baeb

Time (s): cpu = 00:00:32 ; elapsed = 00:00:16 . Memory (MB): peak = 4332.836 ; gain = 100.672

Phase 5 Rip-up And Reroute

Phase 5.1 Global Iteration 0
 Number of Nodes with overlaps = 3859
 Number of Nodes with overlaps = 174
 Number of Nodes with overlaps = 7
 Number of Nodes with overlaps = 1
 Number of Nodes with overlaps = 0
INFO: [Route 35-416] Intermediate Timing Summary | WNS=4.060  | TNS=0.000  | WHS=-0.054 | THS=-0.652 |

Phase 5.1 Global Iteration 0 | Checksum: 1c74ac06b

Time (s): cpu = 00:01:10 ; elapsed = 00:00:31 . Memory (MB): peak = 4332.836 ; gain = 100.672

Phase 5.2 Global Iteration 1
 Number of Nodes with overlaps = 0
INFO: [Route 35-416] Intermediate Timing Summary | WNS=4.060  | TNS=0.000  | WHS=N/A    | THS=N/A    |

Phase 5.2 Global Iteration 1 | Checksum: 1dbe61ede

Time (s): cpu = 00:01:13 ; elapsed = 00:00:32 . Memory (MB): peak = 4332.836 ; gain = 100.672
Phase 5 Rip-up And Reroute | Checksum: 1dbe61ede

Time (s): cpu = 00:01:13 ; elapsed = 00:00:32 . Memory (MB): peak = 4332.836 ; gain = 100.672

Phase 6 Delay and Skew Optimization

Phase 6.1 Delay CleanUp
Phase 6.1 Delay CleanUp | Checksum: 1eab1a056

Time (s): cpu = 00:01:13 ; elapsed = 00:00:32 . Memory (MB): peak = 4332.836 ; gain = 100.672

Phase 6.2 Clock Skew Optimization
Phase 6.2 Clock Skew Optimization | Checksum: 1eab1a056

Time (s): cpu = 00:01:13 ; elapsed = 00:00:32 . Memory (MB): peak = 4332.836 ; gain = 100.672
Phase 6 Delay and Skew Optimization | Checksum: 1eab1a056

Time (s): cpu = 00:01:13 ; elapsed = 00:00:32 . Memory (MB): peak = 4332.836 ; gain = 100.672

Phase 7 Post Hold Fix

Phase 7.1 Hold Fix Iter
INFO: [Route 35-416] Intermediate Timing Summary | WNS=4.060  | TNS=0.000  | WHS=0.010  | THS=0.000  |

Phase 7.1 Hold Fix Iter | Checksum: 16919aacb

Time (s): cpu = 00:01:19 ; elapsed = 00:00:35 . Memory (MB): peak = 4332.836 ; gain = 100.672
Phase 7 Post Hold Fix | Checksum: 16919aacb

Time (s): cpu = 00:01:19 ; elapsed = 00:00:35 . Memory (MB): peak = 4332.836 ; gain = 100.672

Phase 8 Route finalize

Router Utilization Summary
  Global Vertical Routing Utilization    = 1.39432 %
  Global Horizontal Routing Utilization  = 1.90209 %
  Routable Net Status*
  *Does not include unroutable nets such as driverless and loadless.
  Run report_route_status for detailed report.
  Number of Failed Nets               = 0
    (Failed Nets is the sum of unrouted and partially routed nets)
  Number of Unrouted Nets             = 0
  Number of Partially Routed Nets     = 0
  Number of Node Overlaps             = 0

Phase 8 Route finalize | Checksum: 16919aacb

Time (s): cpu = 00:01:19 ; elapsed = 00:00:35 . Memory (MB): peak = 4332.836 ; gain = 100.672

Phase 9 Verifying routed nets

 Verification completed successfully
Phase 9 Verifying routed nets | Checksum: 16919aacb

Time (s): cpu = 00:01:20 ; elapsed = 00:00:35 . Memory (MB): peak = 4332.836 ; gain = 100.672

Phase 10 Depositing Routes
Phase 10 Depositing Routes | Checksum: 16919aacb

Time (s): cpu = 00:01:21 ; elapsed = 00:00:36 . Memory (MB): peak = 4332.836 ; gain = 100.672

Phase 11 Resolve XTalk
Phase 11 Resolve XTalk | Checksum: 16919aacb

Time (s): cpu = 00:01:21 ; elapsed = 00:00:36 . Memory (MB): peak = 4332.836 ; gain = 100.672

Phase 12 Post Process Routing
Phase 12 Post Process Routing | Checksum: 16919aacb

Time (s): cpu = 00:01:21 ; elapsed = 00:00:36 . Memory (MB): peak = 4332.836 ; gain = 100.672

Phase 13 Post Router Timing
INFO: [Route 35-57] Estimated Timing Summary | WNS=4.060  | TNS=0.000  | WHS=0.010  | THS=0.000  |

INFO: [Route 35-327] The final timing numbers are based on the router estimated timing analysis. For a complete and accurate timing signoff, please run report_timing_summary.
Phase 13 Post Router Timing | Checksum: 16919aacb

Time (s): cpu = 00:01:21 ; elapsed = 00:00:36 . Memory (MB): peak = 4332.836 ; gain = 100.672
Total Elapsed time in route_design: 36.176 secs

Phase 14 Post-Route Event Processing
Phase 14 Post-Route Event Processing | Checksum: 1db2e9df9

Time (s): cpu = 00:01:22 ; elapsed = 00:00:36 . Memory (MB): peak = 4332.836 ; gain = 100.672
INFO: [Route 35-16] Router Completed Successfully
Ending Routing Task | Checksum: 1db2e9df9

Time (s): cpu = 00:01:22 ; elapsed = 00:00:37 . Memory (MB): peak = 4332.836 ; gain = 100.672

Routing Is Done.
INFO: [Common 17-83] Releasing license: Implementation
113 Infos, 106 Warnings, 0 Critical Warnings and 0 Errors encountered.
route_design completed successfully
route_design: Time (s): cpu = 00:01:27 ; elapsed = 00:00:40 . Memory (MB): peak = 4332.836 ; gain = 100.672
INFO: [Vivado 12-24828] Executing command : report_drc -file design_1_wrapper_drc_routed.rpt -pb design_1_wrapper_drc_routed.pb -rpx design_1_wrapper_drc_routed.rpx
Command: report_drc -file design_1_wrapper_drc_routed.rpt -pb design_1_wrapper_drc_routed.pb -rpx design_1_wrapper_drc_routed.rpx
INFO: [IP_Flow 19-1839] IP Catalog is up to date.
INFO: [DRC 23-27] Running DRC with 2 threads
INFO: [Vivado_Tcl 2-168] The results of DRC are in file C:/Sadat_files/Academics/Current_Term/COMP3601/Project/project_repo/COMP3601_Project_Audio_tuner/Lab3.runs/impl_1/design_1_wrapper_drc_routed.rpt.
report_drc completed successfully
report_drc: Time (s): cpu = 00:00:16 ; elapsed = 00:00:09 . Memory (MB): peak = 4332.836 ; gain = 0.000
INFO: [Vivado 12-24828] Executing command : report_methodology -file design_1_wrapper_methodology_drc_routed.rpt -pb design_1_wrapper_methodology_drc_routed.pb -rpx design_1_wrapper_methodology_drc_routed.rpx
Command: report_methodology -file design_1_wrapper_methodology_drc_routed.rpt -pb design_1_wrapper_methodology_drc_routed.pb -rpx design_1_wrapper_methodology_drc_routed.rpx
INFO: [Timing 38-35] Done setting XDC timing constraints.
INFO: [DRC 23-133] Running Methodology with 2 threads
INFO: [Vivado_Tcl 2-1520] The results of Report Methodology are in file C:/Sadat_files/Academics/Current_Term/COMP3601/Project/project_repo/COMP3601_Project_Audio_tuner/Lab3.runs/impl_1/design_1_wrapper_methodology_drc_routed.rpt.
report_methodology completed successfully
report_methodology: Time (s): cpu = 00:00:11 ; elapsed = 00:00:07 . Memory (MB): peak = 4332.836 ; gain = 0.000
INFO: [Vivado 12-24828] Executing command : report_timing_summary -max_paths 10 -report_unconstrained -file design_1_wrapper_timing_summary_routed.rpt -pb design_1_wrapper_timing_summary_routed.pb -rpx design_1_wrapper_timing_summary_routed.rpx -warn_on_violation 
INFO: [Timing 38-35] Done setting XDC timing constraints.
INFO: [Timing 38-91] UpdateTimingParams: Speed grade: -2LV, Temperature grade: C, Delay Type: min_max.
INFO: [Timing 38-191] Multithreading enabled for timing update using a maximum of 2 CPUs
INFO: [Vivado 12-24838] Running report commands "report_incremental_reuse, report_route_status" in parallel.
Running report generation with 2 threads.
INFO: [Vivado 12-24828] Executing command : report_incremental_reuse -file design_1_wrapper_incremental_reuse_routed.rpt
INFO: [Vivado_Tcl 4-1062] Incremental flow is disabled. No incremental reuse Info to report.
INFO: [Vivado 12-24828] Executing command : report_route_status -file design_1_wrapper_route_status.rpt -pb design_1_wrapper_route_status.pb
INFO: [Vivado 12-24828] Executing command : report_power -file design_1_wrapper_power_routed.rpt -pb design_1_wrapper_power_summary_routed.pb -rpx design_1_wrapper_power_routed.rpx
Command: report_power -file design_1_wrapper_power_routed.rpt -pb design_1_wrapper_power_summary_routed.pb -rpx design_1_wrapper_power_routed.rpx
Running Vector-less Activity Propagation...

Finished Running Vector-less Activity Propagation
WARNING: [Power 33-332] Found switching activity that implies high-fanout reset nets being asserted for excessive periods of time which may result in inaccurate power analysis.
Resolution: To review and fix problems, please run Power Constraints Advisor in the GUI from Tools > Power Constraints Advisor or run report_power with the -advisory option to generate a text report.
130 Infos, 107 Warnings, 0 Critical Warnings and 0 Errors encountered.
report_power completed successfully
report_power: Time (s): cpu = 00:00:12 ; elapsed = 00:00:10 . Memory (MB): peak = 4332.836 ; gain = 0.000
INFO: [Vivado 12-24828] Executing command : report_clock_utilization -file design_1_wrapper_clock_utilization_routed.rpt
WARNING: [Device 21-9320] Failed to find the Oracle tile group with name 'HSR_BOUNDARY_TOP'. This is required for Clock regions and Virtual grid.
WARNING: [Device 21-2174] Failed to initialize Virtual grid.
INFO: [Vivado 12-24828] Executing command : report_bus_skew -warn_on_violation -file design_1_wrapper_bus_skew_routed.rpt -pb design_1_wrapper_bus_skew_routed.pb -rpx design_1_wrapper_bus_skew_routed.rpx
INFO: [Timing 38-91] UpdateTimingParams: Speed grade: -2LV, Temperature grade: C, Delay Type: min_max.
INFO: [Timing 38-191] Multithreading enabled for timing update using a maximum of 2 CPUs
generate_parallel_reports: Time (s): cpu = 00:00:49 ; elapsed = 00:00:34 . Memory (MB): peak = 4332.836 ; gain = 0.000
INFO: [Timing 38-480] Writing timing data to binary archive.
Write ShapeDB Complete: Time (s): cpu = 00:00:01 ; elapsed = 00:00:00.100 . Memory (MB): peak = 4332.836 ; gain = 0.000
Wrote PlaceDB: Time (s): cpu = 00:00:04 ; elapsed = 00:00:01 . Memory (MB): peak = 4332.836 ; gain = 0.000
Wrote PulsedLatchDB: Time (s): cpu = 00:00:00 ; elapsed = 00:00:00 . Memory (MB): peak = 4332.836 ; gain = 0.000
Writing XDEF routing.
Writing XDEF routing logical nets.
Writing XDEF routing special nets.
Wrote RouteStorage: Time (s): cpu = 00:00:00 ; elapsed = 00:00:00.239 . Memory (MB): peak = 4332.836 ; gain = 0.000
Wrote Netlist Cache: Time (s): cpu = 00:00:01 ; elapsed = 00:00:00.023 . Memory (MB): peak = 4332.836 ; gain = 0.000
Wrote Device Cache: Time (s): cpu = 00:00:00 ; elapsed = 00:00:00.037 . Memory (MB): peak = 4332.836 ; gain = 0.000
Write Physdb Complete: Time (s): cpu = 00:00:05 ; elapsed = 00:00:02 . Memory (MB): peak = 4332.836 ; gain = 0.000
INFO: [Common 17-1381] The checkpoint 'C:/Sadat_files/Academics/Current_Term/COMP3601/Project/project_repo/COMP3601_Project_Audio_tuner/Lab3.runs/impl_1/design_1_wrapper_routed.dcp' has been generated.

WARNING::74 - Unsupported FPGA device name 'xck26-sfvc784-2LV-c'. Verify that the specified device is a valid customer supported device.
-p xck26-sfvc784-2LV-c
   ^

INFO: [Memdata 28-167] Found XPM memory block design_1_i/axi_smc/inst/s01_nodes/s01_r_node/inst/inst_mi_handler/gen_normal_area.inst_fifo_node_payld/gen_xpm_memory_fifo.inst_fifo/gen_mem_rep[0].inst_xpm_memory/xpm_memory_base_inst with a P_MEMORY_PRIMITIVE property set to distributed. A value of block is required. You will not be able to use the updatemem program to update the bitstream with new data for the design_1_i/axi_smc/inst/s01_nodes/s01_r_node/inst/inst_mi_handler/gen_normal_area.inst_fifo_node_payld/gen_xpm_memory_fifo.inst_fifo/gen_mem_rep[0].inst_xpm_memory/xpm_memory_base_inst block.
INFO: [Memdata 28-167] Found XPM memory block design_1_i/axi_smc/inst/s01_nodes/s01_ar_node/inst/inst_mi_handler/gen_normal_area.inst_fifo_node_payld/gen_xpm_memory_fifo.inst_fifo/gen_mem_rep[0].inst_xpm_memory/xpm_memory_base_inst with a P_MEMORY_PRIMITIVE property set to distributed. A value of block is required. You will not be able to use the updatemem program to update the bitstream with new data for the design_1_i/axi_smc/inst/s01_nodes/s01_ar_node/inst/inst_mi_handler/gen_normal_area.inst_fifo_node_payld/gen_xpm_memory_fifo.inst_fifo/gen_mem_rep[0].inst_xpm_memory/xpm_memory_base_inst block.
INFO: [Memdata 28-167] Found XPM memory block design_1_i/axi_smc/inst/s00_nodes/s00_w_node/inst/inst_mi_handler/gen_normal_area.inst_fifo_node_payld/gen_xpm_memory_fifo.inst_fifo/gen_mem_rep[0].inst_xpm_memory/xpm_memory_base_inst with a P_MEMORY_PRIMITIVE property set to distributed. A value of block is required. You will not be able to use the updatemem program to update the bitstream with new data for the design_1_i/axi_smc/inst/s00_nodes/s00_w_node/inst/inst_mi_handler/gen_normal_area.inst_fifo_node_payld/gen_xpm_memory_fifo.inst_fifo/gen_mem_rep[0].inst_xpm_memory/xpm_memory_base_inst block.
INFO: [Memdata 28-167] Found XPM memory block design_1_i/axi_smc/inst/s00_nodes/s00_w_node/inst/inst_mi_handler/gen_normal_area.gen_fifo_req.inst_fifo_req/gen_xpm_memory_fifo.inst_fifo/gen_mem_rep[0].inst_xpm_memory/xpm_memory_base_inst with a P_MEMORY_PRIMITIVE property set to distributed. A value of block is required. You will not be able to use the updatemem program to update the bitstream with new data for the design_1_i/axi_smc/inst/s00_nodes/s00_w_node/inst/inst_mi_handler/gen_normal_area.gen_fifo_req.inst_fifo_req/gen_xpm_memory_fifo.inst_fifo/gen_mem_rep[0].inst_xpm_memory/xpm_memory_base_inst block.
INFO: [Memdata 28-167] Found XPM memory block design_1_i/axi_smc/inst/s00_nodes/s00_b_node/inst/inst_mi_handler/gen_normal_area.inst_fifo_node_payld/gen_xpm_memory_fifo.inst_fifo/gen_mem_rep[0].inst_xpm_memory/xpm_memory_base_inst with a P_MEMORY_PRIMITIVE property set to distributed. A value of block is required. You will not be able to use the updatemem program to update the bitstream with new data for the design_1_i/axi_smc/inst/s00_nodes/s00_b_node/inst/inst_mi_handler/gen_normal_area.inst_fifo_node_payld/gen_xpm_memory_fifo.inst_fifo/gen_mem_rep[0].inst_xpm_memory/xpm_memory_base_inst block.
INFO: [Memdata 28-167] Found XPM memory block design_1_i/axi_smc/inst/s00_nodes/s00_aw_node/inst/inst_mi_handler/gen_normal_area.inst_fifo_node_payld/gen_xpm_memory_fifo.inst_fifo/gen_mem_rep[0].inst_xpm_memory/xpm_memory_base_inst with a P_MEMORY_PRIMITIVE property set to distributed. A value of block is required. You will not be able to use the updatemem program to update the bitstream with new data for the design_1_i/axi_smc/inst/s00_nodes/s00_aw_node/inst/inst_mi_handler/gen_normal_area.inst_fifo_node_payld/gen_xpm_memory_fifo.inst_fifo/gen_mem_rep[0].inst_xpm_memory/xpm_memory_base_inst block.
INFO: [Memdata 28-167] Found XPM memory block design_1_i/axi_smc/inst/m00_nodes/m00_w_node/inst/inst_si_handler/gen_si_handler.gen_request_fifos.gen_req_fifo[0].inst_req_fifo/gen_xpm_memory_fifo.inst_fifo/gen_mem_rep[0].inst_xpm_memory/xpm_memory_base_inst with a P_MEMORY_PRIMITIVE property set to distributed. A value of block is required. You will not be able to use the updatemem program to update the bitstream with new data for the design_1_i/axi_smc/inst/m00_nodes/m00_w_node/inst/inst_si_handler/gen_si_handler.gen_request_fifos.gen_req_fifo[0].inst_req_fifo/gen_xpm_memory_fifo.inst_fifo/gen_mem_rep[0].inst_xpm_memory/xpm_memory_base_inst block.
INFO: [Memdata 28-167] Found XPM memory block design_1_i/axi_smc/inst/m00_nodes/m00_w_node/inst/inst_mi_handler/gen_normal_area.inst_fifo_node_payld/gen_xpm_memory_fifo.inst_fifo/gen_mem_rep[0].inst_xpm_memory/xpm_memory_base_inst with a P_MEMORY_PRIMITIVE property set to distributed. A value of block is required. You will not be able to use the updatemem program to update the bitstream with new data for the design_1_i/axi_smc/inst/m00_nodes/m00_w_node/inst/inst_mi_handler/gen_normal_area.inst_fifo_node_payld/gen_xpm_memory_fifo.inst_fifo/gen_mem_rep[0].inst_xpm_memory/xpm_memory_base_inst block.
INFO: [Memdata 28-167] Found XPM memory block design_1_i/axi_smc/inst/m00_nodes/m00_r_node/inst/inst_mi_handler/gen_normal_area.inst_fifo_node_payld/gen_xpm_memory_fifo.inst_fifo/gen_mem_rep[0].inst_xpm_memory/xpm_memory_base_inst with a P_MEMORY_PRIMITIVE property set to distributed. A value of block is required. You will not be able to use the updatemem program to update the bitstream with new data for the design_1_i/axi_smc/inst/m00_nodes/m00_r_node/inst/inst_mi_handler/gen_normal_area.inst_fifo_node_payld/gen_xpm_memory_fifo.inst_fifo/gen_mem_rep[0].inst_xpm_memory/xpm_memory_base_inst block.
INFO: [Memdata 28-167] Found XPM memory block design_1_i/axi_smc/inst/m00_nodes/m00_r_node/inst/inst_mi_handler/gen_normal_area.gen_fifo_req.inst_fifo_req/gen_xpm_memory_fifo.inst_fifo/gen_mem_rep[0].inst_xpm_memory/xpm_memory_base_inst with a P_MEMORY_PRIMITIVE property set to distributed. A value of block is required. You will not be able to use the updatemem program to update the bitstream with new data for the design_1_i/axi_smc/inst/m00_nodes/m00_r_node/inst/inst_mi_handler/gen_normal_area.gen_fifo_req.inst_fifo_req/gen_xpm_memory_fifo.inst_fifo/gen_mem_rep[0].inst_xpm_memory/xpm_memory_base_inst block.
INFO: [Memdata 28-167] Found XPM memory block design_1_i/axi_smc/inst/m00_nodes/m00_b_node/inst/inst_mi_handler/gen_normal_area.inst_fifo_node_payld/gen_xpm_memory_fifo.inst_fifo/gen_mem_rep[0].inst_xpm_memory/xpm_memory_base_inst with a P_MEMORY_PRIMITIVE property set to distributed. A value of block is required. You will not be able to use the updatemem program to update the bitstream with new data for the design_1_i/axi_smc/inst/m00_nodes/m00_b_node/inst/inst_mi_handler/gen_normal_area.inst_fifo_node_payld/gen_xpm_memory_fifo.inst_fifo/gen_mem_rep[0].inst_xpm_memory/xpm_memory_base_inst block.
INFO: [Memdata 28-167] Found XPM memory block design_1_i/axi_smc/inst/m00_nodes/m00_b_node/inst/inst_mi_handler/gen_normal_area.gen_fifo_req.inst_fifo_req/gen_xpm_memory_fifo.inst_fifo/gen_mem_rep[0].inst_xpm_memory/xpm_memory_base_inst with a P_MEMORY_PRIMITIVE property set to distributed. A value of block is required. You will not be able to use the updatemem program to update the bitstream with new data for the design_1_i/axi_smc/inst/m00_nodes/m00_b_node/inst/inst_mi_handler/gen_normal_area.gen_fifo_req.inst_fifo_req/gen_xpm_memory_fifo.inst_fifo/gen_mem_rep[0].inst_xpm_memory/xpm_memory_base_inst block.
INFO: [Memdata 28-167] Found XPM memory block design_1_i/axi_smc/inst/m00_nodes/m00_aw_node/inst/inst_mi_handler/gen_normal_area.inst_fifo_node_payld/gen_xpm_memory_fifo.inst_fifo/gen_mem_rep[0].inst_xpm_memory/xpm_memory_base_inst with a P_MEMORY_PRIMITIVE property set to distributed. A value of block is required. You will not be able to use the updatemem program to update the bitstream with new data for the design_1_i/axi_smc/inst/m00_nodes/m00_aw_node/inst/inst_mi_handler/gen_normal_area.inst_fifo_node_payld/gen_xpm_memory_fifo.inst_fifo/gen_mem_rep[0].inst_xpm_memory/xpm_memory_base_inst block.
INFO: [Memdata 28-167] Found XPM memory block design_1_i/axi_smc/inst/m00_nodes/m00_ar_node/inst/inst_mi_handler/gen_normal_area.inst_fifo_node_payld/gen_xpm_memory_fifo.inst_fifo/gen_mem_rep[0].inst_xpm_memory/xpm_memory_base_inst with a P_MEMORY_PRIMITIVE property set to distributed. A value of block is required. You will not be able to use the updatemem program to update the bitstream with new data for the design_1_i/axi_smc/inst/m00_nodes/m00_ar_node/inst/inst_mi_handler/gen_normal_area.inst_fifo_node_payld/gen_xpm_memory_fifo.inst_fifo/gen_mem_rep[0].inst_xpm_memory/xpm_memory_base_inst block.
INFO: [Memdata 28-167] Found XPM memory block design_1_i/axi_dma_0/U0/I_PRMRY_DATAMOVER/GEN_S2MM_FULL.I_S2MM_FULL_WRAPPER/GEN_ENABLE_INDET_BTT_SF.I_INDET_BTT/I_XD_FIFO/NON_BLK_MEM.I_SYNC_FIFOGEN_FIFO/xpm_fifo_instance.xpm_fifo_sync_inst/xpm_fifo_base_inst/gen_sdpram.xpm_memory_base_inst with a P_MEMORY_PRIMITIVE property set to auto. A value of block is required. You will not be able to use the updatemem program to update the bitstream with new data for the design_1_i/axi_dma_0/U0/I_PRMRY_DATAMOVER/GEN_S2MM_FULL.I_S2MM_FULL_WRAPPER/GEN_ENABLE_INDET_BTT_SF.I_INDET_BTT/I_XD_FIFO/NON_BLK_MEM.I_SYNC_FIFOGEN_FIFO/xpm_fifo_instance.xpm_fifo_sync_inst/xpm_fifo_base_inst/gen_sdpram.xpm_memory_base_inst block.
INFO: [Memdata 28-208] The XPM instance: <design_1_i/axi_dma_0/U0/I_PRMRY_DATAMOVER/GEN_S2MM_FULL.I_S2MM_FULL_WRAPPER/GEN_ENABLE_INDET_BTT_SF.I_INDET_BTT/I_DATA_FIFO/BLK_MEM.I_SYNC_FIFOGEN_FIFO/xpm_fifo_instance.xpm_fifo_sync_inst/xpm_fifo_base_inst/gen_sdpram.xpm_memory_base_inst> is part of IP: <design_1_i/axi_dma_0>. This XPM instance will be excluded from the .mmi because updatemem is prohibited from making changes to an XPM that is part of an IP.
INFO: [Memdata 28-208] The XPM instance: <design_1_i/axi_dma_0/U0/I_PRMRY_DATAMOVER/GEN_MM2S_FULL.I_MM2S_FULL_WRAPPER/GEN_INCLUDE_MM2S_SF.I_RD_SF/I_DATA_FIFO/BLK_MEM.I_SYNC_FIFOGEN_FIFO/xpm_fifo_instance.xpm_fifo_sync_inst/xpm_fifo_base_inst/gen_sdpram.xpm_memory_base_inst> is part of IP: <design_1_i/axi_dma_0>. This XPM instance will be excluded from the .mmi because updatemem is prohibited from making changes to an XPM that is part of an IP.
Command: write_bitstream -force design_1_wrapper.bit
Attempting to get a license for feature 'Implementation' and/or device 'xck26'
INFO: [Common 17-349] Got license for feature 'Implementation' and/or device 'xck26'
Running DRC as a precondition to command write_bitstream
INFO: [IP_Flow 19-1839] IP Catalog is up to date.
INFO: [DRC 23-27] Running DRC with 2 threads
WARNING: [DRC PDCN-1569] LUT equation term check: Used physical LUT pin 'A1' of cell design_1_i/ps8_0_axi_periph/s00_couplers/auto_ds/inst/gen_downsizer.gen_simple_downsizer.axi_downsizer_inst/USE_READ.read_addr_inst/cmd_queue/inst/fifo_gen_inst/inst_fifo_gen/gconvfifo.rf/grf.rf/gntv_or_sync_fifo.gl0.rd/gr1.gr1_int.rfwft/gpregsm1.user_valid_i_1 (pin design_1_i/ps8_0_axi_periph/s00_couplers/auto_ds/inst/gen_downsizer.gen_simple_downsizer.axi_downsizer_inst/USE_READ.read_addr_inst/cmd_queue/inst/fifo_gen_inst/inst_fifo_gen/gconvfifo.rf/grf.rf/gntv_or_sync_fifo.gl0.rd/gr1.gr1_int.rfwft/gpregsm1.user_valid_i_1/I1) is not included in the LUT equation: 'O5=(A5)+((~A5)*(~A3)*A4)'. If this cell is a user instantiated LUT in the design, please remove connectivity to the pin or change the equation and/or INIT string of the LUT to prevent this issue. If the cell is inferred or IP created LUT, please regenerate the IP and/or resynthesize the design to attempt to correct the issue.
WARNING: [DRC PDCN-1569] LUT equation term check: Used physical LUT pin 'A1' of cell design_1_i/ps8_0_axi_periph/s01_couplers/auto_ds/inst/gen_downsizer.gen_simple_downsizer.axi_downsizer_inst/USE_READ.read_addr_inst/cmd_queue/inst/fifo_gen_inst/inst_fifo_gen/gconvfifo.rf/grf.rf/gntv_or_sync_fifo.gl0.rd/gr1.gr1_int.rfwft/gpregsm1.user_valid_i_1 (pin design_1_i/ps8_0_axi_periph/s01_couplers/auto_ds/inst/gen_downsizer.gen_simple_downsizer.axi_downsizer_inst/USE_READ.read_addr_inst/cmd_queue/inst/fifo_gen_inst/inst_fifo_gen/gconvfifo.rf/grf.rf/gntv_or_sync_fifo.gl0.rd/gr1.gr1_int.rfwft/gpregsm1.user_valid_i_1/I1) is not included in the LUT equation: 'O5=(A5)+((~A5)*(~A3)*A4)'. If this cell is a user instantiated LUT in the design, please remove connectivity to the pin or change the equation and/or INIT string of the LUT to prevent this issue. If the cell is inferred or IP created LUT, please regenerate the IP and/or resynthesize the design to attempt to correct the issue.
WARNING: [DRC PDCN-1569] LUT equation term check: Used physical LUT pin 'A2' of cell design_1_i/ps8_0_axi_periph/s01_couplers/auto_ds/inst/gen_downsizer.gen_simple_downsizer.axi_downsizer_inst/USE_WRITE.write_addr_inst/USE_B_CHANNEL.cmd_b_queue/inst/fifo_gen_inst/inst_fifo_gen/gconvfifo.rf/grf.rf/gntv_or_sync_fifo.gl0.rd/gr1.gr1_int.rfwft/gpregsm1.user_valid_i_1 (pin design_1_i/ps8_0_axi_periph/s01_couplers/auto_ds/inst/gen_downsizer.gen_simple_downsizer.axi_downsizer_inst/USE_WRITE.write_addr_inst/USE_B_CHANNEL.cmd_b_queue/inst/fifo_gen_inst/inst_fifo_gen/gconvfifo.rf/grf.rf/gntv_or_sync_fifo.gl0.rd/gr1.gr1_int.rfwft/gpregsm1.user_valid_i_1/I1) is not included in the LUT equation: 'O5=(A3)+((~A3)*(~A5)*A4)'. If this cell is a user instantiated LUT in the design, please remove connectivity to the pin or change the equation and/or INIT string of the LUT to prevent this issue. If the cell is inferred or IP created LUT, please regenerate the IP and/or resynthesize the design to attempt to correct the issue.
WARNING: [DRC PDCN-1569] LUT equation term check: Used physical LUT pin 'A3' of cell design_1_i/ps8_0_axi_periph/s00_couplers/auto_ds/inst/gen_downsizer.gen_simple_downsizer.axi_downsizer_inst/USE_WRITE.write_addr_inst/cmd_queue/inst/fifo_gen_inst/inst_fifo_gen/gconvfifo.rf/grf.rf/gntv_or_sync_fifo.gl0.rd/gr1.gr1_int.rfwft/gpregsm1.user_valid_i_1 (pin design_1_i/ps8_0_axi_periph/s00_couplers/auto_ds/inst/gen_downsizer.gen_simple_downsizer.axi_downsizer_inst/USE_WRITE.write_addr_inst/cmd_queue/inst/fifo_gen_inst/inst_fifo_gen/gconvfifo.rf/grf.rf/gntv_or_sync_fifo.gl0.rd/gr1.gr1_int.rfwft/gpregsm1.user_valid_i_1/I1) is not included in the LUT equation: 'O5=(A1)+((~A1)*(~A5)*A4)'. If this cell is a user instantiated LUT in the design, please remove connectivity to the pin or change the equation and/or INIT string of the LUT to prevent this issue. If the cell is inferred or IP created LUT, please regenerate the IP and/or resynthesize the design to attempt to correct the issue.
WARNING: [DRC PDCN-1569] LUT equation term check: Used physical LUT pin 'A4' of cell design_1_i/ps8_0_axi_periph/s01_couplers/auto_ds/inst/gen_downsizer.gen_simple_downsizer.axi_downsizer_inst/USE_WRITE.write_addr_inst/cmd_queue/inst/fifo_gen_inst/inst_fifo_gen/gconvfifo.rf/grf.rf/gntv_or_sync_fifo.gl0.rd/gr1.gr1_int.rfwft/gpregsm1.user_valid_i_1 (pin design_1_i/ps8_0_axi_periph/s01_couplers/auto_ds/inst/gen_downsizer.gen_simple_downsizer.axi_downsizer_inst/USE_WRITE.write_addr_inst/cmd_queue/inst/fifo_gen_inst/inst_fifo_gen/gconvfifo.rf/grf.rf/gntv_or_sync_fifo.gl0.rd/gr1.gr1_int.rfwft/gpregsm1.user_valid_i_1/I1) is not included in the LUT equation: 'O5=(A2)+((~A2)*(~A5)*A1)'. If this cell is a user instantiated LUT in the design, please remove connectivity to the pin or change the equation and/or INIT string of the LUT to prevent this issue. If the cell is inferred or IP created LUT, please regenerate the IP and/or resynthesize the design to attempt to correct the issue.
WARNING: [DRC PDCN-1569] LUT equation term check: Used physical LUT pin 'A5' of cell design_1_i/ps8_0_axi_periph/s00_couplers/auto_ds/inst/gen_downsizer.gen_simple_downsizer.axi_downsizer_inst/USE_WRITE.write_addr_inst/USE_B_CHANNEL.cmd_b_queue/inst/fifo_gen_inst/inst_fifo_gen/gconvfifo.rf/grf.rf/gntv_or_sync_fifo.gl0.rd/gr1.gr1_int.rfwft/gpregsm1.user_valid_i_1 (pin design_1_i/ps8_0_axi_periph/s00_couplers/auto_ds/inst/gen_downsizer.gen_simple_downsizer.axi_downsizer_inst/USE_WRITE.write_addr_inst/USE_B_CHANNEL.cmd_b_queue/inst/fifo_gen_inst/inst_fifo_gen/gconvfifo.rf/grf.rf/gntv_or_sync_fifo.gl0.rd/gr1.gr1_int.rfwft/gpregsm1.user_valid_i_1/I1) is not included in the LUT equation: 'O5=(A3)+((~A3)*(~A1)*A4)'. If this cell is a user instantiated LUT in the design, please remove connectivity to the pin or change the equation and/or INIT string of the LUT to prevent this issue. If the cell is inferred or IP created LUT, please regenerate the IP and/or resynthesize the design to attempt to correct the issue.
WARNING: [DRC REQP-1935] RAMB36E2_nochange_collision_advisory: Synchronous clocking is detected for BRAM (design_1_i/axi_dma_0/U0/I_PRMRY_DATAMOVER/GEN_MM2S_FULL.I_MM2S_FULL_WRAPPER/GEN_INCLUDE_MM2S_SF.I_RD_SF/I_DATA_FIFO/BLK_MEM.I_SYNC_FIFOGEN_FIFO/xpm_fifo_instance.xpm_fifo_sync_inst/xpm_fifo_base_inst/gen_sdpram.xpm_memory_base_inst/gen_wr_a.gen_word_narrow.mem_reg) in SDP mode with NO_CHANGE write-mode. This is the preferred mode for best power characteristics. However, NO_CHANGE may exhibit address collisions if the same address appears on both read and write ports resulting in unknown or corrupted read data. It is suggested to confirm via simulation that an address collision never occurs and if so it is suggested to try and avoid this situation. If address collisions cannot be avoided, the write-mode may be set to READ_FIRST which guarantees that the read data is the prior contents of the memory at the cost of additional power in the design. See the FPGA Memory Resources User Guide for additional information.
WARNING: [DRC REQP-1935] RAMB36E2_nochange_collision_advisory: Synchronous clocking is detected for BRAM (design_1_i/axi_dma_0/U0/I_PRMRY_DATAMOVER/GEN_S2MM_FULL.I_S2MM_FULL_WRAPPER/GEN_ENABLE_INDET_BTT_SF.I_INDET_BTT/I_DATA_FIFO/BLK_MEM.I_SYNC_FIFOGEN_FIFO/xpm_fifo_instance.xpm_fifo_sync_inst/xpm_fifo_base_inst/gen_sdpram.xpm_memory_base_inst/gen_wr_a.gen_word_narrow.mem_reg) in SDP mode with NO_CHANGE write-mode. This is the preferred mode for best power characteristics. However, NO_CHANGE may exhibit address collisions if the same address appears on both read and write ports resulting in unknown or corrupted read data. It is suggested to confirm via simulation that an address collision never occurs and if so it is suggested to try and avoid this situation. If address collisions cannot be avoided, the write-mode may be set to READ_FIRST which guarantees that the read data is the prior contents of the memory at the cost of additional power in the design. See the FPGA Memory Resources User Guide for additional information.
WARNING: [DRC RTSTAT-10] No routable loads: 66 net(s) have no routable loads. The problem bus(es) and/or net(s) are design_1_i/ps8_0_axi_periph/s01_couplers/auto_ds/inst/gen_downsizer.gen_simple_downsizer.axi_downsizer_inst/USE_WRITE.write_addr_inst/cmd_queue/inst/fifo_gen_inst/inst_fifo_gen/gconvfifo.rf/grf.rf/gntv_or_sync_fifo.gl0.rd/gr1.gr1_int.rfwft/aempty_fwft_i, design_1_i/ps8_0_axi_periph/s00_couplers/auto_ds/inst/gen_downsizer.gen_simple_downsizer.axi_downsizer_inst/USE_WRITE.write_addr_inst/USE_B_CHANNEL.cmd_b_queue/inst/fifo_gen_inst/inst_fifo_gen/gconvfifo.rf/grf.rf/gntv_or_sync_fifo.gl0.rd/gr1.gr1_int.rfwft/aempty_fwft_i, design_1_i/ps8_0_axi_periph/s01_couplers/auto_ds/inst/gen_downsizer.gen_simple_downsizer.axi_downsizer_inst/USE_WRITE.write_addr_inst/USE_B_CHANNEL.cmd_b_queue/inst/fifo_gen_inst/inst_fifo_gen/gconvfifo.rf/grf.rf/gntv_or_sync_fifo.gl0.rd/gr1.gr1_int.rfwft/aempty_fwft_i, design_1_i/ps8_0_axi_periph/s01_couplers/auto_ds/inst/gen_downsizer.gen_simple_downsizer.axi_downsizer_inst/USE_READ.read_addr_inst/cmd_queue/inst/fifo_gen_inst/inst_fifo_gen/gconvfifo.rf/grf.rf/gntv_or_sync_fifo.gl0.rd/gr1.gr1_int.rfwft/aempty_fwft_i, design_1_i/ps8_0_axi_periph/s00_couplers/auto_ds/inst/gen_downsizer.gen_simple_downsizer.axi_downsizer_inst/USE_READ.read_addr_inst/cmd_queue/inst/fifo_gen_inst/inst_fifo_gen/gconvfifo.rf/grf.rf/gntv_or_sync_fifo.gl0.rd/gr1.gr1_int.rfwft/aempty_fwft_i, design_1_i/ps8_0_axi_periph/s00_couplers/auto_ds/inst/gen_downsizer.gen_simple_downsizer.axi_downsizer_inst/USE_WRITE.write_addr_inst/cmd_queue/inst/fifo_gen_inst/inst_fifo_gen/gconvfifo.rf/grf.rf/gntv_or_sync_fifo.gl0.rd/gr1.gr1_int.rfwft/aempty_fwft_i, design_1_i/ps8_0_axi_periph/s01_couplers/auto_ds/inst/gen_downsizer.gen_simple_downsizer.axi_downsizer_inst/USE_READ.read_addr_inst/cmd_queue/inst/fifo_gen_inst/inst_fifo_gen/gconvfifo.rf/grf.rf/rstblk/ngwrdrst.grst.rd_rst_reg[2:0], design_1_i/ps8_0_axi_periph/s00_couplers/auto_ds/inst/gen_downsizer.gen_simple_downsizer.axi_downsizer_inst/USE_READ.read_addr_inst/cmd_queue/inst/fifo_gen_inst/inst_fifo_gen/gconvfifo.rf/grf.rf/rstblk/ngwrdrst.grst.rd_rst_reg[2:0], design_1_i/ps8_0_axi_periph/s01_couplers/auto_ds/inst/gen_downsizer.gen_simple_downsizer.axi_downsizer_inst/USE_WRITE.write_addr_inst/USE_B_CHANNEL.cmd_b_queue/inst/fifo_gen_inst/inst_fifo_gen/gconvfifo.rf/grf.rf/rstblk/ngwrdrst.grst.rd_rst_reg[2:0], design_1_i/ps8_0_axi_periph/s00_couplers/auto_ds/inst/gen_downsizer.gen_simple_downsizer.axi_downsizer_inst/USE_WRITE.write_addr_inst/cmd_queue/inst/fifo_gen_inst/inst_fifo_gen/gconvfifo.rf/grf.rf/rstblk/ngwrdrst.grst.rd_rst_reg[2:0], design_1_i/ps8_0_axi_periph/s00_couplers/auto_ds/inst/gen_downsizer.gen_simple_downsizer.axi_downsizer_inst/USE_WRITE.write_addr_inst/USE_B_CHANNEL.cmd_b_queue/inst/fifo_gen_inst/inst_fifo_gen/gconvfifo.rf/grf.rf/rstblk/ngwrdrst.grst.rd_rst_reg[2:0], design_1_i/ps8_0_axi_periph/s01_couplers/auto_ds/inst/gen_downsizer.gen_simple_downsizer.axi_downsizer_inst/USE_WRITE.write_addr_inst/cmd_queue/inst/fifo_gen_inst/inst_fifo_gen/gconvfifo.rf/grf.rf/rstblk/ngwrdrst.grst.rd_rst_reg[2:0], design_1_i/ps8_0_axi_periph/s00_couplers/auto_ds/inst/gen_downsizer.gen_simple_downsizer.axi_downsizer_inst/USE_READ.read_addr_inst/cmd_queue/inst/fifo_gen_inst/inst_fifo_gen/gconvfifo.rf/grf.rf/rstblk/ngwrdrst.grst.wr_rst_reg[2:0], design_1_i/ps8_0_axi_periph/s01_couplers/auto_ds/inst/gen_downsizer.gen_simple_downsizer.axi_downsizer_inst/USE_READ.read_addr_inst/cmd_queue/inst/fifo_gen_inst/inst_fifo_gen/gconvfifo.rf/grf.rf/rstblk/ngwrdrst.grst.wr_rst_reg[2:0], design_1_i/ps8_0_axi_periph/s00_couplers/auto_ds/inst/gen_downsizer.gen_simple_downsizer.axi_downsizer_inst/USE_WRITE.write_addr_inst/USE_B_CHANNEL.cmd_b_queue/inst/fifo_gen_inst/inst_fifo_gen/gconvfifo.rf/grf.rf/rstblk/ngwrdrst.grst.wr_rst_reg[2:0]... and (the first 15 of 42 listed).
INFO: [Vivado 12-3199] DRC finished with 0 Errors, 9 Warnings
INFO: [Vivado 12-3200] Please refer to the DRC report (report_drc) for more information.
INFO: [Designutils 20-2272] Running write_bitstream with 2 threads.
Loading data files...
Loading site data...
Loading route data...
Processing options...
Creating bitmap...
Creating bitstream...
Writing bitstream ./design_1_wrapper.bit...
INFO: [Vivado 12-1842] Bitgen Completed Successfully.
INFO: [Project 1-1876] WebTalk data collection is mandatory when using a ULT device. To see the specific WebTalk data collected for your design, open the usage_statistics_webtalk.html or usage_statistics_webtalk.xml file in the implementation directory.
INFO: [Common 17-83] Releasing license: Implementation
162 Infos, 118 Warnings, 0 Critical Warnings and 0 Errors encountered.
write_bitstream completed successfully
write_bitstream: Time (s): cpu = 00:00:23 ; elapsed = 00:00:16 . Memory (MB): peak = 4332.836 ; gain = 0.000
INFO: [Common 17-206] Exiting Vivado at Wed Nov 19 08:08:24 2025...
