
*** Running vivado
    with args -log design_1_wrapper.vds -m64 -product Vivado -mode batch -messageDb vivado.pb -notrace -source design_1_wrapper.tcl



****** Vivado v2024.1 (64-bit)
  **** SW Build 5076996 on Wed May 22 18:37:14 MDT 2024
  **** IP Build 5075265 on Wed May 22 21:45:21 MDT 2024
  **** SharedData Build 5076995 on Wed May 22 18:29:18 MDT 2024
  **** Start of session at: Mon Nov 17 22:31:59 2025
    ** Copyright 1986-2022 Xilinx, Inc. All Rights Reserved.
    ** Copyright 2022-2024 Advanced Micro Devices, Inc. All Rights Reserved.

source design_1_wrapper.tcl -notrace
create_project: Time (s): cpu = 00:00:07 ; elapsed = 00:00:09 . Memory (MB): peak = 524.672 ; gain = 202.582
INFO: [IP_Flow 19-234] Refreshing IP repositories
INFO: [IP_Flow 19-1704] No user IP repositories specified
INFO: [IP_Flow 19-2313] Loaded Vivado IP repository 'C:/Xilinx/Vivado/2024.1/data/ip'.
add_files: Time (s): cpu = 00:00:07 ; elapsed = 00:00:08 . Memory (MB): peak = 629.871 ; gain = 105.199
Command: read_checkpoint -auto_incremental -incremental C:/Sadat_files/Academics/Current_Term/COMP3601/Project/project_repo/COMP3601_Project_Audio_tuner/Lab3.srcs/utils_1/imports/synth_1/audio_pipeline.dcp
INFO: [Vivado 12-5825] Read reference checkpoint from C:/Sadat_files/Academics/Current_Term/COMP3601/Project/project_repo/COMP3601_Project_Audio_tuner/Lab3.srcs/utils_1/imports/synth_1/audio_pipeline.dcp for incremental synthesis
INFO: [Vivado 12-7989] Please ensure there are no constraint changes
Command: synth_design -top design_1_wrapper -part xck26-sfvc784-2LV-c
Starting synth_design
Attempting to get a license for feature 'Synthesis' and/or device 'xck26'
INFO: [Common 17-349] Got license for feature 'Synthesis' and/or device 'xck26'
INFO: [Device 21-403] Loading part xck26-sfvc784-2LV-c
INFO: [Designutils 20-5440] No compile time benefit to using incremental synthesis; A full resynthesis will be run
INFO: [Designutils 20-4379] Flow is switching to default flow due to incremental criteria not met. If you would like to alter this behaviour and have the flow terminate instead, please set the following parameter config_implementation {autoIncr.Synth.RejectBehavior Terminate}
INFO: [Synth 8-7079] Multithreading enabled for synth_design using a maximum of 2 processes.
INFO: [Synth 8-7078] Launching helper process for spawning children vivado processes
INFO: [Synth 8-7075] Helper process launched with PID 8592
---------------------------------------------------------------------------------
Starting RTL Elaboration : Time (s): cpu = 00:00:15 ; elapsed = 00:00:18 . Memory (MB): peak = 2042.500 ; gain = 398.824
---------------------------------------------------------------------------------
INFO: [Synth 8-11241] undeclared symbol 'dp_audi_ref_clk', assumed default net type 'wire' [c:/Sadat_files/Academics/Current_Term/COMP3601/Project/project_repo/COMP3601_Project_Audio_tuner/Lab3.gen/sources_1/bd/design_1/ip/design_1_zynq_ultra_ps_e_0_0/hdl/zynq_ultra_ps_e_v3_5_3.v:2470]
INFO: [Synth 8-11241] undeclared symbol 'tms_int', assumed default net type 'wire' [c:/Sadat_files/Academics/Current_Term/COMP3601/Project/project_repo/COMP3601_Project_Audio_tuner/Lab3.gen/sources_1/bd/design_1/ipshared/8745/hdl/verilog/xsdbm_v3_0_2_bs_core_ext.vh:30]
INFO: [Synth 8-11241] undeclared symbol 'runtest_int', assumed default net type 'wire' [c:/Sadat_files/Academics/Current_Term/COMP3601/Project/project_repo/COMP3601_Project_Audio_tuner/Lab3.gen/sources_1/bd/design_1/ipshared/8745/hdl/verilog/xsdbm_v3_0_2_bs_core_ext.vh:32]
INFO: [Synth 8-11241] undeclared symbol 'tms_int', assumed default net type 'wire' [c:/Sadat_files/Academics/Current_Term/COMP3601/Project/project_repo/COMP3601_Project_Audio_tuner/Lab3.gen/sources_1/bd/design_1/ipshared/8745/hdl/verilog/xsdbm_v3_0_2_bs_core_ext.vh:69]
INFO: [Synth 8-11241] undeclared symbol 'runtest_int', assumed default net type 'wire' [c:/Sadat_files/Academics/Current_Term/COMP3601/Project/project_repo/COMP3601_Project_Audio_tuner/Lab3.gen/sources_1/bd/design_1/ipshared/8745/hdl/verilog/xsdbm_v3_0_2_bs_core_ext.vh:71]
INFO: [Synth 8-11241] undeclared symbol 'tms_int', assumed default net type 'wire' [c:/Sadat_files/Academics/Current_Term/COMP3601/Project/project_repo/COMP3601_Project_Audio_tuner/Lab3.gen/sources_1/bd/design_1/ipshared/8745/hdl/verilog/xsdbm_v3_0_2_bs_core_ext.vh:109]
INFO: [Synth 8-11241] undeclared symbol 'runtest_int', assumed default net type 'wire' [c:/Sadat_files/Academics/Current_Term/COMP3601/Project/project_repo/COMP3601_Project_Audio_tuner/Lab3.gen/sources_1/bd/design_1/ipshared/8745/hdl/verilog/xsdbm_v3_0_2_bs_core_ext.vh:111]
INFO: [Synth 8-11241] undeclared symbol 'tms_int', assumed default net type 'wire' [c:/Sadat_files/Academics/Current_Term/COMP3601/Project/project_repo/COMP3601_Project_Audio_tuner/Lab3.gen/sources_1/bd/design_1/ipshared/8745/hdl/verilog/xsdbm_v3_0_2_bs_core_ext.vh:150]
INFO: [Synth 8-11241] undeclared symbol 'runtest_int', assumed default net type 'wire' [c:/Sadat_files/Academics/Current_Term/COMP3601/Project/project_repo/COMP3601_Project_Audio_tuner/Lab3.gen/sources_1/bd/design_1/ipshared/8745/hdl/verilog/xsdbm_v3_0_2_bs_core_ext.vh:152]
INFO: [Synth 8-11241] undeclared symbol 'tms_int', assumed default net type 'wire' [c:/Sadat_files/Academics/Current_Term/COMP3601/Project/project_repo/COMP3601_Project_Audio_tuner/Lab3.gen/sources_1/bd/design_1/ipshared/8745/hdl/verilog/xsdbm_v3_0_2_bs_core_ext.vh:192]
INFO: [Synth 8-11241] undeclared symbol 'runtest_int', assumed default net type 'wire' [c:/Sadat_files/Academics/Current_Term/COMP3601/Project/project_repo/COMP3601_Project_Audio_tuner/Lab3.gen/sources_1/bd/design_1/ipshared/8745/hdl/verilog/xsdbm_v3_0_2_bs_core_ext.vh:194]
INFO: [Synth 8-11241] undeclared symbol 'tms_int', assumed default net type 'wire' [c:/Sadat_files/Academics/Current_Term/COMP3601/Project/project_repo/COMP3601_Project_Audio_tuner/Lab3.gen/sources_1/bd/design_1/ipshared/8745/hdl/verilog/xsdbm_v3_0_2_bs_core_ext.vh:235]
INFO: [Synth 8-11241] undeclared symbol 'runtest_int', assumed default net type 'wire' [c:/Sadat_files/Academics/Current_Term/COMP3601/Project/project_repo/COMP3601_Project_Audio_tuner/Lab3.gen/sources_1/bd/design_1/ipshared/8745/hdl/verilog/xsdbm_v3_0_2_bs_core_ext.vh:237]
INFO: [Synth 8-11241] undeclared symbol 'tms_int', assumed default net type 'wire' [c:/Sadat_files/Academics/Current_Term/COMP3601/Project/project_repo/COMP3601_Project_Audio_tuner/Lab3.gen/sources_1/bd/design_1/ipshared/8745/hdl/verilog/xsdbm_v3_0_2_bs_core_ext.vh:279]
INFO: [Synth 8-11241] undeclared symbol 'runtest_int', assumed default net type 'wire' [c:/Sadat_files/Academics/Current_Term/COMP3601/Project/project_repo/COMP3601_Project_Audio_tuner/Lab3.gen/sources_1/bd/design_1/ipshared/8745/hdl/verilog/xsdbm_v3_0_2_bs_core_ext.vh:281]
INFO: [Synth 8-11241] undeclared symbol 'tms_int', assumed default net type 'wire' [c:/Sadat_files/Academics/Current_Term/COMP3601/Project/project_repo/COMP3601_Project_Audio_tuner/Lab3.gen/sources_1/bd/design_1/ipshared/8745/hdl/verilog/xsdbm_v3_0_2_bs_core_ext.vh:324]
INFO: [Synth 8-11241] undeclared symbol 'runtest_int', assumed default net type 'wire' [c:/Sadat_files/Academics/Current_Term/COMP3601/Project/project_repo/COMP3601_Project_Audio_tuner/Lab3.gen/sources_1/bd/design_1/ipshared/8745/hdl/verilog/xsdbm_v3_0_2_bs_core_ext.vh:326]
INFO: [Synth 8-11241] undeclared symbol 'tms_int', assumed default net type 'wire' [c:/Sadat_files/Academics/Current_Term/COMP3601/Project/project_repo/COMP3601_Project_Audio_tuner/Lab3.gen/sources_1/bd/design_1/ipshared/8745/hdl/verilog/xsdbm_v3_0_2_bs_core_ext.vh:370]
INFO: [Synth 8-11241] undeclared symbol 'runtest_int', assumed default net type 'wire' [c:/Sadat_files/Academics/Current_Term/COMP3601/Project/project_repo/COMP3601_Project_Audio_tuner/Lab3.gen/sources_1/bd/design_1/ipshared/8745/hdl/verilog/xsdbm_v3_0_2_bs_core_ext.vh:372]
INFO: [Synth 8-11241] undeclared symbol 'tms_int', assumed default net type 'wire' [c:/Sadat_files/Academics/Current_Term/COMP3601/Project/project_repo/COMP3601_Project_Audio_tuner/Lab3.gen/sources_1/bd/design_1/ipshared/8745/hdl/verilog/xsdbm_v3_0_2_bs_core_ext.vh:417]
INFO: [Synth 8-11241] undeclared symbol 'runtest_int', assumed default net type 'wire' [c:/Sadat_files/Academics/Current_Term/COMP3601/Project/project_repo/COMP3601_Project_Audio_tuner/Lab3.gen/sources_1/bd/design_1/ipshared/8745/hdl/verilog/xsdbm_v3_0_2_bs_core_ext.vh:419]
INFO: [Synth 8-11241] undeclared symbol 'tms_int', assumed default net type 'wire' [c:/Sadat_files/Academics/Current_Term/COMP3601/Project/project_repo/COMP3601_Project_Audio_tuner/Lab3.gen/sources_1/bd/design_1/ipshared/8745/hdl/verilog/xsdbm_v3_0_2_bs_core_ext.vh:465]
INFO: [Synth 8-11241] undeclared symbol 'runtest_int', assumed default net type 'wire' [c:/Sadat_files/Academics/Current_Term/COMP3601/Project/project_repo/COMP3601_Project_Audio_tuner/Lab3.gen/sources_1/bd/design_1/ipshared/8745/hdl/verilog/xsdbm_v3_0_2_bs_core_ext.vh:467]
INFO: [Synth 8-11241] undeclared symbol 'tms_int', assumed default net type 'wire' [c:/Sadat_files/Academics/Current_Term/COMP3601/Project/project_repo/COMP3601_Project_Audio_tuner/Lab3.gen/sources_1/bd/design_1/ipshared/8745/hdl/verilog/xsdbm_v3_0_2_bs_core_ext.vh:514]
INFO: [Synth 8-11241] undeclared symbol 'runtest_int', assumed default net type 'wire' [c:/Sadat_files/Academics/Current_Term/COMP3601/Project/project_repo/COMP3601_Project_Audio_tuner/Lab3.gen/sources_1/bd/design_1/ipshared/8745/hdl/verilog/xsdbm_v3_0_2_bs_core_ext.vh:516]
INFO: [Synth 8-11241] undeclared symbol 'tms_int', assumed default net type 'wire' [c:/Sadat_files/Academics/Current_Term/COMP3601/Project/project_repo/COMP3601_Project_Audio_tuner/Lab3.gen/sources_1/bd/design_1/ipshared/8745/hdl/verilog/xsdbm_v3_0_2_bs_core_ext.vh:564]
INFO: [Synth 8-11241] undeclared symbol 'runtest_int', assumed default net type 'wire' [c:/Sadat_files/Academics/Current_Term/COMP3601/Project/project_repo/COMP3601_Project_Audio_tuner/Lab3.gen/sources_1/bd/design_1/ipshared/8745/hdl/verilog/xsdbm_v3_0_2_bs_core_ext.vh:566]
INFO: [Synth 8-11241] undeclared symbol 'tms_int', assumed default net type 'wire' [c:/Sadat_files/Academics/Current_Term/COMP3601/Project/project_repo/COMP3601_Project_Audio_tuner/Lab3.gen/sources_1/bd/design_1/ipshared/8745/hdl/verilog/xsdbm_v3_0_2_bs_core_ext.vh:615]
INFO: [Synth 8-11241] undeclared symbol 'runtest_int', assumed default net type 'wire' [c:/Sadat_files/Academics/Current_Term/COMP3601/Project/project_repo/COMP3601_Project_Audio_tuner/Lab3.gen/sources_1/bd/design_1/ipshared/8745/hdl/verilog/xsdbm_v3_0_2_bs_core_ext.vh:617]
INFO: [Synth 8-11241] undeclared symbol 'tms_int', assumed default net type 'wire' [c:/Sadat_files/Academics/Current_Term/COMP3601/Project/project_repo/COMP3601_Project_Audio_tuner/Lab3.gen/sources_1/bd/design_1/ipshared/8745/hdl/verilog/xsdbm_v3_0_2_bs_core.vh:30]
INFO: [Synth 8-11241] undeclared symbol 'runtest_int', assumed default net type 'wire' [c:/Sadat_files/Academics/Current_Term/COMP3601/Project/project_repo/COMP3601_Project_Audio_tuner/Lab3.gen/sources_1/bd/design_1/ipshared/8745/hdl/verilog/xsdbm_v3_0_2_bs_core.vh:32]
INFO: [Synth 8-11241] undeclared symbol 'tms_int', assumed default net type 'wire' [c:/Sadat_files/Academics/Current_Term/COMP3601/Project/project_repo/COMP3601_Project_Audio_tuner/Lab3.gen/sources_1/bd/design_1/ipshared/8745/hdl/verilog/xsdbm_v3_0_2_bs_core.vh:69]
INFO: [Synth 8-11241] undeclared symbol 'runtest_int', assumed default net type 'wire' [c:/Sadat_files/Academics/Current_Term/COMP3601/Project/project_repo/COMP3601_Project_Audio_tuner/Lab3.gen/sources_1/bd/design_1/ipshared/8745/hdl/verilog/xsdbm_v3_0_2_bs_core.vh:71]
INFO: [Synth 8-11241] undeclared symbol 'tms_int', assumed default net type 'wire' [c:/Sadat_files/Academics/Current_Term/COMP3601/Project/project_repo/COMP3601_Project_Audio_tuner/Lab3.gen/sources_1/bd/design_1/ipshared/8745/hdl/verilog/xsdbm_v3_0_2_bs_core.vh:109]
INFO: [Synth 8-11241] undeclared symbol 'runtest_int', assumed default net type 'wire' [c:/Sadat_files/Academics/Current_Term/COMP3601/Project/project_repo/COMP3601_Project_Audio_tuner/Lab3.gen/sources_1/bd/design_1/ipshared/8745/hdl/verilog/xsdbm_v3_0_2_bs_core.vh:111]
INFO: [Synth 8-11241] undeclared symbol 'tms_int', assumed default net type 'wire' [c:/Sadat_files/Academics/Current_Term/COMP3601/Project/project_repo/COMP3601_Project_Audio_tuner/Lab3.gen/sources_1/bd/design_1/ipshared/8745/hdl/verilog/xsdbm_v3_0_2_bs_core.vh:150]
INFO: [Synth 8-11241] undeclared symbol 'runtest_int', assumed default net type 'wire' [c:/Sadat_files/Academics/Current_Term/COMP3601/Project/project_repo/COMP3601_Project_Audio_tuner/Lab3.gen/sources_1/bd/design_1/ipshared/8745/hdl/verilog/xsdbm_v3_0_2_bs_core.vh:152]
INFO: [Synth 8-11241] undeclared symbol 'tms_int', assumed default net type 'wire' [c:/Sadat_files/Academics/Current_Term/COMP3601/Project/project_repo/COMP3601_Project_Audio_tuner/Lab3.gen/sources_1/bd/design_1/ipshared/8745/hdl/verilog/xsdbm_v3_0_2_bs_core.vh:192]
INFO: [Synth 8-11241] undeclared symbol 'runtest_int', assumed default net type 'wire' [c:/Sadat_files/Academics/Current_Term/COMP3601/Project/project_repo/COMP3601_Project_Audio_tuner/Lab3.gen/sources_1/bd/design_1/ipshared/8745/hdl/verilog/xsdbm_v3_0_2_bs_core.vh:194]
INFO: [Synth 8-11241] undeclared symbol 'tms_int', assumed default net type 'wire' [c:/Sadat_files/Academics/Current_Term/COMP3601/Project/project_repo/COMP3601_Project_Audio_tuner/Lab3.gen/sources_1/bd/design_1/ipshared/8745/hdl/verilog/xsdbm_v3_0_2_bs_core.vh:235]
INFO: [Synth 8-11241] undeclared symbol 'runtest_int', assumed default net type 'wire' [c:/Sadat_files/Academics/Current_Term/COMP3601/Project/project_repo/COMP3601_Project_Audio_tuner/Lab3.gen/sources_1/bd/design_1/ipshared/8745/hdl/verilog/xsdbm_v3_0_2_bs_core.vh:237]
INFO: [Synth 8-11241] undeclared symbol 'tms_int', assumed default net type 'wire' [c:/Sadat_files/Academics/Current_Term/COMP3601/Project/project_repo/COMP3601_Project_Audio_tuner/Lab3.gen/sources_1/bd/design_1/ipshared/8745/hdl/verilog/xsdbm_v3_0_2_bs_core.vh:279]
INFO: [Synth 8-11241] undeclared symbol 'runtest_int', assumed default net type 'wire' [c:/Sadat_files/Academics/Current_Term/COMP3601/Project/project_repo/COMP3601_Project_Audio_tuner/Lab3.gen/sources_1/bd/design_1/ipshared/8745/hdl/verilog/xsdbm_v3_0_2_bs_core.vh:281]
INFO: [Synth 8-11241] undeclared symbol 'tms_int', assumed default net type 'wire' [c:/Sadat_files/Academics/Current_Term/COMP3601/Project/project_repo/COMP3601_Project_Audio_tuner/Lab3.gen/sources_1/bd/design_1/ipshared/8745/hdl/verilog/xsdbm_v3_0_2_bs_core.vh:324]
INFO: [Synth 8-11241] undeclared symbol 'runtest_int', assumed default net type 'wire' [c:/Sadat_files/Academics/Current_Term/COMP3601/Project/project_repo/COMP3601_Project_Audio_tuner/Lab3.gen/sources_1/bd/design_1/ipshared/8745/hdl/verilog/xsdbm_v3_0_2_bs_core.vh:326]
INFO: [Synth 8-11241] undeclared symbol 'tms_int', assumed default net type 'wire' [c:/Sadat_files/Academics/Current_Term/COMP3601/Project/project_repo/COMP3601_Project_Audio_tuner/Lab3.gen/sources_1/bd/design_1/ipshared/8745/hdl/verilog/xsdbm_v3_0_2_bs_core.vh:370]
INFO: [Synth 8-11241] undeclared symbol 'runtest_int', assumed default net type 'wire' [c:/Sadat_files/Academics/Current_Term/COMP3601/Project/project_repo/COMP3601_Project_Audio_tuner/Lab3.gen/sources_1/bd/design_1/ipshared/8745/hdl/verilog/xsdbm_v3_0_2_bs_core.vh:372]
INFO: [Synth 8-11241] undeclared symbol 'tms_int', assumed default net type 'wire' [c:/Sadat_files/Academics/Current_Term/COMP3601/Project/project_repo/COMP3601_Project_Audio_tuner/Lab3.gen/sources_1/bd/design_1/ipshared/8745/hdl/verilog/xsdbm_v3_0_2_bs_core.vh:417]
INFO: [Synth 8-11241] undeclared symbol 'runtest_int', assumed default net type 'wire' [c:/Sadat_files/Academics/Current_Term/COMP3601/Project/project_repo/COMP3601_Project_Audio_tuner/Lab3.gen/sources_1/bd/design_1/ipshared/8745/hdl/verilog/xsdbm_v3_0_2_bs_core.vh:419]
INFO: [Synth 8-11241] undeclared symbol 'tms_int', assumed default net type 'wire' [c:/Sadat_files/Academics/Current_Term/COMP3601/Project/project_repo/COMP3601_Project_Audio_tuner/Lab3.gen/sources_1/bd/design_1/ipshared/8745/hdl/verilog/xsdbm_v3_0_2_bs_core.vh:465]
INFO: [Synth 8-11241] undeclared symbol 'runtest_int', assumed default net type 'wire' [c:/Sadat_files/Academics/Current_Term/COMP3601/Project/project_repo/COMP3601_Project_Audio_tuner/Lab3.gen/sources_1/bd/design_1/ipshared/8745/hdl/verilog/xsdbm_v3_0_2_bs_core.vh:467]
INFO: [Synth 8-11241] undeclared symbol 'tms_int', assumed default net type 'wire' [c:/Sadat_files/Academics/Current_Term/COMP3601/Project/project_repo/COMP3601_Project_Audio_tuner/Lab3.gen/sources_1/bd/design_1/ipshared/8745/hdl/verilog/xsdbm_v3_0_2_bs_core.vh:514]
INFO: [Synth 8-11241] undeclared symbol 'runtest_int', assumed default net type 'wire' [c:/Sadat_files/Academics/Current_Term/COMP3601/Project/project_repo/COMP3601_Project_Audio_tuner/Lab3.gen/sources_1/bd/design_1/ipshared/8745/hdl/verilog/xsdbm_v3_0_2_bs_core.vh:516]
INFO: [Synth 8-11241] undeclared symbol 'tms_int', assumed default net type 'wire' [c:/Sadat_files/Academics/Current_Term/COMP3601/Project/project_repo/COMP3601_Project_Audio_tuner/Lab3.gen/sources_1/bd/design_1/ipshared/8745/hdl/verilog/xsdbm_v3_0_2_bs_core.vh:564]
INFO: [Synth 8-11241] undeclared symbol 'runtest_int', assumed default net type 'wire' [c:/Sadat_files/Academics/Current_Term/COMP3601/Project/project_repo/COMP3601_Project_Audio_tuner/Lab3.gen/sources_1/bd/design_1/ipshared/8745/hdl/verilog/xsdbm_v3_0_2_bs_core.vh:566]
INFO: [Synth 8-11241] undeclared symbol 'tms_int', assumed default net type 'wire' [c:/Sadat_files/Academics/Current_Term/COMP3601/Project/project_repo/COMP3601_Project_Audio_tuner/Lab3.gen/sources_1/bd/design_1/ipshared/8745/hdl/verilog/xsdbm_v3_0_2_bs_core.vh:615]
INFO: [Synth 8-11241] undeclared symbol 'runtest_int', assumed default net type 'wire' [c:/Sadat_files/Academics/Current_Term/COMP3601/Project/project_repo/COMP3601_Project_Audio_tuner/Lab3.gen/sources_1/bd/design_1/ipshared/8745/hdl/verilog/xsdbm_v3_0_2_bs_core.vh:617]
INFO: [Synth 8-11241] undeclared symbol 'tms_int', assumed default net type 'wire' [c:/Sadat_files/Academics/Current_Term/COMP3601/Project/project_repo/COMP3601_Project_Audio_tuner/Lab3.gen/sources_1/bd/design_1/ipshared/8745/hdl/verilog/xsdbm_v3_0_2_bs_core_vec.vh:30]
INFO: [Synth 8-11241] undeclared symbol 'runtest_int', assumed default net type 'wire' [c:/Sadat_files/Academics/Current_Term/COMP3601/Project/project_repo/COMP3601_Project_Audio_tuner/Lab3.gen/sources_1/bd/design_1/ipshared/8745/hdl/verilog/xsdbm_v3_0_2_bs_core_vec.vh:32]
INFO: [Synth 8-11241] undeclared symbol 'tms_int', assumed default net type 'wire' [c:/Sadat_files/Academics/Current_Term/COMP3601/Project/project_repo/COMP3601_Project_Audio_tuner/Lab3.gen/sources_1/bd/design_1/ipshared/8745/hdl/verilog/xsdbm_v3_0_2_bs_core_vec.vh:65]
INFO: [Synth 8-11241] undeclared symbol 'runtest_int', assumed default net type 'wire' [c:/Sadat_files/Academics/Current_Term/COMP3601/Project/project_repo/COMP3601_Project_Audio_tuner/Lab3.gen/sources_1/bd/design_1/ipshared/8745/hdl/verilog/xsdbm_v3_0_2_bs_core_vec.vh:67]
INFO: [Synth 8-11241] undeclared symbol 'tms_int', assumed default net type 'wire' [c:/Sadat_files/Academics/Current_Term/COMP3601/Project/project_repo/COMP3601_Project_Audio_tuner/Lab3.gen/sources_1/bd/design_1/ipshared/8745/hdl/verilog/xsdbm_v3_0_2_bs_core_vec.vh:100]
INFO: [Synth 8-11241] undeclared symbol 'runtest_int', assumed default net type 'wire' [c:/Sadat_files/Academics/Current_Term/COMP3601/Project/project_repo/COMP3601_Project_Audio_tuner/Lab3.gen/sources_1/bd/design_1/ipshared/8745/hdl/verilog/xsdbm_v3_0_2_bs_core_vec.vh:102]
INFO: [Synth 8-11241] undeclared symbol 'tms_int', assumed default net type 'wire' [c:/Sadat_files/Academics/Current_Term/COMP3601/Project/project_repo/COMP3601_Project_Audio_tuner/Lab3.gen/sources_1/bd/design_1/ipshared/8745/hdl/verilog/xsdbm_v3_0_2_bs_core_vec.vh:135]
INFO: [Synth 8-11241] undeclared symbol 'runtest_int', assumed default net type 'wire' [c:/Sadat_files/Academics/Current_Term/COMP3601/Project/project_repo/COMP3601_Project_Audio_tuner/Lab3.gen/sources_1/bd/design_1/ipshared/8745/hdl/verilog/xsdbm_v3_0_2_bs_core_vec.vh:137]
INFO: [Synth 8-11241] undeclared symbol 'tms_int', assumed default net type 'wire' [c:/Sadat_files/Academics/Current_Term/COMP3601/Project/project_repo/COMP3601_Project_Audio_tuner/Lab3.gen/sources_1/bd/design_1/ipshared/8745/hdl/verilog/xsdbm_v3_0_2_bs_core_vec.vh:170]
INFO: [Synth 8-11241] undeclared symbol 'runtest_int', assumed default net type 'wire' [c:/Sadat_files/Academics/Current_Term/COMP3601/Project/project_repo/COMP3601_Project_Audio_tuner/Lab3.gen/sources_1/bd/design_1/ipshared/8745/hdl/verilog/xsdbm_v3_0_2_bs_core_vec.vh:172]
INFO: [Synth 8-11241] undeclared symbol 'tms_int', assumed default net type 'wire' [c:/Sadat_files/Academics/Current_Term/COMP3601/Project/project_repo/COMP3601_Project_Audio_tuner/Lab3.gen/sources_1/bd/design_1/ipshared/8745/hdl/verilog/xsdbm_v3_0_2_bs_core_vec.vh:205]
INFO: [Synth 8-11241] undeclared symbol 'runtest_int', assumed default net type 'wire' [c:/Sadat_files/Academics/Current_Term/COMP3601/Project/project_repo/COMP3601_Project_Audio_tuner/Lab3.gen/sources_1/bd/design_1/ipshared/8745/hdl/verilog/xsdbm_v3_0_2_bs_core_vec.vh:207]
INFO: [Synth 8-11241] undeclared symbol 'tms_int', assumed default net type 'wire' [c:/Sadat_files/Academics/Current_Term/COMP3601/Project/project_repo/COMP3601_Project_Audio_tuner/Lab3.gen/sources_1/bd/design_1/ipshared/8745/hdl/verilog/xsdbm_v3_0_2_bs_core_vec.vh:240]
INFO: [Synth 8-11241] undeclared symbol 'runtest_int', assumed default net type 'wire' [c:/Sadat_files/Academics/Current_Term/COMP3601/Project/project_repo/COMP3601_Project_Audio_tuner/Lab3.gen/sources_1/bd/design_1/ipshared/8745/hdl/verilog/xsdbm_v3_0_2_bs_core_vec.vh:242]
INFO: [Synth 8-11241] undeclared symbol 'tms_int', assumed default net type 'wire' [c:/Sadat_files/Academics/Current_Term/COMP3601/Project/project_repo/COMP3601_Project_Audio_tuner/Lab3.gen/sources_1/bd/design_1/ipshared/8745/hdl/verilog/xsdbm_v3_0_2_bs_core_vec.vh:275]
INFO: [Synth 8-11241] undeclared symbol 'runtest_int', assumed default net type 'wire' [c:/Sadat_files/Academics/Current_Term/COMP3601/Project/project_repo/COMP3601_Project_Audio_tuner/Lab3.gen/sources_1/bd/design_1/ipshared/8745/hdl/verilog/xsdbm_v3_0_2_bs_core_vec.vh:277]
INFO: [Synth 8-11241] undeclared symbol 'tms_int', assumed default net type 'wire' [c:/Sadat_files/Academics/Current_Term/COMP3601/Project/project_repo/COMP3601_Project_Audio_tuner/Lab3.gen/sources_1/bd/design_1/ipshared/8745/hdl/verilog/xsdbm_v3_0_2_bs_core_vec.vh:310]
INFO: [Synth 8-11241] undeclared symbol 'runtest_int', assumed default net type 'wire' [c:/Sadat_files/Academics/Current_Term/COMP3601/Project/project_repo/COMP3601_Project_Audio_tuner/Lab3.gen/sources_1/bd/design_1/ipshared/8745/hdl/verilog/xsdbm_v3_0_2_bs_core_vec.vh:312]
INFO: [Synth 8-11241] undeclared symbol 'tms_int', assumed default net type 'wire' [c:/Sadat_files/Academics/Current_Term/COMP3601/Project/project_repo/COMP3601_Project_Audio_tuner/Lab3.gen/sources_1/bd/design_1/ipshared/8745/hdl/verilog/xsdbm_v3_0_2_bs_core_vec.vh:345]
INFO: [Synth 8-11241] undeclared symbol 'runtest_int', assumed default net type 'wire' [c:/Sadat_files/Academics/Current_Term/COMP3601/Project/project_repo/COMP3601_Project_Audio_tuner/Lab3.gen/sources_1/bd/design_1/ipshared/8745/hdl/verilog/xsdbm_v3_0_2_bs_core_vec.vh:347]
INFO: [Synth 8-11241] undeclared symbol 'tms_int', assumed default net type 'wire' [c:/Sadat_files/Academics/Current_Term/COMP3601/Project/project_repo/COMP3601_Project_Audio_tuner/Lab3.gen/sources_1/bd/design_1/ipshared/8745/hdl/verilog/xsdbm_v3_0_2_bs_core_vec.vh:380]
INFO: [Synth 8-11241] undeclared symbol 'runtest_int', assumed default net type 'wire' [c:/Sadat_files/Academics/Current_Term/COMP3601/Project/project_repo/COMP3601_Project_Audio_tuner/Lab3.gen/sources_1/bd/design_1/ipshared/8745/hdl/verilog/xsdbm_v3_0_2_bs_core_vec.vh:382]
INFO: [Synth 8-11241] undeclared symbol 'tms_int', assumed default net type 'wire' [c:/Sadat_files/Academics/Current_Term/COMP3601/Project/project_repo/COMP3601_Project_Audio_tuner/Lab3.gen/sources_1/bd/design_1/ipshared/8745/hdl/verilog/xsdbm_v3_0_2_bs_core_vec.vh:415]
INFO: [Synth 8-11241] undeclared symbol 'runtest_int', assumed default net type 'wire' [c:/Sadat_files/Academics/Current_Term/COMP3601/Project/project_repo/COMP3601_Project_Audio_tuner/Lab3.gen/sources_1/bd/design_1/ipshared/8745/hdl/verilog/xsdbm_v3_0_2_bs_core_vec.vh:417]
INFO: [Synth 8-11241] undeclared symbol 'tms_int', assumed default net type 'wire' [c:/Sadat_files/Academics/Current_Term/COMP3601/Project/project_repo/COMP3601_Project_Audio_tuner/Lab3.gen/sources_1/bd/design_1/ipshared/8745/hdl/verilog/xsdbm_v3_0_2_bs_core_vec.vh:450]
INFO: [Synth 8-11241] undeclared symbol 'runtest_int', assumed default net type 'wire' [c:/Sadat_files/Academics/Current_Term/COMP3601/Project/project_repo/COMP3601_Project_Audio_tuner/Lab3.gen/sources_1/bd/design_1/ipshared/8745/hdl/verilog/xsdbm_v3_0_2_bs_core_vec.vh:452]
INFO: [Synth 8-11241] undeclared symbol 'tms_int', assumed default net type 'wire' [c:/Sadat_files/Academics/Current_Term/COMP3601/Project/project_repo/COMP3601_Project_Audio_tuner/Lab3.gen/sources_1/bd/design_1/ipshared/8745/hdl/verilog/xsdbm_v3_0_2_bs_core_vec.vh:485]
INFO: [Synth 8-11241] undeclared symbol 'runtest_int', assumed default net type 'wire' [c:/Sadat_files/Academics/Current_Term/COMP3601/Project/project_repo/COMP3601_Project_Audio_tuner/Lab3.gen/sources_1/bd/design_1/ipshared/8745/hdl/verilog/xsdbm_v3_0_2_bs_core_vec.vh:487]
INFO: [Synth 8-11241] undeclared symbol 'tms_int', assumed default net type 'wire' [c:/Sadat_files/Academics/Current_Term/COMP3601/Project/project_repo/COMP3601_Project_Audio_tuner/Lab3.gen/sources_1/bd/design_1/ipshared/8745/hdl/verilog/xsdbm_v3_0_2_bs_core_vec.vh:30]
INFO: [Synth 8-11241] undeclared symbol 'runtest_int', assumed default net type 'wire' [c:/Sadat_files/Academics/Current_Term/COMP3601/Project/project_repo/COMP3601_Project_Audio_tuner/Lab3.gen/sources_1/bd/design_1/ipshared/8745/hdl/verilog/xsdbm_v3_0_2_bs_core_vec.vh:32]
INFO: [Synth 8-11241] undeclared symbol 'tms_int', assumed default net type 'wire' [c:/Sadat_files/Academics/Current_Term/COMP3601/Project/project_repo/COMP3601_Project_Audio_tuner/Lab3.gen/sources_1/bd/design_1/ipshared/8745/hdl/verilog/xsdbm_v3_0_2_bs_core_vec.vh:65]
INFO: [Synth 8-11241] undeclared symbol 'runtest_int', assumed default net type 'wire' [c:/Sadat_files/Academics/Current_Term/COMP3601/Project/project_repo/COMP3601_Project_Audio_tuner/Lab3.gen/sources_1/bd/design_1/ipshared/8745/hdl/verilog/xsdbm_v3_0_2_bs_core_vec.vh:67]
INFO: [Synth 8-11241] undeclared symbol 'tms_int', assumed default net type 'wire' [c:/Sadat_files/Academics/Current_Term/COMP3601/Project/project_repo/COMP3601_Project_Audio_tuner/Lab3.gen/sources_1/bd/design_1/ipshared/8745/hdl/verilog/xsdbm_v3_0_2_bs_core_vec.vh:100]
INFO: [Synth 8-11241] undeclared symbol 'runtest_int', assumed default net type 'wire' [c:/Sadat_files/Academics/Current_Term/COMP3601/Project/project_repo/COMP3601_Project_Audio_tuner/Lab3.gen/sources_1/bd/design_1/ipshared/8745/hdl/verilog/xsdbm_v3_0_2_bs_core_vec.vh:102]
INFO: [Synth 8-11241] undeclared symbol 'tms_int', assumed default net type 'wire' [c:/Sadat_files/Academics/Current_Term/COMP3601/Project/project_repo/COMP3601_Project_Audio_tuner/Lab3.gen/sources_1/bd/design_1/ipshared/8745/hdl/verilog/xsdbm_v3_0_2_bs_core_vec.vh:135]
INFO: [Synth 8-11241] undeclared symbol 'runtest_int', assumed default net type 'wire' [c:/Sadat_files/Academics/Current_Term/COMP3601/Project/project_repo/COMP3601_Project_Audio_tuner/Lab3.gen/sources_1/bd/design_1/ipshared/8745/hdl/verilog/xsdbm_v3_0_2_bs_core_vec.vh:137]
INFO: [Synth 8-11241] undeclared symbol 'tms_int', assumed default net type 'wire' [c:/Sadat_files/Academics/Current_Term/COMP3601/Project/project_repo/COMP3601_Project_Audio_tuner/Lab3.gen/sources_1/bd/design_1/ipshared/8745/hdl/verilog/xsdbm_v3_0_2_bs_core_vec.vh:170]
INFO: [Synth 8-11241] undeclared symbol 'runtest_int', assumed default net type 'wire' [c:/Sadat_files/Academics/Current_Term/COMP3601/Project/project_repo/COMP3601_Project_Audio_tuner/Lab3.gen/sources_1/bd/design_1/ipshared/8745/hdl/verilog/xsdbm_v3_0_2_bs_core_vec.vh:172]
INFO: [Synth 8-11241] undeclared symbol 'tms_int', assumed default net type 'wire' [c:/Sadat_files/Academics/Current_Term/COMP3601/Project/project_repo/COMP3601_Project_Audio_tuner/Lab3.gen/sources_1/bd/design_1/ipshared/8745/hdl/verilog/xsdbm_v3_0_2_bs_core_vec.vh:205]
INFO: [Synth 8-11241] undeclared symbol 'runtest_int', assumed default net type 'wire' [c:/Sadat_files/Academics/Current_Term/COMP3601/Project/project_repo/COMP3601_Project_Audio_tuner/Lab3.gen/sources_1/bd/design_1/ipshared/8745/hdl/verilog/xsdbm_v3_0_2_bs_core_vec.vh:207]
INFO: [Synth 8-11241] undeclared symbol 'tms_int', assumed default net type 'wire' [c:/Sadat_files/Academics/Current_Term/COMP3601/Project/project_repo/COMP3601_Project_Audio_tuner/Lab3.gen/sources_1/bd/design_1/ipshared/8745/hdl/verilog/xsdbm_v3_0_2_bs_core_vec.vh:240]
INFO: [Synth 8-11241] undeclared symbol 'runtest_int', assumed default net type 'wire' [c:/Sadat_files/Academics/Current_Term/COMP3601/Project/project_repo/COMP3601_Project_Audio_tuner/Lab3.gen/sources_1/bd/design_1/ipshared/8745/hdl/verilog/xsdbm_v3_0_2_bs_core_vec.vh:242]
INFO: [Synth 8-11241] undeclared symbol 'tms_int', assumed default net type 'wire' [c:/Sadat_files/Academics/Current_Term/COMP3601/Project/project_repo/COMP3601_Project_Audio_tuner/Lab3.gen/sources_1/bd/design_1/ipshared/8745/hdl/verilog/xsdbm_v3_0_2_bs_core_vec.vh:275]
INFO: [Common 17-14] Message 'Synth 8-11241' appears 100 times and further instances of the messages will be disabled. Use the Tcl command set_msg_config to change the current settings.
INFO: [Synth 8-6157] synthesizing module 'design_1_wrapper' [C:/Sadat_files/Academics/Current_Term/COMP3601/Project/project_repo/COMP3601_Project_Audio_tuner/Lab3.gen/sources_1/bd/design_1/hdl/design_1_wrapper.v:13]
INFO: [Synth 8-6157] synthesizing module 'design_1' [c:/Sadat_files/Academics/Current_Term/COMP3601/Project/project_repo/COMP3601_Project_Audio_tuner/Lab3.gen/sources_1/bd/design_1/synth/design_1.v:13]
INFO: [Synth 8-6157] synthesizing module 'design_1_amplifier_pipeline_0_0' [c:/Sadat_files/Academics/Current_Term/COMP3601/Project/project_repo/COMP3601_Project_Audio_tuner/Lab3.gen/sources_1/bd/design_1/ip/design_1_amplifier_pipeline_0_0/synth/design_1_amplifier_pipeline_0_0.v:53]
INFO: [Synth 8-638] synthesizing module 'amplifier_pipeline' [C:/Sadat_files/Academics/Current_Term/COMP3601/Project/project_repo/COMP3601_Project_Audio_tuner/Lab3.srcs/sources_1/new/amplifier_pipeline.vhd:87]
	Parameter PCM_PRECISION bound to: 18 - type: integer 
	Parameter PCM_WIDTH bound to: 24 - type: integer 
	Parameter DATA_WIDTH bound to: 32 - type: integer 
	Parameter FIFO_DEPTH bound to: 12 - type: integer 
	Parameter TRANSFER_LEN bound to: 5 - type: integer 
	Parameter C_S00_AXI_DATA_WIDTH bound to: 32 - type: integer 
	Parameter C_S00_AXI_ADDR_WIDTH bound to: 5 - type: integer 
	Parameter C_S_AXI_DATA_WIDTH bound to: 32 - type: integer 
	Parameter C_S_AXI_ADDR_WIDTH bound to: 5 - type: integer 
INFO: [Synth 8-3491] module 'ctrl_bus' declared at 'C:/Sadat_files/Academics/Current_Term/COMP3601/Project/project_repo/COMP3601_Project_Audio_tuner/Lab3.srcs/sources_1/imports/IBR_Resources/ctrl_bus.vhd:5' bound to instance 'inst_ctrl_bus' of component 'ctrl_bus' [C:/Sadat_files/Academics/Current_Term/COMP3601/Project/project_repo/COMP3601_Project_Audio_tuner/Lab3.srcs/sources_1/new/amplifier_pipeline.vhd:122]
INFO: [Synth 8-638] synthesizing module 'ctrl_bus' [C:/Sadat_files/Academics/Current_Term/COMP3601/Project/project_repo/COMP3601_Project_Audio_tuner/Lab3.srcs/sources_1/imports/IBR_Resources/ctrl_bus.vhd:93]
	Parameter C_S_AXI_DATA_WIDTH bound to: 32 - type: integer 
	Parameter C_S_AXI_ADDR_WIDTH bound to: 5 - type: integer 
INFO: [Synth 8-226] default block is never used [C:/Sadat_files/Academics/Current_Term/COMP3601/Project/project_repo/COMP3601_Project_Audio_tuner/Lab3.srcs/sources_1/imports/IBR_Resources/ctrl_bus.vhd:250]
INFO: [Synth 8-226] default block is never used [C:/Sadat_files/Academics/Current_Term/COMP3601/Project/project_repo/COMP3601_Project_Audio_tuner/Lab3.srcs/sources_1/imports/IBR_Resources/ctrl_bus.vhd:422]
INFO: [Synth 8-256] done synthesizing module 'ctrl_bus' (0#1) [C:/Sadat_files/Academics/Current_Term/COMP3601/Project/project_repo/COMP3601_Project_Audio_tuner/Lab3.srcs/sources_1/imports/IBR_Resources/ctrl_bus.vhd:93]
	Parameter DATA_WIDTH bound to: 32 - type: integer 
	Parameter FIFO_DEPTH bound to: 12 - type: integer 
INFO: [Synth 8-3491] module 'fifo' declared at 'C:/Sadat_files/Academics/Current_Term/COMP3601/Project/project_repo/COMP3601_Project_Audio_tuner/Lab3.srcs/sources_1/imports/IBR_Resources/fifo.vhd:5' bound to instance 'inst_fifo_speaker' of component 'fifo' [C:/Sadat_files/Academics/Current_Term/COMP3601/Project/project_repo/COMP3601_Project_Audio_tuner/Lab3.srcs/sources_1/new/amplifier_pipeline.vhd:174]
INFO: [Synth 8-638] synthesizing module 'fifo' [C:/Sadat_files/Academics/Current_Term/COMP3601/Project/project_repo/COMP3601_Project_Audio_tuner/Lab3.srcs/sources_1/imports/IBR_Resources/fifo.vhd:23]
	Parameter DATA_WIDTH bound to: 32 - type: integer 
	Parameter FIFO_DEPTH bound to: 12 - type: integer 
INFO: [Synth 8-256] done synthesizing module 'fifo' (0#1) [C:/Sadat_files/Academics/Current_Term/COMP3601/Project/project_repo/COMP3601_Project_Audio_tuner/Lab3.srcs/sources_1/imports/IBR_Resources/fifo.vhd:23]
INFO: [Synth 8-638] synthesizing module 'i2s_transmitter' [C:/Sadat_files/Academics/Current_Term/COMP3601/Project/project_repo/COMP3601_Project_Audio_tuner/Lab3.srcs/sources_1/new/i2s_transmitter.vhd:47]
	Parameter DATA_WIDTH bound to: 32 - type: integer 
	Parameter PCM_PRECISION bound to: 18 - type: integer 
	Parameter BCLK_HALF bound to: 16 - type: integer 
INFO: [Synth 8-256] done synthesizing module 'i2s_transmitter' (0#1) [C:/Sadat_files/Academics/Current_Term/COMP3601/Project/project_repo/COMP3601_Project_Audio_tuner/Lab3.srcs/sources_1/new/i2s_transmitter.vhd:47]
INFO: [Synth 8-256] done synthesizing module 'amplifier_pipeline' (0#1) [C:/Sadat_files/Academics/Current_Term/COMP3601/Project/project_repo/COMP3601_Project_Audio_tuner/Lab3.srcs/sources_1/new/amplifier_pipeline.vhd:87]
INFO: [Synth 8-6155] done synthesizing module 'design_1_amplifier_pipeline_0_0' (0#1) [c:/Sadat_files/Academics/Current_Term/COMP3601/Project/project_repo/COMP3601_Project_Audio_tuner/Lab3.gen/sources_1/bd/design_1/ip/design_1_amplifier_pipeline_0_0/synth/design_1_amplifier_pipeline_0_0.v:53]
INFO: [Synth 8-6157] synthesizing module 'design_1_audio_pipeline_0_0' [c:/Sadat_files/Academics/Current_Term/COMP3601/Project/project_repo/COMP3601_Project_Audio_tuner/Lab3.gen/sources_1/bd/design_1/ip/design_1_audio_pipeline_0_0/synth/design_1_audio_pipeline_0_0.v:53]
INFO: [Synth 8-638] synthesizing module 'audio_pipeline' [C:/Sadat_files/Academics/Current_Term/COMP3601/Project/project_repo/COMP3601_Project_Audio_tuner/Lab3.srcs/sources_1/imports/IBR_Resources/audio_pipeline.vhd:64]
	Parameter PCM_PRECISION bound to: 18 - type: integer 
	Parameter PCM_WIDTH bound to: 24 - type: integer 
	Parameter DATA_WIDTH bound to: 32 - type: integer 
	Parameter FIFO_DEPTH bound to: 12 - type: integer 
	Parameter TRANSFER_LEN bound to: 5 - type: integer 
	Parameter C_S00_AXI_DATA_WIDTH bound to: 32 - type: integer 
	Parameter C_S00_AXI_ADDR_WIDTH bound to: 5 - type: integer 
	Parameter C_S_AXI_DATA_WIDTH bound to: 32 - type: integer 
	Parameter C_S_AXI_ADDR_WIDTH bound to: 5 - type: integer 
INFO: [Synth 8-3491] module 'ctrl_bus' declared at 'C:/Sadat_files/Academics/Current_Term/COMP3601/Project/project_repo/COMP3601_Project_Audio_tuner/Lab3.srcs/sources_1/imports/IBR_Resources/ctrl_bus.vhd:5' bound to instance 'inst_ctrl_bus' of component 'ctrl_bus' [C:/Sadat_files/Academics/Current_Term/COMP3601/Project/project_repo/COMP3601_Project_Audio_tuner/Lab3.srcs/sources_1/imports/IBR_Resources/audio_pipeline.vhd:97]
WARNING: [Synth 8-5640] Port 'clk_1' is missing in component declaration [C:/Sadat_files/Academics/Current_Term/COMP3601/Project/project_repo/COMP3601_Project_Audio_tuner/Lab3.srcs/sources_1/imports/IBR_Resources/params.vhd:8]
	Parameter DATA_WIDTH bound to: 32 - type: integer 
	Parameter PCM_PRECISION bound to: 18 - type: integer 
INFO: [Synth 8-3491] module 'i2s_master' declared at 'C:/Sadat_files/Academics/Current_Term/COMP3601/Project/project_repo/COMP3601_Project_Audio_tuner/Lab3.srcs/sources_1/imports/IBR_Resources/i2s_master.vhd:14' bound to instance 'inst_i2s_master' of component 'i2s_master' [C:/Sadat_files/Academics/Current_Term/COMP3601/Project/project_repo/COMP3601_Project_Audio_tuner/Lab3.srcs/sources_1/imports/IBR_Resources/audio_pipeline.vhd:136]
INFO: [Synth 8-638] synthesizing module 'i2s_master' [C:/Sadat_files/Academics/Current_Term/COMP3601/Project/project_repo/COMP3601_Project_Audio_tuner/Lab3.srcs/sources_1/imports/IBR_Resources/i2s_master.vhd:36]
	Parameter DATA_WIDTH bound to: 32 - type: integer 
	Parameter PCM_PRECISION bound to: 18 - type: integer 
INFO: [Synth 8-256] done synthesizing module 'i2s_master' (0#1) [C:/Sadat_files/Academics/Current_Term/COMP3601/Project/project_repo/COMP3601_Project_Audio_tuner/Lab3.srcs/sources_1/imports/IBR_Resources/i2s_master.vhd:36]
	Parameter DATA_WIDTH bound to: 32 - type: integer 
	Parameter FIFO_DEPTH bound to: 12 - type: integer 
INFO: [Synth 8-3491] module 'fifo' declared at 'C:/Sadat_files/Academics/Current_Term/COMP3601/Project/project_repo/COMP3601_Project_Audio_tuner/Lab3.srcs/sources_1/imports/IBR_Resources/fifo.vhd:5' bound to instance 'inst_fifo' of component 'fifo' [C:/Sadat_files/Academics/Current_Term/COMP3601/Project/project_repo/COMP3601_Project_Audio_tuner/Lab3.srcs/sources_1/imports/IBR_Resources/audio_pipeline.vhd:156]
WARNING: [Synth 8-614] signal 'rst' is read in the process but is not in the sensitivity list [C:/Sadat_files/Academics/Current_Term/COMP3601/Project/project_repo/COMP3601_Project_Audio_tuner/Lab3.srcs/sources_1/imports/IBR_Resources/audio_pipeline.vhd:183]
INFO: [Synth 8-256] done synthesizing module 'audio_pipeline' (0#1) [C:/Sadat_files/Academics/Current_Term/COMP3601/Project/project_repo/COMP3601_Project_Audio_tuner/Lab3.srcs/sources_1/imports/IBR_Resources/audio_pipeline.vhd:64]
INFO: [Synth 8-6155] done synthesizing module 'design_1_audio_pipeline_0_0' (0#1) [c:/Sadat_files/Academics/Current_Term/COMP3601/Project/project_repo/COMP3601_Project_Audio_tuner/Lab3.gen/sources_1/bd/design_1/ip/design_1_audio_pipeline_0_0/synth/design_1_audio_pipeline_0_0.v:53]
INFO: [Synth 8-638] synthesizing module 'design_1_axi_dma_0_0' [c:/Sadat_files/Academics/Current_Term/COMP3601/Project/project_repo/COMP3601_Project_Audio_tuner/Lab3.gen/sources_1/bd/design_1/ip/design_1_axi_dma_0_0/synth/design_1_axi_dma_0_0.vhd:128]
	Parameter C_S_AXI_LITE_ADDR_WIDTH bound to: 10 - type: integer 
	Parameter C_S_AXI_LITE_DATA_WIDTH bound to: 32 - type: integer 
	Parameter C_DLYTMR_RESOLUTION bound to: 125 - type: integer 
	Parameter C_PRMRY_IS_ACLK_ASYNC bound to: 0 - type: integer 
	Parameter C_ENABLE_MULTI_CHANNEL bound to: 0 - type: integer 
	Parameter C_NUM_MM2S_CHANNELS bound to: 1 - type: integer 
	Parameter C_NUM_S2MM_CHANNELS bound to: 1 - type: integer 
	Parameter C_INCLUDE_SG bound to: 0 - type: integer 
	Parameter C_SG_INCLUDE_STSCNTRL_STRM bound to: 0 - type: integer 
	Parameter C_SG_USE_STSAPP_LENGTH bound to: 0 - type: integer 
	Parameter C_SG_LENGTH_WIDTH bound to: 14 - type: integer 
	Parameter C_M_AXI_SG_ADDR_WIDTH bound to: 32 - type: integer 
	Parameter C_M_AXI_SG_DATA_WIDTH bound to: 32 - type: integer 
	Parameter C_M_AXIS_MM2S_CNTRL_TDATA_WIDTH bound to: 32 - type: integer 
	Parameter C_S_AXIS_S2MM_STS_TDATA_WIDTH bound to: 32 - type: integer 
	Parameter C_MICRO_DMA bound to: 0 - type: integer 
	Parameter C_INCLUDE_MM2S bound to: 1 - type: integer 
	Parameter C_INCLUDE_MM2S_SF bound to: 1 - type: integer 
	Parameter C_MM2S_BURST_SIZE bound to: 16 - type: integer 
	Parameter C_M_AXI_MM2S_ADDR_WIDTH bound to: 32 - type: integer 
	Parameter C_M_AXI_MM2S_DATA_WIDTH bound to: 32 - type: integer 
	Parameter C_M_AXIS_MM2S_TDATA_WIDTH bound to: 32 - type: integer 
	Parameter C_INCLUDE_MM2S_DRE bound to: 0 - type: integer 
	Parameter C_INCLUDE_S2MM bound to: 1 - type: integer 
	Parameter C_INCLUDE_S2MM_SF bound to: 1 - type: integer 
	Parameter C_S2MM_BURST_SIZE bound to: 16 - type: integer 
	Parameter C_M_AXI_S2MM_ADDR_WIDTH bound to: 32 - type: integer 
	Parameter C_M_AXI_S2MM_DATA_WIDTH bound to: 32 - type: integer 
	Parameter C_S_AXIS_S2MM_TDATA_WIDTH bound to: 32 - type: integer 
	Parameter C_INCLUDE_S2MM_DRE bound to: 0 - type: integer 
	Parameter C_INCREASE_THROUGHPUT bound to: 0 - type: integer 
	Parameter C_FAMILY bound to: zynquplus - type: string 
INFO: [Synth 8-3491] module 'axi_dma' declared at 'c:/Sadat_files/Academics/Current_Term/COMP3601/Project/project_repo/COMP3601_Project_Audio_tuner/Lab3.gen/sources_1/bd/design_1/ipshared/8830/hdl/axi_dma_v7_1_vh_rfs.vhd:21804' bound to instance 'U0' of component 'axi_dma' [c:/Sadat_files/Academics/Current_Term/COMP3601/Project/project_repo/COMP3601_Project_Audio_tuner/Lab3.gen/sources_1/bd/design_1/ip/design_1_axi_dma_0_0/synth/design_1_axi_dma_0_0.vhd:374]
INFO: [Synth 8-638] synthesizing module 'axi_dma' [c:/Sadat_files/Academics/Current_Term/COMP3601/Project/project_repo/COMP3601_Project_Audio_tuner/Lab3.gen/sources_1/bd/design_1/ipshared/8830/hdl/axi_dma_v7_1_vh_rfs.vhd:22149]
INFO: [Synth 8-638] synthesizing module 'axi_dma_rst_module' [c:/Sadat_files/Academics/Current_Term/COMP3601/Project/project_repo/COMP3601_Project_Audio_tuner/Lab3.gen/sources_1/bd/design_1/ipshared/8830/hdl/axi_dma_v7_1_vh_rfs.vhd:1592]
INFO: [Synth 8-638] synthesizing module 'cdc_sync' [c:/Sadat_files/Academics/Current_Term/COMP3601/Project/project_repo/COMP3601_Project_Audio_tuner/Lab3.gen/sources_1/bd/design_1/ipshared/2a4f/hdl/lib_cdc_v1_0_rfs.vhd:106]
	Parameter INIT bound to: 1'b0 
INFO: [Synth 8-113] binding component instance 'CROSS_PLEVEL_IN2SCNDRY_IN_cdc_to' to cell 'FDR' [c:/Sadat_files/Academics/Current_Term/COMP3601/Project/project_repo/COMP3601_Project_Audio_tuner/Lab3.gen/sources_1/bd/design_1/ipshared/2a4f/hdl/lib_cdc_v1_0_rfs.vhd:514]
	Parameter INIT bound to: 1'b0 
INFO: [Synth 8-113] binding component instance 'CROSS_PLEVEL_IN2SCNDRY_s_level_out_d2' to cell 'FDR' [c:/Sadat_files/Academics/Current_Term/COMP3601/Project/project_repo/COMP3601_Project_Audio_tuner/Lab3.gen/sources_1/bd/design_1/ipshared/2a4f/hdl/lib_cdc_v1_0_rfs.vhd:545]
	Parameter INIT bound to: 1'b0 
INFO: [Synth 8-113] binding component instance 'CROSS_PLEVEL_IN2SCNDRY_s_level_out_d3' to cell 'FDR' [c:/Sadat_files/Academics/Current_Term/COMP3601/Project/project_repo/COMP3601_Project_Audio_tuner/Lab3.gen/sources_1/bd/design_1/ipshared/2a4f/hdl/lib_cdc_v1_0_rfs.vhd:554]
	Parameter INIT bound to: 1'b0 
INFO: [Synth 8-113] binding component instance 'CROSS_PLEVEL_IN2SCNDRY_s_level_out_d4' to cell 'FDR' [c:/Sadat_files/Academics/Current_Term/COMP3601/Project/project_repo/COMP3601_Project_Audio_tuner/Lab3.gen/sources_1/bd/design_1/ipshared/2a4f/hdl/lib_cdc_v1_0_rfs.vhd:564]
	Parameter INIT bound to: 1'b0 
INFO: [Synth 8-113] binding component instance 'CROSS_PLEVEL_IN2SCNDRY_s_level_out_d5' to cell 'FDR' [c:/Sadat_files/Academics/Current_Term/COMP3601/Project/project_repo/COMP3601_Project_Audio_tuner/Lab3.gen/sources_1/bd/design_1/ipshared/2a4f/hdl/lib_cdc_v1_0_rfs.vhd:574]
	Parameter INIT bound to: 1'b0 
INFO: [Synth 8-113] binding component instance 'CROSS_PLEVEL_IN2SCNDRY_s_level_out_d6' to cell 'FDR' [c:/Sadat_files/Academics/Current_Term/COMP3601/Project/project_repo/COMP3601_Project_Audio_tuner/Lab3.gen/sources_1/bd/design_1/ipshared/2a4f/hdl/lib_cdc_v1_0_rfs.vhd:584]
INFO: [Synth 8-256] done synthesizing module 'cdc_sync' (0#1) [c:/Sadat_files/Academics/Current_Term/COMP3601/Project/project_repo/COMP3601_Project_Audio_tuner/Lab3.gen/sources_1/bd/design_1/ipshared/2a4f/hdl/lib_cdc_v1_0_rfs.vhd:106]
INFO: [Synth 8-638] synthesizing module 'axi_dma_reset' [c:/Sadat_files/Academics/Current_Term/COMP3601/Project/project_repo/COMP3601_Project_Audio_tuner/Lab3.gen/sources_1/bd/design_1/ipshared/8830/hdl/axi_dma_v7_1_vh_rfs.vhd:601]
INFO: [Synth 8-256] done synthesizing module 'axi_dma_reset' (0#1) [c:/Sadat_files/Academics/Current_Term/COMP3601/Project/project_repo/COMP3601_Project_Audio_tuner/Lab3.gen/sources_1/bd/design_1/ipshared/8830/hdl/axi_dma_v7_1_vh_rfs.vhd:601]
INFO: [Synth 8-256] done synthesizing module 'axi_dma_rst_module' (0#1) [c:/Sadat_files/Academics/Current_Term/COMP3601/Project/project_repo/COMP3601_Project_Audio_tuner/Lab3.gen/sources_1/bd/design_1/ipshared/8830/hdl/axi_dma_v7_1_vh_rfs.vhd:1592]
INFO: [Synth 8-638] synthesizing module 'axi_dma_reg_module' [c:/Sadat_files/Academics/Current_Term/COMP3601/Project/project_repo/COMP3601_Project_Audio_tuner/Lab3.gen/sources_1/bd/design_1/ipshared/8830/hdl/axi_dma_v7_1_vh_rfs.vhd:8426]
INFO: [Synth 8-638] synthesizing module 'axi_dma_lite_if' [c:/Sadat_files/Academics/Current_Term/COMP3601/Project/project_repo/COMP3601_Project_Audio_tuner/Lab3.gen/sources_1/bd/design_1/ipshared/8830/hdl/axi_dma_v7_1_vh_rfs.vhd:2057]
INFO: [Synth 8-256] done synthesizing module 'axi_dma_lite_if' (0#1) [c:/Sadat_files/Academics/Current_Term/COMP3601/Project/project_repo/COMP3601_Project_Audio_tuner/Lab3.gen/sources_1/bd/design_1/ipshared/8830/hdl/axi_dma_v7_1_vh_rfs.vhd:2057]
INFO: [Synth 8-638] synthesizing module 'axi_dma_register' [c:/Sadat_files/Academics/Current_Term/COMP3601/Project/project_repo/COMP3601_Project_Audio_tuner/Lab3.gen/sources_1/bd/design_1/ipshared/8830/hdl/axi_dma_v7_1_vh_rfs.vhd:3599]
INFO: [Synth 8-256] done synthesizing module 'axi_dma_register' (0#1) [c:/Sadat_files/Academics/Current_Term/COMP3601/Project/project_repo/COMP3601_Project_Audio_tuner/Lab3.gen/sources_1/bd/design_1/ipshared/8830/hdl/axi_dma_v7_1_vh_rfs.vhd:3599]
INFO: [Synth 8-638] synthesizing module 'axi_dma_register_s2mm' [c:/Sadat_files/Academics/Current_Term/COMP3601/Project/project_repo/COMP3601_Project_Audio_tuner/Lab3.gen/sources_1/bd/design_1/ipshared/8830/hdl/axi_dma_v7_1_vh_rfs.vhd:4844]
INFO: [Synth 8-256] done synthesizing module 'axi_dma_register_s2mm' (0#1) [c:/Sadat_files/Academics/Current_Term/COMP3601/Project/project_repo/COMP3601_Project_Audio_tuner/Lab3.gen/sources_1/bd/design_1/ipshared/8830/hdl/axi_dma_v7_1_vh_rfs.vhd:4844]
INFO: [Synth 8-256] done synthesizing module 'axi_dma_reg_module' (0#1) [c:/Sadat_files/Academics/Current_Term/COMP3601/Project/project_repo/COMP3601_Project_Audio_tuner/Lab3.gen/sources_1/bd/design_1/ipshared/8830/hdl/axi_dma_v7_1_vh_rfs.vhd:8426]
INFO: [Synth 8-638] synthesizing module 'axi_dma_mm2s_mngr' [c:/Sadat_files/Academics/Current_Term/COMP3601/Project/project_repo/COMP3601_Project_Audio_tuner/Lab3.gen/sources_1/bd/design_1/ipshared/8830/hdl/axi_dma_v7_1_vh_rfs.vhd:15157]
INFO: [Synth 8-638] synthesizing module 'axi_dma_smple_sm' [c:/Sadat_files/Academics/Current_Term/COMP3601/Project/project_repo/COMP3601_Project_Audio_tuner/Lab3.gen/sources_1/bd/design_1/ipshared/8830/hdl/axi_dma_v7_1_vh_rfs.vhd:11957]
INFO: [Synth 8-256] done synthesizing module 'axi_dma_smple_sm' (0#1) [c:/Sadat_files/Academics/Current_Term/COMP3601/Project/project_repo/COMP3601_Project_Audio_tuner/Lab3.gen/sources_1/bd/design_1/ipshared/8830/hdl/axi_dma_v7_1_vh_rfs.vhd:11957]
INFO: [Synth 8-638] synthesizing module 'axi_dma_mm2s_cmdsts_if' [c:/Sadat_files/Academics/Current_Term/COMP3601/Project/project_repo/COMP3601_Project_Audio_tuner/Lab3.gen/sources_1/bd/design_1/ipshared/8830/hdl/axi_dma_v7_1_vh_rfs.vhd:13942]
INFO: [Synth 8-256] done synthesizing module 'axi_dma_mm2s_cmdsts_if' (0#1) [c:/Sadat_files/Academics/Current_Term/COMP3601/Project/project_repo/COMP3601_Project_Audio_tuner/Lab3.gen/sources_1/bd/design_1/ipshared/8830/hdl/axi_dma_v7_1_vh_rfs.vhd:13942]
INFO: [Synth 8-638] synthesizing module 'axi_dma_mm2s_sts_mngr' [c:/Sadat_files/Academics/Current_Term/COMP3601/Project/project_repo/COMP3601_Project_Audio_tuner/Lab3.gen/sources_1/bd/design_1/ipshared/8830/hdl/axi_dma_v7_1_vh_rfs.vhd:14256]
INFO: [Synth 8-256] done synthesizing module 'axi_dma_mm2s_sts_mngr' (0#1) [c:/Sadat_files/Academics/Current_Term/COMP3601/Project/project_repo/COMP3601_Project_Audio_tuner/Lab3.gen/sources_1/bd/design_1/ipshared/8830/hdl/axi_dma_v7_1_vh_rfs.vhd:14256]
INFO: [Synth 8-256] done synthesizing module 'axi_dma_mm2s_mngr' (0#1) [c:/Sadat_files/Academics/Current_Term/COMP3601/Project/project_repo/COMP3601_Project_Audio_tuner/Lab3.gen/sources_1/bd/design_1/ipshared/8830/hdl/axi_dma_v7_1_vh_rfs.vhd:15157]
INFO: [Synth 8-638] synthesizing module 'axi_dma_sofeof_gen' [c:/Sadat_files/Academics/Current_Term/COMP3601/Project/project_repo/COMP3601_Project_Audio_tuner/Lab3.gen/sources_1/bd/design_1/ipshared/8830/hdl/axi_dma_v7_1_vh_rfs.vhd:11427]
INFO: [Synth 8-256] done synthesizing module 'axi_dma_sofeof_gen' (0#1) [c:/Sadat_files/Academics/Current_Term/COMP3601/Project/project_repo/COMP3601_Project_Audio_tuner/Lab3.gen/sources_1/bd/design_1/ipshared/8830/hdl/axi_dma_v7_1_vh_rfs.vhd:11427]
INFO: [Synth 8-638] synthesizing module 'axi_dma_s2mm_mngr' [c:/Sadat_files/Academics/Current_Term/COMP3601/Project/project_repo/COMP3601_Project_Audio_tuner/Lab3.gen/sources_1/bd/design_1/ipshared/8830/hdl/axi_dma_v7_1_vh_rfs.vhd:20537]
INFO: [Synth 8-638] synthesizing module 'axi_dma_s2mm_cmdsts_if' [c:/Sadat_files/Academics/Current_Term/COMP3601/Project/project_repo/COMP3601_Project_Audio_tuner/Lab3.gen/sources_1/bd/design_1/ipshared/8830/hdl/axi_dma_v7_1_vh_rfs.vhd:18804]
INFO: [Synth 8-256] done synthesizing module 'axi_dma_s2mm_cmdsts_if' (0#1) [c:/Sadat_files/Academics/Current_Term/COMP3601/Project/project_repo/COMP3601_Project_Audio_tuner/Lab3.gen/sources_1/bd/design_1/ipshared/8830/hdl/axi_dma_v7_1_vh_rfs.vhd:18804]
INFO: [Synth 8-638] synthesizing module 'axi_dma_s2mm_sts_mngr' [c:/Sadat_files/Academics/Current_Term/COMP3601/Project/project_repo/COMP3601_Project_Audio_tuner/Lab3.gen/sources_1/bd/design_1/ipshared/8830/hdl/axi_dma_v7_1_vh_rfs.vhd:19233]
INFO: [Synth 8-256] done synthesizing module 'axi_dma_s2mm_sts_mngr' (0#1) [c:/Sadat_files/Academics/Current_Term/COMP3601/Project/project_repo/COMP3601_Project_Audio_tuner/Lab3.gen/sources_1/bd/design_1/ipshared/8830/hdl/axi_dma_v7_1_vh_rfs.vhd:19233]
INFO: [Synth 8-256] done synthesizing module 'axi_dma_s2mm_mngr' (0#1) [c:/Sadat_files/Academics/Current_Term/COMP3601/Project/project_repo/COMP3601_Project_Audio_tuner/Lab3.gen/sources_1/bd/design_1/ipshared/8830/hdl/axi_dma_v7_1_vh_rfs.vhd:20537]
INFO: [Synth 8-638] synthesizing module 'axi_datamover' [c:/Sadat_files/Academics/Current_Term/COMP3601/Project/project_repo/COMP3601_Project_Audio_tuner/Lab3.gen/sources_1/bd/design_1/ipshared/bf20/hdl/axi_datamover_v5_1_vh_rfs.vhd:55201]
INFO: [Synth 8-638] synthesizing module 'axi_datamover_mm2s_full_wrap' [c:/Sadat_files/Academics/Current_Term/COMP3601/Project/project_repo/COMP3601_Project_Audio_tuner/Lab3.gen/sources_1/bd/design_1/ipshared/bf20/hdl/axi_datamover_v5_1_vh_rfs.vhd:53340]
INFO: [Synth 8-638] synthesizing module 'axi_datamover_reset' [c:/Sadat_files/Academics/Current_Term/COMP3601/Project/project_repo/COMP3601_Project_Audio_tuner/Lab3.gen/sources_1/bd/design_1/ipshared/bf20/hdl/axi_datamover_v5_1_vh_rfs.vhd:147]
INFO: [Synth 8-256] done synthesizing module 'axi_datamover_reset' (0#1) [c:/Sadat_files/Academics/Current_Term/COMP3601/Project/project_repo/COMP3601_Project_Audio_tuner/Lab3.gen/sources_1/bd/design_1/ipshared/bf20/hdl/axi_datamover_v5_1_vh_rfs.vhd:147]
INFO: [Synth 8-638] synthesizing module 'axi_datamover_cmd_status' [c:/Sadat_files/Academics/Current_Term/COMP3601/Project/project_repo/COMP3601_Project_Audio_tuner/Lab3.gen/sources_1/bd/design_1/ipshared/bf20/hdl/axi_datamover_v5_1_vh_rfs.vhd:2665]
INFO: [Synth 8-638] synthesizing module 'axi_datamover_fifo' [c:/Sadat_files/Academics/Current_Term/COMP3601/Project/project_repo/COMP3601_Project_Audio_tuner/Lab3.gen/sources_1/bd/design_1/ipshared/bf20/hdl/axi_datamover_v5_1_vh_rfs.vhd:1859]
INFO: [Synth 8-256] done synthesizing module 'axi_datamover_fifo' (0#1) [c:/Sadat_files/Academics/Current_Term/COMP3601/Project/project_repo/COMP3601_Project_Audio_tuner/Lab3.gen/sources_1/bd/design_1/ipshared/bf20/hdl/axi_datamover_v5_1_vh_rfs.vhd:1859]
INFO: [Synth 8-638] synthesizing module 'axi_datamover_fifo__parameterized0' [c:/Sadat_files/Academics/Current_Term/COMP3601/Project/project_repo/COMP3601_Project_Audio_tuner/Lab3.gen/sources_1/bd/design_1/ipshared/bf20/hdl/axi_datamover_v5_1_vh_rfs.vhd:1859]
INFO: [Synth 8-256] done synthesizing module 'axi_datamover_fifo__parameterized0' (0#1) [c:/Sadat_files/Academics/Current_Term/COMP3601/Project/project_repo/COMP3601_Project_Audio_tuner/Lab3.gen/sources_1/bd/design_1/ipshared/bf20/hdl/axi_datamover_v5_1_vh_rfs.vhd:1859]
INFO: [Synth 8-256] done synthesizing module 'axi_datamover_cmd_status' (0#1) [c:/Sadat_files/Academics/Current_Term/COMP3601/Project/project_repo/COMP3601_Project_Audio_tuner/Lab3.gen/sources_1/bd/design_1/ipshared/bf20/hdl/axi_datamover_v5_1_vh_rfs.vhd:2665]
INFO: [Synth 8-638] synthesizing module 'axi_datamover_rd_status_cntl' [c:/Sadat_files/Academics/Current_Term/COMP3601/Project/project_repo/COMP3601_Project_Audio_tuner/Lab3.gen/sources_1/bd/design_1/ipshared/bf20/hdl/axi_datamover_v5_1_vh_rfs.vhd:13671]
INFO: [Synth 8-256] done synthesizing module 'axi_datamover_rd_status_cntl' (0#1) [c:/Sadat_files/Academics/Current_Term/COMP3601/Project/project_repo/COMP3601_Project_Audio_tuner/Lab3.gen/sources_1/bd/design_1/ipshared/bf20/hdl/axi_datamover_v5_1_vh_rfs.vhd:13671]
INFO: [Synth 8-638] synthesizing module 'axi_datamover_pcc' [c:/Sadat_files/Academics/Current_Term/COMP3601/Project/project_repo/COMP3601_Project_Audio_tuner/Lab3.gen/sources_1/bd/design_1/ipshared/bf20/hdl/axi_datamover_v5_1_vh_rfs.vhd:7365]
INFO: [Synth 8-638] synthesizing module 'axi_datamover_strb_gen2' [c:/Sadat_files/Academics/Current_Term/COMP3601/Project/project_repo/COMP3601_Project_Audio_tuner/Lab3.gen/sources_1/bd/design_1/ipshared/bf20/hdl/axi_datamover_v5_1_vh_rfs.vhd:4297]
INFO: [Synth 8-256] done synthesizing module 'axi_datamover_strb_gen2' (0#1) [c:/Sadat_files/Academics/Current_Term/COMP3601/Project/project_repo/COMP3601_Project_Audio_tuner/Lab3.gen/sources_1/bd/design_1/ipshared/bf20/hdl/axi_datamover_v5_1_vh_rfs.vhd:4297]
INFO: [Synth 8-638] synthesizing module 'axi_datamover_strb_gen2__parameterized0' [c:/Sadat_files/Academics/Current_Term/COMP3601/Project/project_repo/COMP3601_Project_Audio_tuner/Lab3.gen/sources_1/bd/design_1/ipshared/bf20/hdl/axi_datamover_v5_1_vh_rfs.vhd:4297]
INFO: [Synth 8-256] done synthesizing module 'axi_datamover_strb_gen2__parameterized0' (0#1) [c:/Sadat_files/Academics/Current_Term/COMP3601/Project/project_repo/COMP3601_Project_Audio_tuner/Lab3.gen/sources_1/bd/design_1/ipshared/bf20/hdl/axi_datamover_v5_1_vh_rfs.vhd:4297]
INFO: [Synth 8-226] default block is never used [c:/Sadat_files/Academics/Current_Term/COMP3601/Project/project_repo/COMP3601_Project_Audio_tuner/Lab3.gen/sources_1/bd/design_1/ipshared/bf20/hdl/axi_datamover_v5_1_vh_rfs.vhd:9439]
INFO: [Synth 8-256] done synthesizing module 'axi_datamover_pcc' (0#1) [c:/Sadat_files/Academics/Current_Term/COMP3601/Project/project_repo/COMP3601_Project_Audio_tuner/Lab3.gen/sources_1/bd/design_1/ipshared/bf20/hdl/axi_datamover_v5_1_vh_rfs.vhd:7365]
INFO: [Synth 8-638] synthesizing module 'axi_datamover_addr_cntl' [c:/Sadat_files/Academics/Current_Term/COMP3601/Project/project_repo/COMP3601_Project_Audio_tuner/Lab3.gen/sources_1/bd/design_1/ipshared/bf20/hdl/axi_datamover_v5_1_vh_rfs.vhd:9943]
INFO: [Synth 8-638] synthesizing module 'axi_datamover_fifo__parameterized1' [c:/Sadat_files/Academics/Current_Term/COMP3601/Project/project_repo/COMP3601_Project_Audio_tuner/Lab3.gen/sources_1/bd/design_1/ipshared/bf20/hdl/axi_datamover_v5_1_vh_rfs.vhd:1859]
INFO: [Synth 8-638] synthesizing module 'srl_fifo_f' [c:/Sadat_files/Academics/Current_Term/COMP3601/Project/project_repo/COMP3601_Project_Audio_tuner/Lab3.gen/sources_1/bd/design_1/ipshared/1e5a/hdl/lib_srl_fifo_v1_0_rfs.vhd:777]
INFO: [Synth 8-638] synthesizing module 'srl_fifo_rbu_f' [c:/Sadat_files/Academics/Current_Term/COMP3601/Project/project_repo/COMP3601_Project_Audio_tuner/Lab3.gen/sources_1/bd/design_1/ipshared/1e5a/hdl/lib_srl_fifo_v1_0_rfs.vhd:538]
INFO: [Synth 8-638] synthesizing module 'cntr_incr_decr_addn_f' [c:/Sadat_files/Academics/Current_Term/COMP3601/Project/project_repo/COMP3601_Project_Audio_tuner/Lab3.gen/sources_1/bd/design_1/ipshared/1e5a/hdl/lib_srl_fifo_v1_0_rfs.vhd:134]
INFO: [Synth 8-256] done synthesizing module 'cntr_incr_decr_addn_f' (0#1) [c:/Sadat_files/Academics/Current_Term/COMP3601/Project/project_repo/COMP3601_Project_Audio_tuner/Lab3.gen/sources_1/bd/design_1/ipshared/1e5a/hdl/lib_srl_fifo_v1_0_rfs.vhd:134]
INFO: [Synth 8-638] synthesizing module 'dynshreg_f' [c:/Sadat_files/Academics/Current_Term/COMP3601/Project/project_repo/COMP3601_Project_Audio_tuner/Lab3.gen/sources_1/bd/design_1/ipshared/1e5a/hdl/lib_srl_fifo_v1_0_rfs.vhd:329]
INFO: [Synth 8-256] done synthesizing module 'dynshreg_f' (0#1) [c:/Sadat_files/Academics/Current_Term/COMP3601/Project/project_repo/COMP3601_Project_Audio_tuner/Lab3.gen/sources_1/bd/design_1/ipshared/1e5a/hdl/lib_srl_fifo_v1_0_rfs.vhd:329]
INFO: [Synth 8-256] done synthesizing module 'srl_fifo_rbu_f' (0#1) [c:/Sadat_files/Academics/Current_Term/COMP3601/Project/project_repo/COMP3601_Project_Audio_tuner/Lab3.gen/sources_1/bd/design_1/ipshared/1e5a/hdl/lib_srl_fifo_v1_0_rfs.vhd:538]
INFO: [Synth 8-256] done synthesizing module 'srl_fifo_f' (0#1) [c:/Sadat_files/Academics/Current_Term/COMP3601/Project/project_repo/COMP3601_Project_Audio_tuner/Lab3.gen/sources_1/bd/design_1/ipshared/1e5a/hdl/lib_srl_fifo_v1_0_rfs.vhd:777]
INFO: [Synth 8-256] done synthesizing module 'axi_datamover_fifo__parameterized1' (0#1) [c:/Sadat_files/Academics/Current_Term/COMP3601/Project/project_repo/COMP3601_Project_Audio_tuner/Lab3.gen/sources_1/bd/design_1/ipshared/bf20/hdl/axi_datamover_v5_1_vh_rfs.vhd:1859]
INFO: [Synth 8-256] done synthesizing module 'axi_datamover_addr_cntl' (0#1) [c:/Sadat_files/Academics/Current_Term/COMP3601/Project/project_repo/COMP3601_Project_Audio_tuner/Lab3.gen/sources_1/bd/design_1/ipshared/bf20/hdl/axi_datamover_v5_1_vh_rfs.vhd:9943]
INFO: [Synth 8-638] synthesizing module 'axi_datamover_rddata_cntl' [c:/Sadat_files/Academics/Current_Term/COMP3601/Project/project_repo/COMP3601_Project_Audio_tuner/Lab3.gen/sources_1/bd/design_1/ipshared/bf20/hdl/axi_datamover_v5_1_vh_rfs.vhd:12116]
INFO: [Synth 8-638] synthesizing module 'axi_datamover_rdmux' [c:/Sadat_files/Academics/Current_Term/COMP3601/Project/project_repo/COMP3601_Project_Audio_tuner/Lab3.gen/sources_1/bd/design_1/ipshared/bf20/hdl/axi_datamover_v5_1_vh_rfs.vhd:10618]
INFO: [Synth 8-256] done synthesizing module 'axi_datamover_rdmux' (0#1) [c:/Sadat_files/Academics/Current_Term/COMP3601/Project/project_repo/COMP3601_Project_Audio_tuner/Lab3.gen/sources_1/bd/design_1/ipshared/bf20/hdl/axi_datamover_v5_1_vh_rfs.vhd:10618]
INFO: [Synth 8-638] synthesizing module 'axi_datamover_fifo__parameterized2' [c:/Sadat_files/Academics/Current_Term/COMP3601/Project/project_repo/COMP3601_Project_Audio_tuner/Lab3.gen/sources_1/bd/design_1/ipshared/bf20/hdl/axi_datamover_v5_1_vh_rfs.vhd:1859]
INFO: [Synth 8-638] synthesizing module 'srl_fifo_f__parameterized0' [c:/Sadat_files/Academics/Current_Term/COMP3601/Project/project_repo/COMP3601_Project_Audio_tuner/Lab3.gen/sources_1/bd/design_1/ipshared/1e5a/hdl/lib_srl_fifo_v1_0_rfs.vhd:777]
INFO: [Synth 8-638] synthesizing module 'srl_fifo_rbu_f__parameterized0' [c:/Sadat_files/Academics/Current_Term/COMP3601/Project/project_repo/COMP3601_Project_Audio_tuner/Lab3.gen/sources_1/bd/design_1/ipshared/1e5a/hdl/lib_srl_fifo_v1_0_rfs.vhd:538]
INFO: [Synth 8-638] synthesizing module 'dynshreg_f__parameterized0' [c:/Sadat_files/Academics/Current_Term/COMP3601/Project/project_repo/COMP3601_Project_Audio_tuner/Lab3.gen/sources_1/bd/design_1/ipshared/1e5a/hdl/lib_srl_fifo_v1_0_rfs.vhd:329]
INFO: [Synth 8-256] done synthesizing module 'dynshreg_f__parameterized0' (0#1) [c:/Sadat_files/Academics/Current_Term/COMP3601/Project/project_repo/COMP3601_Project_Audio_tuner/Lab3.gen/sources_1/bd/design_1/ipshared/1e5a/hdl/lib_srl_fifo_v1_0_rfs.vhd:329]
INFO: [Synth 8-256] done synthesizing module 'srl_fifo_rbu_f__parameterized0' (0#1) [c:/Sadat_files/Academics/Current_Term/COMP3601/Project/project_repo/COMP3601_Project_Audio_tuner/Lab3.gen/sources_1/bd/design_1/ipshared/1e5a/hdl/lib_srl_fifo_v1_0_rfs.vhd:538]
INFO: [Synth 8-256] done synthesizing module 'srl_fifo_f__parameterized0' (0#1) [c:/Sadat_files/Academics/Current_Term/COMP3601/Project/project_repo/COMP3601_Project_Audio_tuner/Lab3.gen/sources_1/bd/design_1/ipshared/1e5a/hdl/lib_srl_fifo_v1_0_rfs.vhd:777]
INFO: [Synth 8-256] done synthesizing module 'axi_datamover_fifo__parameterized2' (0#1) [c:/Sadat_files/Academics/Current_Term/COMP3601/Project/project_repo/COMP3601_Project_Audio_tuner/Lab3.gen/sources_1/bd/design_1/ipshared/bf20/hdl/axi_datamover_v5_1_vh_rfs.vhd:1859]
INFO: [Synth 8-256] done synthesizing module 'axi_datamover_rddata_cntl' (0#1) [c:/Sadat_files/Academics/Current_Term/COMP3601/Project/project_repo/COMP3601_Project_Audio_tuner/Lab3.gen/sources_1/bd/design_1/ipshared/bf20/hdl/axi_datamover_v5_1_vh_rfs.vhd:12116]
INFO: [Synth 8-638] synthesizing module 'axi_datamover_rd_sf' [c:/Sadat_files/Academics/Current_Term/COMP3601/Project/project_repo/COMP3601_Project_Audio_tuner/Lab3.gen/sources_1/bd/design_1/ipshared/bf20/hdl/axi_datamover_v5_1_vh_rfs.vhd:20097]
INFO: [Synth 8-638] synthesizing module 'axi_datamover_fifo__parameterized3' [c:/Sadat_files/Academics/Current_Term/COMP3601/Project/project_repo/COMP3601_Project_Audio_tuner/Lab3.gen/sources_1/bd/design_1/ipshared/bf20/hdl/axi_datamover_v5_1_vh_rfs.vhd:1859]
INFO: [Synth 8-638] synthesizing module 'srl_fifo_f__parameterized1' [c:/Sadat_files/Academics/Current_Term/COMP3601/Project/project_repo/COMP3601_Project_Audio_tuner/Lab3.gen/sources_1/bd/design_1/ipshared/1e5a/hdl/lib_srl_fifo_v1_0_rfs.vhd:777]
INFO: [Synth 8-638] synthesizing module 'srl_fifo_rbu_f__parameterized1' [c:/Sadat_files/Academics/Current_Term/COMP3601/Project/project_repo/COMP3601_Project_Audio_tuner/Lab3.gen/sources_1/bd/design_1/ipshared/1e5a/hdl/lib_srl_fifo_v1_0_rfs.vhd:538]
INFO: [Synth 8-638] synthesizing module 'dynshreg_f__parameterized1' [c:/Sadat_files/Academics/Current_Term/COMP3601/Project/project_repo/COMP3601_Project_Audio_tuner/Lab3.gen/sources_1/bd/design_1/ipshared/1e5a/hdl/lib_srl_fifo_v1_0_rfs.vhd:329]
INFO: [Synth 8-256] done synthesizing module 'dynshreg_f__parameterized1' (0#1) [c:/Sadat_files/Academics/Current_Term/COMP3601/Project/project_repo/COMP3601_Project_Audio_tuner/Lab3.gen/sources_1/bd/design_1/ipshared/1e5a/hdl/lib_srl_fifo_v1_0_rfs.vhd:329]
INFO: [Synth 8-256] done synthesizing module 'srl_fifo_rbu_f__parameterized1' (0#1) [c:/Sadat_files/Academics/Current_Term/COMP3601/Project/project_repo/COMP3601_Project_Audio_tuner/Lab3.gen/sources_1/bd/design_1/ipshared/1e5a/hdl/lib_srl_fifo_v1_0_rfs.vhd:538]
INFO: [Synth 8-256] done synthesizing module 'srl_fifo_f__parameterized1' (0#1) [c:/Sadat_files/Academics/Current_Term/COMP3601/Project/project_repo/COMP3601_Project_Audio_tuner/Lab3.gen/sources_1/bd/design_1/ipshared/1e5a/hdl/lib_srl_fifo_v1_0_rfs.vhd:777]
INFO: [Synth 8-256] done synthesizing module 'axi_datamover_fifo__parameterized3' (0#1) [c:/Sadat_files/Academics/Current_Term/COMP3601/Project/project_repo/COMP3601_Project_Audio_tuner/Lab3.gen/sources_1/bd/design_1/ipshared/bf20/hdl/axi_datamover_v5_1_vh_rfs.vhd:1859]
INFO: [Synth 8-638] synthesizing module 'axi_datamover_sfifo_autord' [c:/Sadat_files/Academics/Current_Term/COMP3601/Project/project_repo/COMP3601_Project_Audio_tuner/Lab3.gen/sources_1/bd/design_1/ipshared/bf20/hdl/axi_datamover_v5_1_vh_rfs.vhd:1275]
INFO: [Synth 8-638] synthesizing module 'sync_fifo_fg' [c:/Sadat_files/Academics/Current_Term/COMP3601/Project/project_repo/COMP3601_Project_Audio_tuner/Lab3.gen/sources_1/bd/design_1/ipshared/0a12/hdl/lib_fifo_v1_0_rfs.vhd:2232]
	Parameter FIFO_MEMORY_TYPE bound to: block - type: string 
	Parameter FIFO_WRITE_DEPTH bound to: 128 - type: integer 
	Parameter WRITE_DATA_WIDTH bound to: 39 - type: integer 
	Parameter READ_MODE bound to: fwft - type: string 
	Parameter FIFO_READ_LATENCY bound to: 0 - type: integer 
	Parameter FULL_RESET_VALUE bound to: 1 - type: integer 
	Parameter USE_ADV_FEATURES bound to: 1F1F - type: string 
	Parameter READ_DATA_WIDTH bound to: 39 - type: integer 
	Parameter WR_DATA_COUNT_WIDTH bound to: 8 - type: integer 
	Parameter PROG_FULL_THRESH bound to: 10 - type: integer 
	Parameter RD_DATA_COUNT_WIDTH bound to: 4 - type: integer 
	Parameter PROG_EMPTY_THRESH bound to: 10 - type: integer 
	Parameter DOUT_RESET_VALUE bound to: 0 - type: string 
	Parameter ECC_MODE bound to: no_ecc - type: string 
	Parameter WAKEUP_TIME bound to: 0 - type: integer 
INFO: [Synth 8-3491] module 'xpm_fifo_sync' declared at 'C:/Xilinx/Vivado/2024.1/data/ip/xpm/xpm_fifo/hdl/xpm_fifo.sv:1975' bound to instance 'xpm_fifo_sync_inst' of component 'xpm_fifo_sync' [c:/Sadat_files/Academics/Current_Term/COMP3601/Project/project_repo/COMP3601_Project_Audio_tuner/Lab3.gen/sources_1/bd/design_1/ipshared/0a12/hdl/lib_fifo_v1_0_rfs.vhd:2609]
INFO: [Synth 8-6157] synthesizing module 'xpm_fifo_sync' [C:/Xilinx/Vivado/2024.1/data/ip/xpm/xpm_fifo/hdl/xpm_fifo.sv:1975]
INFO: [Synth 8-6157] synthesizing module 'xpm_fifo_base' [C:/Xilinx/Vivado/2024.1/data/ip/xpm/xpm_fifo/hdl/xpm_fifo.sv:53]
INFO: [Synth 8-6157] synthesizing module 'xpm_counter_updn' [C:/Xilinx/Vivado/2024.1/data/ip/xpm/xpm_fifo/hdl/xpm_fifo.sv:1879]
INFO: [Synth 8-6155] done synthesizing module 'xpm_counter_updn' (0#1) [C:/Xilinx/Vivado/2024.1/data/ip/xpm/xpm_fifo/hdl/xpm_fifo.sv:1879]
INFO: [Synth 8-6157] synthesizing module 'xpm_counter_updn__parameterized0' [C:/Xilinx/Vivado/2024.1/data/ip/xpm/xpm_fifo/hdl/xpm_fifo.sv:1879]
INFO: [Synth 8-6155] done synthesizing module 'xpm_counter_updn__parameterized0' (0#1) [C:/Xilinx/Vivado/2024.1/data/ip/xpm/xpm_fifo/hdl/xpm_fifo.sv:1879]
INFO: [Synth 8-6157] synthesizing module 'xpm_memory_base' [C:/Xilinx/Vivado/2024.1/data/ip/xpm/xpm_memory/hdl/xpm_memory.sv:54]
INFO: [Synth 8-6155] done synthesizing module 'xpm_memory_base' (0#1) [C:/Xilinx/Vivado/2024.1/data/ip/xpm/xpm_memory/hdl/xpm_memory.sv:54]
INFO: [Synth 8-226] default block is never used [C:/Xilinx/Vivado/2024.1/data/ip/xpm/xpm_fifo/hdl/xpm_fifo.sv:1220]
INFO: [Synth 8-226] default block is never used [C:/Xilinx/Vivado/2024.1/data/ip/xpm/xpm_fifo/hdl/xpm_fifo.sv:1287]
INFO: [Synth 8-226] default block is never used [C:/Xilinx/Vivado/2024.1/data/ip/xpm/xpm_fifo/hdl/xpm_fifo.sv:1309]
INFO: [Synth 8-6157] synthesizing module 'xpm_fifo_reg_bit' [C:/Xilinx/Vivado/2024.1/data/ip/xpm/xpm_fifo/hdl/xpm_fifo.sv:1927]
INFO: [Synth 8-6155] done synthesizing module 'xpm_fifo_reg_bit' (0#1) [C:/Xilinx/Vivado/2024.1/data/ip/xpm/xpm_fifo/hdl/xpm_fifo.sv:1927]
INFO: [Synth 8-6157] synthesizing module 'xpm_counter_updn__parameterized1' [C:/Xilinx/Vivado/2024.1/data/ip/xpm/xpm_fifo/hdl/xpm_fifo.sv:1879]
INFO: [Synth 8-6155] done synthesizing module 'xpm_counter_updn__parameterized1' (0#1) [C:/Xilinx/Vivado/2024.1/data/ip/xpm/xpm_fifo/hdl/xpm_fifo.sv:1879]
INFO: [Synth 8-6157] synthesizing module 'xpm_fifo_rst' [C:/Xilinx/Vivado/2024.1/data/ip/xpm/xpm_fifo/hdl/xpm_fifo.sv:1639]
INFO: [Synth 8-6155] done synthesizing module 'xpm_fifo_rst' (0#1) [C:/Xilinx/Vivado/2024.1/data/ip/xpm/xpm_fifo/hdl/xpm_fifo.sv:1639]
INFO: [Synth 8-6157] synthesizing module 'xpm_counter_updn__parameterized2' [C:/Xilinx/Vivado/2024.1/data/ip/xpm/xpm_fifo/hdl/xpm_fifo.sv:1879]
INFO: [Synth 8-6155] done synthesizing module 'xpm_counter_updn__parameterized2' (0#1) [C:/Xilinx/Vivado/2024.1/data/ip/xpm/xpm_fifo/hdl/xpm_fifo.sv:1879]
INFO: [Synth 8-6157] synthesizing module 'xpm_counter_updn__parameterized3' [C:/Xilinx/Vivado/2024.1/data/ip/xpm/xpm_fifo/hdl/xpm_fifo.sv:1879]
INFO: [Synth 8-6155] done synthesizing module 'xpm_counter_updn__parameterized3' (0#1) [C:/Xilinx/Vivado/2024.1/data/ip/xpm/xpm_fifo/hdl/xpm_fifo.sv:1879]
INFO: [Synth 8-6155] done synthesizing module 'xpm_fifo_base' (0#1) [C:/Xilinx/Vivado/2024.1/data/ip/xpm/xpm_fifo/hdl/xpm_fifo.sv:53]
INFO: [Synth 8-6155] done synthesizing module 'xpm_fifo_sync' (0#1) [C:/Xilinx/Vivado/2024.1/data/ip/xpm/xpm_fifo/hdl/xpm_fifo.sv:1975]
INFO: [Synth 8-256] done synthesizing module 'sync_fifo_fg' (0#1) [c:/Sadat_files/Academics/Current_Term/COMP3601/Project/project_repo/COMP3601_Project_Audio_tuner/Lab3.gen/sources_1/bd/design_1/ipshared/0a12/hdl/lib_fifo_v1_0_rfs.vhd:2232]
INFO: [Synth 8-256] done synthesizing module 'axi_datamover_sfifo_autord' (0#1) [c:/Sadat_files/Academics/Current_Term/COMP3601/Project/project_repo/COMP3601_Project_Audio_tuner/Lab3.gen/sources_1/bd/design_1/ipshared/bf20/hdl/axi_datamover_v5_1_vh_rfs.vhd:1275]
INFO: [Synth 8-256] done synthesizing module 'axi_datamover_rd_sf' (0#1) [c:/Sadat_files/Academics/Current_Term/COMP3601/Project/project_repo/COMP3601_Project_Audio_tuner/Lab3.gen/sources_1/bd/design_1/ipshared/bf20/hdl/axi_datamover_v5_1_vh_rfs.vhd:20097]
INFO: [Synth 8-638] synthesizing module 'axi_datamover_skid_buf' [c:/Sadat_files/Academics/Current_Term/COMP3601/Project/project_repo/COMP3601_Project_Audio_tuner/Lab3.gen/sources_1/bd/design_1/ipshared/bf20/hdl/axi_datamover_v5_1_vh_rfs.vhd:19395]
INFO: [Synth 8-256] done synthesizing module 'axi_datamover_skid_buf' (0#1) [c:/Sadat_files/Academics/Current_Term/COMP3601/Project/project_repo/COMP3601_Project_Audio_tuner/Lab3.gen/sources_1/bd/design_1/ipshared/bf20/hdl/axi_datamover_v5_1_vh_rfs.vhd:19395]
INFO: [Synth 8-256] done synthesizing module 'axi_datamover_mm2s_full_wrap' (0#1) [c:/Sadat_files/Academics/Current_Term/COMP3601/Project/project_repo/COMP3601_Project_Audio_tuner/Lab3.gen/sources_1/bd/design_1/ipshared/bf20/hdl/axi_datamover_v5_1_vh_rfs.vhd:53340]
INFO: [Synth 8-638] synthesizing module 'axi_datamover_s2mm_full_wrap' [c:/Sadat_files/Academics/Current_Term/COMP3601/Project/project_repo/COMP3601_Project_Audio_tuner/Lab3.gen/sources_1/bd/design_1/ipshared/bf20/hdl/axi_datamover_v5_1_vh_rfs.vhd:49783]
INFO: [Synth 8-638] synthesizing module 'axi_datamover_cmd_status__parameterized0' [c:/Sadat_files/Academics/Current_Term/COMP3601/Project/project_repo/COMP3601_Project_Audio_tuner/Lab3.gen/sources_1/bd/design_1/ipshared/bf20/hdl/axi_datamover_v5_1_vh_rfs.vhd:2665]
INFO: [Synth 8-638] synthesizing module 'axi_datamover_fifo__parameterized4' [c:/Sadat_files/Academics/Current_Term/COMP3601/Project/project_repo/COMP3601_Project_Audio_tuner/Lab3.gen/sources_1/bd/design_1/ipshared/bf20/hdl/axi_datamover_v5_1_vh_rfs.vhd:1859]
INFO: [Synth 8-256] done synthesizing module 'axi_datamover_fifo__parameterized4' (0#1) [c:/Sadat_files/Academics/Current_Term/COMP3601/Project/project_repo/COMP3601_Project_Audio_tuner/Lab3.gen/sources_1/bd/design_1/ipshared/bf20/hdl/axi_datamover_v5_1_vh_rfs.vhd:1859]
INFO: [Synth 8-256] done synthesizing module 'axi_datamover_cmd_status__parameterized0' (0#1) [c:/Sadat_files/Academics/Current_Term/COMP3601/Project/project_repo/COMP3601_Project_Audio_tuner/Lab3.gen/sources_1/bd/design_1/ipshared/bf20/hdl/axi_datamover_v5_1_vh_rfs.vhd:2665]
INFO: [Synth 8-638] synthesizing module 'axi_datamover_wr_status_cntl' [c:/Sadat_files/Academics/Current_Term/COMP3601/Project/project_repo/COMP3601_Project_Audio_tuner/Lab3.gen/sources_1/bd/design_1/ipshared/bf20/hdl/axi_datamover_v5_1_vh_rfs.vhd:17611]
INFO: [Synth 8-638] synthesizing module 'axi_datamover_fifo__parameterized5' [c:/Sadat_files/Academics/Current_Term/COMP3601/Project/project_repo/COMP3601_Project_Audio_tuner/Lab3.gen/sources_1/bd/design_1/ipshared/bf20/hdl/axi_datamover_v5_1_vh_rfs.vhd:1859]
INFO: [Synth 8-638] synthesizing module 'srl_fifo_f__parameterized2' [c:/Sadat_files/Academics/Current_Term/COMP3601/Project/project_repo/COMP3601_Project_Audio_tuner/Lab3.gen/sources_1/bd/design_1/ipshared/1e5a/hdl/lib_srl_fifo_v1_0_rfs.vhd:777]
INFO: [Synth 8-638] synthesizing module 'srl_fifo_rbu_f__parameterized2' [c:/Sadat_files/Academics/Current_Term/COMP3601/Project/project_repo/COMP3601_Project_Audio_tuner/Lab3.gen/sources_1/bd/design_1/ipshared/1e5a/hdl/lib_srl_fifo_v1_0_rfs.vhd:538]
INFO: [Synth 8-638] synthesizing module 'cntr_incr_decr_addn_f__parameterized0' [c:/Sadat_files/Academics/Current_Term/COMP3601/Project/project_repo/COMP3601_Project_Audio_tuner/Lab3.gen/sources_1/bd/design_1/ipshared/1e5a/hdl/lib_srl_fifo_v1_0_rfs.vhd:134]
INFO: [Synth 8-256] done synthesizing module 'cntr_incr_decr_addn_f__parameterized0' (0#1) [c:/Sadat_files/Academics/Current_Term/COMP3601/Project/project_repo/COMP3601_Project_Audio_tuner/Lab3.gen/sources_1/bd/design_1/ipshared/1e5a/hdl/lib_srl_fifo_v1_0_rfs.vhd:134]
INFO: [Synth 8-638] synthesizing module 'dynshreg_f__parameterized2' [c:/Sadat_files/Academics/Current_Term/COMP3601/Project/project_repo/COMP3601_Project_Audio_tuner/Lab3.gen/sources_1/bd/design_1/ipshared/1e5a/hdl/lib_srl_fifo_v1_0_rfs.vhd:329]
INFO: [Synth 8-256] done synthesizing module 'dynshreg_f__parameterized2' (0#1) [c:/Sadat_files/Academics/Current_Term/COMP3601/Project/project_repo/COMP3601_Project_Audio_tuner/Lab3.gen/sources_1/bd/design_1/ipshared/1e5a/hdl/lib_srl_fifo_v1_0_rfs.vhd:329]
INFO: [Synth 8-256] done synthesizing module 'srl_fifo_rbu_f__parameterized2' (0#1) [c:/Sadat_files/Academics/Current_Term/COMP3601/Project/project_repo/COMP3601_Project_Audio_tuner/Lab3.gen/sources_1/bd/design_1/ipshared/1e5a/hdl/lib_srl_fifo_v1_0_rfs.vhd:538]
INFO: [Synth 8-256] done synthesizing module 'srl_fifo_f__parameterized2' (0#1) [c:/Sadat_files/Academics/Current_Term/COMP3601/Project/project_repo/COMP3601_Project_Audio_tuner/Lab3.gen/sources_1/bd/design_1/ipshared/1e5a/hdl/lib_srl_fifo_v1_0_rfs.vhd:777]
INFO: [Synth 8-256] done synthesizing module 'axi_datamover_fifo__parameterized5' (0#1) [c:/Sadat_files/Academics/Current_Term/COMP3601/Project/project_repo/COMP3601_Project_Audio_tuner/Lab3.gen/sources_1/bd/design_1/ipshared/bf20/hdl/axi_datamover_v5_1_vh_rfs.vhd:1859]
INFO: [Synth 8-638] synthesizing module 'axi_datamover_fifo__parameterized6' [c:/Sadat_files/Academics/Current_Term/COMP3601/Project/project_repo/COMP3601_Project_Audio_tuner/Lab3.gen/sources_1/bd/design_1/ipshared/bf20/hdl/axi_datamover_v5_1_vh_rfs.vhd:1859]
INFO: [Synth 8-638] synthesizing module 'srl_fifo_f__parameterized3' [c:/Sadat_files/Academics/Current_Term/COMP3601/Project/project_repo/COMP3601_Project_Audio_tuner/Lab3.gen/sources_1/bd/design_1/ipshared/1e5a/hdl/lib_srl_fifo_v1_0_rfs.vhd:777]
INFO: [Synth 8-638] synthesizing module 'srl_fifo_rbu_f__parameterized3' [c:/Sadat_files/Academics/Current_Term/COMP3601/Project/project_repo/COMP3601_Project_Audio_tuner/Lab3.gen/sources_1/bd/design_1/ipshared/1e5a/hdl/lib_srl_fifo_v1_0_rfs.vhd:538]
INFO: [Synth 8-638] synthesizing module 'dynshreg_f__parameterized3' [c:/Sadat_files/Academics/Current_Term/COMP3601/Project/project_repo/COMP3601_Project_Audio_tuner/Lab3.gen/sources_1/bd/design_1/ipshared/1e5a/hdl/lib_srl_fifo_v1_0_rfs.vhd:329]
INFO: [Synth 8-256] done synthesizing module 'dynshreg_f__parameterized3' (0#1) [c:/Sadat_files/Academics/Current_Term/COMP3601/Project/project_repo/COMP3601_Project_Audio_tuner/Lab3.gen/sources_1/bd/design_1/ipshared/1e5a/hdl/lib_srl_fifo_v1_0_rfs.vhd:329]
INFO: [Synth 8-256] done synthesizing module 'srl_fifo_rbu_f__parameterized3' (0#1) [c:/Sadat_files/Academics/Current_Term/COMP3601/Project/project_repo/COMP3601_Project_Audio_tuner/Lab3.gen/sources_1/bd/design_1/ipshared/1e5a/hdl/lib_srl_fifo_v1_0_rfs.vhd:538]
INFO: [Synth 8-256] done synthesizing module 'srl_fifo_f__parameterized3' (0#1) [c:/Sadat_files/Academics/Current_Term/COMP3601/Project/project_repo/COMP3601_Project_Audio_tuner/Lab3.gen/sources_1/bd/design_1/ipshared/1e5a/hdl/lib_srl_fifo_v1_0_rfs.vhd:777]
INFO: [Synth 8-256] done synthesizing module 'axi_datamover_fifo__parameterized6' (0#1) [c:/Sadat_files/Academics/Current_Term/COMP3601/Project/project_repo/COMP3601_Project_Audio_tuner/Lab3.gen/sources_1/bd/design_1/ipshared/bf20/hdl/axi_datamover_v5_1_vh_rfs.vhd:1859]
INFO: [Synth 8-256] done synthesizing module 'axi_datamover_wr_status_cntl' (0#1) [c:/Sadat_files/Academics/Current_Term/COMP3601/Project/project_repo/COMP3601_Project_Audio_tuner/Lab3.gen/sources_1/bd/design_1/ipshared/bf20/hdl/axi_datamover_v5_1_vh_rfs.vhd:17611]
INFO: [Synth 8-638] synthesizing module 'axi_datamover_ibttcc' [c:/Sadat_files/Academics/Current_Term/COMP3601/Project/project_repo/COMP3601_Project_Audio_tuner/Lab3.gen/sources_1/bd/design_1/ipshared/bf20/hdl/axi_datamover_v5_1_vh_rfs.vhd:25596]
INFO: [Synth 8-256] done synthesizing module 'axi_datamover_ibttcc' (0#1) [c:/Sadat_files/Academics/Current_Term/COMP3601/Project/project_repo/COMP3601_Project_Audio_tuner/Lab3.gen/sources_1/bd/design_1/ipshared/bf20/hdl/axi_datamover_v5_1_vh_rfs.vhd:25596]
INFO: [Synth 8-638] synthesizing module 'axi_datamover_s2mm_realign' [c:/Sadat_files/Academics/Current_Term/COMP3601/Project/project_repo/COMP3601_Project_Audio_tuner/Lab3.gen/sources_1/bd/design_1/ipshared/bf20/hdl/axi_datamover_v5_1_vh_rfs.vhd:46815]
INFO: [Synth 8-638] synthesizing module 'axi_datamover_fifo__parameterized7' [c:/Sadat_files/Academics/Current_Term/COMP3601/Project/project_repo/COMP3601_Project_Audio_tuner/Lab3.gen/sources_1/bd/design_1/ipshared/bf20/hdl/axi_datamover_v5_1_vh_rfs.vhd:1859]
INFO: [Synth 8-638] synthesizing module 'srl_fifo_f__parameterized4' [c:/Sadat_files/Academics/Current_Term/COMP3601/Project/project_repo/COMP3601_Project_Audio_tuner/Lab3.gen/sources_1/bd/design_1/ipshared/1e5a/hdl/lib_srl_fifo_v1_0_rfs.vhd:777]
INFO: [Synth 8-638] synthesizing module 'srl_fifo_rbu_f__parameterized4' [c:/Sadat_files/Academics/Current_Term/COMP3601/Project/project_repo/COMP3601_Project_Audio_tuner/Lab3.gen/sources_1/bd/design_1/ipshared/1e5a/hdl/lib_srl_fifo_v1_0_rfs.vhd:538]
INFO: [Synth 8-638] synthesizing module 'dynshreg_f__parameterized4' [c:/Sadat_files/Academics/Current_Term/COMP3601/Project/project_repo/COMP3601_Project_Audio_tuner/Lab3.gen/sources_1/bd/design_1/ipshared/1e5a/hdl/lib_srl_fifo_v1_0_rfs.vhd:329]
INFO: [Synth 8-256] done synthesizing module 'dynshreg_f__parameterized4' (0#1) [c:/Sadat_files/Academics/Current_Term/COMP3601/Project/project_repo/COMP3601_Project_Audio_tuner/Lab3.gen/sources_1/bd/design_1/ipshared/1e5a/hdl/lib_srl_fifo_v1_0_rfs.vhd:329]
INFO: [Synth 8-256] done synthesizing module 'srl_fifo_rbu_f__parameterized4' (0#1) [c:/Sadat_files/Academics/Current_Term/COMP3601/Project/project_repo/COMP3601_Project_Audio_tuner/Lab3.gen/sources_1/bd/design_1/ipshared/1e5a/hdl/lib_srl_fifo_v1_0_rfs.vhd:538]
INFO: [Synth 8-256] done synthesizing module 'srl_fifo_f__parameterized4' (0#1) [c:/Sadat_files/Academics/Current_Term/COMP3601/Project/project_repo/COMP3601_Project_Audio_tuner/Lab3.gen/sources_1/bd/design_1/ipshared/1e5a/hdl/lib_srl_fifo_v1_0_rfs.vhd:777]
INFO: [Synth 8-256] done synthesizing module 'axi_datamover_fifo__parameterized7' (0#1) [c:/Sadat_files/Academics/Current_Term/COMP3601/Project/project_repo/COMP3601_Project_Audio_tuner/Lab3.gen/sources_1/bd/design_1/ipshared/bf20/hdl/axi_datamover_v5_1_vh_rfs.vhd:1859]
INFO: [Synth 8-638] synthesizing module 'axi_datamover_s2mm_scatter' [c:/Sadat_files/Academics/Current_Term/COMP3601/Project/project_repo/COMP3601_Project_Audio_tuner/Lab3.gen/sources_1/bd/design_1/ipshared/bf20/hdl/axi_datamover_v5_1_vh_rfs.vhd:44927]
INFO: [Synth 8-638] synthesizing module 'axi_datamover_mssai_skid_buf' [c:/Sadat_files/Academics/Current_Term/COMP3601/Project/project_repo/COMP3601_Project_Audio_tuner/Lab3.gen/sources_1/bd/design_1/ipshared/bf20/hdl/axi_datamover_v5_1_vh_rfs.vhd:43984]
INFO: [Synth 8-638] synthesizing module 'axi_datamover_ms_strb_set' [c:/Sadat_files/Academics/Current_Term/COMP3601/Project/project_repo/COMP3601_Project_Audio_tuner/Lab3.gen/sources_1/bd/design_1/ipshared/bf20/hdl/axi_datamover_v5_1_vh_rfs.vhd:42426]
INFO: [Synth 8-256] done synthesizing module 'axi_datamover_ms_strb_set' (0#1) [c:/Sadat_files/Academics/Current_Term/COMP3601/Project/project_repo/COMP3601_Project_Audio_tuner/Lab3.gen/sources_1/bd/design_1/ipshared/bf20/hdl/axi_datamover_v5_1_vh_rfs.vhd:42426]
INFO: [Synth 8-256] done synthesizing module 'axi_datamover_mssai_skid_buf' (0#1) [c:/Sadat_files/Academics/Current_Term/COMP3601/Project/project_repo/COMP3601_Project_Audio_tuner/Lab3.gen/sources_1/bd/design_1/ipshared/bf20/hdl/axi_datamover_v5_1_vh_rfs.vhd:43984]
INFO: [Synth 8-638] synthesizing module 'axi_datamover_slice' [c:/Sadat_files/Academics/Current_Term/COMP3601/Project/project_repo/COMP3601_Project_Audio_tuner/Lab3.gen/sources_1/bd/design_1/ipshared/bf20/hdl/axi_datamover_v5_1_vh_rfs.vhd:44672]
INFO: [Synth 8-256] done synthesizing module 'axi_datamover_slice' (0#1) [c:/Sadat_files/Academics/Current_Term/COMP3601/Project/project_repo/COMP3601_Project_Audio_tuner/Lab3.gen/sources_1/bd/design_1/ipshared/bf20/hdl/axi_datamover_v5_1_vh_rfs.vhd:44672]
INFO: [Synth 8-638] synthesizing module 'axi_datamover_fifo__parameterized8' [c:/Sadat_files/Academics/Current_Term/COMP3601/Project/project_repo/COMP3601_Project_Audio_tuner/Lab3.gen/sources_1/bd/design_1/ipshared/bf20/hdl/axi_datamover_v5_1_vh_rfs.vhd:1859]
INFO: [Synth 8-638] synthesizing module 'srl_fifo_f__parameterized5' [c:/Sadat_files/Academics/Current_Term/COMP3601/Project/project_repo/COMP3601_Project_Audio_tuner/Lab3.gen/sources_1/bd/design_1/ipshared/1e5a/hdl/lib_srl_fifo_v1_0_rfs.vhd:777]
INFO: [Synth 8-638] synthesizing module 'srl_fifo_rbu_f__parameterized5' [c:/Sadat_files/Academics/Current_Term/COMP3601/Project/project_repo/COMP3601_Project_Audio_tuner/Lab3.gen/sources_1/bd/design_1/ipshared/1e5a/hdl/lib_srl_fifo_v1_0_rfs.vhd:538]
INFO: [Synth 8-638] synthesizing module 'cntr_incr_decr_addn_f__parameterized1' [c:/Sadat_files/Academics/Current_Term/COMP3601/Project/project_repo/COMP3601_Project_Audio_tuner/Lab3.gen/sources_1/bd/design_1/ipshared/1e5a/hdl/lib_srl_fifo_v1_0_rfs.vhd:134]
INFO: [Synth 8-256] done synthesizing module 'cntr_incr_decr_addn_f__parameterized1' (0#1) [c:/Sadat_files/Academics/Current_Term/COMP3601/Project/project_repo/COMP3601_Project_Audio_tuner/Lab3.gen/sources_1/bd/design_1/ipshared/1e5a/hdl/lib_srl_fifo_v1_0_rfs.vhd:134]
INFO: [Synth 8-638] synthesizing module 'dynshreg_f__parameterized5' [c:/Sadat_files/Academics/Current_Term/COMP3601/Project/project_repo/COMP3601_Project_Audio_tuner/Lab3.gen/sources_1/bd/design_1/ipshared/1e5a/hdl/lib_srl_fifo_v1_0_rfs.vhd:329]
INFO: [Synth 8-256] done synthesizing module 'dynshreg_f__parameterized5' (0#1) [c:/Sadat_files/Academics/Current_Term/COMP3601/Project/project_repo/COMP3601_Project_Audio_tuner/Lab3.gen/sources_1/bd/design_1/ipshared/1e5a/hdl/lib_srl_fifo_v1_0_rfs.vhd:329]
INFO: [Synth 8-256] done synthesizing module 'srl_fifo_rbu_f__parameterized5' (0#1) [c:/Sadat_files/Academics/Current_Term/COMP3601/Project/project_repo/COMP3601_Project_Audio_tuner/Lab3.gen/sources_1/bd/design_1/ipshared/1e5a/hdl/lib_srl_fifo_v1_0_rfs.vhd:538]
INFO: [Synth 8-256] done synthesizing module 'srl_fifo_f__parameterized5' (0#1) [c:/Sadat_files/Academics/Current_Term/COMP3601/Project/project_repo/COMP3601_Project_Audio_tuner/Lab3.gen/sources_1/bd/design_1/ipshared/1e5a/hdl/lib_srl_fifo_v1_0_rfs.vhd:777]
INFO: [Synth 8-256] done synthesizing module 'axi_datamover_fifo__parameterized8' (0#1) [c:/Sadat_files/Academics/Current_Term/COMP3601/Project/project_repo/COMP3601_Project_Audio_tuner/Lab3.gen/sources_1/bd/design_1/ipshared/bf20/hdl/axi_datamover_v5_1_vh_rfs.vhd:1859]
INFO: [Synth 8-256] done synthesizing module 'axi_datamover_s2mm_scatter' (0#1) [c:/Sadat_files/Academics/Current_Term/COMP3601/Project/project_repo/COMP3601_Project_Audio_tuner/Lab3.gen/sources_1/bd/design_1/ipshared/bf20/hdl/axi_datamover_v5_1_vh_rfs.vhd:44927]
INFO: [Synth 8-256] done synthesizing module 'axi_datamover_s2mm_realign' (0#1) [c:/Sadat_files/Academics/Current_Term/COMP3601/Project/project_repo/COMP3601_Project_Audio_tuner/Lab3.gen/sources_1/bd/design_1/ipshared/bf20/hdl/axi_datamover_v5_1_vh_rfs.vhd:46815]
INFO: [Synth 8-638] synthesizing module 'axi_datamover_indet_btt' [c:/Sadat_files/Academics/Current_Term/COMP3601/Project/project_repo/COMP3601_Project_Audio_tuner/Lab3.gen/sources_1/bd/design_1/ipshared/bf20/hdl/axi_datamover_v5_1_vh_rfs.vhd:28289]
INFO: [Synth 8-638] synthesizing module 'axi_datamover_stbs_set_nodre' [c:/Sadat_files/Academics/Current_Term/COMP3601/Project/project_repo/COMP3601_Project_Audio_tuner/Lab3.gen/sources_1/bd/design_1/ipshared/bf20/hdl/axi_datamover_v5_1_vh_rfs.vhd:24080]
INFO: [Synth 8-256] done synthesizing module 'axi_datamover_stbs_set_nodre' (0#1) [c:/Sadat_files/Academics/Current_Term/COMP3601/Project/project_repo/COMP3601_Project_Audio_tuner/Lab3.gen/sources_1/bd/design_1/ipshared/bf20/hdl/axi_datamover_v5_1_vh_rfs.vhd:24080]
INFO: [Synth 8-638] synthesizing module 'axi_datamover_sfifo_autord__parameterized0' [c:/Sadat_files/Academics/Current_Term/COMP3601/Project/project_repo/COMP3601_Project_Audio_tuner/Lab3.gen/sources_1/bd/design_1/ipshared/bf20/hdl/axi_datamover_v5_1_vh_rfs.vhd:1275]
INFO: [Synth 8-638] synthesizing module 'sync_fifo_fg__parameterized0' [c:/Sadat_files/Academics/Current_Term/COMP3601/Project/project_repo/COMP3601_Project_Audio_tuner/Lab3.gen/sources_1/bd/design_1/ipshared/0a12/hdl/lib_fifo_v1_0_rfs.vhd:2232]
	Parameter FIFO_MEMORY_TYPE bound to: auto - type: string 
	Parameter FIFO_WRITE_DEPTH bound to: 16 - type: integer 
	Parameter WRITE_DATA_WIDTH bound to: 9 - type: integer 
	Parameter READ_MODE bound to: fwft - type: string 
	Parameter FIFO_READ_LATENCY bound to: 0 - type: integer 
	Parameter FULL_RESET_VALUE bound to: 1 - type: integer 
	Parameter USE_ADV_FEATURES bound to: 1F1F - type: string 
	Parameter READ_DATA_WIDTH bound to: 9 - type: integer 
	Parameter WR_DATA_COUNT_WIDTH bound to: 5 - type: integer 
	Parameter PROG_FULL_THRESH bound to: 10 - type: integer 
	Parameter RD_DATA_COUNT_WIDTH bound to: 4 - type: integer 
	Parameter PROG_EMPTY_THRESH bound to: 10 - type: integer 
	Parameter DOUT_RESET_VALUE bound to: 0 - type: string 
	Parameter ECC_MODE bound to: no_ecc - type: string 
	Parameter WAKEUP_TIME bound to: 0 - type: integer 
INFO: [Synth 8-3491] module 'xpm_fifo_sync' declared at 'C:/Xilinx/Vivado/2024.1/data/ip/xpm/xpm_fifo/hdl/xpm_fifo.sv:1975' bound to instance 'xpm_fifo_sync_inst' of component 'xpm_fifo_sync' [c:/Sadat_files/Academics/Current_Term/COMP3601/Project/project_repo/COMP3601_Project_Audio_tuner/Lab3.gen/sources_1/bd/design_1/ipshared/0a12/hdl/lib_fifo_v1_0_rfs.vhd:2609]
INFO: [Synth 8-6157] synthesizing module 'xpm_fifo_sync__parameterized1' [C:/Xilinx/Vivado/2024.1/data/ip/xpm/xpm_fifo/hdl/xpm_fifo.sv:1975]
INFO: [Synth 8-6157] synthesizing module 'xpm_fifo_base__parameterized0' [C:/Xilinx/Vivado/2024.1/data/ip/xpm/xpm_fifo/hdl/xpm_fifo.sv:53]
INFO: [Synth 8-6157] synthesizing module 'xpm_counter_updn__parameterized4' [C:/Xilinx/Vivado/2024.1/data/ip/xpm/xpm_fifo/hdl/xpm_fifo.sv:1879]
INFO: [Synth 8-6155] done synthesizing module 'xpm_counter_updn__parameterized4' (0#1) [C:/Xilinx/Vivado/2024.1/data/ip/xpm/xpm_fifo/hdl/xpm_fifo.sv:1879]
INFO: [Synth 8-6157] synthesizing module 'xpm_counter_updn__parameterized5' [C:/Xilinx/Vivado/2024.1/data/ip/xpm/xpm_fifo/hdl/xpm_fifo.sv:1879]
INFO: [Synth 8-6155] done synthesizing module 'xpm_counter_updn__parameterized5' (0#1) [C:/Xilinx/Vivado/2024.1/data/ip/xpm/xpm_fifo/hdl/xpm_fifo.sv:1879]
INFO: [Synth 8-6157] synthesizing module 'xpm_memory_base__parameterized0' [C:/Xilinx/Vivado/2024.1/data/ip/xpm/xpm_memory/hdl/xpm_memory.sv:54]
INFO: [Synth 8-6059] Synth Info: [XPM_MEMORY 20-1] MEMORY_PRIMITIVE (0) instructs Vivado Synthesis to choose the memory primitive type. Depending on their values, other XPM_MEMORY parameters may preclude the choice of certain memory primitive types. Review XPM_MEMORY documentation and parameter values to understand any limitations, or set MEMORY_PRIMITIVE to a different value.   [C:/Xilinx/Vivado/2024.1/data/ip/xpm/xpm_memory/hdl/xpm_memory.sv:514]
INFO: [Synth 8-6155] done synthesizing module 'xpm_memory_base__parameterized0' (0#1) [C:/Xilinx/Vivado/2024.1/data/ip/xpm/xpm_memory/hdl/xpm_memory.sv:54]
INFO: [Synth 8-226] default block is never used [C:/Xilinx/Vivado/2024.1/data/ip/xpm/xpm_fifo/hdl/xpm_fifo.sv:1220]
INFO: [Synth 8-226] default block is never used [C:/Xilinx/Vivado/2024.1/data/ip/xpm/xpm_fifo/hdl/xpm_fifo.sv:1287]
INFO: [Synth 8-226] default block is never used [C:/Xilinx/Vivado/2024.1/data/ip/xpm/xpm_fifo/hdl/xpm_fifo.sv:1309]
INFO: [Synth 8-6157] synthesizing module 'xpm_counter_updn__parameterized6' [C:/Xilinx/Vivado/2024.1/data/ip/xpm/xpm_fifo/hdl/xpm_fifo.sv:1879]
INFO: [Synth 8-6155] done synthesizing module 'xpm_counter_updn__parameterized6' (0#1) [C:/Xilinx/Vivado/2024.1/data/ip/xpm/xpm_fifo/hdl/xpm_fifo.sv:1879]
INFO: [Synth 8-6157] synthesizing module 'xpm_counter_updn__parameterized7' [C:/Xilinx/Vivado/2024.1/data/ip/xpm/xpm_fifo/hdl/xpm_fifo.sv:1879]
INFO: [Synth 8-6155] done synthesizing module 'xpm_counter_updn__parameterized7' (0#1) [C:/Xilinx/Vivado/2024.1/data/ip/xpm/xpm_fifo/hdl/xpm_fifo.sv:1879]
INFO: [Synth 8-6155] done synthesizing module 'xpm_fifo_base__parameterized0' (0#1) [C:/Xilinx/Vivado/2024.1/data/ip/xpm/xpm_fifo/hdl/xpm_fifo.sv:53]
INFO: [Synth 8-6155] done synthesizing module 'xpm_fifo_sync__parameterized1' (0#1) [C:/Xilinx/Vivado/2024.1/data/ip/xpm/xpm_fifo/hdl/xpm_fifo.sv:1975]
INFO: [Synth 8-256] done synthesizing module 'sync_fifo_fg__parameterized0' (0#1) [c:/Sadat_files/Academics/Current_Term/COMP3601/Project/project_repo/COMP3601_Project_Audio_tuner/Lab3.gen/sources_1/bd/design_1/ipshared/0a12/hdl/lib_fifo_v1_0_rfs.vhd:2232]
INFO: [Synth 8-256] done synthesizing module 'axi_datamover_sfifo_autord__parameterized0' (0#1) [c:/Sadat_files/Academics/Current_Term/COMP3601/Project/project_repo/COMP3601_Project_Audio_tuner/Lab3.gen/sources_1/bd/design_1/ipshared/bf20/hdl/axi_datamover_v5_1_vh_rfs.vhd:1275]
INFO: [Synth 8-638] synthesizing module 'axi_datamover_sfifo_autord__parameterized1' [c:/Sadat_files/Academics/Current_Term/COMP3601/Project/project_repo/COMP3601_Project_Audio_tuner/Lab3.gen/sources_1/bd/design_1/ipshared/bf20/hdl/axi_datamover_v5_1_vh_rfs.vhd:1275]
INFO: [Synth 8-638] synthesizing module 'sync_fifo_fg__parameterized1' [c:/Sadat_files/Academics/Current_Term/COMP3601/Project/project_repo/COMP3601_Project_Audio_tuner/Lab3.gen/sources_1/bd/design_1/ipshared/0a12/hdl/lib_fifo_v1_0_rfs.vhd:2232]
	Parameter FIFO_MEMORY_TYPE bound to: block - type: string 
	Parameter FIFO_WRITE_DEPTH bound to: 128 - type: integer 
	Parameter WRITE_DATA_WIDTH bound to: 38 - type: integer 
	Parameter READ_MODE bound to: fwft - type: string 
	Parameter FIFO_READ_LATENCY bound to: 0 - type: integer 
	Parameter FULL_RESET_VALUE bound to: 1 - type: integer 
	Parameter USE_ADV_FEATURES bound to: 1F1F - type: string 
	Parameter READ_DATA_WIDTH bound to: 38 - type: integer 
	Parameter WR_DATA_COUNT_WIDTH bound to: 8 - type: integer 
	Parameter PROG_FULL_THRESH bound to: 10 - type: integer 
	Parameter RD_DATA_COUNT_WIDTH bound to: 4 - type: integer 
	Parameter PROG_EMPTY_THRESH bound to: 10 - type: integer 
	Parameter DOUT_RESET_VALUE bound to: 0 - type: string 
	Parameter ECC_MODE bound to: no_ecc - type: string 
	Parameter WAKEUP_TIME bound to: 0 - type: integer 
INFO: [Synth 8-3491] module 'xpm_fifo_sync' declared at 'C:/Xilinx/Vivado/2024.1/data/ip/xpm/xpm_fifo/hdl/xpm_fifo.sv:1975' bound to instance 'xpm_fifo_sync_inst' of component 'xpm_fifo_sync' [c:/Sadat_files/Academics/Current_Term/COMP3601/Project/project_repo/COMP3601_Project_Audio_tuner/Lab3.gen/sources_1/bd/design_1/ipshared/0a12/hdl/lib_fifo_v1_0_rfs.vhd:2609]
INFO: [Synth 8-6157] synthesizing module 'xpm_fifo_sync__parameterized3' [C:/Xilinx/Vivado/2024.1/data/ip/xpm/xpm_fifo/hdl/xpm_fifo.sv:1975]
INFO: [Synth 8-6157] synthesizing module 'xpm_fifo_base__parameterized1' [C:/Xilinx/Vivado/2024.1/data/ip/xpm/xpm_fifo/hdl/xpm_fifo.sv:53]
INFO: [Synth 8-6157] synthesizing module 'xpm_memory_base__parameterized1' [C:/Xilinx/Vivado/2024.1/data/ip/xpm/xpm_memory/hdl/xpm_memory.sv:54]
INFO: [Synth 8-6155] done synthesizing module 'xpm_memory_base__parameterized1' (0#1) [C:/Xilinx/Vivado/2024.1/data/ip/xpm/xpm_memory/hdl/xpm_memory.sv:54]
INFO: [Synth 8-226] default block is never used [C:/Xilinx/Vivado/2024.1/data/ip/xpm/xpm_fifo/hdl/xpm_fifo.sv:1220]
INFO: [Synth 8-226] default block is never used [C:/Xilinx/Vivado/2024.1/data/ip/xpm/xpm_fifo/hdl/xpm_fifo.sv:1287]
INFO: [Synth 8-226] default block is never used [C:/Xilinx/Vivado/2024.1/data/ip/xpm/xpm_fifo/hdl/xpm_fifo.sv:1309]
INFO: [Synth 8-6155] done synthesizing module 'xpm_fifo_base__parameterized1' (0#1) [C:/Xilinx/Vivado/2024.1/data/ip/xpm/xpm_fifo/hdl/xpm_fifo.sv:53]
INFO: [Synth 8-6155] done synthesizing module 'xpm_fifo_sync__parameterized3' (0#1) [C:/Xilinx/Vivado/2024.1/data/ip/xpm/xpm_fifo/hdl/xpm_fifo.sv:1975]
INFO: [Synth 8-256] done synthesizing module 'sync_fifo_fg__parameterized1' (0#1) [c:/Sadat_files/Academics/Current_Term/COMP3601/Project/project_repo/COMP3601_Project_Audio_tuner/Lab3.gen/sources_1/bd/design_1/ipshared/0a12/hdl/lib_fifo_v1_0_rfs.vhd:2232]
INFO: [Synth 8-256] done synthesizing module 'axi_datamover_sfifo_autord__parameterized1' (0#1) [c:/Sadat_files/Academics/Current_Term/COMP3601/Project/project_repo/COMP3601_Project_Audio_tuner/Lab3.gen/sources_1/bd/design_1/ipshared/bf20/hdl/axi_datamover_v5_1_vh_rfs.vhd:1275]
INFO: [Synth 8-638] synthesizing module 'axi_datamover_skid_buf__parameterized0' [c:/Sadat_files/Academics/Current_Term/COMP3601/Project/project_repo/COMP3601_Project_Audio_tuner/Lab3.gen/sources_1/bd/design_1/ipshared/bf20/hdl/axi_datamover_v5_1_vh_rfs.vhd:19395]
INFO: [Synth 8-256] done synthesizing module 'axi_datamover_skid_buf__parameterized0' (0#1) [c:/Sadat_files/Academics/Current_Term/COMP3601/Project/project_repo/COMP3601_Project_Audio_tuner/Lab3.gen/sources_1/bd/design_1/ipshared/bf20/hdl/axi_datamover_v5_1_vh_rfs.vhd:19395]
INFO: [Synth 8-256] done synthesizing module 'axi_datamover_indet_btt' (0#1) [c:/Sadat_files/Academics/Current_Term/COMP3601/Project/project_repo/COMP3601_Project_Audio_tuner/Lab3.gen/sources_1/bd/design_1/ipshared/bf20/hdl/axi_datamover_v5_1_vh_rfs.vhd:28289]
INFO: [Synth 8-638] synthesizing module 'axi_datamover_addr_cntl__parameterized0' [c:/Sadat_files/Academics/Current_Term/COMP3601/Project/project_repo/COMP3601_Project_Audio_tuner/Lab3.gen/sources_1/bd/design_1/ipshared/bf20/hdl/axi_datamover_v5_1_vh_rfs.vhd:9943]
INFO: [Synth 8-256] done synthesizing module 'axi_datamover_addr_cntl__parameterized0' (0#1) [c:/Sadat_files/Academics/Current_Term/COMP3601/Project/project_repo/COMP3601_Project_Audio_tuner/Lab3.gen/sources_1/bd/design_1/ipshared/bf20/hdl/axi_datamover_v5_1_vh_rfs.vhd:9943]
INFO: [Synth 8-638] synthesizing module 'axi_datamover_wrdata_cntl' [c:/Sadat_files/Academics/Current_Term/COMP3601/Project/project_repo/COMP3601_Project_Audio_tuner/Lab3.gen/sources_1/bd/design_1/ipshared/bf20/hdl/axi_datamover_v5_1_vh_rfs.vhd:15587]
INFO: [Synth 8-638] synthesizing module 'axi_datamover_fifo__parameterized9' [c:/Sadat_files/Academics/Current_Term/COMP3601/Project/project_repo/COMP3601_Project_Audio_tuner/Lab3.gen/sources_1/bd/design_1/ipshared/bf20/hdl/axi_datamover_v5_1_vh_rfs.vhd:1859]
INFO: [Synth 8-638] synthesizing module 'srl_fifo_f__parameterized6' [c:/Sadat_files/Academics/Current_Term/COMP3601/Project/project_repo/COMP3601_Project_Audio_tuner/Lab3.gen/sources_1/bd/design_1/ipshared/1e5a/hdl/lib_srl_fifo_v1_0_rfs.vhd:777]
INFO: [Synth 8-638] synthesizing module 'srl_fifo_rbu_f__parameterized6' [c:/Sadat_files/Academics/Current_Term/COMP3601/Project/project_repo/COMP3601_Project_Audio_tuner/Lab3.gen/sources_1/bd/design_1/ipshared/1e5a/hdl/lib_srl_fifo_v1_0_rfs.vhd:538]
INFO: [Synth 8-638] synthesizing module 'dynshreg_f__parameterized6' [c:/Sadat_files/Academics/Current_Term/COMP3601/Project/project_repo/COMP3601_Project_Audio_tuner/Lab3.gen/sources_1/bd/design_1/ipshared/1e5a/hdl/lib_srl_fifo_v1_0_rfs.vhd:329]
INFO: [Synth 8-256] done synthesizing module 'dynshreg_f__parameterized6' (0#1) [c:/Sadat_files/Academics/Current_Term/COMP3601/Project/project_repo/COMP3601_Project_Audio_tuner/Lab3.gen/sources_1/bd/design_1/ipshared/1e5a/hdl/lib_srl_fifo_v1_0_rfs.vhd:329]
INFO: [Synth 8-256] done synthesizing module 'srl_fifo_rbu_f__parameterized6' (0#1) [c:/Sadat_files/Academics/Current_Term/COMP3601/Project/project_repo/COMP3601_Project_Audio_tuner/Lab3.gen/sources_1/bd/design_1/ipshared/1e5a/hdl/lib_srl_fifo_v1_0_rfs.vhd:538]
INFO: [Synth 8-256] done synthesizing module 'srl_fifo_f__parameterized6' (0#1) [c:/Sadat_files/Academics/Current_Term/COMP3601/Project/project_repo/COMP3601_Project_Audio_tuner/Lab3.gen/sources_1/bd/design_1/ipshared/1e5a/hdl/lib_srl_fifo_v1_0_rfs.vhd:777]
INFO: [Synth 8-256] done synthesizing module 'axi_datamover_fifo__parameterized9' (0#1) [c:/Sadat_files/Academics/Current_Term/COMP3601/Project/project_repo/COMP3601_Project_Audio_tuner/Lab3.gen/sources_1/bd/design_1/ipshared/bf20/hdl/axi_datamover_v5_1_vh_rfs.vhd:1859]
INFO: [Synth 8-256] done synthesizing module 'axi_datamover_wrdata_cntl' (0#1) [c:/Sadat_files/Academics/Current_Term/COMP3601/Project/project_repo/COMP3601_Project_Audio_tuner/Lab3.gen/sources_1/bd/design_1/ipshared/bf20/hdl/axi_datamover_v5_1_vh_rfs.vhd:15587]
INFO: [Synth 8-638] synthesizing module 'axi_datamover_skid2mm_buf' [c:/Sadat_files/Academics/Current_Term/COMP3601/Project/project_repo/COMP3601_Project_Audio_tuner/Lab3.gen/sources_1/bd/design_1/ipshared/bf20/hdl/axi_datamover_v5_1_vh_rfs.vhd:18899]
INFO: [Synth 8-638] synthesizing module 'axi_datamover_wr_demux' [c:/Sadat_files/Academics/Current_Term/COMP3601/Project/project_repo/COMP3601_Project_Audio_tuner/Lab3.gen/sources_1/bd/design_1/ipshared/bf20/hdl/axi_datamover_v5_1_vh_rfs.vhd:14036]
INFO: [Synth 8-256] done synthesizing module 'axi_datamover_wr_demux' (0#1) [c:/Sadat_files/Academics/Current_Term/COMP3601/Project/project_repo/COMP3601_Project_Audio_tuner/Lab3.gen/sources_1/bd/design_1/ipshared/bf20/hdl/axi_datamover_v5_1_vh_rfs.vhd:14036]
INFO: [Synth 8-256] done synthesizing module 'axi_datamover_skid2mm_buf' (0#1) [c:/Sadat_files/Academics/Current_Term/COMP3601/Project/project_repo/COMP3601_Project_Audio_tuner/Lab3.gen/sources_1/bd/design_1/ipshared/bf20/hdl/axi_datamover_v5_1_vh_rfs.vhd:18899]
INFO: [Synth 8-256] done synthesizing module 'axi_datamover_s2mm_full_wrap' (0#1) [c:/Sadat_files/Academics/Current_Term/COMP3601/Project/project_repo/COMP3601_Project_Audio_tuner/Lab3.gen/sources_1/bd/design_1/ipshared/bf20/hdl/axi_datamover_v5_1_vh_rfs.vhd:49783]
INFO: [Synth 8-256] done synthesizing module 'axi_datamover' (0#1) [c:/Sadat_files/Academics/Current_Term/COMP3601/Project/project_repo/COMP3601_Project_Audio_tuner/Lab3.gen/sources_1/bd/design_1/ipshared/bf20/hdl/axi_datamover_v5_1_vh_rfs.vhd:55201]
INFO: [Synth 8-256] done synthesizing module 'axi_dma' (0#1) [c:/Sadat_files/Academics/Current_Term/COMP3601/Project/project_repo/COMP3601_Project_Audio_tuner/Lab3.gen/sources_1/bd/design_1/ipshared/8830/hdl/axi_dma_v7_1_vh_rfs.vhd:22149]
INFO: [Synth 8-256] done synthesizing module 'design_1_axi_dma_0_0' (0#1) [c:/Sadat_files/Academics/Current_Term/COMP3601/Project/project_repo/COMP3601_Project_Audio_tuner/Lab3.gen/sources_1/bd/design_1/ip/design_1_axi_dma_0_0/synth/design_1_axi_dma_0_0.vhd:128]
WARNING: [Synth 8-7071] port 'mm2s_prmry_reset_out_n' of module 'design_1_axi_dma_0_0' is unconnected for instance 'axi_dma_0' [c:/Sadat_files/Academics/Current_Term/COMP3601/Project/project_repo/COMP3601_Project_Audio_tuner/Lab3.gen/sources_1/bd/design_1/synth/design_1.v:332]
WARNING: [Synth 8-7071] port 's2mm_prmry_reset_out_n' of module 'design_1_axi_dma_0_0' is unconnected for instance 'axi_dma_0' [c:/Sadat_files/Academics/Current_Term/COMP3601/Project/project_repo/COMP3601_Project_Audio_tuner/Lab3.gen/sources_1/bd/design_1/synth/design_1.v:332]
WARNING: [Synth 8-7071] port 'mm2s_introut' of module 'design_1_axi_dma_0_0' is unconnected for instance 'axi_dma_0' [c:/Sadat_files/Academics/Current_Term/COMP3601/Project/project_repo/COMP3601_Project_Audio_tuner/Lab3.gen/sources_1/bd/design_1/synth/design_1.v:332]
WARNING: [Synth 8-7071] port 's2mm_introut' of module 'design_1_axi_dma_0_0' is unconnected for instance 'axi_dma_0' [c:/Sadat_files/Academics/Current_Term/COMP3601/Project/project_repo/COMP3601_Project_Audio_tuner/Lab3.gen/sources_1/bd/design_1/synth/design_1.v:332]
WARNING: [Synth 8-7071] port 'axi_dma_tstvec' of module 'design_1_axi_dma_0_0' is unconnected for instance 'axi_dma_0' [c:/Sadat_files/Academics/Current_Term/COMP3601/Project/project_repo/COMP3601_Project_Audio_tuner/Lab3.gen/sources_1/bd/design_1/synth/design_1.v:332]
WARNING: [Synth 8-7023] instance 'axi_dma_0' of module 'design_1_axi_dma_0_0' has 64 connections declared, but only 59 given [c:/Sadat_files/Academics/Current_Term/COMP3601/Project/project_repo/COMP3601_Project_Audio_tuner/Lab3.gen/sources_1/bd/design_1/synth/design_1.v:332]
INFO: [Synth 8-6157] synthesizing module 'design_1_axi_gpio_0_0' [c:/Sadat_files/Academics/Current_Term/COMP3601/Project/project_repo/COMP3601_Project_Audio_tuner/Lab3.gen/sources_1/bd/design_1/ip/design_1_axi_gpio_0_0/synth/design_1_axi_gpio_0_0.v:53]
INFO: [Synth 8-638] synthesizing module 'axi_gpio' [C:/Sadat_files/Academics/Current_Term/COMP3601/Project/project_repo/COMP3601_Project_Audio_tuner/Lab3.srcs/sources_1/imports/Lab2_Resources/axi_gpio.vhd:90]
	Parameter C_S_AXI_DATA_WIDTH bound to: 32 - type: integer 
	Parameter C_S_AXI_ADDR_WIDTH bound to: 5 - type: integer 
INFO: [Synth 8-256] done synthesizing module 'axi_gpio' (0#1) [C:/Sadat_files/Academics/Current_Term/COMP3601/Project/project_repo/COMP3601_Project_Audio_tuner/Lab3.srcs/sources_1/imports/Lab2_Resources/axi_gpio.vhd:90]
INFO: [Synth 8-6155] done synthesizing module 'design_1_axi_gpio_0_0' (0#1) [c:/Sadat_files/Academics/Current_Term/COMP3601/Project/project_repo/COMP3601_Project_Audio_tuner/Lab3.gen/sources_1/bd/design_1/ip/design_1_axi_gpio_0_0/synth/design_1_axi_gpio_0_0.v:53]
INFO: [Synth 8-6157] synthesizing module 'design_1_axi_smc_0' [c:/Sadat_files/Academics/Current_Term/COMP3601/Project/project_repo/COMP3601_Project_Audio_tuner/Lab3.gen/sources_1/bd/design_1/ip/design_1_axi_smc_0/synth/design_1_axi_smc_0.v:53]
INFO: [Synth 8-6157] synthesizing module 'bd_afc3' [c:/Sadat_files/Academics/Current_Term/COMP3601/Project/project_repo/COMP3601_Project_Audio_tuner/Lab3.gen/sources_1/bd/design_1/ip/design_1_axi_smc_0/bd_0/synth/bd_afc3.v:10]
INFO: [Synth 8-6157] synthesizing module 'clk_map_imp_5Y9LOC' [c:/Sadat_files/Academics/Current_Term/COMP3601/Project/project_repo/COMP3601_Project_Audio_tuner/Lab3.gen/sources_1/bd/design_1/ip/design_1_axi_smc_0/bd_0/synth/bd_afc3.v:950]
INFO: [Synth 8-6157] synthesizing module 'bd_afc3_one_0' [c:/Sadat_files/Academics/Current_Term/COMP3601/Project/project_repo/COMP3601_Project_Audio_tuner/Lab3.gen/sources_1/bd/design_1/ip/design_1_axi_smc_0/bd_0/ip/ip_0/synth/bd_afc3_one_0.v:53]
INFO: [Synth 8-6157] synthesizing module 'xlconstant_v1_1_9_xlconstant' [c:/Sadat_files/Academics/Current_Term/COMP3601/Project/project_repo/COMP3601_Project_Audio_tuner/Lab3.gen/sources_1/bd/design_1/ipshared/e2d2/hdl/xlconstant_v1_1_vl_rfs.v:68]
INFO: [Synth 8-6155] done synthesizing module 'xlconstant_v1_1_9_xlconstant' (0#1) [c:/Sadat_files/Academics/Current_Term/COMP3601/Project/project_repo/COMP3601_Project_Audio_tuner/Lab3.gen/sources_1/bd/design_1/ipshared/e2d2/hdl/xlconstant_v1_1_vl_rfs.v:68]
INFO: [Synth 8-6155] done synthesizing module 'bd_afc3_one_0' (0#1) [c:/Sadat_files/Academics/Current_Term/COMP3601/Project/project_repo/COMP3601_Project_Audio_tuner/Lab3.gen/sources_1/bd/design_1/ip/design_1_axi_smc_0/bd_0/ip/ip_0/synth/bd_afc3_one_0.v:53]
INFO: [Synth 8-638] synthesizing module 'bd_afc3_psr_aclk_0' [c:/Sadat_files/Academics/Current_Term/COMP3601/Project/project_repo/COMP3601_Project_Audio_tuner/Lab3.gen/sources_1/bd/design_1/ip/design_1_axi_smc_0/bd_0/ip/ip_1/synth/bd_afc3_psr_aclk_0.vhd:74]
	Parameter C_FAMILY bound to: zynquplus - type: string 
	Parameter C_EXT_RST_WIDTH bound to: 4 - type: integer 
	Parameter C_AUX_RST_WIDTH bound to: 1 - type: integer 
	Parameter C_EXT_RESET_HIGH bound to: 1'b0 
	Parameter C_AUX_RESET_HIGH bound to: 1'b0 
	Parameter C_NUM_BUS_RST bound to: 1 - type: integer 
	Parameter C_NUM_PERP_RST bound to: 1 - type: integer 
	Parameter C_NUM_INTERCONNECT_ARESETN bound to: 1 - type: integer 
	Parameter C_NUM_PERP_ARESETN bound to: 1 - type: integer 
INFO: [Synth 8-3491] module 'proc_sys_reset' declared at 'c:/Sadat_files/Academics/Current_Term/COMP3601/Project/project_repo/COMP3601_Project_Audio_tuner/Lab3.gen/sources_1/bd/design_1/ipshared/3a26/hdl/proc_sys_reset_v5_0_vh_rfs.vhd:1271' bound to instance 'U0' of component 'proc_sys_reset' [c:/Sadat_files/Academics/Current_Term/COMP3601/Project/project_repo/COMP3601_Project_Audio_tuner/Lab3.gen/sources_1/bd/design_1/ip/design_1_axi_smc_0/bd_0/ip/ip_1/synth/bd_afc3_psr_aclk_0.vhd:129]
INFO: [Synth 8-638] synthesizing module 'proc_sys_reset' [c:/Sadat_files/Academics/Current_Term/COMP3601/Project/project_repo/COMP3601_Project_Audio_tuner/Lab3.gen/sources_1/bd/design_1/ipshared/3a26/hdl/proc_sys_reset_v5_0_vh_rfs.vhd:1330]
	Parameter INIT bound to: 1'b1 
INFO: [Synth 8-113] binding component instance 'FDRE_inst' to cell 'FDRE' [c:/Sadat_files/Academics/Current_Term/COMP3601/Project/project_repo/COMP3601_Project_Audio_tuner/Lab3.gen/sources_1/bd/design_1/ipshared/3a26/hdl/proc_sys_reset_v5_0_vh_rfs.vhd:1399]
	Parameter INIT bound to: 1'b1 
INFO: [Synth 8-113] binding component instance 'FDRE_BSR' to cell 'FDRE' [c:/Sadat_files/Academics/Current_Term/COMP3601/Project/project_repo/COMP3601_Project_Audio_tuner/Lab3.gen/sources_1/bd/design_1/ipshared/3a26/hdl/proc_sys_reset_v5_0_vh_rfs.vhd:1415]
	Parameter INIT bound to: 1'b0 
INFO: [Synth 8-113] binding component instance 'FDRE_BSR_N' to cell 'FDRE' [c:/Sadat_files/Academics/Current_Term/COMP3601/Project/project_repo/COMP3601_Project_Audio_tuner/Lab3.gen/sources_1/bd/design_1/ipshared/3a26/hdl/proc_sys_reset_v5_0_vh_rfs.vhd:1441]
	Parameter INIT bound to: 1'b1 
INFO: [Synth 8-113] binding component instance 'FDRE_PER' to cell 'FDRE' [c:/Sadat_files/Academics/Current_Term/COMP3601/Project/project_repo/COMP3601_Project_Audio_tuner/Lab3.gen/sources_1/bd/design_1/ipshared/3a26/hdl/proc_sys_reset_v5_0_vh_rfs.vhd:1464]
	Parameter INIT bound to: 1'b0 
INFO: [Synth 8-113] binding component instance 'FDRE_PER_N' to cell 'FDRE' [c:/Sadat_files/Academics/Current_Term/COMP3601/Project/project_repo/COMP3601_Project_Audio_tuner/Lab3.gen/sources_1/bd/design_1/ipshared/3a26/hdl/proc_sys_reset_v5_0_vh_rfs.vhd:1488]
INFO: [Synth 8-638] synthesizing module 'lpf' [c:/Sadat_files/Academics/Current_Term/COMP3601/Project/project_repo/COMP3601_Project_Audio_tuner/Lab3.gen/sources_1/bd/design_1/ipshared/3a26/hdl/proc_sys_reset_v5_0_vh_rfs.vhd:821]
INFO: [Synth 8-3491] module 'SRL16' declared at 'C:/Xilinx/Vivado/2024.1/scripts/rt/data/unisim_comp.v:137246' bound to instance 'POR_SRL_I' of component 'SRL16' [c:/Sadat_files/Academics/Current_Term/COMP3601/Project/project_repo/COMP3601_Project_Audio_tuner/Lab3.gen/sources_1/bd/design_1/ipshared/3a26/hdl/proc_sys_reset_v5_0_vh_rfs.vhd:873]
INFO: [Synth 8-6157] synthesizing module 'SRL16' [C:/Xilinx/Vivado/2024.1/scripts/rt/data/unisim_comp.v:137246]
INFO: [Synth 8-6155] done synthesizing module 'SRL16' (0#1) [C:/Xilinx/Vivado/2024.1/scripts/rt/data/unisim_comp.v:137246]
INFO: [Synth 8-638] synthesizing module 'cdc_sync__parameterized0' [c:/Sadat_files/Academics/Current_Term/COMP3601/Project/project_repo/COMP3601_Project_Audio_tuner/Lab3.gen/sources_1/bd/design_1/ipshared/2a4f/hdl/lib_cdc_v1_0_rfs.vhd:106]
	Parameter INIT bound to: 1'b0 
INFO: [Synth 8-113] binding component instance 'CROSS_PLEVEL_IN2SCNDRY_IN_cdc_to' to cell 'FDR' [c:/Sadat_files/Academics/Current_Term/COMP3601/Project/project_repo/COMP3601_Project_Audio_tuner/Lab3.gen/sources_1/bd/design_1/ipshared/2a4f/hdl/lib_cdc_v1_0_rfs.vhd:514]
	Parameter INIT bound to: 1'b0 
INFO: [Synth 8-113] binding component instance 'CROSS_PLEVEL_IN2SCNDRY_s_level_out_d2' to cell 'FDR' [c:/Sadat_files/Academics/Current_Term/COMP3601/Project/project_repo/COMP3601_Project_Audio_tuner/Lab3.gen/sources_1/bd/design_1/ipshared/2a4f/hdl/lib_cdc_v1_0_rfs.vhd:545]
	Parameter INIT bound to: 1'b0 
INFO: [Synth 8-113] binding component instance 'CROSS_PLEVEL_IN2SCNDRY_s_level_out_d3' to cell 'FDR' [c:/Sadat_files/Academics/Current_Term/COMP3601/Project/project_repo/COMP3601_Project_Audio_tuner/Lab3.gen/sources_1/bd/design_1/ipshared/2a4f/hdl/lib_cdc_v1_0_rfs.vhd:554]
	Parameter INIT bound to: 1'b0 
INFO: [Synth 8-113] binding component instance 'CROSS_PLEVEL_IN2SCNDRY_s_level_out_d4' to cell 'FDR' [c:/Sadat_files/Academics/Current_Term/COMP3601/Project/project_repo/COMP3601_Project_Audio_tuner/Lab3.gen/sources_1/bd/design_1/ipshared/2a4f/hdl/lib_cdc_v1_0_rfs.vhd:564]
	Parameter INIT bound to: 1'b0 
INFO: [Synth 8-113] binding component instance 'CROSS_PLEVEL_IN2SCNDRY_s_level_out_d5' to cell 'FDR' [c:/Sadat_files/Academics/Current_Term/COMP3601/Project/project_repo/COMP3601_Project_Audio_tuner/Lab3.gen/sources_1/bd/design_1/ipshared/2a4f/hdl/lib_cdc_v1_0_rfs.vhd:574]
	Parameter INIT bound to: 1'b0 
INFO: [Synth 8-113] binding component instance 'CROSS_PLEVEL_IN2SCNDRY_s_level_out_d6' to cell 'FDR' [c:/Sadat_files/Academics/Current_Term/COMP3601/Project/project_repo/COMP3601_Project_Audio_tuner/Lab3.gen/sources_1/bd/design_1/ipshared/2a4f/hdl/lib_cdc_v1_0_rfs.vhd:584]
INFO: [Synth 8-256] done synthesizing module 'cdc_sync__parameterized0' (0#1) [c:/Sadat_files/Academics/Current_Term/COMP3601/Project/project_repo/COMP3601_Project_Audio_tuner/Lab3.gen/sources_1/bd/design_1/ipshared/2a4f/hdl/lib_cdc_v1_0_rfs.vhd:106]
INFO: [Synth 8-256] done synthesizing module 'lpf' (0#1) [c:/Sadat_files/Academics/Current_Term/COMP3601/Project/project_repo/COMP3601_Project_Audio_tuner/Lab3.gen/sources_1/bd/design_1/ipshared/3a26/hdl/proc_sys_reset_v5_0_vh_rfs.vhd:821]
INFO: [Synth 8-638] synthesizing module 'sequence_psr' [c:/Sadat_files/Academics/Current_Term/COMP3601/Project/project_repo/COMP3601_Project_Audio_tuner/Lab3.gen/sources_1/bd/design_1/ipshared/3a26/hdl/proc_sys_reset_v5_0_vh_rfs.vhd:304]
INFO: [Synth 8-638] synthesizing module 'upcnt_n' [c:/Sadat_files/Academics/Current_Term/COMP3601/Project/project_repo/COMP3601_Project_Audio_tuner/Lab3.gen/sources_1/bd/design_1/ipshared/3a26/hdl/proc_sys_reset_v5_0_vh_rfs.vhd:126]
INFO: [Synth 8-256] done synthesizing module 'upcnt_n' (0#1) [c:/Sadat_files/Academics/Current_Term/COMP3601/Project/project_repo/COMP3601_Project_Audio_tuner/Lab3.gen/sources_1/bd/design_1/ipshared/3a26/hdl/proc_sys_reset_v5_0_vh_rfs.vhd:126]
INFO: [Synth 8-256] done synthesizing module 'sequence_psr' (0#1) [c:/Sadat_files/Academics/Current_Term/COMP3601/Project/project_repo/COMP3601_Project_Audio_tuner/Lab3.gen/sources_1/bd/design_1/ipshared/3a26/hdl/proc_sys_reset_v5_0_vh_rfs.vhd:304]
INFO: [Synth 8-256] done synthesizing module 'proc_sys_reset' (0#1) [c:/Sadat_files/Academics/Current_Term/COMP3601/Project/project_repo/COMP3601_Project_Audio_tuner/Lab3.gen/sources_1/bd/design_1/ipshared/3a26/hdl/proc_sys_reset_v5_0_vh_rfs.vhd:1330]
INFO: [Synth 8-256] done synthesizing module 'bd_afc3_psr_aclk_0' (0#1) [c:/Sadat_files/Academics/Current_Term/COMP3601/Project/project_repo/COMP3601_Project_Audio_tuner/Lab3.gen/sources_1/bd/design_1/ip/design_1_axi_smc_0/bd_0/ip/ip_1/synth/bd_afc3_psr_aclk_0.vhd:74]
WARNING: [Synth 8-7071] port 'mb_reset' of module 'bd_afc3_psr_aclk_0' is unconnected for instance 'psr_aclk' [c:/Sadat_files/Academics/Current_Term/COMP3601/Project/project_repo/COMP3601_Project_Audio_tuner/Lab3.gen/sources_1/bd/design_1/ip/design_1_axi_smc_0/bd_0/synth/bd_afc3.v:991]
WARNING: [Synth 8-7071] port 'bus_struct_reset' of module 'bd_afc3_psr_aclk_0' is unconnected for instance 'psr_aclk' [c:/Sadat_files/Academics/Current_Term/COMP3601/Project/project_repo/COMP3601_Project_Audio_tuner/Lab3.gen/sources_1/bd/design_1/ip/design_1_axi_smc_0/bd_0/synth/bd_afc3.v:991]
WARNING: [Synth 8-7071] port 'peripheral_reset' of module 'bd_afc3_psr_aclk_0' is unconnected for instance 'psr_aclk' [c:/Sadat_files/Academics/Current_Term/COMP3601/Project/project_repo/COMP3601_Project_Audio_tuner/Lab3.gen/sources_1/bd/design_1/ip/design_1_axi_smc_0/bd_0/synth/bd_afc3.v:991]
WARNING: [Synth 8-7071] port 'peripheral_aresetn' of module 'bd_afc3_psr_aclk_0' is unconnected for instance 'psr_aclk' [c:/Sadat_files/Academics/Current_Term/COMP3601/Project/project_repo/COMP3601_Project_Audio_tuner/Lab3.gen/sources_1/bd/design_1/ip/design_1_axi_smc_0/bd_0/synth/bd_afc3.v:991]
WARNING: [Synth 8-7023] instance 'psr_aclk' of module 'bd_afc3_psr_aclk_0' has 10 connections declared, but only 6 given [c:/Sadat_files/Academics/Current_Term/COMP3601/Project/project_repo/COMP3601_Project_Audio_tuner/Lab3.gen/sources_1/bd/design_1/ip/design_1_axi_smc_0/bd_0/synth/bd_afc3.v:991]
INFO: [Synth 8-6155] done synthesizing module 'clk_map_imp_5Y9LOC' (0#1) [c:/Sadat_files/Academics/Current_Term/COMP3601/Project/project_repo/COMP3601_Project_Audio_tuner/Lab3.gen/sources_1/bd/design_1/ip/design_1_axi_smc_0/bd_0/synth/bd_afc3.v:950]
INFO: [Synth 8-6157] synthesizing module 'm00_exit_pipeline_imp_1TZX5BB' [c:/Sadat_files/Academics/Current_Term/COMP3601/Project/project_repo/COMP3601_Project_Audio_tuner/Lab3.gen/sources_1/bd/design_1/ip/design_1_axi_smc_0/bd_0/synth/bd_afc3.v:1000]
INFO: [Synth 8-6157] synthesizing module 'bd_afc3_m00e_0' [c:/Sadat_files/Academics/Current_Term/COMP3601/Project/project_repo/COMP3601_Project_Audio_tuner/Lab3.gen/sources_1/bd/design_1/ip/design_1_axi_smc_0/bd_0/ip/ip_26/synth/bd_afc3_m00e_0.sv:53]
INFO: [Synth 8-6157] synthesizing module 'xpm_cdc_async_rst' [C:/Xilinx/Vivado/2024.1/data/ip/xpm/xpm_cdc/hdl/xpm_cdc.sv:1175]
INFO: [Synth 8-6155] done synthesizing module 'xpm_cdc_async_rst' (0#1) [C:/Xilinx/Vivado/2024.1/data/ip/xpm/xpm_cdc/hdl/xpm_cdc.sv:1175]
INFO: [Synth 8-6155] done synthesizing module 'bd_afc3_m00e_0' (0#1) [c:/Sadat_files/Academics/Current_Term/COMP3601/Project/project_repo/COMP3601_Project_Audio_tuner/Lab3.gen/sources_1/bd/design_1/ip/design_1_axi_smc_0/bd_0/ip/ip_26/synth/bd_afc3_m00e_0.sv:53]
INFO: [Synth 8-6155] done synthesizing module 'm00_exit_pipeline_imp_1TZX5BB' (0#1) [c:/Sadat_files/Academics/Current_Term/COMP3601/Project/project_repo/COMP3601_Project_Audio_tuner/Lab3.gen/sources_1/bd/design_1/ip/design_1_axi_smc_0/bd_0/synth/bd_afc3.v:1000]
INFO: [Synth 8-6157] synthesizing module 'm00_nodes_imp_1GOYQYZ' [c:/Sadat_files/Academics/Current_Term/COMP3601/Project/project_repo/COMP3601_Project_Audio_tuner/Lab3.gen/sources_1/bd/design_1/ip/design_1_axi_smc_0/bd_0/synth/bd_afc3.v:1371]
INFO: [Synth 8-6157] synthesizing module 'bd_afc3_m00arn_0' [c:/Sadat_files/Academics/Current_Term/COMP3601/Project/project_repo/COMP3601_Project_Audio_tuner/Lab3.gen/sources_1/bd/design_1/ip/design_1_axi_smc_0/bd_0/ip/ip_21/synth/bd_afc3_m00arn_0.sv:53]
INFO: [Synth 8-6157] synthesizing module 'xpm_memory_sdpram' [C:/Xilinx/Vivado/2024.1/data/ip/xpm/xpm_memory/hdl/xpm_memory.sv:8556]
INFO: [Synth 8-6157] synthesizing module 'xpm_memory_base__parameterized2' [C:/Xilinx/Vivado/2024.1/data/ip/xpm/xpm_memory/hdl/xpm_memory.sv:54]
INFO: [Synth 8-6155] done synthesizing module 'xpm_memory_base__parameterized2' (0#1) [C:/Xilinx/Vivado/2024.1/data/ip/xpm/xpm_memory/hdl/xpm_memory.sv:54]
INFO: [Synth 8-6155] done synthesizing module 'xpm_memory_sdpram' (0#1) [C:/Xilinx/Vivado/2024.1/data/ip/xpm/xpm_memory/hdl/xpm_memory.sv:8556]
INFO: [Synth 8-6157] synthesizing module 'xpm_memory_sdpram__parameterized0' [C:/Xilinx/Vivado/2024.1/data/ip/xpm/xpm_memory/hdl/xpm_memory.sv:8556]
INFO: [Synth 8-6157] synthesizing module 'xpm_memory_base__parameterized3' [C:/Xilinx/Vivado/2024.1/data/ip/xpm/xpm_memory/hdl/xpm_memory.sv:54]
INFO: [Synth 8-6155] done synthesizing module 'xpm_memory_base__parameterized3' (0#1) [C:/Xilinx/Vivado/2024.1/data/ip/xpm/xpm_memory/hdl/xpm_memory.sv:54]
INFO: [Synth 8-6155] done synthesizing module 'xpm_memory_sdpram__parameterized0' (0#1) [C:/Xilinx/Vivado/2024.1/data/ip/xpm/xpm_memory/hdl/xpm_memory.sv:8556]
INFO: [Synth 8-6155] done synthesizing module 'bd_afc3_m00arn_0' (0#1) [c:/Sadat_files/Academics/Current_Term/COMP3601/Project/project_repo/COMP3601_Project_Audio_tuner/Lab3.gen/sources_1/bd/design_1/ip/design_1_axi_smc_0/bd_0/ip/ip_21/synth/bd_afc3_m00arn_0.sv:53]
INFO: [Synth 8-6157] synthesizing module 'bd_afc3_m00awn_0' [c:/Sadat_files/Academics/Current_Term/COMP3601/Project/project_repo/COMP3601_Project_Audio_tuner/Lab3.gen/sources_1/bd/design_1/ip/design_1_axi_smc_0/bd_0/ip/ip_23/synth/bd_afc3_m00awn_0.sv:53]
INFO: [Synth 8-6155] done synthesizing module 'bd_afc3_m00awn_0' (0#1) [c:/Sadat_files/Academics/Current_Term/COMP3601/Project/project_repo/COMP3601_Project_Audio_tuner/Lab3.gen/sources_1/bd/design_1/ip/design_1_axi_smc_0/bd_0/ip/ip_23/synth/bd_afc3_m00awn_0.sv:53]
INFO: [Synth 8-6157] synthesizing module 'bd_afc3_m00bn_0' [c:/Sadat_files/Academics/Current_Term/COMP3601/Project/project_repo/COMP3601_Project_Audio_tuner/Lab3.gen/sources_1/bd/design_1/ip/design_1_axi_smc_0/bd_0/ip/ip_25/synth/bd_afc3_m00bn_0.sv:53]
INFO: [Synth 8-6157] synthesizing module 'xpm_memory_sdpram__parameterized1' [C:/Xilinx/Vivado/2024.1/data/ip/xpm/xpm_memory/hdl/xpm_memory.sv:8556]
INFO: [Synth 8-6157] synthesizing module 'xpm_memory_base__parameterized4' [C:/Xilinx/Vivado/2024.1/data/ip/xpm/xpm_memory/hdl/xpm_memory.sv:54]
INFO: [Synth 8-6155] done synthesizing module 'xpm_memory_base__parameterized4' (0#1) [C:/Xilinx/Vivado/2024.1/data/ip/xpm/xpm_memory/hdl/xpm_memory.sv:54]
INFO: [Synth 8-6155] done synthesizing module 'xpm_memory_sdpram__parameterized1' (0#1) [C:/Xilinx/Vivado/2024.1/data/ip/xpm/xpm_memory/hdl/xpm_memory.sv:8556]
INFO: [Synth 8-6157] synthesizing module 'xpm_memory_sdpram__parameterized2' [C:/Xilinx/Vivado/2024.1/data/ip/xpm/xpm_memory/hdl/xpm_memory.sv:8556]
INFO: [Synth 8-6157] synthesizing module 'xpm_memory_base__parameterized5' [C:/Xilinx/Vivado/2024.1/data/ip/xpm/xpm_memory/hdl/xpm_memory.sv:54]
INFO: [Synth 8-6155] done synthesizing module 'xpm_memory_base__parameterized5' (0#1) [C:/Xilinx/Vivado/2024.1/data/ip/xpm/xpm_memory/hdl/xpm_memory.sv:54]
INFO: [Synth 8-6155] done synthesizing module 'xpm_memory_sdpram__parameterized2' (0#1) [C:/Xilinx/Vivado/2024.1/data/ip/xpm/xpm_memory/hdl/xpm_memory.sv:8556]
INFO: [Synth 8-6155] done synthesizing module 'bd_afc3_m00bn_0' (0#1) [c:/Sadat_files/Academics/Current_Term/COMP3601/Project/project_repo/COMP3601_Project_Audio_tuner/Lab3.gen/sources_1/bd/design_1/ip/design_1_axi_smc_0/bd_0/ip/ip_25/synth/bd_afc3_m00bn_0.sv:53]
INFO: [Synth 8-6157] synthesizing module 'bd_afc3_m00rn_0' [c:/Sadat_files/Academics/Current_Term/COMP3601/Project/project_repo/COMP3601_Project_Audio_tuner/Lab3.gen/sources_1/bd/design_1/ip/design_1_axi_smc_0/bd_0/ip/ip_22/synth/bd_afc3_m00rn_0.sv:53]
INFO: [Synth 8-6157] synthesizing module 'xpm_memory_sdpram__parameterized3' [C:/Xilinx/Vivado/2024.1/data/ip/xpm/xpm_memory/hdl/xpm_memory.sv:8556]
INFO: [Synth 8-6157] synthesizing module 'xpm_memory_base__parameterized6' [C:/Xilinx/Vivado/2024.1/data/ip/xpm/xpm_memory/hdl/xpm_memory.sv:54]
INFO: [Synth 8-6155] done synthesizing module 'xpm_memory_base__parameterized6' (0#1) [C:/Xilinx/Vivado/2024.1/data/ip/xpm/xpm_memory/hdl/xpm_memory.sv:54]
INFO: [Synth 8-6155] done synthesizing module 'xpm_memory_sdpram__parameterized3' (0#1) [C:/Xilinx/Vivado/2024.1/data/ip/xpm/xpm_memory/hdl/xpm_memory.sv:8556]
INFO: [Synth 8-6155] done synthesizing module 'bd_afc3_m00rn_0' (0#1) [c:/Sadat_files/Academics/Current_Term/COMP3601/Project/project_repo/COMP3601_Project_Audio_tuner/Lab3.gen/sources_1/bd/design_1/ip/design_1_axi_smc_0/bd_0/ip/ip_22/synth/bd_afc3_m00rn_0.sv:53]
INFO: [Synth 8-6157] synthesizing module 'bd_afc3_m00wn_0' [c:/Sadat_files/Academics/Current_Term/COMP3601/Project/project_repo/COMP3601_Project_Audio_tuner/Lab3.gen/sources_1/bd/design_1/ip/design_1_axi_smc_0/bd_0/ip/ip_24/synth/bd_afc3_m00wn_0.sv:53]
INFO: [Synth 8-6157] synthesizing module 'xpm_memory_sdpram__parameterized4' [C:/Xilinx/Vivado/2024.1/data/ip/xpm/xpm_memory/hdl/xpm_memory.sv:8556]
INFO: [Synth 8-6157] synthesizing module 'xpm_memory_base__parameterized7' [C:/Xilinx/Vivado/2024.1/data/ip/xpm/xpm_memory/hdl/xpm_memory.sv:54]
INFO: [Synth 8-6155] done synthesizing module 'xpm_memory_base__parameterized7' (0#1) [C:/Xilinx/Vivado/2024.1/data/ip/xpm/xpm_memory/hdl/xpm_memory.sv:54]
INFO: [Synth 8-6155] done synthesizing module 'xpm_memory_sdpram__parameterized4' (0#1) [C:/Xilinx/Vivado/2024.1/data/ip/xpm/xpm_memory/hdl/xpm_memory.sv:8556]
INFO: [Synth 8-6157] synthesizing module 'xpm_memory_sdpram__parameterized5' [C:/Xilinx/Vivado/2024.1/data/ip/xpm/xpm_memory/hdl/xpm_memory.sv:8556]
INFO: [Synth 8-6157] synthesizing module 'xpm_memory_base__parameterized8' [C:/Xilinx/Vivado/2024.1/data/ip/xpm/xpm_memory/hdl/xpm_memory.sv:54]
INFO: [Synth 8-6155] done synthesizing module 'xpm_memory_base__parameterized8' (0#1) [C:/Xilinx/Vivado/2024.1/data/ip/xpm/xpm_memory/hdl/xpm_memory.sv:54]
INFO: [Synth 8-6155] done synthesizing module 'xpm_memory_sdpram__parameterized5' (0#1) [C:/Xilinx/Vivado/2024.1/data/ip/xpm/xpm_memory/hdl/xpm_memory.sv:8556]
INFO: [Synth 8-6155] done synthesizing module 'bd_afc3_m00wn_0' (0#1) [c:/Sadat_files/Academics/Current_Term/COMP3601/Project/project_repo/COMP3601_Project_Audio_tuner/Lab3.gen/sources_1/bd/design_1/ip/design_1_axi_smc_0/bd_0/ip/ip_24/synth/bd_afc3_m00wn_0.sv:53]
INFO: [Synth 8-6155] done synthesizing module 'm00_nodes_imp_1GOYQYZ' (0#1) [c:/Sadat_files/Academics/Current_Term/COMP3601/Project/project_repo/COMP3601_Project_Audio_tuner/Lab3.gen/sources_1/bd/design_1/ip/design_1_axi_smc_0/bd_0/synth/bd_afc3.v:1371]
INFO: [Synth 8-6157] synthesizing module 'bd_afc3_m00s2a_0' [c:/Sadat_files/Academics/Current_Term/COMP3601/Project/project_repo/COMP3601_Project_Audio_tuner/Lab3.gen/sources_1/bd/design_1/ip/design_1_axi_smc_0/bd_0/ip/ip_20/synth/bd_afc3_m00s2a_0.sv:53]
INFO: [Synth 8-6155] done synthesizing module 'bd_afc3_m00s2a_0' (0#1) [c:/Sadat_files/Academics/Current_Term/COMP3601/Project/project_repo/COMP3601_Project_Audio_tuner/Lab3.gen/sources_1/bd/design_1/ip/design_1_axi_smc_0/bd_0/ip/ip_20/synth/bd_afc3_m00s2a_0.sv:53]
INFO: [Synth 8-6157] synthesizing module 'bd_afc3_s00a2s_0' [c:/Sadat_files/Academics/Current_Term/COMP3601/Project/project_repo/COMP3601_Project_Audio_tuner/Lab3.gen/sources_1/bd/design_1/ip/design_1_axi_smc_0/bd_0/ip/ip_10/synth/bd_afc3_s00a2s_0.sv:53]
INFO: [Synth 8-6155] done synthesizing module 'bd_afc3_s00a2s_0' (0#1) [c:/Sadat_files/Academics/Current_Term/COMP3601/Project/project_repo/COMP3601_Project_Audio_tuner/Lab3.gen/sources_1/bd/design_1/ip/design_1_axi_smc_0/bd_0/ip/ip_10/synth/bd_afc3_s00a2s_0.sv:53]
INFO: [Synth 8-6157] synthesizing module 's00_entry_pipeline_imp_USCCV8' [c:/Sadat_files/Academics/Current_Term/COMP3601/Project/project_repo/COMP3601_Project_Audio_tuner/Lab3.gen/sources_1/bd/design_1/ip/design_1_axi_smc_0/bd_0/synth/bd_afc3.v:1676]
INFO: [Synth 8-6157] synthesizing module 'bd_afc3_s00mmu_0' [c:/Sadat_files/Academics/Current_Term/COMP3601/Project/project_repo/COMP3601_Project_Audio_tuner/Lab3.gen/sources_1/bd/design_1/ip/design_1_axi_smc_0/bd_0/ip/ip_7/synth/bd_afc3_s00mmu_0.sv:53]
INFO: [Synth 8-6155] done synthesizing module 'bd_afc3_s00mmu_0' (0#1) [c:/Sadat_files/Academics/Current_Term/COMP3601/Project/project_repo/COMP3601_Project_Audio_tuner/Lab3.gen/sources_1/bd/design_1/ip/design_1_axi_smc_0/bd_0/ip/ip_7/synth/bd_afc3_s00mmu_0.sv:53]
INFO: [Synth 8-6157] synthesizing module 'bd_afc3_s00sic_0' [c:/Sadat_files/Academics/Current_Term/COMP3601/Project/project_repo/COMP3601_Project_Audio_tuner/Lab3.gen/sources_1/bd/design_1/ip/design_1_axi_smc_0/bd_0/ip/ip_9/synth/bd_afc3_s00sic_0.sv:53]
INFO: [Synth 8-6155] done synthesizing module 'bd_afc3_s00sic_0' (0#1) [c:/Sadat_files/Academics/Current_Term/COMP3601/Project/project_repo/COMP3601_Project_Audio_tuner/Lab3.gen/sources_1/bd/design_1/ip/design_1_axi_smc_0/bd_0/ip/ip_9/synth/bd_afc3_s00sic_0.sv:53]
INFO: [Synth 8-6157] synthesizing module 'bd_afc3_s00tr_0' [c:/Sadat_files/Academics/Current_Term/COMP3601/Project/project_repo/COMP3601_Project_Audio_tuner/Lab3.gen/sources_1/bd/design_1/ip/design_1_axi_smc_0/bd_0/ip/ip_8/synth/bd_afc3_s00tr_0.sv:53]
INFO: [Synth 8-6155] done synthesizing module 'bd_afc3_s00tr_0' (0#1) [c:/Sadat_files/Academics/Current_Term/COMP3601/Project/project_repo/COMP3601_Project_Audio_tuner/Lab3.gen/sources_1/bd/design_1/ip/design_1_axi_smc_0/bd_0/ip/ip_8/synth/bd_afc3_s00tr_0.sv:53]
WARNING: [Synth 8-7071] port 'm_axi_awburst' of module 'bd_afc3_s00tr_0' is unconnected for instance 's00_transaction_regulator' [c:/Sadat_files/Academics/Current_Term/COMP3601/Project/project_repo/COMP3601_Project_Audio_tuner/Lab3.gen/sources_1/bd/design_1/ip/design_1_axi_smc_0/bd_0/synth/bd_afc3.v:1974]
WARNING: [Synth 8-7023] instance 's00_transaction_regulator' of module 'bd_afc3_s00tr_0' has 46 connections declared, but only 45 given [c:/Sadat_files/Academics/Current_Term/COMP3601/Project/project_repo/COMP3601_Project_Audio_tuner/Lab3.gen/sources_1/bd/design_1/ip/design_1_axi_smc_0/bd_0/synth/bd_afc3.v:1974]
INFO: [Synth 8-6155] done synthesizing module 's00_entry_pipeline_imp_USCCV8' (0#1) [c:/Sadat_files/Academics/Current_Term/COMP3601/Project/project_repo/COMP3601_Project_Audio_tuner/Lab3.gen/sources_1/bd/design_1/ip/design_1_axi_smc_0/bd_0/synth/bd_afc3.v:1676]
INFO: [Synth 8-6157] synthesizing module 's00_nodes_imp_Y7M43I' [c:/Sadat_files/Academics/Current_Term/COMP3601/Project/project_repo/COMP3601_Project_Audio_tuner/Lab3.gen/sources_1/bd/design_1/ip/design_1_axi_smc_0/bd_0/synth/bd_afc3.v:2022]
INFO: [Synth 8-6157] synthesizing module 'bd_afc3_sawn_0' [c:/Sadat_files/Academics/Current_Term/COMP3601/Project/project_repo/COMP3601_Project_Audio_tuner/Lab3.gen/sources_1/bd/design_1/ip/design_1_axi_smc_0/bd_0/ip/ip_11/synth/bd_afc3_sawn_0.sv:53]
INFO: [Synth 8-6157] synthesizing module 'xpm_memory_sdpram__parameterized6' [C:/Xilinx/Vivado/2024.1/data/ip/xpm/xpm_memory/hdl/xpm_memory.sv:8556]
INFO: [Synth 8-6157] synthesizing module 'xpm_memory_base__parameterized9' [C:/Xilinx/Vivado/2024.1/data/ip/xpm/xpm_memory/hdl/xpm_memory.sv:54]
INFO: [Synth 8-6155] done synthesizing module 'xpm_memory_base__parameterized9' (0#1) [C:/Xilinx/Vivado/2024.1/data/ip/xpm/xpm_memory/hdl/xpm_memory.sv:54]
INFO: [Synth 8-6155] done synthesizing module 'xpm_memory_sdpram__parameterized6' (0#1) [C:/Xilinx/Vivado/2024.1/data/ip/xpm/xpm_memory/hdl/xpm_memory.sv:8556]
INFO: [Synth 8-6157] synthesizing module 'xpm_memory_sdpram__parameterized7' [C:/Xilinx/Vivado/2024.1/data/ip/xpm/xpm_memory/hdl/xpm_memory.sv:8556]
INFO: [Synth 8-6157] synthesizing module 'xpm_memory_base__parameterized10' [C:/Xilinx/Vivado/2024.1/data/ip/xpm/xpm_memory/hdl/xpm_memory.sv:54]
INFO: [Synth 8-6155] done synthesizing module 'xpm_memory_base__parameterized10' (0#1) [C:/Xilinx/Vivado/2024.1/data/ip/xpm/xpm_memory/hdl/xpm_memory.sv:54]
INFO: [Synth 8-6155] done synthesizing module 'xpm_memory_sdpram__parameterized7' (0#1) [C:/Xilinx/Vivado/2024.1/data/ip/xpm/xpm_memory/hdl/xpm_memory.sv:8556]
INFO: [Synth 8-6155] done synthesizing module 'bd_afc3_sawn_0' (0#1) [c:/Sadat_files/Academics/Current_Term/COMP3601/Project/project_repo/COMP3601_Project_Audio_tuner/Lab3.gen/sources_1/bd/design_1/ip/design_1_axi_smc_0/bd_0/ip/ip_11/synth/bd_afc3_sawn_0.sv:53]
INFO: [Synth 8-6157] synthesizing module 'bd_afc3_sbn_0' [c:/Sadat_files/Academics/Current_Term/COMP3601/Project/project_repo/COMP3601_Project_Audio_tuner/Lab3.gen/sources_1/bd/design_1/ip/design_1_axi_smc_0/bd_0/ip/ip_13/synth/bd_afc3_sbn_0.sv:53]
INFO: [Synth 8-6157] synthesizing module 'xpm_memory_sdpram__parameterized8' [C:/Xilinx/Vivado/2024.1/data/ip/xpm/xpm_memory/hdl/xpm_memory.sv:8556]
INFO: [Synth 8-6157] synthesizing module 'xpm_memory_base__parameterized11' [C:/Xilinx/Vivado/2024.1/data/ip/xpm/xpm_memory/hdl/xpm_memory.sv:54]
INFO: [Synth 8-6155] done synthesizing module 'xpm_memory_base__parameterized11' (0#1) [C:/Xilinx/Vivado/2024.1/data/ip/xpm/xpm_memory/hdl/xpm_memory.sv:54]
INFO: [Synth 8-6155] done synthesizing module 'xpm_memory_sdpram__parameterized8' (0#1) [C:/Xilinx/Vivado/2024.1/data/ip/xpm/xpm_memory/hdl/xpm_memory.sv:8556]
INFO: [Synth 8-6155] done synthesizing module 'bd_afc3_sbn_0' (0#1) [c:/Sadat_files/Academics/Current_Term/COMP3601/Project/project_repo/COMP3601_Project_Audio_tuner/Lab3.gen/sources_1/bd/design_1/ip/design_1_axi_smc_0/bd_0/ip/ip_13/synth/bd_afc3_sbn_0.sv:53]
INFO: [Synth 8-6157] synthesizing module 'bd_afc3_swn_0' [c:/Sadat_files/Academics/Current_Term/COMP3601/Project/project_repo/COMP3601_Project_Audio_tuner/Lab3.gen/sources_1/bd/design_1/ip/design_1_axi_smc_0/bd_0/ip/ip_12/synth/bd_afc3_swn_0.sv:53]
INFO: [Synth 8-6157] synthesizing module 'xpm_memory_sdpram__parameterized9' [C:/Xilinx/Vivado/2024.1/data/ip/xpm/xpm_memory/hdl/xpm_memory.sv:8556]
INFO: [Synth 8-6157] synthesizing module 'xpm_memory_base__parameterized12' [C:/Xilinx/Vivado/2024.1/data/ip/xpm/xpm_memory/hdl/xpm_memory.sv:54]
INFO: [Synth 8-6155] done synthesizing module 'xpm_memory_base__parameterized12' (0#1) [C:/Xilinx/Vivado/2024.1/data/ip/xpm/xpm_memory/hdl/xpm_memory.sv:54]
INFO: [Synth 8-6155] done synthesizing module 'xpm_memory_sdpram__parameterized9' (0#1) [C:/Xilinx/Vivado/2024.1/data/ip/xpm/xpm_memory/hdl/xpm_memory.sv:8556]
INFO: [Synth 8-6155] done synthesizing module 'bd_afc3_swn_0' (0#1) [c:/Sadat_files/Academics/Current_Term/COMP3601/Project/project_repo/COMP3601_Project_Audio_tuner/Lab3.gen/sources_1/bd/design_1/ip/design_1_axi_smc_0/bd_0/ip/ip_12/synth/bd_afc3_swn_0.sv:53]
INFO: [Synth 8-6155] done synthesizing module 's00_nodes_imp_Y7M43I' (0#1) [c:/Sadat_files/Academics/Current_Term/COMP3601/Project/project_repo/COMP3601_Project_Audio_tuner/Lab3.gen/sources_1/bd/design_1/ip/design_1_axi_smc_0/bd_0/synth/bd_afc3.v:2022]
INFO: [Synth 8-6157] synthesizing module 'bd_afc3_s01a2s_0' [c:/Sadat_files/Academics/Current_Term/COMP3601/Project/project_repo/COMP3601_Project_Audio_tuner/Lab3.gen/sources_1/bd/design_1/ip/design_1_axi_smc_0/bd_0/ip/ip_17/synth/bd_afc3_s01a2s_0.sv:53]
INFO: [Synth 8-6155] done synthesizing module 'bd_afc3_s01a2s_0' (0#1) [c:/Sadat_files/Academics/Current_Term/COMP3601/Project/project_repo/COMP3601_Project_Audio_tuner/Lab3.gen/sources_1/bd/design_1/ip/design_1_axi_smc_0/bd_0/ip/ip_17/synth/bd_afc3_s01a2s_0.sv:53]
INFO: [Synth 8-6157] synthesizing module 's01_entry_pipeline_imp_1W4H5O0' [c:/Sadat_files/Academics/Current_Term/COMP3601/Project/project_repo/COMP3601_Project_Audio_tuner/Lab3.gen/sources_1/bd/design_1/ip/design_1_axi_smc_0/bd_0/synth/bd_afc3.v:2208]
INFO: [Synth 8-6157] synthesizing module 'bd_afc3_s01mmu_0' [c:/Sadat_files/Academics/Current_Term/COMP3601/Project/project_repo/COMP3601_Project_Audio_tuner/Lab3.gen/sources_1/bd/design_1/ip/design_1_axi_smc_0/bd_0/ip/ip_14/synth/bd_afc3_s01mmu_0.sv:53]
INFO: [Synth 8-6155] done synthesizing module 'bd_afc3_s01mmu_0' (0#1) [c:/Sadat_files/Academics/Current_Term/COMP3601/Project/project_repo/COMP3601_Project_Audio_tuner/Lab3.gen/sources_1/bd/design_1/ip/design_1_axi_smc_0/bd_0/ip/ip_14/synth/bd_afc3_s01mmu_0.sv:53]
INFO: [Synth 8-6157] synthesizing module 'bd_afc3_s01sic_0' [c:/Sadat_files/Academics/Current_Term/COMP3601/Project/project_repo/COMP3601_Project_Audio_tuner/Lab3.gen/sources_1/bd/design_1/ip/design_1_axi_smc_0/bd_0/ip/ip_16/synth/bd_afc3_s01sic_0.sv:53]
INFO: [Synth 8-6155] done synthesizing module 'bd_afc3_s01sic_0' (0#1) [c:/Sadat_files/Academics/Current_Term/COMP3601/Project/project_repo/COMP3601_Project_Audio_tuner/Lab3.gen/sources_1/bd/design_1/ip/design_1_axi_smc_0/bd_0/ip/ip_16/synth/bd_afc3_s01sic_0.sv:53]
INFO: [Synth 8-6157] synthesizing module 'bd_afc3_s01tr_0' [c:/Sadat_files/Academics/Current_Term/COMP3601/Project/project_repo/COMP3601_Project_Audio_tuner/Lab3.gen/sources_1/bd/design_1/ip/design_1_axi_smc_0/bd_0/ip/ip_15/synth/bd_afc3_s01tr_0.sv:53]
INFO: [Synth 8-6155] done synthesizing module 'bd_afc3_s01tr_0' (0#1) [c:/Sadat_files/Academics/Current_Term/COMP3601/Project/project_repo/COMP3601_Project_Audio_tuner/Lab3.gen/sources_1/bd/design_1/ip/design_1_axi_smc_0/bd_0/ip/ip_15/synth/bd_afc3_s01tr_0.sv:53]
WARNING: [Synth 8-7071] port 'm_axi_arburst' of module 'bd_afc3_s01tr_0' is unconnected for instance 's01_transaction_regulator' [c:/Sadat_files/Academics/Current_Term/COMP3601/Project/project_repo/COMP3601_Project_Audio_tuner/Lab3.gen/sources_1/bd/design_1/ip/design_1_axi_smc_0/bd_0/synth/bd_afc3.v:2455]
WARNING: [Synth 8-7023] instance 's01_transaction_regulator' of module 'bd_afc3_s01tr_0' has 38 connections declared, but only 37 given [c:/Sadat_files/Academics/Current_Term/COMP3601/Project/project_repo/COMP3601_Project_Audio_tuner/Lab3.gen/sources_1/bd/design_1/ip/design_1_axi_smc_0/bd_0/synth/bd_afc3.v:2455]
INFO: [Synth 8-6155] done synthesizing module 's01_entry_pipeline_imp_1W4H5O0' (0#1) [c:/Sadat_files/Academics/Current_Term/COMP3601/Project/project_repo/COMP3601_Project_Audio_tuner/Lab3.gen/sources_1/bd/design_1/ip/design_1_axi_smc_0/bd_0/synth/bd_afc3.v:2208]
INFO: [Synth 8-6157] synthesizing module 's01_nodes_imp_1RW0SI0' [c:/Sadat_files/Academics/Current_Term/COMP3601/Project/project_repo/COMP3601_Project_Audio_tuner/Lab3.gen/sources_1/bd/design_1/ip/design_1_axi_smc_0/bd_0/synth/bd_afc3.v:2495]
INFO: [Synth 8-6157] synthesizing module 'bd_afc3_sarn_0' [c:/Sadat_files/Academics/Current_Term/COMP3601/Project/project_repo/COMP3601_Project_Audio_tuner/Lab3.gen/sources_1/bd/design_1/ip/design_1_axi_smc_0/bd_0/ip/ip_18/synth/bd_afc3_sarn_0.sv:53]
INFO: [Synth 8-6155] done synthesizing module 'bd_afc3_sarn_0' (0#1) [c:/Sadat_files/Academics/Current_Term/COMP3601/Project/project_repo/COMP3601_Project_Audio_tuner/Lab3.gen/sources_1/bd/design_1/ip/design_1_axi_smc_0/bd_0/ip/ip_18/synth/bd_afc3_sarn_0.sv:53]
INFO: [Synth 8-6157] synthesizing module 'bd_afc3_srn_0' [c:/Sadat_files/Academics/Current_Term/COMP3601/Project/project_repo/COMP3601_Project_Audio_tuner/Lab3.gen/sources_1/bd/design_1/ip/design_1_axi_smc_0/bd_0/ip/ip_19/synth/bd_afc3_srn_0.sv:53]
INFO: [Synth 8-6157] synthesizing module 'xpm_memory_sdpram__parameterized10' [C:/Xilinx/Vivado/2024.1/data/ip/xpm/xpm_memory/hdl/xpm_memory.sv:8556]
INFO: [Synth 8-6157] synthesizing module 'xpm_memory_base__parameterized13' [C:/Xilinx/Vivado/2024.1/data/ip/xpm/xpm_memory/hdl/xpm_memory.sv:54]
INFO: [Synth 8-6155] done synthesizing module 'xpm_memory_base__parameterized13' (0#1) [C:/Xilinx/Vivado/2024.1/data/ip/xpm/xpm_memory/hdl/xpm_memory.sv:54]
INFO: [Synth 8-6155] done synthesizing module 'xpm_memory_sdpram__parameterized10' (0#1) [C:/Xilinx/Vivado/2024.1/data/ip/xpm/xpm_memory/hdl/xpm_memory.sv:8556]
INFO: [Synth 8-6155] done synthesizing module 'bd_afc3_srn_0' (0#1) [c:/Sadat_files/Academics/Current_Term/COMP3601/Project/project_repo/COMP3601_Project_Audio_tuner/Lab3.gen/sources_1/bd/design_1/ip/design_1_axi_smc_0/bd_0/ip/ip_19/synth/bd_afc3_srn_0.sv:53]
INFO: [Synth 8-6155] done synthesizing module 's01_nodes_imp_1RW0SI0' (0#1) [c:/Sadat_files/Academics/Current_Term/COMP3601/Project/project_repo/COMP3601_Project_Audio_tuner/Lab3.gen/sources_1/bd/design_1/ip/design_1_axi_smc_0/bd_0/synth/bd_afc3.v:2495]
INFO: [Synth 8-6157] synthesizing module 'switchboards_imp_4N4PBE' [c:/Sadat_files/Academics/Current_Term/COMP3601/Project/project_repo/COMP3601_Project_Audio_tuner/Lab3.gen/sources_1/bd/design_1/ip/design_1_axi_smc_0/bd_0/synth/bd_afc3.v:2626]
INFO: [Synth 8-6157] synthesizing module 'bd_afc3_arsw_0' [c:/Sadat_files/Academics/Current_Term/COMP3601/Project/project_repo/COMP3601_Project_Audio_tuner/Lab3.gen/sources_1/bd/design_1/ip/design_1_axi_smc_0/bd_0/ip/ip_2/synth/bd_afc3_arsw_0.sv:53]
INFO: [Synth 8-6155] done synthesizing module 'bd_afc3_arsw_0' (0#1) [c:/Sadat_files/Academics/Current_Term/COMP3601/Project/project_repo/COMP3601_Project_Audio_tuner/Lab3.gen/sources_1/bd/design_1/ip/design_1_axi_smc_0/bd_0/ip/ip_2/synth/bd_afc3_arsw_0.sv:53]
INFO: [Synth 8-6157] synthesizing module 'bd_afc3_awsw_0' [c:/Sadat_files/Academics/Current_Term/COMP3601/Project/project_repo/COMP3601_Project_Audio_tuner/Lab3.gen/sources_1/bd/design_1/ip/design_1_axi_smc_0/bd_0/ip/ip_4/synth/bd_afc3_awsw_0.sv:53]
INFO: [Synth 8-6155] done synthesizing module 'bd_afc3_awsw_0' (0#1) [c:/Sadat_files/Academics/Current_Term/COMP3601/Project/project_repo/COMP3601_Project_Audio_tuner/Lab3.gen/sources_1/bd/design_1/ip/design_1_axi_smc_0/bd_0/ip/ip_4/synth/bd_afc3_awsw_0.sv:53]
INFO: [Synth 8-6157] synthesizing module 'bd_afc3_bsw_0' [c:/Sadat_files/Academics/Current_Term/COMP3601/Project/project_repo/COMP3601_Project_Audio_tuner/Lab3.gen/sources_1/bd/design_1/ip/design_1_axi_smc_0/bd_0/ip/ip_6/synth/bd_afc3_bsw_0.sv:53]
INFO: [Synth 8-6155] done synthesizing module 'bd_afc3_bsw_0' (0#1) [c:/Sadat_files/Academics/Current_Term/COMP3601/Project/project_repo/COMP3601_Project_Audio_tuner/Lab3.gen/sources_1/bd/design_1/ip/design_1_axi_smc_0/bd_0/ip/ip_6/synth/bd_afc3_bsw_0.sv:53]
INFO: [Synth 8-6157] synthesizing module 'bd_afc3_rsw_0' [c:/Sadat_files/Academics/Current_Term/COMP3601/Project/project_repo/COMP3601_Project_Audio_tuner/Lab3.gen/sources_1/bd/design_1/ip/design_1_axi_smc_0/bd_0/ip/ip_3/synth/bd_afc3_rsw_0.sv:53]
INFO: [Synth 8-6155] done synthesizing module 'bd_afc3_rsw_0' (0#1) [c:/Sadat_files/Academics/Current_Term/COMP3601/Project/project_repo/COMP3601_Project_Audio_tuner/Lab3.gen/sources_1/bd/design_1/ip/design_1_axi_smc_0/bd_0/ip/ip_3/synth/bd_afc3_rsw_0.sv:53]
INFO: [Synth 8-6157] synthesizing module 'bd_afc3_wsw_0' [c:/Sadat_files/Academics/Current_Term/COMP3601/Project/project_repo/COMP3601_Project_Audio_tuner/Lab3.gen/sources_1/bd/design_1/ip/design_1_axi_smc_0/bd_0/ip/ip_5/synth/bd_afc3_wsw_0.sv:53]
INFO: [Synth 8-6155] done synthesizing module 'bd_afc3_wsw_0' (0#1) [c:/Sadat_files/Academics/Current_Term/COMP3601/Project/project_repo/COMP3601_Project_Audio_tuner/Lab3.gen/sources_1/bd/design_1/ip/design_1_axi_smc_0/bd_0/ip/ip_5/synth/bd_afc3_wsw_0.sv:53]
INFO: [Synth 8-6155] done synthesizing module 'switchboards_imp_4N4PBE' (0#1) [c:/Sadat_files/Academics/Current_Term/COMP3601/Project/project_repo/COMP3601_Project_Audio_tuner/Lab3.gen/sources_1/bd/design_1/ip/design_1_axi_smc_0/bd_0/synth/bd_afc3.v:2626]
WARNING: [Synth 8-7071] port 'M00_SC_R_info' of module 'switchboards_imp_4N4PBE' is unconnected for instance 'switchboards' [c:/Sadat_files/Academics/Current_Term/COMP3601/Project/project_repo/COMP3601_Project_Audio_tuner/Lab3.gen/sources_1/bd/design_1/ip/design_1_axi_smc_0/bd_0/synth/bd_afc3.v:881]
WARNING: [Synth 8-7071] port 'M00_SC_R_payld' of module 'switchboards_imp_4N4PBE' is unconnected for instance 'switchboards' [c:/Sadat_files/Academics/Current_Term/COMP3601/Project/project_repo/COMP3601_Project_Audio_tuner/Lab3.gen/sources_1/bd/design_1/ip/design_1_axi_smc_0/bd_0/synth/bd_afc3.v:881]
WARNING: [Synth 8-7071] port 'M00_SC_R_req' of module 'switchboards_imp_4N4PBE' is unconnected for instance 'switchboards' [c:/Sadat_files/Academics/Current_Term/COMP3601/Project/project_repo/COMP3601_Project_Audio_tuner/Lab3.gen/sources_1/bd/design_1/ip/design_1_axi_smc_0/bd_0/synth/bd_afc3.v:881]
WARNING: [Synth 8-7071] port 'M00_SC_R_send' of module 'switchboards_imp_4N4PBE' is unconnected for instance 'switchboards' [c:/Sadat_files/Academics/Current_Term/COMP3601/Project/project_repo/COMP3601_Project_Audio_tuner/Lab3.gen/sources_1/bd/design_1/ip/design_1_axi_smc_0/bd_0/synth/bd_afc3.v:881]
WARNING: [Synth 8-7071] port 'M01_SC_B_info' of module 'switchboards_imp_4N4PBE' is unconnected for instance 'switchboards' [c:/Sadat_files/Academics/Current_Term/COMP3601/Project/project_repo/COMP3601_Project_Audio_tuner/Lab3.gen/sources_1/bd/design_1/ip/design_1_axi_smc_0/bd_0/synth/bd_afc3.v:881]
WARNING: [Synth 8-7071] port 'M01_SC_B_payld' of module 'switchboards_imp_4N4PBE' is unconnected for instance 'switchboards' [c:/Sadat_files/Academics/Current_Term/COMP3601/Project/project_repo/COMP3601_Project_Audio_tuner/Lab3.gen/sources_1/bd/design_1/ip/design_1_axi_smc_0/bd_0/synth/bd_afc3.v:881]
WARNING: [Synth 8-7071] port 'M01_SC_B_req' of module 'switchboards_imp_4N4PBE' is unconnected for instance 'switchboards' [c:/Sadat_files/Academics/Current_Term/COMP3601/Project/project_repo/COMP3601_Project_Audio_tuner/Lab3.gen/sources_1/bd/design_1/ip/design_1_axi_smc_0/bd_0/synth/bd_afc3.v:881]
WARNING: [Synth 8-7071] port 'M01_SC_B_send' of module 'switchboards_imp_4N4PBE' is unconnected for instance 'switchboards' [c:/Sadat_files/Academics/Current_Term/COMP3601/Project/project_repo/COMP3601_Project_Audio_tuner/Lab3.gen/sources_1/bd/design_1/ip/design_1_axi_smc_0/bd_0/synth/bd_afc3.v:881]
WARNING: [Synth 8-7071] port 'S00_SC_AR_recv' of module 'switchboards_imp_4N4PBE' is unconnected for instance 'switchboards' [c:/Sadat_files/Academics/Current_Term/COMP3601/Project/project_repo/COMP3601_Project_Audio_tuner/Lab3.gen/sources_1/bd/design_1/ip/design_1_axi_smc_0/bd_0/synth/bd_afc3.v:881]
WARNING: [Synth 8-7071] port 'S01_SC_AW_recv' of module 'switchboards_imp_4N4PBE' is unconnected for instance 'switchboards' [c:/Sadat_files/Academics/Current_Term/COMP3601/Project/project_repo/COMP3601_Project_Audio_tuner/Lab3.gen/sources_1/bd/design_1/ip/design_1_axi_smc_0/bd_0/synth/bd_afc3.v:881]
WARNING: [Synth 8-7071] port 'S01_SC_W_recv' of module 'switchboards_imp_4N4PBE' is unconnected for instance 'switchboards' [c:/Sadat_files/Academics/Current_Term/COMP3601/Project/project_repo/COMP3601_Project_Audio_tuner/Lab3.gen/sources_1/bd/design_1/ip/design_1_axi_smc_0/bd_0/synth/bd_afc3.v:881]
WARNING: [Synth 8-7023] instance 'switchboards' of module 'switchboards_imp_4N4PBE' has 77 connections declared, but only 66 given [c:/Sadat_files/Academics/Current_Term/COMP3601/Project/project_repo/COMP3601_Project_Audio_tuner/Lab3.gen/sources_1/bd/design_1/ip/design_1_axi_smc_0/bd_0/synth/bd_afc3.v:881]
INFO: [Synth 8-6155] done synthesizing module 'bd_afc3' (0#1) [c:/Sadat_files/Academics/Current_Term/COMP3601/Project/project_repo/COMP3601_Project_Audio_tuner/Lab3.gen/sources_1/bd/design_1/ip/design_1_axi_smc_0/bd_0/synth/bd_afc3.v:10]
INFO: [Synth 8-6155] done synthesizing module 'design_1_axi_smc_0' (0#1) [c:/Sadat_files/Academics/Current_Term/COMP3601/Project/project_repo/COMP3601_Project_Audio_tuner/Lab3.gen/sources_1/bd/design_1/ip/design_1_axi_smc_0/synth/design_1_axi_smc_0.v:53]
INFO: [Synth 8-6157] synthesizing module 'design_1_ps8_0_axi_periph_0' [c:/Sadat_files/Academics/Current_Term/COMP3601/Project/project_repo/COMP3601_Project_Audio_tuner/Lab3.gen/sources_1/bd/design_1/synth/design_1.v:782]
INFO: [Synth 8-6157] synthesizing module 'm00_couplers_imp_QJIMLI' [c:/Sadat_files/Academics/Current_Term/COMP3601/Project/project_repo/COMP3601_Project_Audio_tuner/Lab3.gen/sources_1/bd/design_1/synth/design_1.v:1850]
INFO: [Synth 8-6155] done synthesizing module 'm00_couplers_imp_QJIMLI' (0#1) [c:/Sadat_files/Academics/Current_Term/COMP3601/Project/project_repo/COMP3601_Project_Audio_tuner/Lab3.gen/sources_1/bd/design_1/synth/design_1.v:1850]
INFO: [Synth 8-6157] synthesizing module 'm01_couplers_imp_1D3SAH3' [c:/Sadat_files/Academics/Current_Term/COMP3601/Project/project_repo/COMP3601_Project_Audio_tuner/Lab3.gen/sources_1/bd/design_1/synth/design_1.v:1996]
INFO: [Synth 8-6155] done synthesizing module 'm01_couplers_imp_1D3SAH3' (0#1) [c:/Sadat_files/Academics/Current_Term/COMP3601/Project/project_repo/COMP3601_Project_Audio_tuner/Lab3.gen/sources_1/bd/design_1/synth/design_1.v:1996]
INFO: [Synth 8-6157] synthesizing module 'm02_couplers_imp_P3UMW5' [c:/Sadat_files/Academics/Current_Term/COMP3601/Project/project_repo/COMP3601_Project_Audio_tuner/Lab3.gen/sources_1/bd/design_1/synth/design_1.v:2121]
INFO: [Synth 8-6155] done synthesizing module 'm02_couplers_imp_P3UMW5' (0#1) [c:/Sadat_files/Academics/Current_Term/COMP3601/Project/project_repo/COMP3601_Project_Audio_tuner/Lab3.gen/sources_1/bd/design_1/synth/design_1.v:2121]
INFO: [Synth 8-6157] synthesizing module 'm03_couplers_imp_1E9R4HW' [c:/Sadat_files/Academics/Current_Term/COMP3601/Project/project_repo/COMP3601_Project_Audio_tuner/Lab3.gen/sources_1/bd/design_1/synth/design_1.v:2267]
INFO: [Synth 8-6155] done synthesizing module 'm03_couplers_imp_1E9R4HW' (0#1) [c:/Sadat_files/Academics/Current_Term/COMP3601/Project/project_repo/COMP3601_Project_Audio_tuner/Lab3.gen/sources_1/bd/design_1/synth/design_1.v:2267]
INFO: [Synth 8-6157] synthesizing module 's00_couplers_imp_1A7ZMW4' [c:/Sadat_files/Academics/Current_Term/COMP3601/Project/project_repo/COMP3601_Project_Audio_tuner/Lab3.gen/sources_1/bd/design_1/synth/design_1.v:2413]
INFO: [Synth 8-6157] synthesizing module 'design_1_auto_ds_0' [c:/Sadat_files/Academics/Current_Term/COMP3601/Project/project_repo/COMP3601_Project_Audio_tuner/Lab3.gen/sources_1/bd/design_1/ip/design_1_auto_ds_0/synth/design_1_auto_ds_0.v:53]
INFO: [Synth 8-6157] synthesizing module 'axi_dwidth_converter_v2_1_31_top' [c:/Sadat_files/Academics/Current_Term/COMP3601/Project/project_repo/COMP3601_Project_Audio_tuner/Lab3.gen/sources_1/bd/design_1/ipshared/14b9/hdl/axi_dwidth_converter_v2_1_vlsyn_rfs.v:14446]
INFO: [Synth 8-6157] synthesizing module 'axi_dwidth_converter_v2_1_31_axi_downsizer' [c:/Sadat_files/Academics/Current_Term/COMP3601/Project/project_repo/COMP3601_Project_Audio_tuner/Lab3.gen/sources_1/bd/design_1/ipshared/14b9/hdl/axi_dwidth_converter_v2_1_vlsyn_rfs.v:2374]
INFO: [Synth 8-6157] synthesizing module 'axi_dwidth_converter_v2_1_31_b_downsizer' [c:/Sadat_files/Academics/Current_Term/COMP3601/Project/project_repo/COMP3601_Project_Audio_tuner/Lab3.gen/sources_1/bd/design_1/ipshared/14b9/hdl/axi_dwidth_converter_v2_1_vlsyn_rfs.v:1248]
INFO: [Synth 8-6155] done synthesizing module 'axi_dwidth_converter_v2_1_31_b_downsizer' (0#1) [c:/Sadat_files/Academics/Current_Term/COMP3601/Project/project_repo/COMP3601_Project_Audio_tuner/Lab3.gen/sources_1/bd/design_1/ipshared/14b9/hdl/axi_dwidth_converter_v2_1_vlsyn_rfs.v:1248]
INFO: [Synth 8-6157] synthesizing module 'axi_dwidth_converter_v2_1_31_a_downsizer' [c:/Sadat_files/Academics/Current_Term/COMP3601/Project/project_repo/COMP3601_Project_Audio_tuner/Lab3.gen/sources_1/bd/design_1/ipshared/14b9/hdl/axi_dwidth_converter_v2_1_vlsyn_rfs.v:62]
INFO: [Synth 8-6157] synthesizing module 'axi_data_fifo_v2_1_30_axic_fifo' [c:/Sadat_files/Academics/Current_Term/COMP3601/Project/project_repo/COMP3601_Project_Audio_tuner/Lab3.gen/sources_1/bd/design_1/ipshared/9692/hdl/axi_data_fifo_v2_1_vl_rfs.v:62]
INFO: [Common 17-14] Message 'Synth 8-6157' appears 100 times and further instances of the messages will be disabled. Use the Tcl command set_msg_config to change the current settings.
INFO: [Synth 8-6155] done synthesizing module 'xpm_cdc_async_rst__parameterized1' (0#1) [C:/Xilinx/Vivado/2024.1/data/ip/xpm/xpm_cdc/hdl/xpm_cdc.sv:1175]
INFO: [Synth 8-6155] done synthesizing module 'axi_data_fifo_v2_1_30_fifo_gen' (0#1) [c:/Sadat_files/Academics/Current_Term/COMP3601/Project/project_repo/COMP3601_Project_Audio_tuner/Lab3.gen/sources_1/bd/design_1/ipshared/9692/hdl/axi_data_fifo_v2_1_vl_rfs.v:165]
INFO: [Synth 8-6155] done synthesizing module 'axi_data_fifo_v2_1_30_axic_fifo' (0#1) [c:/Sadat_files/Academics/Current_Term/COMP3601/Project/project_repo/COMP3601_Project_Audio_tuner/Lab3.gen/sources_1/bd/design_1/ipshared/9692/hdl/axi_data_fifo_v2_1_vl_rfs.v:62]
INFO: [Synth 8-6155] done synthesizing module 'axi_data_fifo_v2_1_30_fifo_gen__parameterized0' (0#1) [c:/Sadat_files/Academics/Current_Term/COMP3601/Project/project_repo/COMP3601_Project_Audio_tuner/Lab3.gen/sources_1/bd/design_1/ipshared/9692/hdl/axi_data_fifo_v2_1_vl_rfs.v:165]
INFO: [Synth 8-6155] done synthesizing module 'axi_data_fifo_v2_1_30_axic_fifo__parameterized0' (0#1) [c:/Sadat_files/Academics/Current_Term/COMP3601/Project/project_repo/COMP3601_Project_Audio_tuner/Lab3.gen/sources_1/bd/design_1/ipshared/9692/hdl/axi_data_fifo_v2_1_vl_rfs.v:62]
INFO: [Synth 8-6155] done synthesizing module 'axi_dwidth_converter_v2_1_31_a_downsizer' (0#1) [c:/Sadat_files/Academics/Current_Term/COMP3601/Project/project_repo/COMP3601_Project_Audio_tuner/Lab3.gen/sources_1/bd/design_1/ipshared/14b9/hdl/axi_dwidth_converter_v2_1_vlsyn_rfs.v:62]
INFO: [Synth 8-6155] done synthesizing module 'axi_dwidth_converter_v2_1_31_w_downsizer' (0#1) [c:/Sadat_files/Academics/Current_Term/COMP3601/Project/project_repo/COMP3601_Project_Audio_tuner/Lab3.gen/sources_1/bd/design_1/ipshared/14b9/hdl/axi_dwidth_converter_v2_1_vlsyn_rfs.v:2011]
INFO: [Synth 8-6155] done synthesizing module 'axi_dwidth_converter_v2_1_31_a_downsizer__parameterized0' (0#1) [c:/Sadat_files/Academics/Current_Term/COMP3601/Project/project_repo/COMP3601_Project_Audio_tuner/Lab3.gen/sources_1/bd/design_1/ipshared/14b9/hdl/axi_dwidth_converter_v2_1_vlsyn_rfs.v:62]
INFO: [Synth 8-6155] done synthesizing module 'axi_dwidth_converter_v2_1_31_r_downsizer' (0#1) [c:/Sadat_files/Academics/Current_Term/COMP3601/Project/project_repo/COMP3601_Project_Audio_tuner/Lab3.gen/sources_1/bd/design_1/ipshared/14b9/hdl/axi_dwidth_converter_v2_1_vlsyn_rfs.v:1529]
INFO: [Common 17-14] Message 'Synth 8-6155' appears 100 times and further instances of the messages will be disabled. Use the Tcl command set_msg_config to change the current settings.
INFO: [Synth 8-226] default block is never used [c:/Sadat_files/Academics/Current_Term/COMP3601/Project/project_repo/COMP3601_Project_Audio_tuner/Lab3.gen/sources_1/bd/design_1/ipshared/3c06/hdl/axi_protocol_converter_v2_1_vl_rfs.v:3446]
INFO: [Synth 8-226] default block is never used [c:/Sadat_files/Academics/Current_Term/COMP3601/Project/project_repo/COMP3601_Project_Audio_tuner/Lab3.gen/sources_1/bd/design_1/ipshared/3c06/hdl/axi_protocol_converter_v2_1_vl_rfs.v:3608]
WARNING: [Synth 8-7071] port 'aclk2x' of module 'axi_register_slice_v2_1_31_axi_register_slice' is unconnected for instance 'SI_REG' [c:/Sadat_files/Academics/Current_Term/COMP3601/Project/project_repo/COMP3601_Project_Audio_tuner/Lab3.gen/sources_1/bd/design_1/ipshared/3c06/hdl/axi_protocol_converter_v2_1_vl_rfs.v:4871]
WARNING: [Synth 8-7023] instance 'SI_REG' of module 'axi_register_slice_v2_1_31_axi_register_slice' has 93 connections declared, but only 92 given [c:/Sadat_files/Academics/Current_Term/COMP3601/Project/project_repo/COMP3601_Project_Audio_tuner/Lab3.gen/sources_1/bd/design_1/ipshared/3c06/hdl/axi_protocol_converter_v2_1_vl_rfs.v:4871]
WARNING: [Synth 8-7071] port 'aclk2x' of module 'axi_register_slice_v2_1_31_axi_register_slice' is unconnected for instance 'MI_REG' [c:/Sadat_files/Academics/Current_Term/COMP3601/Project/project_repo/COMP3601_Project_Audio_tuner/Lab3.gen/sources_1/bd/design_1/ipshared/3c06/hdl/axi_protocol_converter_v2_1_vl_rfs.v:5126]
WARNING: [Synth 8-7023] instance 'MI_REG' of module 'axi_register_slice_v2_1_31_axi_register_slice' has 93 connections declared, but only 92 given [c:/Sadat_files/Academics/Current_Term/COMP3601/Project/project_repo/COMP3601_Project_Audio_tuner/Lab3.gen/sources_1/bd/design_1/ipshared/3c06/hdl/axi_protocol_converter_v2_1_vl_rfs.v:5126]
INFO: [Synth 8-638] synthesizing module 'design_1_rst_ps8_0_99M_0' [c:/Sadat_files/Academics/Current_Term/COMP3601/Project/project_repo/COMP3601_Project_Audio_tuner/Lab3.gen/sources_1/bd/design_1/ip/design_1_rst_ps8_0_99M_0/synth/design_1_rst_ps8_0_99M_0.vhd:74]
	Parameter C_FAMILY bound to: zynquplus - type: string 
	Parameter C_EXT_RST_WIDTH bound to: 4 - type: integer 
	Parameter C_AUX_RST_WIDTH bound to: 4 - type: integer 
	Parameter C_EXT_RESET_HIGH bound to: 1'b0 
	Parameter C_AUX_RESET_HIGH bound to: 1'b0 
	Parameter C_NUM_BUS_RST bound to: 1 - type: integer 
	Parameter C_NUM_PERP_RST bound to: 1 - type: integer 
	Parameter C_NUM_INTERCONNECT_ARESETN bound to: 1 - type: integer 
	Parameter C_NUM_PERP_ARESETN bound to: 1 - type: integer 
INFO: [Synth 8-3491] module 'proc_sys_reset' declared at 'c:/Sadat_files/Academics/Current_Term/COMP3601/Project/project_repo/COMP3601_Project_Audio_tuner/Lab3.gen/sources_1/bd/design_1/ipshared/3a26/hdl/proc_sys_reset_v5_0_vh_rfs.vhd:1271' bound to instance 'U0' of component 'proc_sys_reset' [c:/Sadat_files/Academics/Current_Term/COMP3601/Project/project_repo/COMP3601_Project_Audio_tuner/Lab3.gen/sources_1/bd/design_1/ip/design_1_rst_ps8_0_99M_0/synth/design_1_rst_ps8_0_99M_0.vhd:129]
INFO: [Synth 8-638] synthesizing module 'proc_sys_reset__parameterized1' [c:/Sadat_files/Academics/Current_Term/COMP3601/Project/project_repo/COMP3601_Project_Audio_tuner/Lab3.gen/sources_1/bd/design_1/ipshared/3a26/hdl/proc_sys_reset_v5_0_vh_rfs.vhd:1330]
	Parameter INIT bound to: 1'b1 
INFO: [Synth 8-113] binding component instance 'FDRE_inst' to cell 'FDRE' [c:/Sadat_files/Academics/Current_Term/COMP3601/Project/project_repo/COMP3601_Project_Audio_tuner/Lab3.gen/sources_1/bd/design_1/ipshared/3a26/hdl/proc_sys_reset_v5_0_vh_rfs.vhd:1399]
	Parameter INIT bound to: 1'b1 
INFO: [Synth 8-113] binding component instance 'FDRE_BSR' to cell 'FDRE' [c:/Sadat_files/Academics/Current_Term/COMP3601/Project/project_repo/COMP3601_Project_Audio_tuner/Lab3.gen/sources_1/bd/design_1/ipshared/3a26/hdl/proc_sys_reset_v5_0_vh_rfs.vhd:1415]
	Parameter INIT bound to: 1'b0 
INFO: [Synth 8-113] binding component instance 'FDRE_BSR_N' to cell 'FDRE' [c:/Sadat_files/Academics/Current_Term/COMP3601/Project/project_repo/COMP3601_Project_Audio_tuner/Lab3.gen/sources_1/bd/design_1/ipshared/3a26/hdl/proc_sys_reset_v5_0_vh_rfs.vhd:1441]
	Parameter INIT bound to: 1'b1 
INFO: [Synth 8-113] binding component instance 'FDRE_PER' to cell 'FDRE' [c:/Sadat_files/Academics/Current_Term/COMP3601/Project/project_repo/COMP3601_Project_Audio_tuner/Lab3.gen/sources_1/bd/design_1/ipshared/3a26/hdl/proc_sys_reset_v5_0_vh_rfs.vhd:1464]
	Parameter INIT bound to: 1'b0 
INFO: [Synth 8-113] binding component instance 'FDRE_PER_N' to cell 'FDRE' [c:/Sadat_files/Academics/Current_Term/COMP3601/Project/project_repo/COMP3601_Project_Audio_tuner/Lab3.gen/sources_1/bd/design_1/ipshared/3a26/hdl/proc_sys_reset_v5_0_vh_rfs.vhd:1488]
INFO: [Synth 8-638] synthesizing module 'lpf__parameterized0' [c:/Sadat_files/Academics/Current_Term/COMP3601/Project/project_repo/COMP3601_Project_Audio_tuner/Lab3.gen/sources_1/bd/design_1/ipshared/3a26/hdl/proc_sys_reset_v5_0_vh_rfs.vhd:821]
INFO: [Synth 8-3491] module 'SRL16' declared at 'C:/Xilinx/Vivado/2024.1/scripts/rt/data/unisim_comp.v:137246' bound to instance 'POR_SRL_I' of component 'SRL16' [c:/Sadat_files/Academics/Current_Term/COMP3601/Project/project_repo/COMP3601_Project_Audio_tuner/Lab3.gen/sources_1/bd/design_1/ipshared/3a26/hdl/proc_sys_reset_v5_0_vh_rfs.vhd:873]
INFO: [Synth 8-256] done synthesizing module 'lpf__parameterized0' (0#1) [c:/Sadat_files/Academics/Current_Term/COMP3601/Project/project_repo/COMP3601_Project_Audio_tuner/Lab3.gen/sources_1/bd/design_1/ipshared/3a26/hdl/proc_sys_reset_v5_0_vh_rfs.vhd:821]
INFO: [Synth 8-256] done synthesizing module 'proc_sys_reset__parameterized1' (0#1) [c:/Sadat_files/Academics/Current_Term/COMP3601/Project/project_repo/COMP3601_Project_Audio_tuner/Lab3.gen/sources_1/bd/design_1/ipshared/3a26/hdl/proc_sys_reset_v5_0_vh_rfs.vhd:1330]
INFO: [Synth 8-256] done synthesizing module 'design_1_rst_ps8_0_99M_0' (0#1) [c:/Sadat_files/Academics/Current_Term/COMP3601/Project/project_repo/COMP3601_Project_Audio_tuner/Lab3.gen/sources_1/bd/design_1/ip/design_1_rst_ps8_0_99M_0/synth/design_1_rst_ps8_0_99M_0.vhd:74]
WARNING: [Synth 8-7071] port 'mb_reset' of module 'design_1_rst_ps8_0_99M_0' is unconnected for instance 'rst_ps8_0_99M' [c:/Sadat_files/Academics/Current_Term/COMP3601/Project/project_repo/COMP3601_Project_Audio_tuner/Lab3.gen/sources_1/bd/design_1/synth/design_1.v:647]
WARNING: [Synth 8-7071] port 'bus_struct_reset' of module 'design_1_rst_ps8_0_99M_0' is unconnected for instance 'rst_ps8_0_99M' [c:/Sadat_files/Academics/Current_Term/COMP3601/Project/project_repo/COMP3601_Project_Audio_tuner/Lab3.gen/sources_1/bd/design_1/synth/design_1.v:647]
WARNING: [Synth 8-7071] port 'peripheral_reset' of module 'design_1_rst_ps8_0_99M_0' is unconnected for instance 'rst_ps8_0_99M' [c:/Sadat_files/Academics/Current_Term/COMP3601/Project/project_repo/COMP3601_Project_Audio_tuner/Lab3.gen/sources_1/bd/design_1/synth/design_1.v:647]
WARNING: [Synth 8-7071] port 'interconnect_aresetn' of module 'design_1_rst_ps8_0_99M_0' is unconnected for instance 'rst_ps8_0_99M' [c:/Sadat_files/Academics/Current_Term/COMP3601/Project/project_repo/COMP3601_Project_Audio_tuner/Lab3.gen/sources_1/bd/design_1/synth/design_1.v:647]
WARNING: [Synth 8-7023] instance 'rst_ps8_0_99M' of module 'design_1_rst_ps8_0_99M_0' has 10 connections declared, but only 6 given [c:/Sadat_files/Academics/Current_Term/COMP3601/Project/project_repo/COMP3601_Project_Audio_tuner/Lab3.gen/sources_1/bd/design_1/synth/design_1.v:647]
WARNING: [Synth 8-4446] all outputs are unconnected for this instance and logic may be removed [c:/Sadat_files/Academics/Current_Term/COMP3601/Project/project_repo/COMP3601_Project_Audio_tuner/Lab3.gen/sources_1/bd/design_1/synth/design_1.v:654]
WARNING: [Synth 8-4446] all outputs are unconnected for this instance and logic may be removed [c:/Sadat_files/Academics/Current_Term/COMP3601/Project/project_repo/COMP3601_Project_Audio_tuner/Lab3.gen/sources_1/bd/design_1/ip/design_1_system_ila_0_1/synth/design_1_system_ila_0_1.v:244]
WARNING: [Synth 8-4446] all outputs are unconnected for this instance and logic may be removed [c:/Sadat_files/Academics/Current_Term/COMP3601/Project/project_repo/COMP3601_Project_Audio_tuner/Lab3.gen/sources_1/bd/design_1/ip/design_1_system_ila_0_1/bd_0/synth/bd_36cd.v:61]
WARNING: [Synth 8-7071] port 'clk_nobuf' of module 'ila_v6_2_15_ila' is unconnected for instance 'inst' [c:/Sadat_files/Academics/Current_Term/COMP3601/Project/project_repo/COMP3601_Project_Audio_tuner/Lab3.gen/sources_1/bd/design_1/ip/design_1_system_ila_0_1/bd_0/ip/ip_0/synth/bd_36cd_ila_lib_0.v:3219]
WARNING: [Synth 8-7071] port 'clkdiv_out' of module 'ila_v6_2_15_ila' is unconnected for instance 'inst' [c:/Sadat_files/Academics/Current_Term/COMP3601/Project/project_repo/COMP3601_Project_Audio_tuner/Lab3.gen/sources_1/bd/design_1/ip/design_1_system_ila_0_1/bd_0/ip/ip_0/synth/bd_36cd_ila_lib_0.v:3219]
WARNING: [Synth 8-7071] port 'trig_in' of module 'ila_v6_2_15_ila' is unconnected for instance 'inst' [c:/Sadat_files/Academics/Current_Term/COMP3601/Project/project_repo/COMP3601_Project_Audio_tuner/Lab3.gen/sources_1/bd/design_1/ip/design_1_system_ila_0_1/bd_0/ip/ip_0/synth/bd_36cd_ila_lib_0.v:3219]
WARNING: [Synth 8-7071] port 'trig_in_ack' of module 'ila_v6_2_15_ila' is unconnected for instance 'inst' [c:/Sadat_files/Academics/Current_Term/COMP3601/Project/project_repo/COMP3601_Project_Audio_tuner/Lab3.gen/sources_1/bd/design_1/ip/design_1_system_ila_0_1/bd_0/ip/ip_0/synth/bd_36cd_ila_lib_0.v:3219]
WARNING: [Synth 8-7071] port 'trig_out' of module 'ila_v6_2_15_ila' is unconnected for instance 'inst' [c:/Sadat_files/Academics/Current_Term/COMP3601/Project/project_repo/COMP3601_Project_Audio_tuner/Lab3.gen/sources_1/bd/design_1/ip/design_1_system_ila_0_1/bd_0/ip/ip_0/synth/bd_36cd_ila_lib_0.v:3219]
WARNING: [Synth 8-7071] port 'trig_out_ack' of module 'ila_v6_2_15_ila' is unconnected for instance 'inst' [c:/Sadat_files/Academics/Current_Term/COMP3601/Project/project_repo/COMP3601_Project_Audio_tuner/Lab3.gen/sources_1/bd/design_1/ip/design_1_system_ila_0_1/bd_0/ip/ip_0/synth/bd_36cd_ila_lib_0.v:3219]
WARNING: [Synth 8-7023] instance 'inst' of module 'ila_v6_2_15_ila' has 1033 connections declared, but only 1027 given [c:/Sadat_files/Academics/Current_Term/COMP3601/Project/project_repo/COMP3601_Project_Audio_tuner/Lab3.gen/sources_1/bd/design_1/ip/design_1_system_ila_0_1/bd_0/ip/ip_0/synth/bd_36cd_ila_lib_0.v:3219]
WARNING: [Synth 8-4446] all outputs are unconnected for this instance and logic may be removed [c:/Sadat_files/Academics/Current_Term/COMP3601/Project/project_repo/COMP3601_Project_Audio_tuner/Lab3.gen/sources_1/bd/design_1/ipshared/2acc/hdl/axis_protocol_checker_v2_0_vl_rfs.v:887]
WARNING: [Synth 8-7071] port 'pc_status' of module 'bd_36cd_slot_0_apcs_0' is unconnected for instance 'slot_0_apcs' [c:/Sadat_files/Academics/Current_Term/COMP3601/Project/project_repo/COMP3601_Project_Audio_tuner/Lab3.gen/sources_1/bd/design_1/ip/design_1_system_ila_0_1/bd_0/synth/bd_36cd.v:69]
WARNING: [Synth 8-7023] instance 'slot_0_apcs' of module 'bd_36cd_slot_0_apcs_0' has 9 connections declared, but only 8 given [c:/Sadat_files/Academics/Current_Term/COMP3601/Project/project_repo/COMP3601_Project_Audio_tuner/Lab3.gen/sources_1/bd/design_1/ip/design_1_system_ila_0_1/bd_0/synth/bd_36cd.v:69]
WARNING: [Synth 8-689] width (5) of port connection 'EMIOSDIO0DATAIN' does not match port width (8) of module 'PS8' [c:/Sadat_files/Academics/Current_Term/COMP3601/Project/project_repo/COMP3601_Project_Audio_tuner/Lab3.gen/sources_1/bd/design_1/ip/design_1_zynq_ultra_ps_e_0_0/hdl/zynq_ultra_ps_e_v3_5_3.v:4654]
WARNING: [Synth 8-689] width (5) of port connection 'EMIOSDIO0DATAOUT' does not match port width (8) of module 'PS8' [c:/Sadat_files/Academics/Current_Term/COMP3601/Project/project_repo/COMP3601_Project_Audio_tuner/Lab3.gen/sources_1/bd/design_1/ip/design_1_zynq_ultra_ps_e_0_0/hdl/zynq_ultra_ps_e_v3_5_3.v:4655]
WARNING: [Synth 8-689] width (5) of port connection 'EMIOSDIO0DATAENA' does not match port width (8) of module 'PS8' [c:/Sadat_files/Academics/Current_Term/COMP3601/Project/project_repo/COMP3601_Project_Audio_tuner/Lab3.gen/sources_1/bd/design_1/ip/design_1_zynq_ultra_ps_e_0_0/hdl/zynq_ultra_ps_e_v3_5_3.v:4656]
WARNING: [Synth 8-7071] port 'PSS_ALTO_CORE_PAD_MGTTXN0OUT' of module 'PS8' is unconnected for instance 'PS8_i' [c:/Sadat_files/Academics/Current_Term/COMP3601/Project/project_repo/COMP3601_Project_Audio_tuner/Lab3.gen/sources_1/bd/design_1/ip/design_1_zynq_ultra_ps_e_0_0/hdl/zynq_ultra_ps_e_v3_5_3.v:3845]
WARNING: [Synth 8-7071] port 'PSS_ALTO_CORE_PAD_MGTTXN1OUT' of module 'PS8' is unconnected for instance 'PS8_i' [c:/Sadat_files/Academics/Current_Term/COMP3601/Project/project_repo/COMP3601_Project_Audio_tuner/Lab3.gen/sources_1/bd/design_1/ip/design_1_zynq_ultra_ps_e_0_0/hdl/zynq_ultra_ps_e_v3_5_3.v:3845]
WARNING: [Synth 8-7071] port 'PSS_ALTO_CORE_PAD_MGTTXN2OUT' of module 'PS8' is unconnected for instance 'PS8_i' [c:/Sadat_files/Academics/Current_Term/COMP3601/Project/project_repo/COMP3601_Project_Audio_tuner/Lab3.gen/sources_1/bd/design_1/ip/design_1_zynq_ultra_ps_e_0_0/hdl/zynq_ultra_ps_e_v3_5_3.v:3845]
WARNING: [Synth 8-7071] port 'PSS_ALTO_CORE_PAD_MGTTXN3OUT' of module 'PS8' is unconnected for instance 'PS8_i' [c:/Sadat_files/Academics/Current_Term/COMP3601/Project/project_repo/COMP3601_Project_Audio_tuner/Lab3.gen/sources_1/bd/design_1/ip/design_1_zynq_ultra_ps_e_0_0/hdl/zynq_ultra_ps_e_v3_5_3.v:3845]
WARNING: [Synth 8-7071] port 'PSS_ALTO_CORE_PAD_MGTTXP0OUT' of module 'PS8' is unconnected for instance 'PS8_i' [c:/Sadat_files/Academics/Current_Term/COMP3601/Project/project_repo/COMP3601_Project_Audio_tuner/Lab3.gen/sources_1/bd/design_1/ip/design_1_zynq_ultra_ps_e_0_0/hdl/zynq_ultra_ps_e_v3_5_3.v:3845]
WARNING: [Synth 8-7071] port 'PSS_ALTO_CORE_PAD_MGTTXP1OUT' of module 'PS8' is unconnected for instance 'PS8_i' [c:/Sadat_files/Academics/Current_Term/COMP3601/Project/project_repo/COMP3601_Project_Audio_tuner/Lab3.gen/sources_1/bd/design_1/ip/design_1_zynq_ultra_ps_e_0_0/hdl/zynq_ultra_ps_e_v3_5_3.v:3845]
WARNING: [Synth 8-7071] port 'PSS_ALTO_CORE_PAD_MGTTXP2OUT' of module 'PS8' is unconnected for instance 'PS8_i' [c:/Sadat_files/Academics/Current_Term/COMP3601/Project/project_repo/COMP3601_Project_Audio_tuner/Lab3.gen/sources_1/bd/design_1/ip/design_1_zynq_ultra_ps_e_0_0/hdl/zynq_ultra_ps_e_v3_5_3.v:3845]
WARNING: [Synth 8-7071] port 'PSS_ALTO_CORE_PAD_MGTTXP3OUT' of module 'PS8' is unconnected for instance 'PS8_i' [c:/Sadat_files/Academics/Current_Term/COMP3601/Project/project_repo/COMP3601_Project_Audio_tuner/Lab3.gen/sources_1/bd/design_1/ip/design_1_zynq_ultra_ps_e_0_0/hdl/zynq_ultra_ps_e_v3_5_3.v:3845]
WARNING: [Synth 8-7071] port 'PSS_ALTO_CORE_PAD_PADO' of module 'PS8' is unconnected for instance 'PS8_i' [c:/Sadat_files/Academics/Current_Term/COMP3601/Project/project_repo/COMP3601_Project_Audio_tuner/Lab3.gen/sources_1/bd/design_1/ip/design_1_zynq_ultra_ps_e_0_0/hdl/zynq_ultra_ps_e_v3_5_3.v:3845]
WARNING: [Synth 8-7071] port 'PSS_ALTO_CORE_PAD_BOOTMODE' of module 'PS8' is unconnected for instance 'PS8_i' [c:/Sadat_files/Academics/Current_Term/COMP3601/Project/project_repo/COMP3601_Project_Audio_tuner/Lab3.gen/sources_1/bd/design_1/ip/design_1_zynq_ultra_ps_e_0_0/hdl/zynq_ultra_ps_e_v3_5_3.v:3845]
WARNING: [Synth 8-7071] port 'PSS_ALTO_CORE_PAD_CLK' of module 'PS8' is unconnected for instance 'PS8_i' [c:/Sadat_files/Academics/Current_Term/COMP3601/Project/project_repo/COMP3601_Project_Audio_tuner/Lab3.gen/sources_1/bd/design_1/ip/design_1_zynq_ultra_ps_e_0_0/hdl/zynq_ultra_ps_e_v3_5_3.v:3845]
WARNING: [Synth 8-7071] port 'PSS_ALTO_CORE_PAD_DONEB' of module 'PS8' is unconnected for instance 'PS8_i' [c:/Sadat_files/Academics/Current_Term/COMP3601/Project/project_repo/COMP3601_Project_Audio_tuner/Lab3.gen/sources_1/bd/design_1/ip/design_1_zynq_ultra_ps_e_0_0/hdl/zynq_ultra_ps_e_v3_5_3.v:3845]
WARNING: [Synth 8-7071] port 'PSS_ALTO_CORE_PAD_DRAMA' of module 'PS8' is unconnected for instance 'PS8_i' [c:/Sadat_files/Academics/Current_Term/COMP3601/Project/project_repo/COMP3601_Project_Audio_tuner/Lab3.gen/sources_1/bd/design_1/ip/design_1_zynq_ultra_ps_e_0_0/hdl/zynq_ultra_ps_e_v3_5_3.v:3845]
WARNING: [Synth 8-7071] port 'PSS_ALTO_CORE_PAD_DRAMACTN' of module 'PS8' is unconnected for instance 'PS8_i' [c:/Sadat_files/Academics/Current_Term/COMP3601/Project/project_repo/COMP3601_Project_Audio_tuner/Lab3.gen/sources_1/bd/design_1/ip/design_1_zynq_ultra_ps_e_0_0/hdl/zynq_ultra_ps_e_v3_5_3.v:3845]
WARNING: [Synth 8-7071] port 'PSS_ALTO_CORE_PAD_DRAMALERTN' of module 'PS8' is unconnected for instance 'PS8_i' [c:/Sadat_files/Academics/Current_Term/COMP3601/Project/project_repo/COMP3601_Project_Audio_tuner/Lab3.gen/sources_1/bd/design_1/ip/design_1_zynq_ultra_ps_e_0_0/hdl/zynq_ultra_ps_e_v3_5_3.v:3845]
WARNING: [Synth 8-7071] port 'PSS_ALTO_CORE_PAD_DRAMBA' of module 'PS8' is unconnected for instance 'PS8_i' [c:/Sadat_files/Academics/Current_Term/COMP3601/Project/project_repo/COMP3601_Project_Audio_tuner/Lab3.gen/sources_1/bd/design_1/ip/design_1_zynq_ultra_ps_e_0_0/hdl/zynq_ultra_ps_e_v3_5_3.v:3845]
WARNING: [Synth 8-7071] port 'PSS_ALTO_CORE_PAD_DRAMBG' of module 'PS8' is unconnected for instance 'PS8_i' [c:/Sadat_files/Academics/Current_Term/COMP3601/Project/project_repo/COMP3601_Project_Audio_tuner/Lab3.gen/sources_1/bd/design_1/ip/design_1_zynq_ultra_ps_e_0_0/hdl/zynq_ultra_ps_e_v3_5_3.v:3845]
WARNING: [Synth 8-7071] port 'PSS_ALTO_CORE_PAD_DRAMCK' of module 'PS8' is unconnected for instance 'PS8_i' [c:/Sadat_files/Academics/Current_Term/COMP3601/Project/project_repo/COMP3601_Project_Audio_tuner/Lab3.gen/sources_1/bd/design_1/ip/design_1_zynq_ultra_ps_e_0_0/hdl/zynq_ultra_ps_e_v3_5_3.v:3845]
WARNING: [Synth 8-7071] port 'PSS_ALTO_CORE_PAD_DRAMCKE' of module 'PS8' is unconnected for instance 'PS8_i' [c:/Sadat_files/Academics/Current_Term/COMP3601/Project/project_repo/COMP3601_Project_Audio_tuner/Lab3.gen/sources_1/bd/design_1/ip/design_1_zynq_ultra_ps_e_0_0/hdl/zynq_ultra_ps_e_v3_5_3.v:3845]
WARNING: [Synth 8-7071] port 'PSS_ALTO_CORE_PAD_DRAMCKN' of module 'PS8' is unconnected for instance 'PS8_i' [c:/Sadat_files/Academics/Current_Term/COMP3601/Project/project_repo/COMP3601_Project_Audio_tuner/Lab3.gen/sources_1/bd/design_1/ip/design_1_zynq_ultra_ps_e_0_0/hdl/zynq_ultra_ps_e_v3_5_3.v:3845]
WARNING: [Synth 8-7071] port 'PSS_ALTO_CORE_PAD_DRAMCSN' of module 'PS8' is unconnected for instance 'PS8_i' [c:/Sadat_files/Academics/Current_Term/COMP3601/Project/project_repo/COMP3601_Project_Audio_tuner/Lab3.gen/sources_1/bd/design_1/ip/design_1_zynq_ultra_ps_e_0_0/hdl/zynq_ultra_ps_e_v3_5_3.v:3845]
WARNING: [Synth 8-7071] port 'PSS_ALTO_CORE_PAD_DRAMDM' of module 'PS8' is unconnected for instance 'PS8_i' [c:/Sadat_files/Academics/Current_Term/COMP3601/Project/project_repo/COMP3601_Project_Audio_tuner/Lab3.gen/sources_1/bd/design_1/ip/design_1_zynq_ultra_ps_e_0_0/hdl/zynq_ultra_ps_e_v3_5_3.v:3845]
WARNING: [Synth 8-7071] port 'PSS_ALTO_CORE_PAD_DRAMDQ' of module 'PS8' is unconnected for instance 'PS8_i' [c:/Sadat_files/Academics/Current_Term/COMP3601/Project/project_repo/COMP3601_Project_Audio_tuner/Lab3.gen/sources_1/bd/design_1/ip/design_1_zynq_ultra_ps_e_0_0/hdl/zynq_ultra_ps_e_v3_5_3.v:3845]
WARNING: [Synth 8-7071] port 'PSS_ALTO_CORE_PAD_DRAMDQS' of module 'PS8' is unconnected for instance 'PS8_i' [c:/Sadat_files/Academics/Current_Term/COMP3601/Project/project_repo/COMP3601_Project_Audio_tuner/Lab3.gen/sources_1/bd/design_1/ip/design_1_zynq_ultra_ps_e_0_0/hdl/zynq_ultra_ps_e_v3_5_3.v:3845]
WARNING: [Synth 8-7071] port 'PSS_ALTO_CORE_PAD_DRAMDQSN' of module 'PS8' is unconnected for instance 'PS8_i' [c:/Sadat_files/Academics/Current_Term/COMP3601/Project/project_repo/COMP3601_Project_Audio_tuner/Lab3.gen/sources_1/bd/design_1/ip/design_1_zynq_ultra_ps_e_0_0/hdl/zynq_ultra_ps_e_v3_5_3.v:3845]
WARNING: [Synth 8-7071] port 'PSS_ALTO_CORE_PAD_DRAMODT' of module 'PS8' is unconnected for instance 'PS8_i' [c:/Sadat_files/Academics/Current_Term/COMP3601/Project/project_repo/COMP3601_Project_Audio_tuner/Lab3.gen/sources_1/bd/design_1/ip/design_1_zynq_ultra_ps_e_0_0/hdl/zynq_ultra_ps_e_v3_5_3.v:3845]
WARNING: [Synth 8-7071] port 'PSS_ALTO_CORE_PAD_DRAMPARITY' of module 'PS8' is unconnected for instance 'PS8_i' [c:/Sadat_files/Academics/Current_Term/COMP3601/Project/project_repo/COMP3601_Project_Audio_tuner/Lab3.gen/sources_1/bd/design_1/ip/design_1_zynq_ultra_ps_e_0_0/hdl/zynq_ultra_ps_e_v3_5_3.v:3845]
WARNING: [Synth 8-7071] port 'PSS_ALTO_CORE_PAD_DRAMRAMRSTN' of module 'PS8' is unconnected for instance 'PS8_i' [c:/Sadat_files/Academics/Current_Term/COMP3601/Project/project_repo/COMP3601_Project_Audio_tuner/Lab3.gen/sources_1/bd/design_1/ip/design_1_zynq_ultra_ps_e_0_0/hdl/zynq_ultra_ps_e_v3_5_3.v:3845]
WARNING: [Synth 8-7071] port 'PSS_ALTO_CORE_PAD_ERROROUT' of module 'PS8' is unconnected for instance 'PS8_i' [c:/Sadat_files/Academics/Current_Term/COMP3601/Project/project_repo/COMP3601_Project_Audio_tuner/Lab3.gen/sources_1/bd/design_1/ip/design_1_zynq_ultra_ps_e_0_0/hdl/zynq_ultra_ps_e_v3_5_3.v:3845]
WARNING: [Synth 8-7071] port 'PSS_ALTO_CORE_PAD_ERRORSTATUS' of module 'PS8' is unconnected for instance 'PS8_i' [c:/Sadat_files/Academics/Current_Term/COMP3601/Project/project_repo/COMP3601_Project_Audio_tuner/Lab3.gen/sources_1/bd/design_1/ip/design_1_zynq_ultra_ps_e_0_0/hdl/zynq_ultra_ps_e_v3_5_3.v:3845]
WARNING: [Synth 8-7071] port 'PSS_ALTO_CORE_PAD_INITB' of module 'PS8' is unconnected for instance 'PS8_i' [c:/Sadat_files/Academics/Current_Term/COMP3601/Project/project_repo/COMP3601_Project_Audio_tuner/Lab3.gen/sources_1/bd/design_1/ip/design_1_zynq_ultra_ps_e_0_0/hdl/zynq_ultra_ps_e_v3_5_3.v:3845]
WARNING: [Synth 8-7071] port 'PSS_ALTO_CORE_PAD_JTAGTCK' of module 'PS8' is unconnected for instance 'PS8_i' [c:/Sadat_files/Academics/Current_Term/COMP3601/Project/project_repo/COMP3601_Project_Audio_tuner/Lab3.gen/sources_1/bd/design_1/ip/design_1_zynq_ultra_ps_e_0_0/hdl/zynq_ultra_ps_e_v3_5_3.v:3845]
WARNING: [Synth 8-7071] port 'PSS_ALTO_CORE_PAD_JTAGTDI' of module 'PS8' is unconnected for instance 'PS8_i' [c:/Sadat_files/Academics/Current_Term/COMP3601/Project/project_repo/COMP3601_Project_Audio_tuner/Lab3.gen/sources_1/bd/design_1/ip/design_1_zynq_ultra_ps_e_0_0/hdl/zynq_ultra_ps_e_v3_5_3.v:3845]
WARNING: [Synth 8-7071] port 'PSS_ALTO_CORE_PAD_JTAGTDO' of module 'PS8' is unconnected for instance 'PS8_i' [c:/Sadat_files/Academics/Current_Term/COMP3601/Project/project_repo/COMP3601_Project_Audio_tuner/Lab3.gen/sources_1/bd/design_1/ip/design_1_zynq_ultra_ps_e_0_0/hdl/zynq_ultra_ps_e_v3_5_3.v:3845]
WARNING: [Synth 8-7071] port 'PSS_ALTO_CORE_PAD_JTAGTMS' of module 'PS8' is unconnected for instance 'PS8_i' [c:/Sadat_files/Academics/Current_Term/COMP3601/Project/project_repo/COMP3601_Project_Audio_tuner/Lab3.gen/sources_1/bd/design_1/ip/design_1_zynq_ultra_ps_e_0_0/hdl/zynq_ultra_ps_e_v3_5_3.v:3845]
WARNING: [Synth 8-7071] port 'PSS_ALTO_CORE_PAD_MIO' of module 'PS8' is unconnected for instance 'PS8_i' [c:/Sadat_files/Academics/Current_Term/COMP3601/Project/project_repo/COMP3601_Project_Audio_tuner/Lab3.gen/sources_1/bd/design_1/ip/design_1_zynq_ultra_ps_e_0_0/hdl/zynq_ultra_ps_e_v3_5_3.v:3845]
WARNING: [Synth 8-7071] port 'PSS_ALTO_CORE_PAD_PORB' of module 'PS8' is unconnected for instance 'PS8_i' [c:/Sadat_files/Academics/Current_Term/COMP3601/Project/project_repo/COMP3601_Project_Audio_tuner/Lab3.gen/sources_1/bd/design_1/ip/design_1_zynq_ultra_ps_e_0_0/hdl/zynq_ultra_ps_e_v3_5_3.v:3845]
WARNING: [Synth 8-7071] port 'PSS_ALTO_CORE_PAD_PROGB' of module 'PS8' is unconnected for instance 'PS8_i' [c:/Sadat_files/Academics/Current_Term/COMP3601/Project/project_repo/COMP3601_Project_Audio_tuner/Lab3.gen/sources_1/bd/design_1/ip/design_1_zynq_ultra_ps_e_0_0/hdl/zynq_ultra_ps_e_v3_5_3.v:3845]
WARNING: [Synth 8-7071] port 'PSS_ALTO_CORE_PAD_RCALIBINOUT' of module 'PS8' is unconnected for instance 'PS8_i' [c:/Sadat_files/Academics/Current_Term/COMP3601/Project/project_repo/COMP3601_Project_Audio_tuner/Lab3.gen/sources_1/bd/design_1/ip/design_1_zynq_ultra_ps_e_0_0/hdl/zynq_ultra_ps_e_v3_5_3.v:3845]
WARNING: [Synth 8-7071] port 'PSS_ALTO_CORE_PAD_SRSTB' of module 'PS8' is unconnected for instance 'PS8_i' [c:/Sadat_files/Academics/Current_Term/COMP3601/Project/project_repo/COMP3601_Project_Audio_tuner/Lab3.gen/sources_1/bd/design_1/ip/design_1_zynq_ultra_ps_e_0_0/hdl/zynq_ultra_ps_e_v3_5_3.v:3845]
WARNING: [Synth 8-7071] port 'PSS_ALTO_CORE_PAD_ZQ' of module 'PS8' is unconnected for instance 'PS8_i' [c:/Sadat_files/Academics/Current_Term/COMP3601/Project/project_repo/COMP3601_Project_Audio_tuner/Lab3.gen/sources_1/bd/design_1/ip/design_1_zynq_ultra_ps_e_0_0/hdl/zynq_ultra_ps_e_v3_5_3.v:3845]
WARNING: [Synth 8-7071] port 'PSS_ALTO_CORE_PAD_MGTRXN0IN' of module 'PS8' is unconnected for instance 'PS8_i' [c:/Sadat_files/Academics/Current_Term/COMP3601/Project/project_repo/COMP3601_Project_Audio_tuner/Lab3.gen/sources_1/bd/design_1/ip/design_1_zynq_ultra_ps_e_0_0/hdl/zynq_ultra_ps_e_v3_5_3.v:3845]
WARNING: [Synth 8-7071] port 'PSS_ALTO_CORE_PAD_MGTRXN1IN' of module 'PS8' is unconnected for instance 'PS8_i' [c:/Sadat_files/Academics/Current_Term/COMP3601/Project/project_repo/COMP3601_Project_Audio_tuner/Lab3.gen/sources_1/bd/design_1/ip/design_1_zynq_ultra_ps_e_0_0/hdl/zynq_ultra_ps_e_v3_5_3.v:3845]
WARNING: [Synth 8-7071] port 'PSS_ALTO_CORE_PAD_MGTRXN2IN' of module 'PS8' is unconnected for instance 'PS8_i' [c:/Sadat_files/Academics/Current_Term/COMP3601/Project/project_repo/COMP3601_Project_Audio_tuner/Lab3.gen/sources_1/bd/design_1/ip/design_1_zynq_ultra_ps_e_0_0/hdl/zynq_ultra_ps_e_v3_5_3.v:3845]
WARNING: [Synth 8-7071] port 'PSS_ALTO_CORE_PAD_MGTRXN3IN' of module 'PS8' is unconnected for instance 'PS8_i' [c:/Sadat_files/Academics/Current_Term/COMP3601/Project/project_repo/COMP3601_Project_Audio_tuner/Lab3.gen/sources_1/bd/design_1/ip/design_1_zynq_ultra_ps_e_0_0/hdl/zynq_ultra_ps_e_v3_5_3.v:3845]
WARNING: [Synth 8-7071] port 'PSS_ALTO_CORE_PAD_MGTRXP0IN' of module 'PS8' is unconnected for instance 'PS8_i' [c:/Sadat_files/Academics/Current_Term/COMP3601/Project/project_repo/COMP3601_Project_Audio_tuner/Lab3.gen/sources_1/bd/design_1/ip/design_1_zynq_ultra_ps_e_0_0/hdl/zynq_ultra_ps_e_v3_5_3.v:3845]
WARNING: [Synth 8-7071] port 'PSS_ALTO_CORE_PAD_MGTRXP1IN' of module 'PS8' is unconnected for instance 'PS8_i' [c:/Sadat_files/Academics/Current_Term/COMP3601/Project/project_repo/COMP3601_Project_Audio_tuner/Lab3.gen/sources_1/bd/design_1/ip/design_1_zynq_ultra_ps_e_0_0/hdl/zynq_ultra_ps_e_v3_5_3.v:3845]
WARNING: [Synth 8-7071] port 'PSS_ALTO_CORE_PAD_MGTRXP2IN' of module 'PS8' is unconnected for instance 'PS8_i' [c:/Sadat_files/Academics/Current_Term/COMP3601/Project/project_repo/COMP3601_Project_Audio_tuner/Lab3.gen/sources_1/bd/design_1/ip/design_1_zynq_ultra_ps_e_0_0/hdl/zynq_ultra_ps_e_v3_5_3.v:3845]
WARNING: [Synth 8-7071] port 'PSS_ALTO_CORE_PAD_MGTRXP3IN' of module 'PS8' is unconnected for instance 'PS8_i' [c:/Sadat_files/Academics/Current_Term/COMP3601/Project/project_repo/COMP3601_Project_Audio_tuner/Lab3.gen/sources_1/bd/design_1/ip/design_1_zynq_ultra_ps_e_0_0/hdl/zynq_ultra_ps_e_v3_5_3.v:3845]
WARNING: [Synth 8-7071] port 'PSS_ALTO_CORE_PAD_PADI' of module 'PS8' is unconnected for instance 'PS8_i' [c:/Sadat_files/Academics/Current_Term/COMP3601/Project/project_repo/COMP3601_Project_Audio_tuner/Lab3.gen/sources_1/bd/design_1/ip/design_1_zynq_ultra_ps_e_0_0/hdl/zynq_ultra_ps_e_v3_5_3.v:3845]
WARNING: [Synth 8-7071] port 'PSS_ALTO_CORE_PAD_REFN0IN' of module 'PS8' is unconnected for instance 'PS8_i' [c:/Sadat_files/Academics/Current_Term/COMP3601/Project/project_repo/COMP3601_Project_Audio_tuner/Lab3.gen/sources_1/bd/design_1/ip/design_1_zynq_ultra_ps_e_0_0/hdl/zynq_ultra_ps_e_v3_5_3.v:3845]
WARNING: [Synth 8-7071] port 'PSS_ALTO_CORE_PAD_REFN1IN' of module 'PS8' is unconnected for instance 'PS8_i' [c:/Sadat_files/Academics/Current_Term/COMP3601/Project/project_repo/COMP3601_Project_Audio_tuner/Lab3.gen/sources_1/bd/design_1/ip/design_1_zynq_ultra_ps_e_0_0/hdl/zynq_ultra_ps_e_v3_5_3.v:3845]
WARNING: [Synth 8-7071] port 'PSS_ALTO_CORE_PAD_REFN2IN' of module 'PS8' is unconnected for instance 'PS8_i' [c:/Sadat_files/Academics/Current_Term/COMP3601/Project/project_repo/COMP3601_Project_Audio_tuner/Lab3.gen/sources_1/bd/design_1/ip/design_1_zynq_ultra_ps_e_0_0/hdl/zynq_ultra_ps_e_v3_5_3.v:3845]
WARNING: [Synth 8-7071] port 'PSS_ALTO_CORE_PAD_REFN3IN' of module 'PS8' is unconnected for instance 'PS8_i' [c:/Sadat_files/Academics/Current_Term/COMP3601/Project/project_repo/COMP3601_Project_Audio_tuner/Lab3.gen/sources_1/bd/design_1/ip/design_1_zynq_ultra_ps_e_0_0/hdl/zynq_ultra_ps_e_v3_5_3.v:3845]
WARNING: [Synth 8-7071] port 'PSS_ALTO_CORE_PAD_REFP0IN' of module 'PS8' is unconnected for instance 'PS8_i' [c:/Sadat_files/Academics/Current_Term/COMP3601/Project/project_repo/COMP3601_Project_Audio_tuner/Lab3.gen/sources_1/bd/design_1/ip/design_1_zynq_ultra_ps_e_0_0/hdl/zynq_ultra_ps_e_v3_5_3.v:3845]
WARNING: [Synth 8-7071] port 'PSS_ALTO_CORE_PAD_REFP1IN' of module 'PS8' is unconnected for instance 'PS8_i' [c:/Sadat_files/Academics/Current_Term/COMP3601/Project/project_repo/COMP3601_Project_Audio_tuner/Lab3.gen/sources_1/bd/design_1/ip/design_1_zynq_ultra_ps_e_0_0/hdl/zynq_ultra_ps_e_v3_5_3.v:3845]
WARNING: [Synth 8-7071] port 'PSS_ALTO_CORE_PAD_REFP2IN' of module 'PS8' is unconnected for instance 'PS8_i' [c:/Sadat_files/Academics/Current_Term/COMP3601/Project/project_repo/COMP3601_Project_Audio_tuner/Lab3.gen/sources_1/bd/design_1/ip/design_1_zynq_ultra_ps_e_0_0/hdl/zynq_ultra_ps_e_v3_5_3.v:3845]
WARNING: [Synth 8-7071] port 'PSS_ALTO_CORE_PAD_REFP3IN' of module 'PS8' is unconnected for instance 'PS8_i' [c:/Sadat_files/Academics/Current_Term/COMP3601/Project/project_repo/COMP3601_Project_Audio_tuner/Lab3.gen/sources_1/bd/design_1/ip/design_1_zynq_ultra_ps_e_0_0/hdl/zynq_ultra_ps_e_v3_5_3.v:3845]
WARNING: [Synth 8-7023] instance 'PS8_i' of module 'PS8' has 1015 connections declared, but only 957 given [c:/Sadat_files/Academics/Current_Term/COMP3601/Project/project_repo/COMP3601_Project_Audio_tuner/Lab3.gen/sources_1/bd/design_1/ip/design_1_zynq_ultra_ps_e_0_0/hdl/zynq_ultra_ps_e_v3_5_3.v:3845]
WARNING: [Synth 8-7071] port 'emio_enet0_signal_detect' of module 'zynq_ultra_ps_e_v3_5_3_zynq_ultra_ps_e' is unconnected for instance 'inst' [c:/Sadat_files/Academics/Current_Term/COMP3601/Project/project_repo/COMP3601_Project_Audio_tuner/Lab3.gen/sources_1/bd/design_1/ip/design_1_zynq_ultra_ps_e_0_0/synth/design_1_zynq_ultra_ps_e_0_0.v:486]
WARNING: [Synth 8-7071] port 'emio_enet1_signal_detect' of module 'zynq_ultra_ps_e_v3_5_3_zynq_ultra_ps_e' is unconnected for instance 'inst' [c:/Sadat_files/Academics/Current_Term/COMP3601/Project/project_repo/COMP3601_Project_Audio_tuner/Lab3.gen/sources_1/bd/design_1/ip/design_1_zynq_ultra_ps_e_0_0/synth/design_1_zynq_ultra_ps_e_0_0.v:486]
WARNING: [Synth 8-7071] port 'emio_enet2_signal_detect' of module 'zynq_ultra_ps_e_v3_5_3_zynq_ultra_ps_e' is unconnected for instance 'inst' [c:/Sadat_files/Academics/Current_Term/COMP3601/Project/project_repo/COMP3601_Project_Audio_tuner/Lab3.gen/sources_1/bd/design_1/ip/design_1_zynq_ultra_ps_e_0_0/synth/design_1_zynq_ultra_ps_e_0_0.v:486]
WARNING: [Synth 8-7071] port 'emio_enet3_signal_detect' of module 'zynq_ultra_ps_e_v3_5_3_zynq_ultra_ps_e' is unconnected for instance 'inst' [c:/Sadat_files/Academics/Current_Term/COMP3601/Project/project_repo/COMP3601_Project_Audio_tuner/Lab3.gen/sources_1/bd/design_1/ip/design_1_zynq_ultra_ps_e_0_0/synth/design_1_zynq_ultra_ps_e_0_0.v:486]
WARNING: [Synth 8-7023] instance 'inst' of module 'zynq_ultra_ps_e_v3_5_3_zynq_ultra_ps_e' has 1491 connections declared, but only 1487 given [c:/Sadat_files/Academics/Current_Term/COMP3601/Project/project_repo/COMP3601_Project_Audio_tuner/Lab3.gen/sources_1/bd/design_1/ip/design_1_zynq_ultra_ps_e_0_0/synth/design_1_zynq_ultra_ps_e_0_0.v:486]
WARNING: [Synth 8-7071] port 'maxigp0_awuser' of module 'design_1_zynq_ultra_ps_e_0_0' is unconnected for instance 'zynq_ultra_ps_e_0' [c:/Sadat_files/Academics/Current_Term/COMP3601/Project/project_repo/COMP3601_Project_Audio_tuner/Lab3.gen/sources_1/bd/design_1/synth/design_1.v:662]
WARNING: [Synth 8-7071] port 'maxigp0_aruser' of module 'design_1_zynq_ultra_ps_e_0_0' is unconnected for instance 'zynq_ultra_ps_e_0' [c:/Sadat_files/Academics/Current_Term/COMP3601/Project/project_repo/COMP3601_Project_Audio_tuner/Lab3.gen/sources_1/bd/design_1/synth/design_1.v:662]
WARNING: [Synth 8-7071] port 'maxigp1_awuser' of module 'design_1_zynq_ultra_ps_e_0_0' is unconnected for instance 'zynq_ultra_ps_e_0' [c:/Sadat_files/Academics/Current_Term/COMP3601/Project/project_repo/COMP3601_Project_Audio_tuner/Lab3.gen/sources_1/bd/design_1/synth/design_1.v:662]
INFO: [Common 17-14] Message 'Synth 8-7071' appears 100 times and further instances of the messages will be disabled. Use the Tcl command set_msg_config to change the current settings.
WARNING: [Synth 8-7023] instance 'zynq_ultra_ps_e_0' of module 'design_1_zynq_ultra_ps_e_0_0' has 124 connections declared, but only 117 given [c:/Sadat_files/Academics/Current_Term/COMP3601/Project/project_repo/COMP3601_Project_Audio_tuner/Lab3.gen/sources_1/bd/design_1/synth/design_1.v:662]
WARNING: [Synth 8-6014] Unused sequential element awaddr_reg was removed.  [c:/Sadat_files/Academics/Current_Term/COMP3601/Project/project_repo/COMP3601_Project_Audio_tuner/Lab3.gen/sources_1/bd/design_1/ipshared/8830/hdl/axi_dma_v7_1_vh_rfs.vhd:2151]
WARNING: [Synth 8-6014] Unused sequential element wdata_reg was removed.  [c:/Sadat_files/Academics/Current_Term/COMP3601/Project/project_repo/COMP3601_Project_Audio_tuner/Lab3.gen/sources_1/bd/design_1/ipshared/8830/hdl/axi_dma_v7_1_vh_rfs.vhd:2153]
WARNING: [Synth 8-6014] Unused sequential element GEN_SYNC_WRITE.axi2ip_wrdata_i_reg was removed.  [c:/Sadat_files/Academics/Current_Term/COMP3601/Project/project_repo/COMP3601_Project_Audio_tuner/Lab3.gen/sources_1/bd/design_1/ipshared/8830/hdl/axi_dma_v7_1_vh_rfs.vhd:2306]
WARNING: [Synth 8-6014] Unused sequential element GEN_SYNC_WRITE.awready_i_reg was removed.  [c:/Sadat_files/Academics/Current_Term/COMP3601/Project/project_repo/COMP3601_Project_Audio_tuner/Lab3.gen/sources_1/bd/design_1/ipshared/8830/hdl/axi_dma_v7_1_vh_rfs.vhd:2138]
WARNING: [Synth 8-6014] Unused sequential element GEN_SYNC_WRITE.rdy1_reg was removed.  [c:/Sadat_files/Academics/Current_Term/COMP3601/Project/project_repo/COMP3601_Project_Audio_tuner/Lab3.gen/sources_1/bd/design_1/ipshared/8830/hdl/axi_dma_v7_1_vh_rfs.vhd:2267]
WARNING: [Synth 8-6014] Unused sequential element GEN_SYNC_READ.arvalid_re_d1_reg was removed.  [c:/Sadat_files/Academics/Current_Term/COMP3601/Project/project_repo/COMP3601_Project_Audio_tuner/Lab3.gen/sources_1/bd/design_1/ipshared/8830/hdl/axi_dma_v7_1_vh_rfs.vhd:3049]
WARNING: [Synth 8-6014] Unused sequential element sg_ftch_error_reg was removed.  [c:/Sadat_files/Academics/Current_Term/COMP3601/Project/project_repo/COMP3601_Project_Audio_tuner/Lab3.gen/sources_1/bd/design_1/ipshared/8830/hdl/axi_dma_v7_1_vh_rfs.vhd:3987]
WARNING: [Synth 8-6014] Unused sequential element sg_updt_error_reg was removed.  [c:/Sadat_files/Academics/Current_Term/COMP3601/Project/project_repo/COMP3601_Project_Audio_tuner/Lab3.gen/sources_1/bd/design_1/ipshared/8830/hdl/axi_dma_v7_1_vh_rfs.vhd:3988]
WARNING: [Synth 8-6014] Unused sequential element sg_ftch_error_reg was removed.  [c:/Sadat_files/Academics/Current_Term/COMP3601/Project/project_repo/COMP3601_Project_Audio_tuner/Lab3.gen/sources_1/bd/design_1/ipshared/8830/hdl/axi_dma_v7_1_vh_rfs.vhd:5635]
WARNING: [Synth 8-6014] Unused sequential element sg_updt_error_reg was removed.  [c:/Sadat_files/Academics/Current_Term/COMP3601/Project/project_repo/COMP3601_Project_Audio_tuner/Lab3.gen/sources_1/bd/design_1/ipshared/8830/hdl/axi_dma_v7_1_vh_rfs.vhd:5636]
WARNING: [Synth 8-3848] Net mm2s_desc_flush in module/entity axi_dma_mm2s_mngr does not have driver. [c:/Sadat_files/Academics/Current_Term/COMP3601/Project/project_repo/COMP3601_Project_Audio_tuner/Lab3.gen/sources_1/bd/design_1/ipshared/8830/hdl/axi_dma_v7_1_vh_rfs.vhd:15074]
WARNING: [Synth 8-6014] Unused sequential element GEN_S2MM_DMA_CONTROL.s2mm_desc_flush_i_reg was removed.  [c:/Sadat_files/Academics/Current_Term/COMP3601/Project/project_repo/COMP3601_Project_Audio_tuner/Lab3.gen/sources_1/bd/design_1/ipshared/8830/hdl/axi_dma_v7_1_vh_rfs.vhd:20668]
WARNING: [Synth 8-6014] Unused sequential element sig_cmd_stat_rst_int_reg_n_reg was removed.  [c:/Sadat_files/Academics/Current_Term/COMP3601/Project/project_repo/COMP3601_Project_Audio_tuner/Lab3.gen/sources_1/bd/design_1/ipshared/bf20/hdl/axi_datamover_v5_1_vh_rfs.vhd:185]
WARNING: [Synth 8-6014] Unused sequential element sig_mmap_rst_reg_n_reg was removed.  [c:/Sadat_files/Academics/Current_Term/COMP3601/Project/project_repo/COMP3601_Project_Audio_tuner/Lab3.gen/sources_1/bd/design_1/ipshared/bf20/hdl/axi_datamover_v5_1_vh_rfs.vhd:188]
WARNING: [Synth 8-6014] Unused sequential element sig_stream_rst_reg_n_reg was removed.  [c:/Sadat_files/Academics/Current_Term/COMP3601/Project/project_repo/COMP3601_Project_Audio_tuner/Lab3.gen/sources_1/bd/design_1/ipshared/bf20/hdl/axi_datamover_v5_1_vh_rfs.vhd:191]
WARNING: [Synth 8-6014] Unused sequential element sig_inhibit_rdy_n_reg was removed.  [c:/Sadat_files/Academics/Current_Term/COMP3601/Project/project_repo/COMP3601_Project_Audio_tuner/Lab3.gen/sources_1/bd/design_1/ipshared/bf20/hdl/axi_datamover_v5_1_vh_rfs.vhd:1987]
WARNING: [Synth 8-6014] Unused sequential element sig_inhibit_rdy_n_reg was removed.  [c:/Sadat_files/Academics/Current_Term/COMP3601/Project/project_repo/COMP3601_Project_Audio_tuner/Lab3.gen/sources_1/bd/design_1/ipshared/bf20/hdl/axi_datamover_v5_1_vh_rfs.vhd:1987]
WARNING: [Synth 8-6014] Unused sequential element sig_input_reg_full_reg was removed.  [c:/Sadat_files/Academics/Current_Term/COMP3601/Project/project_repo/COMP3601_Project_Audio_tuner/Lab3.gen/sources_1/bd/design_1/ipshared/bf20/hdl/axi_datamover_v5_1_vh_rfs.vhd:7997]
WARNING: [Synth 8-6014] Unused sequential element sig_xfer_reg_full_reg was removed.  [c:/Sadat_files/Academics/Current_Term/COMP3601/Project/project_repo/COMP3601_Project_Audio_tuner/Lab3.gen/sources_1/bd/design_1/ipshared/bf20/hdl/axi_datamover_v5_1_vh_rfs.vhd:8308]
WARNING: [Synth 8-6014] Unused sequential element sig_next_tag_reg_reg was removed.  [c:/Sadat_files/Academics/Current_Term/COMP3601/Project/project_repo/COMP3601_Project_Audio_tuner/Lab3.gen/sources_1/bd/design_1/ipshared/bf20/hdl/axi_datamover_v5_1_vh_rfs.vhd:10353]
WARNING: [Synth 8-6014] Unused sequential element sig_next_cmd_cmplt_reg_reg was removed.  [c:/Sadat_files/Academics/Current_Term/COMP3601/Project/project_repo/COMP3601_Project_Audio_tuner/Lab3.gen/sources_1/bd/design_1/ipshared/bf20/hdl/axi_datamover_v5_1_vh_rfs.vhd:10360]
WARNING: [Synth 8-6014] Unused sequential element sig_next_dre_src_align_reg_reg was removed.  [c:/Sadat_files/Academics/Current_Term/COMP3601/Project/project_repo/COMP3601_Project_Audio_tuner/Lab3.gen/sources_1/bd/design_1/ipshared/bf20/hdl/axi_datamover_v5_1_vh_rfs.vhd:12817]
WARNING: [Synth 8-6014] Unused sequential element sig_next_dre_dest_align_reg_reg was removed.  [c:/Sadat_files/Academics/Current_Term/COMP3601/Project/project_repo/COMP3601_Project_Audio_tuner/Lab3.gen/sources_1/bd/design_1/ipshared/bf20/hdl/axi_datamover_v5_1_vh_rfs.vhd:12818]
WARNING: [Synth 8-6014] Unused sequential element sig_coelsc_reg_empty_reg was removed.  [c:/Sadat_files/Academics/Current_Term/COMP3601/Project/project_repo/COMP3601_Project_Audio_tuner/Lab3.gen/sources_1/bd/design_1/ipshared/bf20/hdl/axi_datamover_v5_1_vh_rfs.vhd:13156]
WARNING: [Synth 8-6014] Unused sequential element gen_rd_b.gen_doutb_pipe.enb_pipe_reg[0] was removed.  [C:/Xilinx/Vivado/2024.1/data/ip/xpm/xpm_memory/hdl/xpm_memory.sv:3077]
WARNING: [Synth 8-6014] Unused sequential element gdvld.data_valid_std_reg was removed.  [C:/Xilinx/Vivado/2024.1/data/ip/xpm/xpm_fifo/hdl/xpm_fifo.sv:550]
WARNING: [Synth 8-6014] Unused sequential element gen_pntr_flags_cc.gae_cc_std.ram_aempty_i_reg was removed.  [C:/Xilinx/Vivado/2024.1/data/ip/xpm/xpm_fifo/hdl/xpm_fifo.sv:982]
WARNING: [Synth 8-6014] Unused sequential element gen_fwft.empty_fwft_fb_reg was removed.  [C:/Xilinx/Vivado/2024.1/data/ip/xpm/xpm_fifo/hdl/xpm_fifo.sv:1404]
WARNING: [Synth 8-6014] Unused sequential element hold_ff_q_reg was removed.  [c:/Sadat_files/Academics/Current_Term/COMP3601/Project/project_repo/COMP3601_Project_Audio_tuner/Lab3.gen/sources_1/bd/design_1/ipshared/bf20/hdl/axi_datamover_v5_1_vh_rfs.vhd:1493]
WARNING: [Synth 8-6014] Unused sequential element sig_inhibit_rdy_n_reg was removed.  [c:/Sadat_files/Academics/Current_Term/COMP3601/Project/project_repo/COMP3601_Project_Audio_tuner/Lab3.gen/sources_1/bd/design_1/ipshared/bf20/hdl/axi_datamover_v5_1_vh_rfs.vhd:1987]
WARNING: [Synth 8-6014] Unused sequential element sig_input_reg_full_reg was removed.  [c:/Sadat_files/Academics/Current_Term/COMP3601/Project/project_repo/COMP3601_Project_Audio_tuner/Lab3.gen/sources_1/bd/design_1/ipshared/bf20/hdl/axi_datamover_v5_1_vh_rfs.vhd:26239]
WARNING: [Synth 8-6014] Unused sequential element sig_psm_ld_calc2_reg was removed.  [c:/Sadat_files/Academics/Current_Term/COMP3601/Project/project_repo/COMP3601_Project_Audio_tuner/Lab3.gen/sources_1/bd/design_1/ipshared/bf20/hdl/axi_datamover_v5_1_vh_rfs.vhd:26443]
WARNING: [Synth 8-6014] Unused sequential element sig_child_cmd_reg_empty_reg was removed.  [c:/Sadat_files/Academics/Current_Term/COMP3601/Project/project_repo/COMP3601_Project_Audio_tuner/Lab3.gen/sources_1/bd/design_1/ipshared/bf20/hdl/axi_datamover_v5_1_vh_rfs.vhd:26899]
WARNING: [Synth 8-6014] Unused sequential element sig_first_child_xfer_reg was removed.  [c:/Sadat_files/Academics/Current_Term/COMP3601/Project/project_repo/COMP3601_Project_Audio_tuner/Lab3.gen/sources_1/bd/design_1/ipshared/bf20/hdl/axi_datamover_v5_1_vh_rfs.vhd:27444]
WARNING: [Synth 8-6014] Unused sequential element sig_xfer_is_seq_reg was removed.  [c:/Sadat_files/Academics/Current_Term/COMP3601/Project/project_repo/COMP3601_Project_Audio_tuner/Lab3.gen/sources_1/bd/design_1/ipshared/bf20/hdl/axi_datamover_v5_1_vh_rfs.vhd:27943]
WARNING: [Synth 8-6014] Unused sequential element sig_xfer_reg_empty_reg was removed.  [c:/Sadat_files/Academics/Current_Term/COMP3601/Project/project_repo/COMP3601_Project_Audio_tuner/Lab3.gen/sources_1/bd/design_1/ipshared/bf20/hdl/axi_datamover_v5_1_vh_rfs.vhd:28036]
WARNING: [Synth 8-6014] Unused sequential element sig_xfer_reg_full_reg was removed.  [c:/Sadat_files/Academics/Current_Term/COMP3601/Project/project_repo/COMP3601_Project_Audio_tuner/Lab3.gen/sources_1/bd/design_1/ipshared/bf20/hdl/axi_datamover_v5_1_vh_rfs.vhd:28037]
WARNING: [Synth 8-6014] Unused sequential element sig_sm_ld_scatter_cmd_reg was removed.  [c:/Sadat_files/Academics/Current_Term/COMP3601/Project/project_repo/COMP3601_Project_Audio_tuner/Lab3.gen/sources_1/bd/design_1/ipshared/bf20/hdl/axi_datamover_v5_1_vh_rfs.vhd:47314]
WARNING: [Synth 8-6014] Unused sequential element gen_rd_b.gen_doutb_pipe.enb_pipe_reg[0] was removed.  [C:/Xilinx/Vivado/2024.1/data/ip/xpm/xpm_memory/hdl/xpm_memory.sv:3077]
WARNING: [Synth 8-6014] Unused sequential element gdvld.data_valid_std_reg was removed.  [C:/Xilinx/Vivado/2024.1/data/ip/xpm/xpm_fifo/hdl/xpm_fifo.sv:550]
WARNING: [Synth 8-6014] Unused sequential element gen_pntr_flags_cc.gae_cc_std.ram_aempty_i_reg was removed.  [C:/Xilinx/Vivado/2024.1/data/ip/xpm/xpm_fifo/hdl/xpm_fifo.sv:982]
WARNING: [Synth 8-6014] Unused sequential element gen_fwft.empty_fwft_fb_reg was removed.  [C:/Xilinx/Vivado/2024.1/data/ip/xpm/xpm_fifo/hdl/xpm_fifo.sv:1404]
WARNING: [Synth 8-6014] Unused sequential element hold_ff_q_reg was removed.  [c:/Sadat_files/Academics/Current_Term/COMP3601/Project/project_repo/COMP3601_Project_Audio_tuner/Lab3.gen/sources_1/bd/design_1/ipshared/bf20/hdl/axi_datamover_v5_1_vh_rfs.vhd:1493]
WARNING: [Synth 8-6014] Unused sequential element gen_rd_b.gen_doutb_pipe.enb_pipe_reg[0] was removed.  [C:/Xilinx/Vivado/2024.1/data/ip/xpm/xpm_memory/hdl/xpm_memory.sv:3077]
WARNING: [Synth 8-6014] Unused sequential element gdvld.data_valid_std_reg was removed.  [C:/Xilinx/Vivado/2024.1/data/ip/xpm/xpm_fifo/hdl/xpm_fifo.sv:550]
WARNING: [Synth 8-6014] Unused sequential element gen_pntr_flags_cc.gae_cc_std.ram_aempty_i_reg was removed.  [C:/Xilinx/Vivado/2024.1/data/ip/xpm/xpm_fifo/hdl/xpm_fifo.sv:982]
WARNING: [Synth 8-6014] Unused sequential element gen_fwft.empty_fwft_fb_reg was removed.  [C:/Xilinx/Vivado/2024.1/data/ip/xpm/xpm_fifo/hdl/xpm_fifo.sv:1404]
WARNING: [Synth 8-6014] Unused sequential element hold_ff_q_reg was removed.  [c:/Sadat_files/Academics/Current_Term/COMP3601/Project/project_repo/COMP3601_Project_Audio_tuner/Lab3.gen/sources_1/bd/design_1/ipshared/bf20/hdl/axi_datamover_v5_1_vh_rfs.vhd:1493]
WARNING: [Synth 8-6014] Unused sequential element sig_next_tag_reg_reg was removed.  [c:/Sadat_files/Academics/Current_Term/COMP3601/Project/project_repo/COMP3601_Project_Audio_tuner/Lab3.gen/sources_1/bd/design_1/ipshared/bf20/hdl/axi_datamover_v5_1_vh_rfs.vhd:10353]
WARNING: [Synth 8-6014] Unused sequential element sig_next_cmd_cmplt_reg_reg was removed.  [c:/Sadat_files/Academics/Current_Term/COMP3601/Project/project_repo/COMP3601_Project_Audio_tuner/Lab3.gen/sources_1/bd/design_1/ipshared/bf20/hdl/axi_datamover_v5_1_vh_rfs.vhd:10360]
WARNING: [Synth 8-6014] Unused sequential element sig_next_last_strb_reg_reg was removed.  [c:/Sadat_files/Academics/Current_Term/COMP3601/Project/project_repo/COMP3601_Project_Audio_tuner/Lab3.gen/sources_1/bd/design_1/ipshared/bf20/hdl/axi_datamover_v5_1_vh_rfs.vhd:16878]
WARNING: [Synth 8-6014] Unused sequential element sig_next_eof_reg_reg was removed.  [c:/Sadat_files/Academics/Current_Term/COMP3601/Project/project_repo/COMP3601_Project_Audio_tuner/Lab3.gen/sources_1/bd/design_1/ipshared/bf20/hdl/axi_datamover_v5_1_vh_rfs.vhd:16883]
WARNING: [Synth 8-3848] Net m_axi_sg_awuser in module/entity axi_dma does not have driver. [c:/Sadat_files/Academics/Current_Term/COMP3601/Project/project_repo/COMP3601_Project_Audio_tuner/Lab3.gen/sources_1/bd/design_1/ipshared/8830/hdl/axi_dma_v7_1_vh_rfs.vhd:21994]
WARNING: [Synth 8-3848] Net m_axi_sg_aruser in module/entity axi_dma does not have driver. [c:/Sadat_files/Academics/Current_Term/COMP3601/Project/project_repo/COMP3601_Project_Audio_tuner/Lab3.gen/sources_1/bd/design_1/ipshared/8830/hdl/axi_dma_v7_1_vh_rfs.vhd:22020]
WARNING: [Synth 8-3848] Net strm_valid in module/entity axi_dma does not have driver. [c:/Sadat_files/Academics/Current_Term/COMP3601/Project/project_repo/COMP3601_Project_Audio_tuner/Lab3.gen/sources_1/bd/design_1/ipshared/8830/hdl/axi_dma_v7_1_vh_rfs.vhd:22710]
WARNING: [Synth 8-3848] Net bd_eq in module/entity axi_dma does not have driver. [c:/Sadat_files/Academics/Current_Term/COMP3601/Project/project_repo/COMP3601_Project_Audio_tuner/Lab3.gen/sources_1/bd/design_1/ipshared/8830/hdl/axi_dma_v7_1_vh_rfs.vhd:22703]
WARNING: [Synth 8-3848] Net m_axis_ftch1_desc_available in module/entity axi_dma does not have driver. [c:/Sadat_files/Academics/Current_Term/COMP3601/Project/project_repo/COMP3601_Project_Audio_tuner/Lab3.gen/sources_1/bd/design_1/ipshared/8830/hdl/axi_dma_v7_1_vh_rfs.vhd:22612]
WARNING: [Synth 8-3848] Net s2mm_desc_info_in in module/entity axi_dma does not have driver. [c:/Sadat_files/Academics/Current_Term/COMP3601/Project/project_repo/COMP3601_Project_Audio_tuner/Lab3.gen/sources_1/bd/design_1/ipshared/8830/hdl/axi_dma_v7_1_vh_rfs.vhd:22683]
WARNING: [Synth 8-3848] Net m_axis_ftch2_desc_available in module/entity axi_dma does not have driver. [c:/Sadat_files/Academics/Current_Term/COMP3601/Project/project_repo/COMP3601_Project_Audio_tuner/Lab3.gen/sources_1/bd/design_1/ipshared/8830/hdl/axi_dma_v7_1_vh_rfs.vhd:22612]
WARNING: [Synth 8-3848] Net aresetn_out in module/entity clk_map_imp_5Y9LOC does not have driver. [c:/Sadat_files/Academics/Current_Term/COMP3601/Project/project_repo/COMP3601_Project_Audio_tuner/Lab3.gen/sources_1/bd/design_1/ip/design_1_axi_smc_0/bd_0/synth/bd_afc3.v:970]
WARNING: [Synth 8-6014] Unused sequential element cmd_empty_reg was removed.  [c:/Sadat_files/Academics/Current_Term/COMP3601/Project/project_repo/COMP3601_Project_Audio_tuner/Lab3.gen/sources_1/bd/design_1/ipshared/14b9/hdl/axi_dwidth_converter_v2_1_vlsyn_rfs.v:1052]
WARNING: [Synth 8-6014] Unused sequential element cmd_depth_reg was removed.  [c:/Sadat_files/Academics/Current_Term/COMP3601/Project/project_repo/COMP3601_Project_Audio_tuner/Lab3.gen/sources_1/bd/design_1/ipshared/14b9/hdl/axi_dwidth_converter_v2_1_vlsyn_rfs.v:1053]
WARNING: [Synth 8-6014] Unused sequential element cmd_b_push_block_reg was removed.  [c:/Sadat_files/Academics/Current_Term/COMP3601/Project/project_repo/COMP3601_Project_Audio_tuner/Lab3.gen/sources_1/bd/design_1/ipshared/14b9/hdl/axi_dwidth_converter_v2_1_vlsyn_rfs.v:975]
WARNING: [Synth 8-6014] Unused sequential element state_r1_reg was removed.  [c:/Sadat_files/Academics/Current_Term/COMP3601/Project/project_repo/COMP3601_Project_Audio_tuner/Lab3.gen/sources_1/bd/design_1/ipshared/3c06/hdl/axi_protocol_converter_v2_1_vl_rfs.v:3596]
WARNING: [Synth 8-6014] Unused sequential element s_arlen_r_reg was removed.  [c:/Sadat_files/Academics/Current_Term/COMP3601/Project/project_repo/COMP3601_Project_Audio_tuner/Lab3.gen/sources_1/bd/design_1/ipshared/3c06/hdl/axi_protocol_converter_v2_1_vl_rfs.v:3597]
WARNING: [Synth 8-6014] Unused sequential element gen_debug_trans_seq.debug_aw_trans_seq_i_reg was removed.  [c:/Sadat_files/Academics/Current_Term/COMP3601/Project/project_repo/COMP3601_Project_Audio_tuner/Lab3.gen/sources_1/bd/design_1/ipshared/e9d8/hdl/axi_crossbar_v2_1_vl_rfs.v:2051]
WARNING: [Synth 8-6014] Unused sequential element gen_debug_trans_seq.debug_ar_trans_seq_i_reg was removed.  [c:/Sadat_files/Academics/Current_Term/COMP3601/Project/project_repo/COMP3601_Project_Audio_tuner/Lab3.gen/sources_1/bd/design_1/ipshared/e9d8/hdl/axi_crossbar_v2_1_vl_rfs.v:2062]
WARNING: [Synth 8-6014] Unused sequential element gen_debug_trans_seq.debug_w_beat_cnt_i_reg was removed.  [c:/Sadat_files/Academics/Current_Term/COMP3601/Project/project_repo/COMP3601_Project_Audio_tuner/Lab3.gen/sources_1/bd/design_1/ipshared/e9d8/hdl/axi_crossbar_v2_1_vl_rfs.v:2073]
WARNING: [Synth 8-6014] Unused sequential element gen_debug_trans_seq.debug_r_beat_cnt_i_reg was removed.  [c:/Sadat_files/Academics/Current_Term/COMP3601/Project/project_repo/COMP3601_Project_Audio_tuner/Lab3.gen/sources_1/bd/design_1/ipshared/e9d8/hdl/axi_crossbar_v2_1_vl_rfs.v:2086]
WARNING: [Synth 8-3848] Net probe_out0 in module/entity bd_36cd_g_inst_0_gigantic_mux does not have driver. [c:/Sadat_files/Academics/Current_Term/COMP3601/Project/project_repo/COMP3601_Project_Audio_tuner/Lab3.gen/sources_1/bd/design_1/ip/design_1_system_ila_0_1/bd_0/ip/ip_1/bd_36cd_g_inst_0_gigantic_mux.v:1985]
WARNING: [Synth 8-3848] Net probe_out1 in module/entity bd_36cd_g_inst_0_gigantic_mux does not have driver. [c:/Sadat_files/Academics/Current_Term/COMP3601/Project/project_repo/COMP3601_Project_Audio_tuner/Lab3.gen/sources_1/bd/design_1/ip/design_1_system_ila_0_1/bd_0/ip/ip_1/bd_36cd_g_inst_0_gigantic_mux.v:1986]
WARNING: [Synth 8-3848] Net probe_out2 in module/entity bd_36cd_g_inst_0_gigantic_mux does not have driver. [c:/Sadat_files/Academics/Current_Term/COMP3601/Project/project_repo/COMP3601_Project_Audio_tuner/Lab3.gen/sources_1/bd/design_1/ip/design_1_system_ila_0_1/bd_0/ip/ip_1/bd_36cd_g_inst_0_gigantic_mux.v:1987]
WARNING: [Synth 8-3848] Net probe_out3 in module/entity bd_36cd_g_inst_0_gigantic_mux does not have driver. [c:/Sadat_files/Academics/Current_Term/COMP3601/Project/project_repo/COMP3601_Project_Audio_tuner/Lab3.gen/sources_1/bd/design_1/ip/design_1_system_ila_0_1/bd_0/ip/ip_1/bd_36cd_g_inst_0_gigantic_mux.v:1988]
WARNING: [Synth 8-3848] Net probe_out4 in module/entity bd_36cd_g_inst_0_gigantic_mux does not have driver. [c:/Sadat_files/Academics/Current_Term/COMP3601/Project/project_repo/COMP3601_Project_Audio_tuner/Lab3.gen/sources_1/bd/design_1/ip/design_1_system_ila_0_1/bd_0/ip/ip_1/bd_36cd_g_inst_0_gigantic_mux.v:1989]
WARNING: [Synth 8-3848] Net probe_out5 in module/entity bd_36cd_g_inst_0_gigantic_mux does not have driver. [c:/Sadat_files/Academics/Current_Term/COMP3601/Project/project_repo/COMP3601_Project_Audio_tuner/Lab3.gen/sources_1/bd/design_1/ip/design_1_system_ila_0_1/bd_0/ip/ip_1/bd_36cd_g_inst_0_gigantic_mux.v:1990]
WARNING: [Synth 8-3848] Net probe_out6 in module/entity bd_36cd_g_inst_0_gigantic_mux does not have driver. [c:/Sadat_files/Academics/Current_Term/COMP3601/Project/project_repo/COMP3601_Project_Audio_tuner/Lab3.gen/sources_1/bd/design_1/ip/design_1_system_ila_0_1/bd_0/ip/ip_1/bd_36cd_g_inst_0_gigantic_mux.v:1991]
WARNING: [Synth 8-3848] Net probe_out7 in module/entity bd_36cd_g_inst_0_gigantic_mux does not have driver. [c:/Sadat_files/Academics/Current_Term/COMP3601/Project/project_repo/COMP3601_Project_Audio_tuner/Lab3.gen/sources_1/bd/design_1/ip/design_1_system_ila_0_1/bd_0/ip/ip_1/bd_36cd_g_inst_0_gigantic_mux.v:1992]
WARNING: [Synth 8-3848] Net probe_out8 in module/entity bd_36cd_g_inst_0_gigantic_mux does not have driver. [c:/Sadat_files/Academics/Current_Term/COMP3601/Project/project_repo/COMP3601_Project_Audio_tuner/Lab3.gen/sources_1/bd/design_1/ip/design_1_system_ila_0_1/bd_0/ip/ip_1/bd_36cd_g_inst_0_gigantic_mux.v:1993]
WARNING: [Synth 8-3848] Net probe_out9 in module/entity bd_36cd_g_inst_0_gigantic_mux does not have driver. [c:/Sadat_files/Academics/Current_Term/COMP3601/Project/project_repo/COMP3601_Project_Audio_tuner/Lab3.gen/sources_1/bd/design_1/ip/design_1_system_ila_0_1/bd_0/ip/ip_1/bd_36cd_g_inst_0_gigantic_mux.v:1994]
WARNING: [Synth 8-3848] Net probe_out10 in module/entity bd_36cd_g_inst_0_gigantic_mux does not have driver. [c:/Sadat_files/Academics/Current_Term/COMP3601/Project/project_repo/COMP3601_Project_Audio_tuner/Lab3.gen/sources_1/bd/design_1/ip/design_1_system_ila_0_1/bd_0/ip/ip_1/bd_36cd_g_inst_0_gigantic_mux.v:1995]
WARNING: [Synth 8-3848] Net probe_out11 in module/entity bd_36cd_g_inst_0_gigantic_mux does not have driver. [c:/Sadat_files/Academics/Current_Term/COMP3601/Project/project_repo/COMP3601_Project_Audio_tuner/Lab3.gen/sources_1/bd/design_1/ip/design_1_system_ila_0_1/bd_0/ip/ip_1/bd_36cd_g_inst_0_gigantic_mux.v:1996]
WARNING: [Synth 8-3848] Net probe_out12 in module/entity bd_36cd_g_inst_0_gigantic_mux does not have driver. [c:/Sadat_files/Academics/Current_Term/COMP3601/Project/project_repo/COMP3601_Project_Audio_tuner/Lab3.gen/sources_1/bd/design_1/ip/design_1_system_ila_0_1/bd_0/ip/ip_1/bd_36cd_g_inst_0_gigantic_mux.v:1997]
WARNING: [Synth 8-3848] Net probe_out13 in module/entity bd_36cd_g_inst_0_gigantic_mux does not have driver. [c:/Sadat_files/Academics/Current_Term/COMP3601/Project/project_repo/COMP3601_Project_Audio_tuner/Lab3.gen/sources_1/bd/design_1/ip/design_1_system_ila_0_1/bd_0/ip/ip_1/bd_36cd_g_inst_0_gigantic_mux.v:1998]
WARNING: [Synth 8-3848] Net probe_out14 in module/entity bd_36cd_g_inst_0_gigantic_mux does not have driver. [c:/Sadat_files/Academics/Current_Term/COMP3601/Project/project_repo/COMP3601_Project_Audio_tuner/Lab3.gen/sources_1/bd/design_1/ip/design_1_system_ila_0_1/bd_0/ip/ip_1/bd_36cd_g_inst_0_gigantic_mux.v:1999]
WARNING: [Synth 8-3848] Net probe_out15 in module/entity bd_36cd_g_inst_0_gigantic_mux does not have driver. [c:/Sadat_files/Academics/Current_Term/COMP3601/Project/project_repo/COMP3601_Project_Audio_tuner/Lab3.gen/sources_1/bd/design_1/ip/design_1_system_ila_0_1/bd_0/ip/ip_1/bd_36cd_g_inst_0_gigantic_mux.v:2000]
WARNING: [Synth 8-3848] Net probe_out16 in module/entity bd_36cd_g_inst_0_gigantic_mux does not have driver. [c:/Sadat_files/Academics/Current_Term/COMP3601/Project/project_repo/COMP3601_Project_Audio_tuner/Lab3.gen/sources_1/bd/design_1/ip/design_1_system_ila_0_1/bd_0/ip/ip_1/bd_36cd_g_inst_0_gigantic_mux.v:2001]
WARNING: [Synth 8-3848] Net probe_out17 in module/entity bd_36cd_g_inst_0_gigantic_mux does not have driver. [c:/Sadat_files/Academics/Current_Term/COMP3601/Project/project_repo/COMP3601_Project_Audio_tuner/Lab3.gen/sources_1/bd/design_1/ip/design_1_system_ila_0_1/bd_0/ip/ip_1/bd_36cd_g_inst_0_gigantic_mux.v:2002]
WARNING: [Synth 8-3848] Net probe_out18 in module/entity bd_36cd_g_inst_0_gigantic_mux does not have driver. [c:/Sadat_files/Academics/Current_Term/COMP3601/Project/project_repo/COMP3601_Project_Audio_tuner/Lab3.gen/sources_1/bd/design_1/ip/design_1_system_ila_0_1/bd_0/ip/ip_1/bd_36cd_g_inst_0_gigantic_mux.v:2003]
WARNING: [Synth 8-3848] Net probe_out19 in module/entity bd_36cd_g_inst_0_gigantic_mux does not have driver. [c:/Sadat_files/Academics/Current_Term/COMP3601/Project/project_repo/COMP3601_Project_Audio_tuner/Lab3.gen/sources_1/bd/design_1/ip/design_1_system_ila_0_1/bd_0/ip/ip_1/bd_36cd_g_inst_0_gigantic_mux.v:2004]
WARNING: [Synth 8-3848] Net probe_out20 in module/entity bd_36cd_g_inst_0_gigantic_mux does not have driver. [c:/Sadat_files/Academics/Current_Term/COMP3601/Project/project_repo/COMP3601_Project_Audio_tuner/Lab3.gen/sources_1/bd/design_1/ip/design_1_system_ila_0_1/bd_0/ip/ip_1/bd_36cd_g_inst_0_gigantic_mux.v:2005]
WARNING: [Synth 8-3848] Net probe_out21 in module/entity bd_36cd_g_inst_0_gigantic_mux does not have driver. [c:/Sadat_files/Academics/Current_Term/COMP3601/Project/project_repo/COMP3601_Project_Audio_tuner/Lab3.gen/sources_1/bd/design_1/ip/design_1_system_ila_0_1/bd_0/ip/ip_1/bd_36cd_g_inst_0_gigantic_mux.v:2006]
WARNING: [Synth 8-3848] Net probe_out22 in module/entity bd_36cd_g_inst_0_gigantic_mux does not have driver. [c:/Sadat_files/Academics/Current_Term/COMP3601/Project/project_repo/COMP3601_Project_Audio_tuner/Lab3.gen/sources_1/bd/design_1/ip/design_1_system_ila_0_1/bd_0/ip/ip_1/bd_36cd_g_inst_0_gigantic_mux.v:2007]
WARNING: [Synth 8-3848] Net probe_out23 in module/entity bd_36cd_g_inst_0_gigantic_mux does not have driver. [c:/Sadat_files/Academics/Current_Term/COMP3601/Project/project_repo/COMP3601_Project_Audio_tuner/Lab3.gen/sources_1/bd/design_1/ip/design_1_system_ila_0_1/bd_0/ip/ip_1/bd_36cd_g_inst_0_gigantic_mux.v:2008]
WARNING: [Synth 8-3848] Net probe_out24 in module/entity bd_36cd_g_inst_0_gigantic_mux does not have driver. [c:/Sadat_files/Academics/Current_Term/COMP3601/Project/project_repo/COMP3601_Project_Audio_tuner/Lab3.gen/sources_1/bd/design_1/ip/design_1_system_ila_0_1/bd_0/ip/ip_1/bd_36cd_g_inst_0_gigantic_mux.v:2009]
WARNING: [Synth 8-3848] Net probe_out25 in module/entity bd_36cd_g_inst_0_gigantic_mux does not have driver. [c:/Sadat_files/Academics/Current_Term/COMP3601/Project/project_repo/COMP3601_Project_Audio_tuner/Lab3.gen/sources_1/bd/design_1/ip/design_1_system_ila_0_1/bd_0/ip/ip_1/bd_36cd_g_inst_0_gigantic_mux.v:2010]
WARNING: [Synth 8-3848] Net probe_out26 in module/entity bd_36cd_g_inst_0_gigantic_mux does not have driver. [c:/Sadat_files/Academics/Current_Term/COMP3601/Project/project_repo/COMP3601_Project_Audio_tuner/Lab3.gen/sources_1/bd/design_1/ip/design_1_system_ila_0_1/bd_0/ip/ip_1/bd_36cd_g_inst_0_gigantic_mux.v:2011]
WARNING: [Synth 8-3848] Net probe_out27 in module/entity bd_36cd_g_inst_0_gigantic_mux does not have driver. [c:/Sadat_files/Academics/Current_Term/COMP3601/Project/project_repo/COMP3601_Project_Audio_tuner/Lab3.gen/sources_1/bd/design_1/ip/design_1_system_ila_0_1/bd_0/ip/ip_1/bd_36cd_g_inst_0_gigantic_mux.v:2012]
WARNING: [Synth 8-3848] Net probe_out28 in module/entity bd_36cd_g_inst_0_gigantic_mux does not have driver. [c:/Sadat_files/Academics/Current_Term/COMP3601/Project/project_repo/COMP3601_Project_Audio_tuner/Lab3.gen/sources_1/bd/design_1/ip/design_1_system_ila_0_1/bd_0/ip/ip_1/bd_36cd_g_inst_0_gigantic_mux.v:2013]
WARNING: [Synth 8-3848] Net probe_out29 in module/entity bd_36cd_g_inst_0_gigantic_mux does not have driver. [c:/Sadat_files/Academics/Current_Term/COMP3601/Project/project_repo/COMP3601_Project_Audio_tuner/Lab3.gen/sources_1/bd/design_1/ip/design_1_system_ila_0_1/bd_0/ip/ip_1/bd_36cd_g_inst_0_gigantic_mux.v:2014]
WARNING: [Synth 8-3848] Net probe_out30 in module/entity bd_36cd_g_inst_0_gigantic_mux does not have driver. [c:/Sadat_files/Academics/Current_Term/COMP3601/Project/project_repo/COMP3601_Project_Audio_tuner/Lab3.gen/sources_1/bd/design_1/ip/design_1_system_ila_0_1/bd_0/ip/ip_1/bd_36cd_g_inst_0_gigantic_mux.v:2015]
WARNING: [Synth 8-3848] Net probe_out31 in module/entity bd_36cd_g_inst_0_gigantic_mux does not have driver. [c:/Sadat_files/Academics/Current_Term/COMP3601/Project/project_repo/COMP3601_Project_Audio_tuner/Lab3.gen/sources_1/bd/design_1/ip/design_1_system_ila_0_1/bd_0/ip/ip_1/bd_36cd_g_inst_0_gigantic_mux.v:2016]
WARNING: [Synth 8-3848] Net probe_out32 in module/entity bd_36cd_g_inst_0_gigantic_mux does not have driver. [c:/Sadat_files/Academics/Current_Term/COMP3601/Project/project_repo/COMP3601_Project_Audio_tuner/Lab3.gen/sources_1/bd/design_1/ip/design_1_system_ila_0_1/bd_0/ip/ip_1/bd_36cd_g_inst_0_gigantic_mux.v:2017]
WARNING: [Synth 8-3848] Net probe_out33 in module/entity bd_36cd_g_inst_0_gigantic_mux does not have driver. [c:/Sadat_files/Academics/Current_Term/COMP3601/Project/project_repo/COMP3601_Project_Audio_tuner/Lab3.gen/sources_1/bd/design_1/ip/design_1_system_ila_0_1/bd_0/ip/ip_1/bd_36cd_g_inst_0_gigantic_mux.v:2018]
WARNING: [Synth 8-3848] Net probe_out34 in module/entity bd_36cd_g_inst_0_gigantic_mux does not have driver. [c:/Sadat_files/Academics/Current_Term/COMP3601/Project/project_repo/COMP3601_Project_Audio_tuner/Lab3.gen/sources_1/bd/design_1/ip/design_1_system_ila_0_1/bd_0/ip/ip_1/bd_36cd_g_inst_0_gigantic_mux.v:2019]
WARNING: [Synth 8-3848] Net probe_out35 in module/entity bd_36cd_g_inst_0_gigantic_mux does not have driver. [c:/Sadat_files/Academics/Current_Term/COMP3601/Project/project_repo/COMP3601_Project_Audio_tuner/Lab3.gen/sources_1/bd/design_1/ip/design_1_system_ila_0_1/bd_0/ip/ip_1/bd_36cd_g_inst_0_gigantic_mux.v:2020]
WARNING: [Synth 8-3848] Net probe_out36 in module/entity bd_36cd_g_inst_0_gigantic_mux does not have driver. [c:/Sadat_files/Academics/Current_Term/COMP3601/Project/project_repo/COMP3601_Project_Audio_tuner/Lab3.gen/sources_1/bd/design_1/ip/design_1_system_ila_0_1/bd_0/ip/ip_1/bd_36cd_g_inst_0_gigantic_mux.v:2021]
WARNING: [Synth 8-3848] Net probe_out37 in module/entity bd_36cd_g_inst_0_gigantic_mux does not have driver. [c:/Sadat_files/Academics/Current_Term/COMP3601/Project/project_repo/COMP3601_Project_Audio_tuner/Lab3.gen/sources_1/bd/design_1/ip/design_1_system_ila_0_1/bd_0/ip/ip_1/bd_36cd_g_inst_0_gigantic_mux.v:2022]
WARNING: [Synth 8-3848] Net probe_out38 in module/entity bd_36cd_g_inst_0_gigantic_mux does not have driver. [c:/Sadat_files/Academics/Current_Term/COMP3601/Project/project_repo/COMP3601_Project_Audio_tuner/Lab3.gen/sources_1/bd/design_1/ip/design_1_system_ila_0_1/bd_0/ip/ip_1/bd_36cd_g_inst_0_gigantic_mux.v:2023]
WARNING: [Synth 8-3848] Net probe_out39 in module/entity bd_36cd_g_inst_0_gigantic_mux does not have driver. [c:/Sadat_files/Academics/Current_Term/COMP3601/Project/project_repo/COMP3601_Project_Audio_tuner/Lab3.gen/sources_1/bd/design_1/ip/design_1_system_ila_0_1/bd_0/ip/ip_1/bd_36cd_g_inst_0_gigantic_mux.v:2024]
WARNING: [Synth 8-3848] Net probe_out40 in module/entity bd_36cd_g_inst_0_gigantic_mux does not have driver. [c:/Sadat_files/Academics/Current_Term/COMP3601/Project/project_repo/COMP3601_Project_Audio_tuner/Lab3.gen/sources_1/bd/design_1/ip/design_1_system_ila_0_1/bd_0/ip/ip_1/bd_36cd_g_inst_0_gigantic_mux.v:2025]
WARNING: [Synth 8-3848] Net probe_out41 in module/entity bd_36cd_g_inst_0_gigantic_mux does not have driver. [c:/Sadat_files/Academics/Current_Term/COMP3601/Project/project_repo/COMP3601_Project_Audio_tuner/Lab3.gen/sources_1/bd/design_1/ip/design_1_system_ila_0_1/bd_0/ip/ip_1/bd_36cd_g_inst_0_gigantic_mux.v:2026]
WARNING: [Synth 8-3848] Net probe_out42 in module/entity bd_36cd_g_inst_0_gigantic_mux does not have driver. [c:/Sadat_files/Academics/Current_Term/COMP3601/Project/project_repo/COMP3601_Project_Audio_tuner/Lab3.gen/sources_1/bd/design_1/ip/design_1_system_ila_0_1/bd_0/ip/ip_1/bd_36cd_g_inst_0_gigantic_mux.v:2027]
WARNING: [Synth 8-3848] Net probe_out43 in module/entity bd_36cd_g_inst_0_gigantic_mux does not have driver. [c:/Sadat_files/Academics/Current_Term/COMP3601/Project/project_repo/COMP3601_Project_Audio_tuner/Lab3.gen/sources_1/bd/design_1/ip/design_1_system_ila_0_1/bd_0/ip/ip_1/bd_36cd_g_inst_0_gigantic_mux.v:2028]
WARNING: [Synth 8-3848] Net probe_out44 in module/entity bd_36cd_g_inst_0_gigantic_mux does not have driver. [c:/Sadat_files/Academics/Current_Term/COMP3601/Project/project_repo/COMP3601_Project_Audio_tuner/Lab3.gen/sources_1/bd/design_1/ip/design_1_system_ila_0_1/bd_0/ip/ip_1/bd_36cd_g_inst_0_gigantic_mux.v:2029]
WARNING: [Synth 8-3848] Net probe_out45 in module/entity bd_36cd_g_inst_0_gigantic_mux does not have driver. [c:/Sadat_files/Academics/Current_Term/COMP3601/Project/project_repo/COMP3601_Project_Audio_tuner/Lab3.gen/sources_1/bd/design_1/ip/design_1_system_ila_0_1/bd_0/ip/ip_1/bd_36cd_g_inst_0_gigantic_mux.v:2030]
WARNING: [Synth 8-3848] Net probe_out46 in module/entity bd_36cd_g_inst_0_gigantic_mux does not have driver. [c:/Sadat_files/Academics/Current_Term/COMP3601/Project/project_repo/COMP3601_Project_Audio_tuner/Lab3.gen/sources_1/bd/design_1/ip/design_1_system_ila_0_1/bd_0/ip/ip_1/bd_36cd_g_inst_0_gigantic_mux.v:2031]
WARNING: [Synth 8-3848] Net probe_out47 in module/entity bd_36cd_g_inst_0_gigantic_mux does not have driver. [c:/Sadat_files/Academics/Current_Term/COMP3601/Project/project_repo/COMP3601_Project_Audio_tuner/Lab3.gen/sources_1/bd/design_1/ip/design_1_system_ila_0_1/bd_0/ip/ip_1/bd_36cd_g_inst_0_gigantic_mux.v:2032]
WARNING: [Synth 8-3848] Net probe_out48 in module/entity bd_36cd_g_inst_0_gigantic_mux does not have driver. [c:/Sadat_files/Academics/Current_Term/COMP3601/Project/project_repo/COMP3601_Project_Audio_tuner/Lab3.gen/sources_1/bd/design_1/ip/design_1_system_ila_0_1/bd_0/ip/ip_1/bd_36cd_g_inst_0_gigantic_mux.v:2033]
WARNING: [Synth 8-3848] Net probe_out49 in module/entity bd_36cd_g_inst_0_gigantic_mux does not have driver. [c:/Sadat_files/Academics/Current_Term/COMP3601/Project/project_repo/COMP3601_Project_Audio_tuner/Lab3.gen/sources_1/bd/design_1/ip/design_1_system_ila_0_1/bd_0/ip/ip_1/bd_36cd_g_inst_0_gigantic_mux.v:2034]
WARNING: [Synth 8-3848] Net probe_out50 in module/entity bd_36cd_g_inst_0_gigantic_mux does not have driver. [c:/Sadat_files/Academics/Current_Term/COMP3601/Project/project_repo/COMP3601_Project_Audio_tuner/Lab3.gen/sources_1/bd/design_1/ip/design_1_system_ila_0_1/bd_0/ip/ip_1/bd_36cd_g_inst_0_gigantic_mux.v:2035]
WARNING: [Synth 8-3848] Net probe_out51 in module/entity bd_36cd_g_inst_0_gigantic_mux does not have driver. [c:/Sadat_files/Academics/Current_Term/COMP3601/Project/project_repo/COMP3601_Project_Audio_tuner/Lab3.gen/sources_1/bd/design_1/ip/design_1_system_ila_0_1/bd_0/ip/ip_1/bd_36cd_g_inst_0_gigantic_mux.v:2036]
WARNING: [Synth 8-3848] Net probe_out52 in module/entity bd_36cd_g_inst_0_gigantic_mux does not have driver. [c:/Sadat_files/Academics/Current_Term/COMP3601/Project/project_repo/COMP3601_Project_Audio_tuner/Lab3.gen/sources_1/bd/design_1/ip/design_1_system_ila_0_1/bd_0/ip/ip_1/bd_36cd_g_inst_0_gigantic_mux.v:2037]
WARNING: [Synth 8-3848] Net probe_out53 in module/entity bd_36cd_g_inst_0_gigantic_mux does not have driver. [c:/Sadat_files/Academics/Current_Term/COMP3601/Project/project_repo/COMP3601_Project_Audio_tuner/Lab3.gen/sources_1/bd/design_1/ip/design_1_system_ila_0_1/bd_0/ip/ip_1/bd_36cd_g_inst_0_gigantic_mux.v:2038]
WARNING: [Synth 8-3848] Net probe_out54 in module/entity bd_36cd_g_inst_0_gigantic_mux does not have driver. [c:/Sadat_files/Academics/Current_Term/COMP3601/Project/project_repo/COMP3601_Project_Audio_tuner/Lab3.gen/sources_1/bd/design_1/ip/design_1_system_ila_0_1/bd_0/ip/ip_1/bd_36cd_g_inst_0_gigantic_mux.v:2039]
WARNING: [Synth 8-3848] Net probe_out55 in module/entity bd_36cd_g_inst_0_gigantic_mux does not have driver. [c:/Sadat_files/Academics/Current_Term/COMP3601/Project/project_repo/COMP3601_Project_Audio_tuner/Lab3.gen/sources_1/bd/design_1/ip/design_1_system_ila_0_1/bd_0/ip/ip_1/bd_36cd_g_inst_0_gigantic_mux.v:2040]
WARNING: [Synth 8-3848] Net probe_out56 in module/entity bd_36cd_g_inst_0_gigantic_mux does not have driver. [c:/Sadat_files/Academics/Current_Term/COMP3601/Project/project_repo/COMP3601_Project_Audio_tuner/Lab3.gen/sources_1/bd/design_1/ip/design_1_system_ila_0_1/bd_0/ip/ip_1/bd_36cd_g_inst_0_gigantic_mux.v:2041]
WARNING: [Synth 8-3848] Net probe_out57 in module/entity bd_36cd_g_inst_0_gigantic_mux does not have driver. [c:/Sadat_files/Academics/Current_Term/COMP3601/Project/project_repo/COMP3601_Project_Audio_tuner/Lab3.gen/sources_1/bd/design_1/ip/design_1_system_ila_0_1/bd_0/ip/ip_1/bd_36cd_g_inst_0_gigantic_mux.v:2042]
WARNING: [Synth 8-3848] Net probe_out58 in module/entity bd_36cd_g_inst_0_gigantic_mux does not have driver. [c:/Sadat_files/Academics/Current_Term/COMP3601/Project/project_repo/COMP3601_Project_Audio_tuner/Lab3.gen/sources_1/bd/design_1/ip/design_1_system_ila_0_1/bd_0/ip/ip_1/bd_36cd_g_inst_0_gigantic_mux.v:2043]
WARNING: [Synth 8-3848] Net probe_out59 in module/entity bd_36cd_g_inst_0_gigantic_mux does not have driver. [c:/Sadat_files/Academics/Current_Term/COMP3601/Project/project_repo/COMP3601_Project_Audio_tuner/Lab3.gen/sources_1/bd/design_1/ip/design_1_system_ila_0_1/bd_0/ip/ip_1/bd_36cd_g_inst_0_gigantic_mux.v:2044]
WARNING: [Synth 8-3848] Net probe_out60 in module/entity bd_36cd_g_inst_0_gigantic_mux does not have driver. [c:/Sadat_files/Academics/Current_Term/COMP3601/Project/project_repo/COMP3601_Project_Audio_tuner/Lab3.gen/sources_1/bd/design_1/ip/design_1_system_ila_0_1/bd_0/ip/ip_1/bd_36cd_g_inst_0_gigantic_mux.v:2045]
WARNING: [Synth 8-3848] Net probe_out61 in module/entity bd_36cd_g_inst_0_gigantic_mux does not have driver. [c:/Sadat_files/Academics/Current_Term/COMP3601/Project/project_repo/COMP3601_Project_Audio_tuner/Lab3.gen/sources_1/bd/design_1/ip/design_1_system_ila_0_1/bd_0/ip/ip_1/bd_36cd_g_inst_0_gigantic_mux.v:2046]
WARNING: [Synth 8-3848] Net probe_out62 in module/entity bd_36cd_g_inst_0_gigantic_mux does not have driver. [c:/Sadat_files/Academics/Current_Term/COMP3601/Project/project_repo/COMP3601_Project_Audio_tuner/Lab3.gen/sources_1/bd/design_1/ip/design_1_system_ila_0_1/bd_0/ip/ip_1/bd_36cd_g_inst_0_gigantic_mux.v:2047]
WARNING: [Synth 8-3848] Net probe_out63 in module/entity bd_36cd_g_inst_0_gigantic_mux does not have driver. [c:/Sadat_files/Academics/Current_Term/COMP3601/Project/project_repo/COMP3601_Project_Audio_tuner/Lab3.gen/sources_1/bd/design_1/ip/design_1_system_ila_0_1/bd_0/ip/ip_1/bd_36cd_g_inst_0_gigantic_mux.v:2048]
WARNING: [Synth 8-3848] Net probe_out64 in module/entity bd_36cd_g_inst_0_gigantic_mux does not have driver. [c:/Sadat_files/Academics/Current_Term/COMP3601/Project/project_repo/COMP3601_Project_Audio_tuner/Lab3.gen/sources_1/bd/design_1/ip/design_1_system_ila_0_1/bd_0/ip/ip_1/bd_36cd_g_inst_0_gigantic_mux.v:2049]
WARNING: [Synth 8-3848] Net probe_out65 in module/entity bd_36cd_g_inst_0_gigantic_mux does not have driver. [c:/Sadat_files/Academics/Current_Term/COMP3601/Project/project_repo/COMP3601_Project_Audio_tuner/Lab3.gen/sources_1/bd/design_1/ip/design_1_system_ila_0_1/bd_0/ip/ip_1/bd_36cd_g_inst_0_gigantic_mux.v:2050]
WARNING: [Synth 8-3848] Net probe_out66 in module/entity bd_36cd_g_inst_0_gigantic_mux does not have driver. [c:/Sadat_files/Academics/Current_Term/COMP3601/Project/project_repo/COMP3601_Project_Audio_tuner/Lab3.gen/sources_1/bd/design_1/ip/design_1_system_ila_0_1/bd_0/ip/ip_1/bd_36cd_g_inst_0_gigantic_mux.v:2051]
WARNING: [Synth 8-3848] Net probe_out67 in module/entity bd_36cd_g_inst_0_gigantic_mux does not have driver. [c:/Sadat_files/Academics/Current_Term/COMP3601/Project/project_repo/COMP3601_Project_Audio_tuner/Lab3.gen/sources_1/bd/design_1/ip/design_1_system_ila_0_1/bd_0/ip/ip_1/bd_36cd_g_inst_0_gigantic_mux.v:2052]
WARNING: [Synth 8-3848] Net probe_out68 in module/entity bd_36cd_g_inst_0_gigantic_mux does not have driver. [c:/Sadat_files/Academics/Current_Term/COMP3601/Project/project_repo/COMP3601_Project_Audio_tuner/Lab3.gen/sources_1/bd/design_1/ip/design_1_system_ila_0_1/bd_0/ip/ip_1/bd_36cd_g_inst_0_gigantic_mux.v:2053]
WARNING: [Synth 8-3848] Net probe_out69 in module/entity bd_36cd_g_inst_0_gigantic_mux does not have driver. [c:/Sadat_files/Academics/Current_Term/COMP3601/Project/project_repo/COMP3601_Project_Audio_tuner/Lab3.gen/sources_1/bd/design_1/ip/design_1_system_ila_0_1/bd_0/ip/ip_1/bd_36cd_g_inst_0_gigantic_mux.v:2054]
WARNING: [Synth 8-3848] Net probe_out70 in module/entity bd_36cd_g_inst_0_gigantic_mux does not have driver. [c:/Sadat_files/Academics/Current_Term/COMP3601/Project/project_repo/COMP3601_Project_Audio_tuner/Lab3.gen/sources_1/bd/design_1/ip/design_1_system_ila_0_1/bd_0/ip/ip_1/bd_36cd_g_inst_0_gigantic_mux.v:2055]
WARNING: [Synth 8-3848] Net probe_out71 in module/entity bd_36cd_g_inst_0_gigantic_mux does not have driver. [c:/Sadat_files/Academics/Current_Term/COMP3601/Project/project_repo/COMP3601_Project_Audio_tuner/Lab3.gen/sources_1/bd/design_1/ip/design_1_system_ila_0_1/bd_0/ip/ip_1/bd_36cd_g_inst_0_gigantic_mux.v:2056]
WARNING: [Synth 8-3848] Net probe_out72 in module/entity bd_36cd_g_inst_0_gigantic_mux does not have driver. [c:/Sadat_files/Academics/Current_Term/COMP3601/Project/project_repo/COMP3601_Project_Audio_tuner/Lab3.gen/sources_1/bd/design_1/ip/design_1_system_ila_0_1/bd_0/ip/ip_1/bd_36cd_g_inst_0_gigantic_mux.v:2057]
WARNING: [Synth 8-3848] Net probe_out73 in module/entity bd_36cd_g_inst_0_gigantic_mux does not have driver. [c:/Sadat_files/Academics/Current_Term/COMP3601/Project/project_repo/COMP3601_Project_Audio_tuner/Lab3.gen/sources_1/bd/design_1/ip/design_1_system_ila_0_1/bd_0/ip/ip_1/bd_36cd_g_inst_0_gigantic_mux.v:2058]
WARNING: [Synth 8-3848] Net probe_out74 in module/entity bd_36cd_g_inst_0_gigantic_mux does not have driver. [c:/Sadat_files/Academics/Current_Term/COMP3601/Project/project_repo/COMP3601_Project_Audio_tuner/Lab3.gen/sources_1/bd/design_1/ip/design_1_system_ila_0_1/bd_0/ip/ip_1/bd_36cd_g_inst_0_gigantic_mux.v:2059]
WARNING: [Synth 8-3848] Net probe_out75 in module/entity bd_36cd_g_inst_0_gigantic_mux does not have driver. [c:/Sadat_files/Academics/Current_Term/COMP3601/Project/project_repo/COMP3601_Project_Audio_tuner/Lab3.gen/sources_1/bd/design_1/ip/design_1_system_ila_0_1/bd_0/ip/ip_1/bd_36cd_g_inst_0_gigantic_mux.v:2060]
WARNING: [Synth 8-3848] Net probe_out76 in module/entity bd_36cd_g_inst_0_gigantic_mux does not have driver. [c:/Sadat_files/Academics/Current_Term/COMP3601/Project/project_repo/COMP3601_Project_Audio_tuner/Lab3.gen/sources_1/bd/design_1/ip/design_1_system_ila_0_1/bd_0/ip/ip_1/bd_36cd_g_inst_0_gigantic_mux.v:2061]
WARNING: [Synth 8-3848] Net probe_out77 in module/entity bd_36cd_g_inst_0_gigantic_mux does not have driver. [c:/Sadat_files/Academics/Current_Term/COMP3601/Project/project_repo/COMP3601_Project_Audio_tuner/Lab3.gen/sources_1/bd/design_1/ip/design_1_system_ila_0_1/bd_0/ip/ip_1/bd_36cd_g_inst_0_gigantic_mux.v:2062]
WARNING: [Synth 8-3848] Net probe_out78 in module/entity bd_36cd_g_inst_0_gigantic_mux does not have driver. [c:/Sadat_files/Academics/Current_Term/COMP3601/Project/project_repo/COMP3601_Project_Audio_tuner/Lab3.gen/sources_1/bd/design_1/ip/design_1_system_ila_0_1/bd_0/ip/ip_1/bd_36cd_g_inst_0_gigantic_mux.v:2063]
WARNING: [Synth 8-3848] Net probe_out79 in module/entity bd_36cd_g_inst_0_gigantic_mux does not have driver. [c:/Sadat_files/Academics/Current_Term/COMP3601/Project/project_repo/COMP3601_Project_Audio_tuner/Lab3.gen/sources_1/bd/design_1/ip/design_1_system_ila_0_1/bd_0/ip/ip_1/bd_36cd_g_inst_0_gigantic_mux.v:2064]
WARNING: [Synth 8-3848] Net probe_out80 in module/entity bd_36cd_g_inst_0_gigantic_mux does not have driver. [c:/Sadat_files/Academics/Current_Term/COMP3601/Project/project_repo/COMP3601_Project_Audio_tuner/Lab3.gen/sources_1/bd/design_1/ip/design_1_system_ila_0_1/bd_0/ip/ip_1/bd_36cd_g_inst_0_gigantic_mux.v:2065]
WARNING: [Synth 8-3848] Net probe_out81 in module/entity bd_36cd_g_inst_0_gigantic_mux does not have driver. [c:/Sadat_files/Academics/Current_Term/COMP3601/Project/project_repo/COMP3601_Project_Audio_tuner/Lab3.gen/sources_1/bd/design_1/ip/design_1_system_ila_0_1/bd_0/ip/ip_1/bd_36cd_g_inst_0_gigantic_mux.v:2066]
WARNING: [Synth 8-3848] Net probe_out82 in module/entity bd_36cd_g_inst_0_gigantic_mux does not have driver. [c:/Sadat_files/Academics/Current_Term/COMP3601/Project/project_repo/COMP3601_Project_Audio_tuner/Lab3.gen/sources_1/bd/design_1/ip/design_1_system_ila_0_1/bd_0/ip/ip_1/bd_36cd_g_inst_0_gigantic_mux.v:2067]
WARNING: [Synth 8-3848] Net probe_out83 in module/entity bd_36cd_g_inst_0_gigantic_mux does not have driver. [c:/Sadat_files/Academics/Current_Term/COMP3601/Project/project_repo/COMP3601_Project_Audio_tuner/Lab3.gen/sources_1/bd/design_1/ip/design_1_system_ila_0_1/bd_0/ip/ip_1/bd_36cd_g_inst_0_gigantic_mux.v:2068]
WARNING: [Synth 8-3848] Net probe_out84 in module/entity bd_36cd_g_inst_0_gigantic_mux does not have driver. [c:/Sadat_files/Academics/Current_Term/COMP3601/Project/project_repo/COMP3601_Project_Audio_tuner/Lab3.gen/sources_1/bd/design_1/ip/design_1_system_ila_0_1/bd_0/ip/ip_1/bd_36cd_g_inst_0_gigantic_mux.v:2069]
WARNING: [Synth 8-3848] Net probe_out85 in module/entity bd_36cd_g_inst_0_gigantic_mux does not have driver. [c:/Sadat_files/Academics/Current_Term/COMP3601/Project/project_repo/COMP3601_Project_Audio_tuner/Lab3.gen/sources_1/bd/design_1/ip/design_1_system_ila_0_1/bd_0/ip/ip_1/bd_36cd_g_inst_0_gigantic_mux.v:2070]
WARNING: [Synth 8-3848] Net probe_out86 in module/entity bd_36cd_g_inst_0_gigantic_mux does not have driver. [c:/Sadat_files/Academics/Current_Term/COMP3601/Project/project_repo/COMP3601_Project_Audio_tuner/Lab3.gen/sources_1/bd/design_1/ip/design_1_system_ila_0_1/bd_0/ip/ip_1/bd_36cd_g_inst_0_gigantic_mux.v:2071]
WARNING: [Synth 8-3848] Net probe_out87 in module/entity bd_36cd_g_inst_0_gigantic_mux does not have driver. [c:/Sadat_files/Academics/Current_Term/COMP3601/Project/project_repo/COMP3601_Project_Audio_tuner/Lab3.gen/sources_1/bd/design_1/ip/design_1_system_ila_0_1/bd_0/ip/ip_1/bd_36cd_g_inst_0_gigantic_mux.v:2072]
WARNING: [Synth 8-3848] Net probe_out88 in module/entity bd_36cd_g_inst_0_gigantic_mux does not have driver. [c:/Sadat_files/Academics/Current_Term/COMP3601/Project/project_repo/COMP3601_Project_Audio_tuner/Lab3.gen/sources_1/bd/design_1/ip/design_1_system_ila_0_1/bd_0/ip/ip_1/bd_36cd_g_inst_0_gigantic_mux.v:2073]
WARNING: [Synth 8-3848] Net probe_out89 in module/entity bd_36cd_g_inst_0_gigantic_mux does not have driver. [c:/Sadat_files/Academics/Current_Term/COMP3601/Project/project_repo/COMP3601_Project_Audio_tuner/Lab3.gen/sources_1/bd/design_1/ip/design_1_system_ila_0_1/bd_0/ip/ip_1/bd_36cd_g_inst_0_gigantic_mux.v:2074]
WARNING: [Synth 8-3848] Net probe_out90 in module/entity bd_36cd_g_inst_0_gigantic_mux does not have driver. [c:/Sadat_files/Academics/Current_Term/COMP3601/Project/project_repo/COMP3601_Project_Audio_tuner/Lab3.gen/sources_1/bd/design_1/ip/design_1_system_ila_0_1/bd_0/ip/ip_1/bd_36cd_g_inst_0_gigantic_mux.v:2075]
INFO: [Common 17-14] Message 'Synth 8-3848' appears 100 times and further instances of the messages will be disabled. Use the Tcl command set_msg_config to change the current settings.
WARNING: [Synth 8-6014] Unused sequential element reset_resync_reg was removed.  [c:/Sadat_files/Academics/Current_Term/COMP3601/Project/project_repo/COMP3601_Project_Audio_tuner/Lab3.gen/sources_1/bd/design_1/ipshared/2acc/hdl/axis_protocol_checker_v2_0_vl_rfs.v:776]
WARNING: [Synth 8-6014] Unused sequential element pc_snapshot_reg was removed.  [c:/Sadat_files/Academics/Current_Term/COMP3601/Project/project_repo/COMP3601_Project_Audio_tuner/Lab3.gen/sources_1/bd/design_1/ipshared/2acc/hdl/axis_protocol_checker_v2_0_vl_rfs.v:822]
WARNING: [Synth 8-6014] Unused sequential element TDEST_q_reg was removed.  [c:/Sadat_files/Academics/Current_Term/COMP3601/Project/project_repo/COMP3601_Project_Audio_tuner/Lab3.gen/sources_1/bd/design_1/ipshared/2acc/hdl/axis_protocol_checker_v2_0_vl_rfs.v:762]
WARNING: [Synth 8-6014] Unused sequential element TUSER_q_reg was removed.  [c:/Sadat_files/Academics/Current_Term/COMP3601/Project/project_repo/COMP3601_Project_Audio_tuner/Lab3.gen/sources_1/bd/design_1/ipshared/2acc/hdl/axis_protocol_checker_v2_0_vl_rfs.v:763]
WARNING: [Synth 8-6014] Unused sequential element count_clk_reg was removed.  [c:/Sadat_files/Academics/Current_Term/COMP3601/Project/project_repo/COMP3601_Project_Audio_tuner/Lab3.gen/sources_1/bd/design_1/ipshared/2acc/hdl/axis_protocol_checker_v2_0_vl_rfs.v:841]
WARNING: [Synth 8-6014] Unused sequential element aresetn_i_q_reg was removed.  [c:/Sadat_files/Academics/Current_Term/COMP3601/Project/project_repo/COMP3601_Project_Audio_tuner/Lab3.gen/sources_1/bd/design_1/ipshared/2acc/hdl/axis_protocol_checker_v2_0_vl_rfs.v:851]
WARNING: [Synth 8-6014] Unused sequential element en_chk_r_reg was removed.  [c:/Sadat_files/Academics/Current_Term/COMP3601/Project/project_repo/COMP3601_Project_Audio_tuner/Lab3.gen/sources_1/bd/design_1/ipshared/2acc/hdl/axis_protocol_checker_v2_0_vl_rfs.v:861]
WARNING: [Synth 8-6014] Unused sequential element reset_pulse_violation_i_reg was removed.  [c:/Sadat_files/Academics/Current_Term/COMP3601/Project/project_repo/COMP3601_Project_Audio_tuner/Lab3.gen/sources_1/bd/design_1/ipshared/2acc/hdl/axis_protocol_checker_v2_0_vl_rfs.v:871]
INFO: [Synth 8-6071] Mark debug on the nets applies keep_hierarchy on instance 'g_inst'. This will prevent further optimization [c:/Sadat_files/Academics/Current_Term/COMP3601/Project/project_repo/COMP3601_Project_Audio_tuner/Lab3.gen/sources_1/bd/design_1/ip/design_1_system_ila_0_1/bd_0/synth/bd_36cd.v:48]
INFO: [Synth 8-6071] Mark debug on the nets applies keep_hierarchy on instance 'ila_lib'. This will prevent further optimization [c:/Sadat_files/Academics/Current_Term/COMP3601/Project/project_repo/COMP3601_Project_Audio_tuner/Lab3.gen/sources_1/bd/design_1/ip/design_1_system_ila_0_1/bd_0/synth/bd_36cd.v:61]
INFO: [Synth 8-6071] Mark debug on the nets applies keep_hierarchy on instance 'slot_0_apcs'. This will prevent further optimization [c:/Sadat_files/Academics/Current_Term/COMP3601/Project/project_repo/COMP3601_Project_Audio_tuner/Lab3.gen/sources_1/bd/design_1/ip/design_1_system_ila_0_1/bd_0/synth/bd_36cd.v:69]
WARNING: [Synth 8-7129] Port dp_audio_ref_clk in module zynq_ultra_ps_e_v3_5_3_zynq_ultra_ps_e is either unconnected or has no load
WARNING: [Synth 8-7129] Port irq_ipi_pl_0 in module zynq_ultra_ps_e_v3_5_3_zynq_ultra_ps_e is either unconnected or has no load
WARNING: [Synth 8-7129] Port irq_ipi_pl_1 in module zynq_ultra_ps_e_v3_5_3_zynq_ultra_ps_e is either unconnected or has no load
WARNING: [Synth 8-7129] Port irq_ipi_pl_2 in module zynq_ultra_ps_e_v3_5_3_zynq_ultra_ps_e is either unconnected or has no load
WARNING: [Synth 8-7129] Port irq_ipi_pl_3 in module zynq_ultra_ps_e_v3_5_3_zynq_ultra_ps_e is either unconnected or has no load
WARNING: [Synth 8-7129] Port saxihpc0_fpd_rclk in module zynq_ultra_ps_e_v3_5_3_zynq_ultra_ps_e is either unconnected or has no load
WARNING: [Synth 8-7129] Port saxihpc0_fpd_wclk in module zynq_ultra_ps_e_v3_5_3_zynq_ultra_ps_e is either unconnected or has no load
WARNING: [Synth 8-7129] Port saxihpc1_fpd_rclk in module zynq_ultra_ps_e_v3_5_3_zynq_ultra_ps_e is either unconnected or has no load
WARNING: [Synth 8-7129] Port saxihpc1_fpd_wclk in module zynq_ultra_ps_e_v3_5_3_zynq_ultra_ps_e is either unconnected or has no load
WARNING: [Synth 8-7129] Port saxihp0_fpd_rclk in module zynq_ultra_ps_e_v3_5_3_zynq_ultra_ps_e is either unconnected or has no load
WARNING: [Synth 8-7129] Port saxihp0_fpd_wclk in module zynq_ultra_ps_e_v3_5_3_zynq_ultra_ps_e is either unconnected or has no load
WARNING: [Synth 8-7129] Port saxihp1_fpd_rclk in module zynq_ultra_ps_e_v3_5_3_zynq_ultra_ps_e is either unconnected or has no load
WARNING: [Synth 8-7129] Port saxihp1_fpd_wclk in module zynq_ultra_ps_e_v3_5_3_zynq_ultra_ps_e is either unconnected or has no load
WARNING: [Synth 8-7129] Port saxihp2_fpd_rclk in module zynq_ultra_ps_e_v3_5_3_zynq_ultra_ps_e is either unconnected or has no load
WARNING: [Synth 8-7129] Port saxihp2_fpd_wclk in module zynq_ultra_ps_e_v3_5_3_zynq_ultra_ps_e is either unconnected or has no load
WARNING: [Synth 8-7129] Port saxihp3_fpd_rclk in module zynq_ultra_ps_e_v3_5_3_zynq_ultra_ps_e is either unconnected or has no load
WARNING: [Synth 8-7129] Port saxihp3_fpd_wclk in module zynq_ultra_ps_e_v3_5_3_zynq_ultra_ps_e is either unconnected or has no load
WARNING: [Synth 8-7129] Port saxi_lpd_rclk in module zynq_ultra_ps_e_v3_5_3_zynq_ultra_ps_e is either unconnected or has no load
WARNING: [Synth 8-7129] Port saxi_lpd_wclk in module zynq_ultra_ps_e_v3_5_3_zynq_ultra_ps_e is either unconnected or has no load
WARNING: [Synth 8-7129] Port sacefpd_awuser[15] in module zynq_ultra_ps_e_v3_5_3_zynq_ultra_ps_e is either unconnected or has no load
WARNING: [Synth 8-7129] Port sacefpd_awuser[14] in module zynq_ultra_ps_e_v3_5_3_zynq_ultra_ps_e is either unconnected or has no load
WARNING: [Synth 8-7129] Port sacefpd_awuser[13] in module zynq_ultra_ps_e_v3_5_3_zynq_ultra_ps_e is either unconnected or has no load
WARNING: [Synth 8-7129] Port sacefpd_awuser[12] in module zynq_ultra_ps_e_v3_5_3_zynq_ultra_ps_e is either unconnected or has no load
WARNING: [Synth 8-7129] Port sacefpd_awuser[11] in module zynq_ultra_ps_e_v3_5_3_zynq_ultra_ps_e is either unconnected or has no load
WARNING: [Synth 8-7129] Port sacefpd_awuser[10] in module zynq_ultra_ps_e_v3_5_3_zynq_ultra_ps_e is either unconnected or has no load
WARNING: [Synth 8-7129] Port sacefpd_awuser[9] in module zynq_ultra_ps_e_v3_5_3_zynq_ultra_ps_e is either unconnected or has no load
WARNING: [Synth 8-7129] Port sacefpd_awuser[8] in module zynq_ultra_ps_e_v3_5_3_zynq_ultra_ps_e is either unconnected or has no load
WARNING: [Synth 8-7129] Port sacefpd_awuser[7] in module zynq_ultra_ps_e_v3_5_3_zynq_ultra_ps_e is either unconnected or has no load
WARNING: [Synth 8-7129] Port sacefpd_awuser[6] in module zynq_ultra_ps_e_v3_5_3_zynq_ultra_ps_e is either unconnected or has no load
WARNING: [Synth 8-7129] Port sacefpd_aruser[15] in module zynq_ultra_ps_e_v3_5_3_zynq_ultra_ps_e is either unconnected or has no load
WARNING: [Synth 8-7129] Port sacefpd_aruser[14] in module zynq_ultra_ps_e_v3_5_3_zynq_ultra_ps_e is either unconnected or has no load
WARNING: [Synth 8-7129] Port sacefpd_aruser[13] in module zynq_ultra_ps_e_v3_5_3_zynq_ultra_ps_e is either unconnected or has no load
WARNING: [Synth 8-7129] Port sacefpd_aruser[12] in module zynq_ultra_ps_e_v3_5_3_zynq_ultra_ps_e is either unconnected or has no load
WARNING: [Synth 8-7129] Port sacefpd_aruser[11] in module zynq_ultra_ps_e_v3_5_3_zynq_ultra_ps_e is either unconnected or has no load
WARNING: [Synth 8-7129] Port sacefpd_aruser[10] in module zynq_ultra_ps_e_v3_5_3_zynq_ultra_ps_e is either unconnected or has no load
WARNING: [Synth 8-7129] Port sacefpd_aruser[9] in module zynq_ultra_ps_e_v3_5_3_zynq_ultra_ps_e is either unconnected or has no load
WARNING: [Synth 8-7129] Port sacefpd_aruser[8] in module zynq_ultra_ps_e_v3_5_3_zynq_ultra_ps_e is either unconnected or has no load
WARNING: [Synth 8-7129] Port sacefpd_aruser[7] in module zynq_ultra_ps_e_v3_5_3_zynq_ultra_ps_e is either unconnected or has no load
WARNING: [Synth 8-7129] Port sacefpd_aruser[6] in module zynq_ultra_ps_e_v3_5_3_zynq_ultra_ps_e is either unconnected or has no load
WARNING: [Synth 8-7129] Port test_adc_clk[3] in module zynq_ultra_ps_e_v3_5_3_zynq_ultra_ps_e is either unconnected or has no load
WARNING: [Synth 8-7129] Port test_adc_clk[2] in module zynq_ultra_ps_e_v3_5_3_zynq_ultra_ps_e is either unconnected or has no load
WARNING: [Synth 8-7129] Port test_adc_clk[1] in module zynq_ultra_ps_e_v3_5_3_zynq_ultra_ps_e is either unconnected or has no load
WARNING: [Synth 8-7129] Port test_adc_clk[0] in module zynq_ultra_ps_e_v3_5_3_zynq_ultra_ps_e is either unconnected or has no load
WARNING: [Synth 8-7129] Port test_adc_in[31] in module zynq_ultra_ps_e_v3_5_3_zynq_ultra_ps_e is either unconnected or has no load
WARNING: [Synth 8-7129] Port test_adc_in[30] in module zynq_ultra_ps_e_v3_5_3_zynq_ultra_ps_e is either unconnected or has no load
WARNING: [Synth 8-7129] Port test_adc_in[29] in module zynq_ultra_ps_e_v3_5_3_zynq_ultra_ps_e is either unconnected or has no load
WARNING: [Synth 8-7129] Port test_adc_in[28] in module zynq_ultra_ps_e_v3_5_3_zynq_ultra_ps_e is either unconnected or has no load
WARNING: [Synth 8-7129] Port test_adc_in[27] in module zynq_ultra_ps_e_v3_5_3_zynq_ultra_ps_e is either unconnected or has no load
WARNING: [Synth 8-7129] Port test_adc_in[26] in module zynq_ultra_ps_e_v3_5_3_zynq_ultra_ps_e is either unconnected or has no load
WARNING: [Synth 8-7129] Port test_adc_in[25] in module zynq_ultra_ps_e_v3_5_3_zynq_ultra_ps_e is either unconnected or has no load
WARNING: [Synth 8-7129] Port test_adc_in[24] in module zynq_ultra_ps_e_v3_5_3_zynq_ultra_ps_e is either unconnected or has no load
WARNING: [Synth 8-7129] Port test_adc_in[23] in module zynq_ultra_ps_e_v3_5_3_zynq_ultra_ps_e is either unconnected or has no load
WARNING: [Synth 8-7129] Port test_adc_in[22] in module zynq_ultra_ps_e_v3_5_3_zynq_ultra_ps_e is either unconnected or has no load
WARNING: [Synth 8-7129] Port test_adc_in[21] in module zynq_ultra_ps_e_v3_5_3_zynq_ultra_ps_e is either unconnected or has no load
WARNING: [Synth 8-7129] Port test_adc_in[20] in module zynq_ultra_ps_e_v3_5_3_zynq_ultra_ps_e is either unconnected or has no load
WARNING: [Synth 8-7129] Port test_adc_in[19] in module zynq_ultra_ps_e_v3_5_3_zynq_ultra_ps_e is either unconnected or has no load
WARNING: [Synth 8-7129] Port test_adc_in[18] in module zynq_ultra_ps_e_v3_5_3_zynq_ultra_ps_e is either unconnected or has no load
WARNING: [Synth 8-7129] Port test_adc_in[17] in module zynq_ultra_ps_e_v3_5_3_zynq_ultra_ps_e is either unconnected or has no load
WARNING: [Synth 8-7129] Port test_adc_in[16] in module zynq_ultra_ps_e_v3_5_3_zynq_ultra_ps_e is either unconnected or has no load
WARNING: [Synth 8-7129] Port test_adc_in[15] in module zynq_ultra_ps_e_v3_5_3_zynq_ultra_ps_e is either unconnected or has no load
WARNING: [Synth 8-7129] Port test_adc_in[14] in module zynq_ultra_ps_e_v3_5_3_zynq_ultra_ps_e is either unconnected or has no load
WARNING: [Synth 8-7129] Port test_adc_in[13] in module zynq_ultra_ps_e_v3_5_3_zynq_ultra_ps_e is either unconnected or has no load
WARNING: [Synth 8-7129] Port test_adc_in[12] in module zynq_ultra_ps_e_v3_5_3_zynq_ultra_ps_e is either unconnected or has no load
WARNING: [Synth 8-7129] Port test_adc_in[11] in module zynq_ultra_ps_e_v3_5_3_zynq_ultra_ps_e is either unconnected or has no load
WARNING: [Synth 8-7129] Port test_adc_in[10] in module zynq_ultra_ps_e_v3_5_3_zynq_ultra_ps_e is either unconnected or has no load
WARNING: [Synth 8-7129] Port test_adc_in[9] in module zynq_ultra_ps_e_v3_5_3_zynq_ultra_ps_e is either unconnected or has no load
WARNING: [Synth 8-7129] Port test_adc_in[8] in module zynq_ultra_ps_e_v3_5_3_zynq_ultra_ps_e is either unconnected or has no load
WARNING: [Synth 8-7129] Port test_adc_in[7] in module zynq_ultra_ps_e_v3_5_3_zynq_ultra_ps_e is either unconnected or has no load
WARNING: [Synth 8-7129] Port test_adc_in[6] in module zynq_ultra_ps_e_v3_5_3_zynq_ultra_ps_e is either unconnected or has no load
WARNING: [Synth 8-7129] Port test_adc_in[5] in module zynq_ultra_ps_e_v3_5_3_zynq_ultra_ps_e is either unconnected or has no load
WARNING: [Synth 8-7129] Port test_adc_in[4] in module zynq_ultra_ps_e_v3_5_3_zynq_ultra_ps_e is either unconnected or has no load
WARNING: [Synth 8-7129] Port test_adc_in[3] in module zynq_ultra_ps_e_v3_5_3_zynq_ultra_ps_e is either unconnected or has no load
WARNING: [Synth 8-7129] Port test_adc_in[2] in module zynq_ultra_ps_e_v3_5_3_zynq_ultra_ps_e is either unconnected or has no load
WARNING: [Synth 8-7129] Port test_adc_in[1] in module zynq_ultra_ps_e_v3_5_3_zynq_ultra_ps_e is either unconnected or has no load
WARNING: [Synth 8-7129] Port test_adc_in[0] in module zynq_ultra_ps_e_v3_5_3_zynq_ultra_ps_e is either unconnected or has no load
WARNING: [Synth 8-7129] Port test_adc2_in[31] in module zynq_ultra_ps_e_v3_5_3_zynq_ultra_ps_e is either unconnected or has no load
WARNING: [Synth 8-7129] Port test_adc2_in[30] in module zynq_ultra_ps_e_v3_5_3_zynq_ultra_ps_e is either unconnected or has no load
WARNING: [Synth 8-7129] Port test_adc2_in[29] in module zynq_ultra_ps_e_v3_5_3_zynq_ultra_ps_e is either unconnected or has no load
WARNING: [Synth 8-7129] Port test_adc2_in[28] in module zynq_ultra_ps_e_v3_5_3_zynq_ultra_ps_e is either unconnected or has no load
WARNING: [Synth 8-7129] Port test_adc2_in[27] in module zynq_ultra_ps_e_v3_5_3_zynq_ultra_ps_e is either unconnected or has no load
WARNING: [Synth 8-7129] Port test_adc2_in[26] in module zynq_ultra_ps_e_v3_5_3_zynq_ultra_ps_e is either unconnected or has no load
WARNING: [Synth 8-7129] Port test_adc2_in[25] in module zynq_ultra_ps_e_v3_5_3_zynq_ultra_ps_e is either unconnected or has no load
WARNING: [Synth 8-7129] Port test_adc2_in[24] in module zynq_ultra_ps_e_v3_5_3_zynq_ultra_ps_e is either unconnected or has no load
WARNING: [Synth 8-7129] Port test_adc2_in[23] in module zynq_ultra_ps_e_v3_5_3_zynq_ultra_ps_e is either unconnected or has no load
WARNING: [Synth 8-7129] Port test_adc2_in[22] in module zynq_ultra_ps_e_v3_5_3_zynq_ultra_ps_e is either unconnected or has no load
WARNING: [Synth 8-7129] Port test_adc2_in[21] in module zynq_ultra_ps_e_v3_5_3_zynq_ultra_ps_e is either unconnected or has no load
WARNING: [Synth 8-7129] Port test_adc2_in[20] in module zynq_ultra_ps_e_v3_5_3_zynq_ultra_ps_e is either unconnected or has no load
WARNING: [Synth 8-7129] Port test_adc2_in[19] in module zynq_ultra_ps_e_v3_5_3_zynq_ultra_ps_e is either unconnected or has no load
WARNING: [Synth 8-7129] Port test_adc2_in[18] in module zynq_ultra_ps_e_v3_5_3_zynq_ultra_ps_e is either unconnected or has no load
WARNING: [Synth 8-7129] Port test_adc2_in[17] in module zynq_ultra_ps_e_v3_5_3_zynq_ultra_ps_e is either unconnected or has no load
WARNING: [Synth 8-7129] Port test_adc2_in[16] in module zynq_ultra_ps_e_v3_5_3_zynq_ultra_ps_e is either unconnected or has no load
WARNING: [Synth 8-7129] Port test_adc2_in[15] in module zynq_ultra_ps_e_v3_5_3_zynq_ultra_ps_e is either unconnected or has no load
WARNING: [Synth 8-7129] Port test_adc2_in[14] in module zynq_ultra_ps_e_v3_5_3_zynq_ultra_ps_e is either unconnected or has no load
WARNING: [Synth 8-7129] Port test_adc2_in[13] in module zynq_ultra_ps_e_v3_5_3_zynq_ultra_ps_e is either unconnected or has no load
WARNING: [Synth 8-7129] Port test_adc2_in[12] in module zynq_ultra_ps_e_v3_5_3_zynq_ultra_ps_e is either unconnected or has no load
WARNING: [Synth 8-7129] Port test_adc2_in[11] in module zynq_ultra_ps_e_v3_5_3_zynq_ultra_ps_e is either unconnected or has no load
WARNING: [Synth 8-7129] Port test_adc2_in[10] in module zynq_ultra_ps_e_v3_5_3_zynq_ultra_ps_e is either unconnected or has no load
WARNING: [Synth 8-7129] Port test_adc2_in[9] in module zynq_ultra_ps_e_v3_5_3_zynq_ultra_ps_e is either unconnected or has no load
WARNING: [Synth 8-7129] Port test_adc2_in[8] in module zynq_ultra_ps_e_v3_5_3_zynq_ultra_ps_e is either unconnected or has no load
WARNING: [Synth 8-7129] Port test_adc2_in[7] in module zynq_ultra_ps_e_v3_5_3_zynq_ultra_ps_e is either unconnected or has no load
INFO: [Common 17-14] Message 'Synth 8-7129' appears 100 times and further instances of the messages will be disabled. Use the Tcl command set_msg_config to change the current settings.
---------------------------------------------------------------------------------
Finished RTL Elaboration : Time (s): cpu = 00:00:54 ; elapsed = 00:01:02 . Memory (MB): peak = 2794.270 ; gain = 1150.594
---------------------------------------------------------------------------------
---------------------------------------------------------------------------------
Start Handling Custom Attributes
---------------------------------------------------------------------------------
---------------------------------------------------------------------------------
Finished Handling Custom Attributes : Time (s): cpu = 00:00:55 ; elapsed = 00:01:03 . Memory (MB): peak = 2794.270 ; gain = 1150.594
---------------------------------------------------------------------------------
---------------------------------------------------------------------------------
Finished RTL Optimization Phase 1 : Time (s): cpu = 00:00:55 ; elapsed = 00:01:03 . Memory (MB): peak = 2794.270 ; gain = 1150.594
---------------------------------------------------------------------------------
Netlist sorting complete. Time (s): cpu = 00:00:03 ; elapsed = 00:00:03 . Memory (MB): peak = 2816.551 ; gain = 0.000
INFO: [Netlist 29-17] Analyzing 138 Unisim elements for replacement
INFO: [Netlist 29-28] Unisim Transformation completed in 0 CPU seconds
INFO: [Project 1-570] Preparing netlist for logic optimization

Processing XDC Constraints
Initializing timing engine
Parsing XDC File [c:/Sadat_files/Academics/Current_Term/COMP3601/Project/project_repo/COMP3601_Project_Audio_tuner/Lab3.gen/sources_1/bd/design_1/ip/design_1_zynq_ultra_ps_e_0_0/design_1_zynq_ultra_ps_e_0_0.xdc] for cell 'design_1_i/zynq_ultra_ps_e_0/inst'
Finished Parsing XDC File [c:/Sadat_files/Academics/Current_Term/COMP3601/Project/project_repo/COMP3601_Project_Audio_tuner/Lab3.gen/sources_1/bd/design_1/ip/design_1_zynq_ultra_ps_e_0_0/design_1_zynq_ultra_ps_e_0_0.xdc] for cell 'design_1_i/zynq_ultra_ps_e_0/inst'
Parsing XDC File [c:/Sadat_files/Academics/Current_Term/COMP3601/Project/project_repo/COMP3601_Project_Audio_tuner/Lab3.gen/sources_1/bd/design_1/ip/design_1_axi_dma_0_0/design_1_axi_dma_0_0.xdc] for cell 'design_1_i/axi_dma_0/U0'
Finished Parsing XDC File [c:/Sadat_files/Academics/Current_Term/COMP3601/Project/project_repo/COMP3601_Project_Audio_tuner/Lab3.gen/sources_1/bd/design_1/ip/design_1_axi_dma_0_0/design_1_axi_dma_0_0.xdc] for cell 'design_1_i/axi_dma_0/U0'
INFO: [Project 1-236] Implementation specific constraints were found while reading constraint file [c:/Sadat_files/Academics/Current_Term/COMP3601/Project/project_repo/COMP3601_Project_Audio_tuner/Lab3.gen/sources_1/bd/design_1/ip/design_1_axi_dma_0_0/design_1_axi_dma_0_0.xdc]. These constraints will be ignored for synthesis but will be used in implementation. Impacted constraints are listed in the file [.Xil/design_1_wrapper_propImpl.xdc].
Resolution: To avoid this warning, move constraints listed in [.Xil/design_1_wrapper_propImpl.xdc] to another XDC file and exclude this new file from synthesis with the used_in_synthesis property (File Properties dialog in GUI) and re-run elaboration/synthesis.
Parsing XDC File [c:/Sadat_files/Academics/Current_Term/COMP3601/Project/project_repo/COMP3601_Project_Audio_tuner/Lab3.gen/sources_1/bd/design_1/ip/design_1_rst_ps8_0_99M_0/design_1_rst_ps8_0_99M_0_board.xdc] for cell 'design_1_i/rst_ps8_0_99M/U0'
Finished Parsing XDC File [c:/Sadat_files/Academics/Current_Term/COMP3601/Project/project_repo/COMP3601_Project_Audio_tuner/Lab3.gen/sources_1/bd/design_1/ip/design_1_rst_ps8_0_99M_0/design_1_rst_ps8_0_99M_0_board.xdc] for cell 'design_1_i/rst_ps8_0_99M/U0'
Parsing XDC File [c:/Sadat_files/Academics/Current_Term/COMP3601/Project/project_repo/COMP3601_Project_Audio_tuner/Lab3.gen/sources_1/bd/design_1/ip/design_1_rst_ps8_0_99M_0/design_1_rst_ps8_0_99M_0.xdc] for cell 'design_1_i/rst_ps8_0_99M/U0'
Finished Parsing XDC File [c:/Sadat_files/Academics/Current_Term/COMP3601/Project/project_repo/COMP3601_Project_Audio_tuner/Lab3.gen/sources_1/bd/design_1/ip/design_1_rst_ps8_0_99M_0/design_1_rst_ps8_0_99M_0.xdc] for cell 'design_1_i/rst_ps8_0_99M/U0'
INFO: [Project 1-236] Implementation specific constraints were found while reading constraint file [c:/Sadat_files/Academics/Current_Term/COMP3601/Project/project_repo/COMP3601_Project_Audio_tuner/Lab3.gen/sources_1/bd/design_1/ip/design_1_rst_ps8_0_99M_0/design_1_rst_ps8_0_99M_0.xdc]. These constraints will be ignored for synthesis but will be used in implementation. Impacted constraints are listed in the file [.Xil/design_1_wrapper_propImpl.xdc].
Resolution: To avoid this warning, move constraints listed in [.Xil/design_1_wrapper_propImpl.xdc] to another XDC file and exclude this new file from synthesis with the used_in_synthesis property (File Properties dialog in GUI) and re-run elaboration/synthesis.
Parsing XDC File [c:/Sadat_files/Academics/Current_Term/COMP3601/Project/project_repo/COMP3601_Project_Audio_tuner/Lab3.gen/sources_1/bd/design_1/ip/design_1_axi_smc_0/bd_0/ip/ip_1/bd_afc3_psr_aclk_0_board.xdc] for cell 'design_1_i/axi_smc/inst/clk_map/psr_aclk/U0'
Finished Parsing XDC File [c:/Sadat_files/Academics/Current_Term/COMP3601/Project/project_repo/COMP3601_Project_Audio_tuner/Lab3.gen/sources_1/bd/design_1/ip/design_1_axi_smc_0/bd_0/ip/ip_1/bd_afc3_psr_aclk_0_board.xdc] for cell 'design_1_i/axi_smc/inst/clk_map/psr_aclk/U0'
Parsing XDC File [c:/Sadat_files/Academics/Current_Term/COMP3601/Project/project_repo/COMP3601_Project_Audio_tuner/Lab3.gen/sources_1/bd/design_1/ip/design_1_axi_smc_0/bd_0/ip/ip_1/bd_afc3_psr_aclk_0.xdc] for cell 'design_1_i/axi_smc/inst/clk_map/psr_aclk/U0'
Finished Parsing XDC File [c:/Sadat_files/Academics/Current_Term/COMP3601/Project/project_repo/COMP3601_Project_Audio_tuner/Lab3.gen/sources_1/bd/design_1/ip/design_1_axi_smc_0/bd_0/ip/ip_1/bd_afc3_psr_aclk_0.xdc] for cell 'design_1_i/axi_smc/inst/clk_map/psr_aclk/U0'
INFO: [Project 1-236] Implementation specific constraints were found while reading constraint file [c:/Sadat_files/Academics/Current_Term/COMP3601/Project/project_repo/COMP3601_Project_Audio_tuner/Lab3.gen/sources_1/bd/design_1/ip/design_1_axi_smc_0/bd_0/ip/ip_1/bd_afc3_psr_aclk_0.xdc]. These constraints will be ignored for synthesis but will be used in implementation. Impacted constraints are listed in the file [.Xil/design_1_wrapper_propImpl.xdc].
Resolution: To avoid this warning, move constraints listed in [.Xil/design_1_wrapper_propImpl.xdc] to another XDC file and exclude this new file from synthesis with the used_in_synthesis property (File Properties dialog in GUI) and re-run elaboration/synthesis.
Parsing XDC File [c:/Sadat_files/Academics/Current_Term/COMP3601/Project/project_repo/COMP3601_Project_Audio_tuner/Lab3.gen/sources_1/bd/design_1/ip/design_1_axi_smc_0/bd_0/ip/ip_11/bd_afc3_sawn_0_clocks.xdc] for cell 'design_1_i/axi_smc/inst/s00_nodes/s00_aw_node/inst'
Finished Parsing XDC File [c:/Sadat_files/Academics/Current_Term/COMP3601/Project/project_repo/COMP3601_Project_Audio_tuner/Lab3.gen/sources_1/bd/design_1/ip/design_1_axi_smc_0/bd_0/ip/ip_11/bd_afc3_sawn_0_clocks.xdc] for cell 'design_1_i/axi_smc/inst/s00_nodes/s00_aw_node/inst'
INFO: [Project 1-236] Implementation specific constraints were found while reading constraint file [c:/Sadat_files/Academics/Current_Term/COMP3601/Project/project_repo/COMP3601_Project_Audio_tuner/Lab3.gen/sources_1/bd/design_1/ip/design_1_axi_smc_0/bd_0/ip/ip_11/bd_afc3_sawn_0_clocks.xdc]. These constraints will be ignored for synthesis but will be used in implementation. Impacted constraints are listed in the file [.Xil/design_1_wrapper_propImpl.xdc].
Resolution: To avoid this warning, move constraints listed in [.Xil/design_1_wrapper_propImpl.xdc] to another XDC file and exclude this new file from synthesis with the used_in_synthesis property (File Properties dialog in GUI) and re-run elaboration/synthesis.
Parsing XDC File [c:/Sadat_files/Academics/Current_Term/COMP3601/Project/project_repo/COMP3601_Project_Audio_tuner/Lab3.gen/sources_1/bd/design_1/ip/design_1_axi_smc_0/bd_0/ip/ip_12/bd_afc3_swn_0_clocks.xdc] for cell 'design_1_i/axi_smc/inst/s00_nodes/s00_w_node/inst'
Finished Parsing XDC File [c:/Sadat_files/Academics/Current_Term/COMP3601/Project/project_repo/COMP3601_Project_Audio_tuner/Lab3.gen/sources_1/bd/design_1/ip/design_1_axi_smc_0/bd_0/ip/ip_12/bd_afc3_swn_0_clocks.xdc] for cell 'design_1_i/axi_smc/inst/s00_nodes/s00_w_node/inst'
INFO: [Project 1-236] Implementation specific constraints were found while reading constraint file [c:/Sadat_files/Academics/Current_Term/COMP3601/Project/project_repo/COMP3601_Project_Audio_tuner/Lab3.gen/sources_1/bd/design_1/ip/design_1_axi_smc_0/bd_0/ip/ip_12/bd_afc3_swn_0_clocks.xdc]. These constraints will be ignored for synthesis but will be used in implementation. Impacted constraints are listed in the file [.Xil/design_1_wrapper_propImpl.xdc].
Resolution: To avoid this warning, move constraints listed in [.Xil/design_1_wrapper_propImpl.xdc] to another XDC file and exclude this new file from synthesis with the used_in_synthesis property (File Properties dialog in GUI) and re-run elaboration/synthesis.
Parsing XDC File [c:/Sadat_files/Academics/Current_Term/COMP3601/Project/project_repo/COMP3601_Project_Audio_tuner/Lab3.gen/sources_1/bd/design_1/ip/design_1_axi_smc_0/bd_0/ip/ip_13/bd_afc3_sbn_0_clocks.xdc] for cell 'design_1_i/axi_smc/inst/s00_nodes/s00_b_node/inst'
Finished Parsing XDC File [c:/Sadat_files/Academics/Current_Term/COMP3601/Project/project_repo/COMP3601_Project_Audio_tuner/Lab3.gen/sources_1/bd/design_1/ip/design_1_axi_smc_0/bd_0/ip/ip_13/bd_afc3_sbn_0_clocks.xdc] for cell 'design_1_i/axi_smc/inst/s00_nodes/s00_b_node/inst'
INFO: [Project 1-236] Implementation specific constraints were found while reading constraint file [c:/Sadat_files/Academics/Current_Term/COMP3601/Project/project_repo/COMP3601_Project_Audio_tuner/Lab3.gen/sources_1/bd/design_1/ip/design_1_axi_smc_0/bd_0/ip/ip_13/bd_afc3_sbn_0_clocks.xdc]. These constraints will be ignored for synthesis but will be used in implementation. Impacted constraints are listed in the file [.Xil/design_1_wrapper_propImpl.xdc].
Resolution: To avoid this warning, move constraints listed in [.Xil/design_1_wrapper_propImpl.xdc] to another XDC file and exclude this new file from synthesis with the used_in_synthesis property (File Properties dialog in GUI) and re-run elaboration/synthesis.
Parsing XDC File [c:/Sadat_files/Academics/Current_Term/COMP3601/Project/project_repo/COMP3601_Project_Audio_tuner/Lab3.gen/sources_1/bd/design_1/ip/design_1_axi_smc_0/bd_0/ip/ip_18/bd_afc3_sarn_0_clocks.xdc] for cell 'design_1_i/axi_smc/inst/s01_nodes/s01_ar_node/inst'
Finished Parsing XDC File [c:/Sadat_files/Academics/Current_Term/COMP3601/Project/project_repo/COMP3601_Project_Audio_tuner/Lab3.gen/sources_1/bd/design_1/ip/design_1_axi_smc_0/bd_0/ip/ip_18/bd_afc3_sarn_0_clocks.xdc] for cell 'design_1_i/axi_smc/inst/s01_nodes/s01_ar_node/inst'
INFO: [Project 1-236] Implementation specific constraints were found while reading constraint file [c:/Sadat_files/Academics/Current_Term/COMP3601/Project/project_repo/COMP3601_Project_Audio_tuner/Lab3.gen/sources_1/bd/design_1/ip/design_1_axi_smc_0/bd_0/ip/ip_18/bd_afc3_sarn_0_clocks.xdc]. These constraints will be ignored for synthesis but will be used in implementation. Impacted constraints are listed in the file [.Xil/design_1_wrapper_propImpl.xdc].
Resolution: To avoid this warning, move constraints listed in [.Xil/design_1_wrapper_propImpl.xdc] to another XDC file and exclude this new file from synthesis with the used_in_synthesis property (File Properties dialog in GUI) and re-run elaboration/synthesis.
Parsing XDC File [c:/Sadat_files/Academics/Current_Term/COMP3601/Project/project_repo/COMP3601_Project_Audio_tuner/Lab3.gen/sources_1/bd/design_1/ip/design_1_axi_smc_0/bd_0/ip/ip_19/bd_afc3_srn_0_clocks.xdc] for cell 'design_1_i/axi_smc/inst/s01_nodes/s01_r_node/inst'
Finished Parsing XDC File [c:/Sadat_files/Academics/Current_Term/COMP3601/Project/project_repo/COMP3601_Project_Audio_tuner/Lab3.gen/sources_1/bd/design_1/ip/design_1_axi_smc_0/bd_0/ip/ip_19/bd_afc3_srn_0_clocks.xdc] for cell 'design_1_i/axi_smc/inst/s01_nodes/s01_r_node/inst'
INFO: [Project 1-236] Implementation specific constraints were found while reading constraint file [c:/Sadat_files/Academics/Current_Term/COMP3601/Project/project_repo/COMP3601_Project_Audio_tuner/Lab3.gen/sources_1/bd/design_1/ip/design_1_axi_smc_0/bd_0/ip/ip_19/bd_afc3_srn_0_clocks.xdc]. These constraints will be ignored for synthesis but will be used in implementation. Impacted constraints are listed in the file [.Xil/design_1_wrapper_propImpl.xdc].
Resolution: To avoid this warning, move constraints listed in [.Xil/design_1_wrapper_propImpl.xdc] to another XDC file and exclude this new file from synthesis with the used_in_synthesis property (File Properties dialog in GUI) and re-run elaboration/synthesis.
Parsing XDC File [c:/Sadat_files/Academics/Current_Term/COMP3601/Project/project_repo/COMP3601_Project_Audio_tuner/Lab3.gen/sources_1/bd/design_1/ip/design_1_axi_smc_0/bd_0/ip/ip_21/bd_afc3_m00arn_0_clocks.xdc] for cell 'design_1_i/axi_smc/inst/m00_nodes/m00_ar_node/inst'
Finished Parsing XDC File [c:/Sadat_files/Academics/Current_Term/COMP3601/Project/project_repo/COMP3601_Project_Audio_tuner/Lab3.gen/sources_1/bd/design_1/ip/design_1_axi_smc_0/bd_0/ip/ip_21/bd_afc3_m00arn_0_clocks.xdc] for cell 'design_1_i/axi_smc/inst/m00_nodes/m00_ar_node/inst'
INFO: [Project 1-236] Implementation specific constraints were found while reading constraint file [c:/Sadat_files/Academics/Current_Term/COMP3601/Project/project_repo/COMP3601_Project_Audio_tuner/Lab3.gen/sources_1/bd/design_1/ip/design_1_axi_smc_0/bd_0/ip/ip_21/bd_afc3_m00arn_0_clocks.xdc]. These constraints will be ignored for synthesis but will be used in implementation. Impacted constraints are listed in the file [.Xil/design_1_wrapper_propImpl.xdc].
Resolution: To avoid this warning, move constraints listed in [.Xil/design_1_wrapper_propImpl.xdc] to another XDC file and exclude this new file from synthesis with the used_in_synthesis property (File Properties dialog in GUI) and re-run elaboration/synthesis.
Parsing XDC File [c:/Sadat_files/Academics/Current_Term/COMP3601/Project/project_repo/COMP3601_Project_Audio_tuner/Lab3.gen/sources_1/bd/design_1/ip/design_1_axi_smc_0/bd_0/ip/ip_22/bd_afc3_m00rn_0_clocks.xdc] for cell 'design_1_i/axi_smc/inst/m00_nodes/m00_r_node/inst'
Finished Parsing XDC File [c:/Sadat_files/Academics/Current_Term/COMP3601/Project/project_repo/COMP3601_Project_Audio_tuner/Lab3.gen/sources_1/bd/design_1/ip/design_1_axi_smc_0/bd_0/ip/ip_22/bd_afc3_m00rn_0_clocks.xdc] for cell 'design_1_i/axi_smc/inst/m00_nodes/m00_r_node/inst'
INFO: [Project 1-236] Implementation specific constraints were found while reading constraint file [c:/Sadat_files/Academics/Current_Term/COMP3601/Project/project_repo/COMP3601_Project_Audio_tuner/Lab3.gen/sources_1/bd/design_1/ip/design_1_axi_smc_0/bd_0/ip/ip_22/bd_afc3_m00rn_0_clocks.xdc]. These constraints will be ignored for synthesis but will be used in implementation. Impacted constraints are listed in the file [.Xil/design_1_wrapper_propImpl.xdc].
Resolution: To avoid this warning, move constraints listed in [.Xil/design_1_wrapper_propImpl.xdc] to another XDC file and exclude this new file from synthesis with the used_in_synthesis property (File Properties dialog in GUI) and re-run elaboration/synthesis.
Parsing XDC File [c:/Sadat_files/Academics/Current_Term/COMP3601/Project/project_repo/COMP3601_Project_Audio_tuner/Lab3.gen/sources_1/bd/design_1/ip/design_1_axi_smc_0/bd_0/ip/ip_23/bd_afc3_m00awn_0_clocks.xdc] for cell 'design_1_i/axi_smc/inst/m00_nodes/m00_aw_node/inst'
Finished Parsing XDC File [c:/Sadat_files/Academics/Current_Term/COMP3601/Project/project_repo/COMP3601_Project_Audio_tuner/Lab3.gen/sources_1/bd/design_1/ip/design_1_axi_smc_0/bd_0/ip/ip_23/bd_afc3_m00awn_0_clocks.xdc] for cell 'design_1_i/axi_smc/inst/m00_nodes/m00_aw_node/inst'
INFO: [Project 1-236] Implementation specific constraints were found while reading constraint file [c:/Sadat_files/Academics/Current_Term/COMP3601/Project/project_repo/COMP3601_Project_Audio_tuner/Lab3.gen/sources_1/bd/design_1/ip/design_1_axi_smc_0/bd_0/ip/ip_23/bd_afc3_m00awn_0_clocks.xdc]. These constraints will be ignored for synthesis but will be used in implementation. Impacted constraints are listed in the file [.Xil/design_1_wrapper_propImpl.xdc].
Resolution: To avoid this warning, move constraints listed in [.Xil/design_1_wrapper_propImpl.xdc] to another XDC file and exclude this new file from synthesis with the used_in_synthesis property (File Properties dialog in GUI) and re-run elaboration/synthesis.
Parsing XDC File [c:/Sadat_files/Academics/Current_Term/COMP3601/Project/project_repo/COMP3601_Project_Audio_tuner/Lab3.gen/sources_1/bd/design_1/ip/design_1_axi_smc_0/bd_0/ip/ip_24/bd_afc3_m00wn_0_clocks.xdc] for cell 'design_1_i/axi_smc/inst/m00_nodes/m00_w_node/inst'
Finished Parsing XDC File [c:/Sadat_files/Academics/Current_Term/COMP3601/Project/project_repo/COMP3601_Project_Audio_tuner/Lab3.gen/sources_1/bd/design_1/ip/design_1_axi_smc_0/bd_0/ip/ip_24/bd_afc3_m00wn_0_clocks.xdc] for cell 'design_1_i/axi_smc/inst/m00_nodes/m00_w_node/inst'
INFO: [Project 1-236] Implementation specific constraints were found while reading constraint file [c:/Sadat_files/Academics/Current_Term/COMP3601/Project/project_repo/COMP3601_Project_Audio_tuner/Lab3.gen/sources_1/bd/design_1/ip/design_1_axi_smc_0/bd_0/ip/ip_24/bd_afc3_m00wn_0_clocks.xdc]. These constraints will be ignored for synthesis but will be used in implementation. Impacted constraints are listed in the file [.Xil/design_1_wrapper_propImpl.xdc].
Resolution: To avoid this warning, move constraints listed in [.Xil/design_1_wrapper_propImpl.xdc] to another XDC file and exclude this new file from synthesis with the used_in_synthesis property (File Properties dialog in GUI) and re-run elaboration/synthesis.
Parsing XDC File [c:/Sadat_files/Academics/Current_Term/COMP3601/Project/project_repo/COMP3601_Project_Audio_tuner/Lab3.gen/sources_1/bd/design_1/ip/design_1_axi_smc_0/bd_0/ip/ip_25/bd_afc3_m00bn_0_clocks.xdc] for cell 'design_1_i/axi_smc/inst/m00_nodes/m00_b_node/inst'
Finished Parsing XDC File [c:/Sadat_files/Academics/Current_Term/COMP3601/Project/project_repo/COMP3601_Project_Audio_tuner/Lab3.gen/sources_1/bd/design_1/ip/design_1_axi_smc_0/bd_0/ip/ip_25/bd_afc3_m00bn_0_clocks.xdc] for cell 'design_1_i/axi_smc/inst/m00_nodes/m00_b_node/inst'
INFO: [Project 1-236] Implementation specific constraints were found while reading constraint file [c:/Sadat_files/Academics/Current_Term/COMP3601/Project/project_repo/COMP3601_Project_Audio_tuner/Lab3.gen/sources_1/bd/design_1/ip/design_1_axi_smc_0/bd_0/ip/ip_25/bd_afc3_m00bn_0_clocks.xdc]. These constraints will be ignored for synthesis but will be used in implementation. Impacted constraints are listed in the file [.Xil/design_1_wrapper_propImpl.xdc].
Resolution: To avoid this warning, move constraints listed in [.Xil/design_1_wrapper_propImpl.xdc] to another XDC file and exclude this new file from synthesis with the used_in_synthesis property (File Properties dialog in GUI) and re-run elaboration/synthesis.
Parsing XDC File [c:/Sadat_files/Academics/Current_Term/COMP3601/Project/project_repo/COMP3601_Project_Audio_tuner/Lab3.gen/sources_1/bd/design_1/ip/design_1_axi_smc_0/smartconnect.xdc] for cell 'design_1_i/axi_smc/inst'
Finished Parsing XDC File [c:/Sadat_files/Academics/Current_Term/COMP3601/Project/project_repo/COMP3601_Project_Audio_tuner/Lab3.gen/sources_1/bd/design_1/ip/design_1_axi_smc_0/smartconnect.xdc] for cell 'design_1_i/axi_smc/inst'
INFO: [Project 1-236] Implementation specific constraints were found while reading constraint file [c:/Sadat_files/Academics/Current_Term/COMP3601/Project/project_repo/COMP3601_Project_Audio_tuner/Lab3.gen/sources_1/bd/design_1/ip/design_1_axi_smc_0/smartconnect.xdc]. These constraints will be ignored for synthesis but will be used in implementation. Impacted constraints are listed in the file [.Xil/design_1_wrapper_propImpl.xdc].
Resolution: To avoid this warning, move constraints listed in [.Xil/design_1_wrapper_propImpl.xdc] to another XDC file and exclude this new file from synthesis with the used_in_synthesis property (File Properties dialog in GUI) and re-run elaboration/synthesis.
Parsing XDC File [c:/Sadat_files/Academics/Current_Term/COMP3601/Project/project_repo/COMP3601_Project_Audio_tuner/Lab3.gen/sources_1/bd/design_1/ip/design_1_system_ila_0_1/bd_0/ip/ip_0/ila_v6_2/constraints/ila.xdc] for cell 'design_1_i/system_ila_0/inst/ila_lib/inst'
Finished Parsing XDC File [c:/Sadat_files/Academics/Current_Term/COMP3601/Project/project_repo/COMP3601_Project_Audio_tuner/Lab3.gen/sources_1/bd/design_1/ip/design_1_system_ila_0_1/bd_0/ip/ip_0/ila_v6_2/constraints/ila.xdc] for cell 'design_1_i/system_ila_0/inst/ila_lib/inst'
INFO: [Project 1-236] Implementation specific constraints were found while reading constraint file [c:/Sadat_files/Academics/Current_Term/COMP3601/Project/project_repo/COMP3601_Project_Audio_tuner/Lab3.gen/sources_1/bd/design_1/ip/design_1_system_ila_0_1/bd_0/ip/ip_0/ila_v6_2/constraints/ila.xdc]. These constraints will be ignored for synthesis but will be used in implementation. Impacted constraints are listed in the file [.Xil/design_1_wrapper_propImpl.xdc].
Resolution: To avoid this warning, move constraints listed in [.Xil/design_1_wrapper_propImpl.xdc] to another XDC file and exclude this new file from synthesis with the used_in_synthesis property (File Properties dialog in GUI) and re-run elaboration/synthesis.
Parsing XDC File [c:/Sadat_files/Academics/Current_Term/COMP3601/Project/project_repo/COMP3601_Project_Audio_tuner/Lab3.gen/sources_1/bd/design_1/ip/design_1_system_ila_0_1/bd_0/ip/ip_2/bd_36cd_slot_0_apcs_0.xdc] for cell 'design_1_i/system_ila_0/inst/slot_0_apcs/inst'
Finished Parsing XDC File [c:/Sadat_files/Academics/Current_Term/COMP3601/Project/project_repo/COMP3601_Project_Audio_tuner/Lab3.gen/sources_1/bd/design_1/ip/design_1_system_ila_0_1/bd_0/ip/ip_2/bd_36cd_slot_0_apcs_0.xdc] for cell 'design_1_i/system_ila_0/inst/slot_0_apcs/inst'
Parsing XDC File [C:/Sadat_files/Academics/Current_Term/COMP3601/Project/project_repo/COMP3601_Project_Audio_tuner/Lab3.srcs/constrs_1/imports/COMP3601/kria-constraints.xdc]
WARNING: [Vivado 12-4702] SLEW is not a supported property on input port(s). Setting is ignored. [C:/Sadat_files/Academics/Current_Term/COMP3601/Project/project_repo/COMP3601_Project_Audio_tuner/Lab3.srcs/constrs_1/imports/COMP3601/kria-constraints.xdc:35]
WARNING: [Vivado 12-4702] SLEW is not a supported property on input port(s). Setting is ignored. [C:/Sadat_files/Academics/Current_Term/COMP3601/Project/project_repo/COMP3601_Project_Audio_tuner/Lab3.srcs/constrs_1/imports/COMP3601/kria-constraints.xdc:39]
WARNING: [Vivado 12-4702] DRIVE is not a supported property on input port(s). Setting is ignored. [C:/Sadat_files/Academics/Current_Term/COMP3601/Project/project_repo/COMP3601_Project_Audio_tuner/Lab3.srcs/constrs_1/imports/COMP3601/kria-constraints.xdc:45]
WARNING: [Vivado 12-4702] DRIVE is not a supported property on input port(s). Setting is ignored. [C:/Sadat_files/Academics/Current_Term/COMP3601/Project/project_repo/COMP3601_Project_Audio_tuner/Lab3.srcs/constrs_1/imports/COMP3601/kria-constraints.xdc:49]
Finished Parsing XDC File [C:/Sadat_files/Academics/Current_Term/COMP3601/Project/project_repo/COMP3601_Project_Audio_tuner/Lab3.srcs/constrs_1/imports/COMP3601/kria-constraints.xdc]
INFO: [Project 1-236] Implementation specific constraints were found while reading constraint file [C:/Sadat_files/Academics/Current_Term/COMP3601/Project/project_repo/COMP3601_Project_Audio_tuner/Lab3.srcs/constrs_1/imports/COMP3601/kria-constraints.xdc]. These constraints will be ignored for synthesis but will be used in implementation. Impacted constraints are listed in the file [.Xil/design_1_wrapper_propImpl.xdc].
Resolution: To avoid this warning, move constraints listed in [.Xil/design_1_wrapper_propImpl.xdc] to another XDC file and exclude this new file from synthesis with the used_in_synthesis property (File Properties dialog in GUI) and re-run elaboration/synthesis.
Parsing XDC File [C:/Sadat_files/Academics/Current_Term/COMP3601/Project/project_repo/COMP3601_Project_Audio_tuner/Lab3.runs/synth_1/dont_touch.xdc]
Finished Parsing XDC File [C:/Sadat_files/Academics/Current_Term/COMP3601/Project/project_repo/COMP3601_Project_Audio_tuner/Lab3.runs/synth_1/dont_touch.xdc]
INFO: [Project 1-236] Implementation specific constraints were found while reading constraint file [C:/Sadat_files/Academics/Current_Term/COMP3601/Project/project_repo/COMP3601_Project_Audio_tuner/Lab3.runs/synth_1/dont_touch.xdc]. These constraints will be ignored for synthesis but will be used in implementation. Impacted constraints are listed in the file [.Xil/design_1_wrapper_propImpl.xdc].
Resolution: To avoid this warning, move constraints listed in [.Xil/design_1_wrapper_propImpl.xdc] to another XDC file and exclude this new file from synthesis with the used_in_synthesis property (File Properties dialog in GUI) and re-run elaboration/synthesis.
Parsing XDC File [c:/Sadat_files/Academics/Current_Term/COMP3601/Project/project_repo/COMP3601_Project_Audio_tuner/Lab3.gen/sources_1/bd/design_1/ip/design_1_axi_dma_0_0/design_1_axi_dma_0_0_clocks.xdc] for cell 'design_1_i/axi_dma_0/U0'
Finished Parsing XDC File [c:/Sadat_files/Academics/Current_Term/COMP3601/Project/project_repo/COMP3601_Project_Audio_tuner/Lab3.gen/sources_1/bd/design_1/ip/design_1_axi_dma_0_0/design_1_axi_dma_0_0_clocks.xdc] for cell 'design_1_i/axi_dma_0/U0'
INFO: [Project 1-236] Implementation specific constraints were found while reading constraint file [C:/Xilinx/Vivado/2024.1/data/ip/xpm/xpm_fifo/tcl/xpm_fifo_rst.tcl]. These constraints will be ignored for synthesis but will be used in implementation. Impacted constraints are listed in the file [.Xil/design_1_wrapper_propImpl.xdc].
Resolution: To avoid this warning, move constraints listed in [.Xil/design_1_wrapper_propImpl.xdc] to another XDC file and exclude this new file from synthesis with the used_in_synthesis property (File Properties dialog in GUI) and re-run elaboration/synthesis.
INFO: [Project 1-236] Implementation specific constraints were found while reading constraint file [C:/Xilinx/Vivado/2024.1/data/ip/xpm/xpm_memory/tcl/xpm_memory_xdc.tcl]. These constraints will be ignored for synthesis but will be used in implementation. Impacted constraints are listed in the file [.Xil/design_1_wrapper_propImpl.xdc].
Resolution: To avoid this warning, move constraints listed in [.Xil/design_1_wrapper_propImpl.xdc] to another XDC file and exclude this new file from synthesis with the used_in_synthesis property (File Properties dialog in GUI) and re-run elaboration/synthesis.
INFO: [Project 1-1714] 58 XPM XDC files have been applied to the design.
Completed Processing XDC Constraints

Netlist sorting complete. Time (s): cpu = 00:00:00 ; elapsed = 00:00:00.031 . Memory (MB): peak = 3114.883 ; gain = 0.000
INFO: [Project 1-111] Unisim Transformation Summary:
  A total of 112 instances were transformed.
  CFGLUT5 => CFGLUT5 (SRL16E, SRLC32E): 64 instances
  CFGLUT5 => SRLC32E: 10 instances
  FDR => FDRE: 36 instances
  SRL16 => SRL16E: 2 instances

Constraint Validation Runtime : Time (s): cpu = 00:00:01 ; elapsed = 00:00:00.735 . Memory (MB): peak = 3114.883 ; gain = 0.000
INFO: [Designutils 20-5440] No compile time benefit to using incremental synthesis; A full resynthesis will be run
INFO: [Designutils 20-4379] Flow is switching to default flow due to incremental criteria not met. If you would like to alter this behaviour and have the flow terminate instead, please set the following parameter config_implementation {autoIncr.Synth.RejectBehavior Terminate}
---------------------------------------------------------------------------------
Finished Constraint Validation : Time (s): cpu = 00:01:41 ; elapsed = 00:01:49 . Memory (MB): peak = 3115.223 ; gain = 1471.547
---------------------------------------------------------------------------------
---------------------------------------------------------------------------------
Start Loading Part and Timing Information
---------------------------------------------------------------------------------
Loading part: xck26-sfvc784-2LV-c
INFO: [Synth 8-6742] Reading net delay rules and data
---------------------------------------------------------------------------------
Finished Loading Part and Timing Information : Time (s): cpu = 00:01:41 ; elapsed = 00:01:49 . Memory (MB): peak = 3115.223 ; gain = 1471.547
---------------------------------------------------------------------------------
---------------------------------------------------------------------------------
Start Applying 'set_property' XDC Constraints
---------------------------------------------------------------------------------
Applied set_property DONT_TOUCH = true for design_1_i/zynq_ultra_ps_e_0/inst/PS8_i. (constraint file  c:/Sadat_files/Academics/Current_Term/COMP3601/Project/project_repo/COMP3601_Project_Audio_tuner/Lab3.gen/sources_1/bd/design_1/ip/design_1_zynq_ultra_ps_e_0_0/design_1_zynq_ultra_ps_e_0_0.xdc, line 26).
Applied set_property mark_debug = true for design_1_i/system_ila_0/inst/slot_0_apcs/inst/pc_status[31]. (constraint file  c:/Sadat_files/Academics/Current_Term/COMP3601/Project/project_repo/COMP3601_Project_Audio_tuner/Lab3.gen/sources_1/bd/design_1/ip/design_1_system_ila_0_1/bd_0/ip/ip_2/bd_36cd_slot_0_apcs_0.xdc, line 2).
Applied set_property mark_debug = true for design_1_i/system_ila_0/inst/slot_0_apcs/inst/pc_status_i. (constraint file  c:/Sadat_files/Academics/Current_Term/COMP3601/Project/project_repo/COMP3601_Project_Audio_tuner/Lab3.gen/sources_1/bd/design_1/ip/design_1_system_ila_0_1/bd_0/ip/ip_2/bd_36cd_slot_0_apcs_0.xdc, line 2).
Applied set_property mark_debug = true for design_1_i/system_ila_0/inst/slot_0_apcs/inst/pc_status0[31]. (constraint file  c:/Sadat_files/Academics/Current_Term/COMP3601/Project/project_repo/COMP3601_Project_Audio_tuner/Lab3.gen/sources_1/bd/design_1/ip/design_1_system_ila_0_1/bd_0/ip/ip_2/bd_36cd_slot_0_apcs_0.xdc, line 2).
Applied set_property KEEP_HIERARCHY = SOFT for design_1_i/zynq_ultra_ps_e_0/inst. (constraint file  C:/Sadat_files/Academics/Current_Term/COMP3601/Project/project_repo/COMP3601_Project_Audio_tuner/Lab3.runs/synth_1/dont_touch.xdc, line 150).
Applied set_property KEEP_HIERARCHY = SOFT for design_1_i/axi_dma_0/U0. (constraint file  C:/Sadat_files/Academics/Current_Term/COMP3601/Project/project_repo/COMP3601_Project_Audio_tuner/Lab3.runs/synth_1/dont_touch.xdc, line 153).
Applied set_property KEEP_HIERARCHY = SOFT for design_1_i/rst_ps8_0_99M/U0. (constraint file  C:/Sadat_files/Academics/Current_Term/COMP3601/Project/project_repo/COMP3601_Project_Audio_tuner/Lab3.runs/synth_1/dont_touch.xdc, line 159).
Applied set_property KEEP_HIERARCHY = SOFT for design_1_i/axi_smc/inst. (constraint file  C:/Sadat_files/Academics/Current_Term/COMP3601/Project/project_repo/COMP3601_Project_Audio_tuner/Lab3.runs/synth_1/dont_touch.xdc, line 239).
Applied set_property KEEP_HIERARCHY = SOFT for design_1_i/system_ila_0/inst/ila_lib/inst. (constraint file  C:/Sadat_files/Academics/Current_Term/COMP3601/Project/project_repo/COMP3601_Project_Audio_tuner/Lab3.runs/synth_1/dont_touch.xdc, line 242).
Applied set_property KEEP_HIERARCHY = SOFT for design_1_i/system_ila_0/inst/slot_0_apcs/inst. (constraint file  C:/Sadat_files/Academics/Current_Term/COMP3601/Project/project_repo/COMP3601_Project_Audio_tuner/Lab3.runs/synth_1/dont_touch.xdc, line 250).
Applied set_property KEEP_HIERARCHY = SOFT for design_1_i/ps8_0_axi_periph/s00_couplers/auto_ds/inst. (constraint file  C:/Sadat_files/Academics/Current_Term/COMP3601/Project/project_repo/COMP3601_Project_Audio_tuner/Lab3.runs/synth_1/dont_touch.xdc, line 257).
Applied set_property KEEP_HIERARCHY = SOFT for design_1_i/ps8_0_axi_periph/s01_couplers/auto_ds/inst. (constraint file  C:/Sadat_files/Academics/Current_Term/COMP3601/Project/project_repo/COMP3601_Project_Audio_tuner/Lab3.runs/synth_1/dont_touch.xdc, line 264).
Applied set_property KEEP_HIERARCHY = SOFT for design_1_i. (constraint file  auto generated constraint).
Applied set_property KEEP_HIERARCHY = SOFT for design_1_i/zynq_ultra_ps_e_0. (constraint file  auto generated constraint).
Applied set_property KEEP_HIERARCHY = SOFT for design_1_i/axi_dma_0. (constraint file  auto generated constraint).
Applied set_property KEEP_HIERARCHY = SOFT for design_1_i/audio_pipeline_0. (constraint file  auto generated constraint).
Applied set_property KEEP_HIERARCHY = SOFT for design_1_i/ps8_0_axi_periph/xbar. (constraint file  auto generated constraint).
Applied set_property KEEP_HIERARCHY = SOFT for design_1_i/ps8_0_axi_periph/s00_couplers/auto_ds. (constraint file  auto generated constraint).
Applied set_property KEEP_HIERARCHY = SOFT for design_1_i/ps8_0_axi_periph/s00_couplers/auto_pc. (constraint file  auto generated constraint).
Applied set_property KEEP_HIERARCHY = SOFT for design_1_i/ps8_0_axi_periph/s01_couplers/auto_ds. (constraint file  auto generated constraint).
Applied set_property KEEP_HIERARCHY = SOFT for design_1_i/ps8_0_axi_periph/s01_couplers/auto_pc. (constraint file  auto generated constraint).
Applied set_property KEEP_HIERARCHY = SOFT for design_1_i/ps8_0_axi_periph. (constraint file  auto generated constraint).
Applied set_property KEEP_HIERARCHY = SOFT for design_1_i/rst_ps8_0_99M. (constraint file  auto generated constraint).
Applied set_property KEEP_HIERARCHY = SOFT for design_1_i/axi_smc. (constraint file  auto generated constraint).
Applied set_property KEEP_HIERARCHY = SOFT for design_1_i/axi_gpio_0. (constraint file  auto generated constraint).
Applied set_property KEEP_HIERARCHY = SOFT for design_1_i/amplifier_pipeline_0. (constraint file  auto generated constraint).
Applied set_property KEEP_HIERARCHY = SOFT for design_1_i/system_ila_0. (constraint file  auto generated constraint).
Applied set_property KEEP_HIERARCHY = SOFT for design_1_i/system_ila_0/inst. (constraint file  auto generated constraint).
Applied set_property KEEP_HIERARCHY = SOFT for design_1_i/system_ila_0/inst/ila_lib. (constraint file  auto generated constraint).
Applied set_property KEEP_HIERARCHY = SOFT for design_1_i/system_ila_0/inst/g_inst. (constraint file  auto generated constraint).
Applied set_property KEEP_HIERARCHY = SOFT for design_1_i/system_ila_0/inst/slot_0_apcs. (constraint file  auto generated constraint).
Applied set_property KEEP_HIERARCHY = SOFT for design_1_i/axi_smc/inst/m00_nodes/m00_ar_node/inst/m_sc_xpm_cdc_async_rst_inst. (constraint file  auto generated constraint).
Applied set_property KEEP_HIERARCHY = SOFT for design_1_i/axi_smc/inst/m00_nodes/m00_aw_node/inst/m_sc_xpm_cdc_async_rst_inst. (constraint file  auto generated constraint).
Applied set_property KEEP_HIERARCHY = SOFT for design_1_i/axi_smc/inst/m00_nodes/m00_b_node/inst/m_sc_xpm_cdc_async_rst_inst. (constraint file  auto generated constraint).
Applied set_property KEEP_HIERARCHY = SOFT for design_1_i/axi_smc/inst/m00_nodes/m00_r_node/inst/m_sc_xpm_cdc_async_rst_inst. (constraint file  auto generated constraint).
Applied set_property KEEP_HIERARCHY = SOFT for design_1_i/axi_smc/inst/m00_nodes/m00_w_node/inst/m_sc_xpm_cdc_async_rst_inst. (constraint file  auto generated constraint).
Applied set_property KEEP_HIERARCHY = SOFT for design_1_i/axi_smc/inst/s00_nodes/s00_aw_node/inst/m_sc_xpm_cdc_async_rst_inst. (constraint file  auto generated constraint).
Applied set_property KEEP_HIERARCHY = SOFT for design_1_i/axi_smc/inst/s00_nodes/s00_b_node/inst/m_sc_xpm_cdc_async_rst_inst. (constraint file  auto generated constraint).
Applied set_property KEEP_HIERARCHY = SOFT for design_1_i/axi_smc/inst/s00_nodes/s00_w_node/inst/m_sc_xpm_cdc_async_rst_inst. (constraint file  auto generated constraint).
Applied set_property KEEP_HIERARCHY = SOFT for design_1_i/axi_smc/inst/s01_nodes/s01_ar_node/inst/m_sc_xpm_cdc_async_rst_inst. (constraint file  auto generated constraint).
Applied set_property KEEP_HIERARCHY = SOFT for design_1_i/axi_smc/inst/s01_nodes/s01_r_node/inst/m_sc_xpm_cdc_async_rst_inst. (constraint file  auto generated constraint).
Applied set_property KEEP_HIERARCHY = SOFT for design_1_i/axi_smc/inst/m00_nodes/m00_ar_node/inst/s_sc_xpm_cdc_async_rst_inst. (constraint file  auto generated constraint).
Applied set_property KEEP_HIERARCHY = SOFT for design_1_i/axi_smc/inst/m00_nodes/m00_aw_node/inst/s_sc_xpm_cdc_async_rst_inst. (constraint file  auto generated constraint).
Applied set_property KEEP_HIERARCHY = SOFT for design_1_i/axi_smc/inst/m00_nodes/m00_b_node/inst/s_sc_xpm_cdc_async_rst_inst. (constraint file  auto generated constraint).
Applied set_property KEEP_HIERARCHY = SOFT for design_1_i/axi_smc/inst/m00_nodes/m00_r_node/inst/s_sc_xpm_cdc_async_rst_inst. (constraint file  auto generated constraint).
Applied set_property KEEP_HIERARCHY = SOFT for design_1_i/axi_smc/inst/m00_nodes/m00_w_node/inst/s_sc_xpm_cdc_async_rst_inst. (constraint file  auto generated constraint).
Applied set_property KEEP_HIERARCHY = SOFT for design_1_i/axi_smc/inst/s00_nodes/s00_aw_node/inst/s_sc_xpm_cdc_async_rst_inst. (constraint file  auto generated constraint).
Applied set_property KEEP_HIERARCHY = SOFT for design_1_i/axi_smc/inst/s00_nodes/s00_b_node/inst/s_sc_xpm_cdc_async_rst_inst. (constraint file  auto generated constraint).
Applied set_property KEEP_HIERARCHY = SOFT for design_1_i/axi_smc/inst/s00_nodes/s00_w_node/inst/s_sc_xpm_cdc_async_rst_inst. (constraint file  auto generated constraint).
Applied set_property KEEP_HIERARCHY = SOFT for design_1_i/axi_smc/inst/s01_nodes/s01_ar_node/inst/s_sc_xpm_cdc_async_rst_inst. (constraint file  auto generated constraint).
Applied set_property KEEP_HIERARCHY = SOFT for design_1_i/axi_smc/inst/s01_nodes/s01_r_node/inst/s_sc_xpm_cdc_async_rst_inst. (constraint file  auto generated constraint).
Applied set_property KEEP_HIERARCHY = SOFT for design_1_i/axi_smc/inst/m00_exit_pipeline/m00_exit/inst/xpm_cdc_async_rst_inst. (constraint file  auto generated constraint).
Applied set_property KEEP_HIERARCHY = SOFT for design_1_i/axi_smc/inst/s00_entry_pipeline/s00_mmu/inst/xpm_cdc_async_rst_inst. (constraint file  auto generated constraint).
Applied set_property KEEP_HIERARCHY = SOFT for design_1_i/axi_smc/inst/s00_entry_pipeline/s00_si_converter/inst/xpm_cdc_async_rst_inst. (constraint file  auto generated constraint).
Applied set_property KEEP_HIERARCHY = SOFT for design_1_i/axi_smc/inst/s00_entry_pipeline/s00_transaction_regulator/inst/xpm_cdc_async_rst_inst. (constraint file  auto generated constraint).
Applied set_property KEEP_HIERARCHY = SOFT for design_1_i/axi_smc/inst/s01_entry_pipeline/s01_mmu/inst/xpm_cdc_async_rst_inst. (constraint file  auto generated constraint).
Applied set_property KEEP_HIERARCHY = SOFT for design_1_i/axi_smc/inst/s01_entry_pipeline/s01_si_converter/inst/xpm_cdc_async_rst_inst. (constraint file  auto generated constraint).
Applied set_property KEEP_HIERARCHY = SOFT for design_1_i/axi_smc/inst/s01_entry_pipeline/s01_transaction_regulator/inst/xpm_cdc_async_rst_inst. (constraint file  auto generated constraint).
Applied set_property KEEP_HIERARCHY = SOFT for design_1_i/ps8_0_axi_periph/s00_couplers/auto_ds/inst/\gen_downsizer.gen_simple_downsizer.axi_downsizer_inst /\USE_WRITE.write_addr_inst /\USE_B_CHANNEL.cmd_b_queue /inst/fifo_gen_inst/inst_fifo_gen/\gconvfifo.rf /\grf.rf /rstblk/\ngwrdrst.grst.g7serrst.gnsckt_wrst.rst_wr_reg2_inst . (constraint file  auto generated constraint).
Applied set_property KEEP_HIERARCHY = SOFT for design_1_i/ps8_0_axi_periph/s00_couplers/auto_ds/inst/\gen_downsizer.gen_simple_downsizer.axi_downsizer_inst /\USE_WRITE.write_addr_inst /cmd_queue/inst/fifo_gen_inst/inst_fifo_gen/\gconvfifo.rf /\grf.rf /rstblk/\ngwrdrst.grst.g7serrst.gnsckt_wrst.rst_wr_reg2_inst . (constraint file  auto generated constraint).
Applied set_property KEEP_HIERARCHY = SOFT for design_1_i/ps8_0_axi_periph/s00_couplers/auto_ds/inst/\gen_downsizer.gen_simple_downsizer.axi_downsizer_inst /\USE_READ.read_addr_inst /cmd_queue/inst/fifo_gen_inst/inst_fifo_gen/\gconvfifo.rf /\grf.rf /rstblk/\ngwrdrst.grst.g7serrst.gnsckt_wrst.rst_wr_reg2_inst . (constraint file  auto generated constraint).
Applied set_property KEEP_HIERARCHY = SOFT for design_1_i/ps8_0_axi_periph/s01_couplers/auto_ds/inst/\gen_downsizer.gen_simple_downsizer.axi_downsizer_inst /\USE_WRITE.write_addr_inst /\USE_B_CHANNEL.cmd_b_queue /inst/fifo_gen_inst/inst_fifo_gen/\gconvfifo.rf /\grf.rf /rstblk/\ngwrdrst.grst.g7serrst.gnsckt_wrst.rst_wr_reg2_inst . (constraint file  auto generated constraint).
Applied set_property KEEP_HIERARCHY = SOFT for design_1_i/ps8_0_axi_periph/s01_couplers/auto_ds/inst/\gen_downsizer.gen_simple_downsizer.axi_downsizer_inst /\USE_WRITE.write_addr_inst /cmd_queue/inst/fifo_gen_inst/inst_fifo_gen/\gconvfifo.rf /\grf.rf /rstblk/\ngwrdrst.grst.g7serrst.gnsckt_wrst.rst_wr_reg2_inst . (constraint file  auto generated constraint).
Applied set_property KEEP_HIERARCHY = SOFT for design_1_i/ps8_0_axi_periph/s01_couplers/auto_ds/inst/\gen_downsizer.gen_simple_downsizer.axi_downsizer_inst /\USE_READ.read_addr_inst /cmd_queue/inst/fifo_gen_inst/inst_fifo_gen/\gconvfifo.rf /\grf.rf /rstblk/\ngwrdrst.grst.g7serrst.gnsckt_wrst.rst_wr_reg2_inst . (constraint file  auto generated constraint).
Applied set_property KEEP_HIERARCHY = SOFT for design_1_i/axi_dma_0/U0/I_PRMRY_DATAMOVER/\GEN_MM2S_FULL.I_MM2S_FULL_WRAPPER /\GEN_INCLUDE_MM2S_SF.I_RD_SF /I_DATA_FIFO/\BLK_MEM.I_SYNC_FIFOGEN_FIFO /\xpm_fifo_instance.xpm_fifo_sync_inst . (constraint file  auto generated constraint).
Applied set_property KEEP_HIERARCHY = SOFT for design_1_i/axi_dma_0/U0/I_PRMRY_DATAMOVER/\GEN_S2MM_FULL.I_S2MM_FULL_WRAPPER /\GEN_ENABLE_INDET_BTT_SF.I_INDET_BTT /I_DATA_FIFO/\BLK_MEM.I_SYNC_FIFOGEN_FIFO /\xpm_fifo_instance.xpm_fifo_sync_inst . (constraint file  auto generated constraint).
Applied set_property KEEP_HIERARCHY = SOFT for design_1_i/axi_dma_0/U0/I_PRMRY_DATAMOVER/\GEN_S2MM_FULL.I_S2MM_FULL_WRAPPER /\GEN_ENABLE_INDET_BTT_SF.I_INDET_BTT /I_XD_FIFO/\NON_BLK_MEM.I_SYNC_FIFOGEN_FIFO /\xpm_fifo_instance.xpm_fifo_sync_inst . (constraint file  auto generated constraint).
Applied set_property KEEP_HIERARCHY = SOFT for design_1_i/axi_smc/inst/m00_nodes/m00_ar_node/inst/inst_mi_handler/\gen_normal_area.gen_node_prog_full.inst_node_prog_full /\gen_xpm_memory_fifo.inst_fifo /\gen_mem_rep[0].inst_xpm_memory . (constraint file  auto generated constraint).
Applied set_property KEEP_HIERARCHY = SOFT for design_1_i/axi_smc/inst/m00_nodes/m00_aw_node/inst/inst_mi_handler/\gen_normal_area.gen_node_prog_full.inst_node_prog_full /\gen_xpm_memory_fifo.inst_fifo /\gen_mem_rep[0].inst_xpm_memory . (constraint file  auto generated constraint).
Applied set_property KEEP_HIERARCHY = SOFT for design_1_i/axi_smc/inst/m00_nodes/m00_w_node/inst/inst_mi_handler/\gen_normal_area.gen_node_prog_full.inst_node_prog_full /\gen_xpm_memory_fifo.inst_fifo /\gen_mem_rep[0].inst_xpm_memory . (constraint file  auto generated constraint).
Applied set_property KEEP_HIERARCHY = SOFT for design_1_i/axi_smc/inst/s00_nodes/s00_b_node/inst/inst_mi_handler/\gen_normal_area.gen_node_prog_full.inst_node_prog_full /\gen_xpm_memory_fifo.inst_fifo /\gen_mem_rep[0].inst_xpm_memory . (constraint file  auto generated constraint).
Applied set_property KEEP_HIERARCHY = SOFT for design_1_i/axi_smc/inst/s01_nodes/s01_r_node/inst/inst_mi_handler/\gen_normal_area.gen_node_prog_full.inst_node_prog_full /\gen_xpm_memory_fifo.inst_fifo /\gen_mem_rep[0].inst_xpm_memory . (constraint file  auto generated constraint).
Applied set_property KEEP_HIERARCHY = SOFT for design_1_i/axi_smc/inst/m00_nodes/m00_ar_node/inst/inst_mi_handler/\gen_normal_area.inst_fifo_node_payld /\gen_xpm_memory_fifo.inst_fifo /\gen_mem_rep[0].inst_xpm_memory . (constraint file  auto generated constraint).
Applied set_property KEEP_HIERARCHY = SOFT for design_1_i/axi_smc/inst/m00_nodes/m00_aw_node/inst/inst_mi_handler/\gen_normal_area.inst_fifo_node_payld /\gen_xpm_memory_fifo.inst_fifo /\gen_mem_rep[0].inst_xpm_memory . (constraint file  auto generated constraint).
Applied set_property KEEP_HIERARCHY = SOFT for design_1_i/axi_smc/inst/m00_nodes/m00_b_node/inst/inst_mi_handler/\gen_normal_area.gen_fifo_req.inst_fifo_req /\gen_xpm_memory_fifo.inst_fifo /\gen_mem_rep[0].inst_xpm_memory . (constraint file  auto generated constraint).
Applied set_property KEEP_HIERARCHY = SOFT for design_1_i/axi_smc/inst/m00_nodes/m00_r_node/inst/inst_mi_handler/\gen_normal_area.gen_fifo_req.inst_fifo_req /\gen_xpm_memory_fifo.inst_fifo /\gen_mem_rep[0].inst_xpm_memory . (constraint file  auto generated constraint).
Applied set_property KEEP_HIERARCHY = SOFT for design_1_i/axi_smc/inst/m00_nodes/m00_b_node/inst/inst_mi_handler/\gen_normal_area.inst_fifo_node_payld /\gen_xpm_memory_fifo.inst_fifo /\gen_mem_rep[0].inst_xpm_memory . (constraint file  auto generated constraint).
Applied set_property KEEP_HIERARCHY = SOFT for design_1_i/axi_smc/inst/m00_nodes/m00_r_node/inst/inst_mi_handler/\gen_normal_area.inst_fifo_node_payld /\gen_xpm_memory_fifo.inst_fifo /\gen_mem_rep[0].inst_xpm_memory . (constraint file  auto generated constraint).
Applied set_property KEEP_HIERARCHY = SOFT for design_1_i/axi_smc/inst/m00_nodes/m00_w_node/inst/inst_mi_handler/\gen_normal_area.inst_fifo_node_payld /\gen_xpm_memory_fifo.inst_fifo /\gen_mem_rep[0].inst_xpm_memory . (constraint file  auto generated constraint).
Applied set_property KEEP_HIERARCHY = SOFT for design_1_i/axi_smc/inst/m00_nodes/m00_w_node/inst/inst_si_handler/\gen_si_handler.gen_request_fifos.gen_req_fifo[0].inst_req_fifo /\gen_xpm_memory_fifo.inst_fifo /\gen_mem_rep[0].inst_xpm_memory . (constraint file  auto generated constraint).
Applied set_property KEEP_HIERARCHY = SOFT for design_1_i/axi_smc/inst/m00_nodes/m00_w_node/inst/inst_si_handler/\gen_si_handler.gen_request_fifos.gen_req_fifo[1].inst_req_fifo /\gen_xpm_memory_fifo.inst_fifo /\gen_mem_rep[0].inst_xpm_memory . (constraint file  auto generated constraint).
Applied set_property KEEP_HIERARCHY = SOFT for design_1_i/axi_smc/inst/s00_nodes/s00_aw_node/inst/inst_mi_handler/\gen_normal_area.gen_fifo_req.inst_fifo_req /\gen_xpm_memory_fifo.inst_fifo /\gen_mem_rep[0].inst_xpm_memory . (constraint file  auto generated constraint).
Applied set_property KEEP_HIERARCHY = SOFT for design_1_i/axi_smc/inst/s00_nodes/s00_w_node/inst/inst_mi_handler/\gen_normal_area.gen_fifo_req.inst_fifo_req /\gen_xpm_memory_fifo.inst_fifo /\gen_mem_rep[0].inst_xpm_memory . (constraint file  auto generated constraint).
Applied set_property KEEP_HIERARCHY = SOFT for design_1_i/axi_smc/inst/s01_nodes/s01_ar_node/inst/inst_mi_handler/\gen_normal_area.gen_fifo_req.inst_fifo_req /\gen_xpm_memory_fifo.inst_fifo /\gen_mem_rep[0].inst_xpm_memory . (constraint file  auto generated constraint).
Applied set_property KEEP_HIERARCHY = SOFT for design_1_i/axi_smc/inst/s00_nodes/s00_aw_node/inst/inst_mi_handler/\gen_normal_area.inst_fifo_node_payld /\gen_xpm_memory_fifo.inst_fifo /\gen_mem_rep[0].inst_xpm_memory . (constraint file  auto generated constraint).
Applied set_property KEEP_HIERARCHY = SOFT for design_1_i/axi_smc/inst/s01_nodes/s01_ar_node/inst/inst_mi_handler/\gen_normal_area.inst_fifo_node_payld /\gen_xpm_memory_fifo.inst_fifo /\gen_mem_rep[0].inst_xpm_memory . (constraint file  auto generated constraint).
Applied set_property KEEP_HIERARCHY = SOFT for design_1_i/axi_smc/inst/s00_nodes/s00_b_node/inst/inst_mi_handler/\gen_normal_area.inst_fifo_node_payld /\gen_xpm_memory_fifo.inst_fifo /\gen_mem_rep[0].inst_xpm_memory . (constraint file  auto generated constraint).
Applied set_property KEEP_HIERARCHY = SOFT for design_1_i/axi_smc/inst/s00_nodes/s00_w_node/inst/inst_mi_handler/\gen_normal_area.inst_fifo_node_payld /\gen_xpm_memory_fifo.inst_fifo /\gen_mem_rep[0].inst_xpm_memory . (constraint file  auto generated constraint).
Applied set_property KEEP_HIERARCHY = SOFT for design_1_i/axi_smc/inst/s01_nodes/s01_r_node/inst/inst_mi_handler/\gen_normal_area.inst_fifo_node_payld /\gen_xpm_memory_fifo.inst_fifo /\gen_mem_rep[0].inst_xpm_memory . (constraint file  auto generated constraint).
---------------------------------------------------------------------------------
Finished applying 'set_property' XDC Constraints : Time (s): cpu = 00:01:41 ; elapsed = 00:01:50 . Memory (MB): peak = 3115.223 ; gain = 1471.547
---------------------------------------------------------------------------------
INFO: [Synth 8-802] inferred FSM for state register 'fifo_state_reg' in module 'i2s_master'
INFO: [Synth 8-802] inferred FSM for state register 'smpl_cs_reg' in module 'axi_dma_smple_sm'
INFO: [Synth 8-802] inferred FSM for state register 'sig_pcc_sm_state_reg' in module 'axi_datamover_pcc'
INFO: [Synth 8-802] inferred FSM for state register 'gen_fwft.curr_fwft_state_reg' in module 'xpm_fifo_base'
INFO: [Synth 8-802] inferred FSM for state register 'sig_psm_state_reg' in module 'axi_datamover_ibttcc'
INFO: [Synth 8-802] inferred FSM for state register 'sig_csm_state_reg' in module 'axi_datamover_ibttcc'
INFO: [Synth 8-802] inferred FSM for state register 'sig_cmdcntl_sm_state_reg' in module 'axi_datamover_s2mm_realign'
INFO: [Synth 8-802] inferred FSM for state register 'gen_fwft.curr_fwft_state_reg' in module 'xpm_fifo_base__parameterized0'
INFO: [Synth 8-802] inferred FSM for state register 'gen_fwft.curr_fwft_state_reg' in module 'xpm_fifo_base__parameterized1'
INFO: [Synth 8-4490] FSM extraction disabled for register 'gen_pipelined.state_reg' through user attribute
INFO: [Synth 8-4490] FSM extraction disabled for register 'gen_pipelined.state_reg' through user attribute
INFO: [Synth 8-4490] FSM extraction disabled for register 'gen_pipelined.state_reg' through user attribute
INFO: [Synth 8-4490] FSM extraction disabled for register 'gen_AB_reg_slice.state_reg' through user attribute
INFO: [Synth 8-802] inferred FSM for state register 'gen_axi.gen_write.write_cs_reg' in module 'sc_mmu_v1_0_13_decerr_slave'
INFO: [Synth 8-4490] FSM extraction disabled for register 'gen_pipelined.state_reg' through user attribute
INFO: [Synth 8-4490] FSM extraction disabled for register 'gen_AB_reg_slice.state_reg' through user attribute
INFO: [Synth 8-802] inferred FSM for state register 'gpregsm1.curr_fwft_state_reg' in module 'fifo_generator_v13_2_10_rd_fwft'
INFO: [Synth 8-802] inferred FSM for state register 'state_reg' in module 'axi_protocol_converter_v2_1_31_b2s_wr_cmd_fsm'
INFO: [Synth 8-802] inferred FSM for state register 'state_reg' in module 'axi_protocol_converter_v2_1_31_b2s_rd_cmd_fsm'
INFO: [Synth 8-802] inferred FSM for state register 'current_state_reg' in module 'xsdbs_v1_0_4_reg_p2s'
INFO: [Synth 8-802] inferred FSM for state register 'current_state_reg' in module 'xsdbs_v1_0_4_reg_p2s__parameterized0'
INFO: [Synth 8-802] inferred FSM for state register 'current_state_reg' in module 'xsdbs_v1_0_4_reg_p2s__parameterized1'
INFO: [Synth 8-802] inferred FSM for state register 'current_state_reg' in module 'xsdbs_v1_0_4_reg_p2s__parameterized2'
INFO: [Synth 8-802] inferred FSM for state register 'current_state_reg' in module 'xsdbs_v1_0_4_reg_p2s__parameterized3'
INFO: [Synth 8-802] inferred FSM for state register 'current_state_reg' in module 'xsdbs_v1_0_4_reg_p2s__parameterized4'
INFO: [Synth 8-802] inferred FSM for state register 'current_state_reg' in module 'xsdbs_v1_0_4_reg_p2s__parameterized5'
INFO: [Synth 8-802] inferred FSM for state register 'current_state_reg' in module 'xsdbs_v1_0_4_reg_p2s__parameterized6'
INFO: [Synth 8-802] inferred FSM for state register 'current_state_reg' in module 'ltlib_v1_0_2_generic_memrd'
INFO: [Synth 8-6071] Mark debug on the nets applies keep_hierarchy on instance 'REP'. This will prevent further optimization [c:/Sadat_files/Academics/Current_Term/COMP3601/Project/project_repo/COMP3601_Project_Audio_tuner/Lab3.gen/sources_1/bd/design_1/ipshared/2acc/hdl/axis_protocol_checker_v2_0_vl_rfs.v:887]
---------------------------------------------------------------------------------------------------
                   State |                     New Encoding |                Previous Encoding 
---------------------------------------------------------------------------------------------------
              write_data |                               00 |                               00
                   reset |                               01 |                               01
                    idle |                               10 |                               10
---------------------------------------------------------------------------------------------------
INFO: [Synth 8-3354] encoded FSM with state register 'fifo_state_reg' using encoding 'sequential' in module 'i2s_master'
---------------------------------------------------------------------------------------------------
                   State |                     New Encoding |                Previous Encoding 
---------------------------------------------------------------------------------------------------
                    idle |                               00 |                               00
            execute_xfer |                               01 |                               01
             wait_status |                               10 |                               10
---------------------------------------------------------------------------------------------------
INFO: [Synth 8-3354] encoded FSM with state register 'smpl_cs_reg' using encoding 'sequential' in module 'axi_dma_smple_sm'
---------------------------------------------------------------------------------------------------
                   State |                     New Encoding |                Previous Encoding 
---------------------------------------------------------------------------------------------------
                    init |                         00000001 |                              000
            wait_for_cmd |                         00000010 |                              001
                  calc_1 |                         00000100 |                              010
                  calc_2 |                         00001000 |                              011
                  calc_3 |                         00010000 |                              100
       wait_on_xfer_push |                         00100000 |                              101
             chk_if_done |                         01000000 |                              110
              error_trap |                         10000000 |                              111
---------------------------------------------------------------------------------------------------
INFO: [Synth 8-3354] encoded FSM with state register 'sig_pcc_sm_state_reg' using encoding 'one-hot' in module 'axi_datamover_pcc'
INFO: [Synth 8-5775] Found 'rw_addr_collision' attribute set to 'no' on SDP RAM gen_wr_a.gen_word_narrow.mem_reg. Setting write mode to NO_CHANGE 
---------------------------------------------------------------------------------------------------
                   State |                     New Encoding |                Previous Encoding 
---------------------------------------------------------------------------------------------------
                 invalid |                               00 |                               00
            stage1_valid |                               01 |                               10
       both_stages_valid |                               10 |                               11
            stage2_valid |                               11 |                               01
---------------------------------------------------------------------------------------------------
INFO: [Synth 8-3354] encoded FSM with state register 'gen_fwft.curr_fwft_state_reg' using encoding 'sequential' in module 'xpm_fifo_base'
---------------------------------------------------------------------------------------------------
                   State |                     New Encoding |                Previous Encoding 
---------------------------------------------------------------------------------------------------
                 ch_init |                          0000001 |                              000
           wait_for_pcmd |                          0000010 |                              001
          ch_error_trap1 |                          0000100 |                              101
          ch_error_trap2 |                          0001000 |                              110
      ch_wait_for_sf_cmd |                          0010000 |                              010
         ch_ld_child_cmd |                          0100000 |                              011
          ch_chk_if_done |                          1000000 |                              100
---------------------------------------------------------------------------------------------------
INFO: [Synth 8-3354] encoded FSM with state register 'sig_csm_state_reg' using encoding 'one-hot' in module 'axi_datamover_ibttcc'
---------------------------------------------------------------------------------------------------
                   State |                     New Encoding |                Previous Encoding 
---------------------------------------------------------------------------------------------------
                  p_init |                              000 |                              000
          p_wait_for_cmd |                              001 |                              001
          p_ld_first_cmd |                              010 |                              010
          p_ld_child_cmd |                              011 |                              011
            p_error_trap |                              100 |                              111
           p_ld_last_cmd |                              101 |                              100
---------------------------------------------------------------------------------------------------
INFO: [Synth 8-3354] encoded FSM with state register 'sig_psm_state_reg' using encoding 'sequential' in module 'axi_datamover_ibttcc'
---------------------------------------------------------------------------------------------------
                   State |                     New Encoding |                Previous Encoding 
---------------------------------------------------------------------------------------------------
                    init |                              000 |                              000
    ld_dre_scatter_first |                              001 |                              001
           chk_pop_first |                              010 |                              010
   ld_dre_scatter_second |                              011 |                              011
              error_trap |                              100 |                              101
          chk_pop_second |                              101 |                              100
---------------------------------------------------------------------------------------------------
INFO: [Synth 8-3354] encoded FSM with state register 'sig_cmdcntl_sm_state_reg' using encoding 'sequential' in module 'axi_datamover_s2mm_realign'
INFO: [Synth 8-6904] The RAM "xpm_memory_base__parameterized0:/gen_wr_a.gen_word_narrow.mem_reg" of size (depth=16 x width=9) is automatically implemented using LUTRAM. BRAM implementation would be inefficient 
---------------------------------------------------------------------------------------------------
                   State |                     New Encoding |                Previous Encoding 
---------------------------------------------------------------------------------------------------
                 invalid |                               00 |                               00
            stage1_valid |                               01 |                               10
       both_stages_valid |                               10 |                               11
            stage2_valid |                               11 |                               01
---------------------------------------------------------------------------------------------------
INFO: [Synth 8-3354] encoded FSM with state register 'gen_fwft.curr_fwft_state_reg' using encoding 'sequential' in module 'xpm_fifo_base__parameterized0'
INFO: [Synth 8-5775] Found 'rw_addr_collision' attribute set to 'no' on SDP RAM gen_wr_a.gen_word_narrow.mem_reg. Setting write mode to NO_CHANGE 
---------------------------------------------------------------------------------------------------
                   State |                     New Encoding |                Previous Encoding 
---------------------------------------------------------------------------------------------------
                 invalid |                               00 |                               00
            stage1_valid |                               01 |                               10
       both_stages_valid |                               10 |                               11
            stage2_valid |                               11 |                               01
---------------------------------------------------------------------------------------------------
INFO: [Synth 8-3354] encoded FSM with state register 'gen_fwft.curr_fwft_state_reg' using encoding 'sequential' in module 'xpm_fifo_base__parameterized1'
---------------------------------------------------------------------------------------------------
                   State |                     New Encoding |                Previous Encoding 
---------------------------------------------------------------------------------------------------
            P_WRITE_IDLE |                              001 |                               00
            P_WRITE_DATA |                              010 |                               01
            P_WRITE_RESP |                              100 |                               10
---------------------------------------------------------------------------------------------------
INFO: [Synth 8-3354] encoded FSM with state register 'gen_axi.gen_write.write_cs_reg' using encoding 'one-hot' in module 'sc_mmu_v1_0_13_decerr_slave'
INFO: [Synth 8-6159] Found Keep on FSM register 'gpregsm1.curr_fwft_state_reg' in module 'fifo_generator_v13_2_10_rd_fwft', re-encoding will not be performed
---------------------------------------------------------------------------------------------------
                   State |                     New Encoding |                Previous Encoding 
---------------------------------------------------------------------------------------------------
                 invalid |                               00 |                               00
            stage1_valid |                               10 |                               10
       both_stages_valid |                               11 |                               11
            stage2_valid |                               01 |                               01
---------------------------------------------------------------------------------------------------
---------------------------------------------------------------------------------------------------
                   State |                     New Encoding |                Previous Encoding 
---------------------------------------------------------------------------------------------------
                 SM_IDLE |                               01 |                               00
               SM_CMD_EN |                               11 |                               01
         SM_CMD_ACCEPTED |                               10 |                               10
            SM_DONE_WAIT |                               00 |                               11
---------------------------------------------------------------------------------------------------
INFO: [Synth 8-3354] encoded FSM with state register 'state_reg' using encoding 'sequential' in module 'axi_protocol_converter_v2_1_31_b2s_wr_cmd_fsm'
---------------------------------------------------------------------------------------------------
                   State |                     New Encoding |                Previous Encoding 
---------------------------------------------------------------------------------------------------
                 SM_IDLE |                               01 |                               00
               SM_CMD_EN |                               11 |                               01
         SM_CMD_ACCEPTED |                               10 |                               10
                 SM_DONE |                               00 |                               11
---------------------------------------------------------------------------------------------------
INFO: [Synth 8-3354] encoded FSM with state register 'state_reg' using encoding 'sequential' in module 'axi_protocol_converter_v2_1_31_b2s_rd_cmd_fsm'
---------------------------------------------------------------------------------------------------
                   State |                     New Encoding |                Previous Encoding 
---------------------------------------------------------------------------------------------------
*
                    IDLE |                             0001 |                             0001
                     REG |                             0010 |                             0010
                     P2S |                             0100 |                             0100
                     S2P |                             1000 |                             1000
---------------------------------------------------------------------------------------------------
INFO: [Synth 8-3898] No Re-encoding of one hot register 'current_state_reg' in module 'xsdbs_v1_0_4_reg_p2s'
---------------------------------------------------------------------------------------------------
                   State |                     New Encoding |                Previous Encoding 
---------------------------------------------------------------------------------------------------
*
                    IDLE |                             0001 |                             0001
                     REG |                             0010 |                             0010
                     P2S |                             0100 |                             0100
                     S2P |                             1000 |                             1000
---------------------------------------------------------------------------------------------------
INFO: [Synth 8-3898] No Re-encoding of one hot register 'current_state_reg' in module 'xsdbs_v1_0_4_reg_p2s__parameterized0'
---------------------------------------------------------------------------------------------------
                   State |                     New Encoding |                Previous Encoding 
---------------------------------------------------------------------------------------------------
*
                    IDLE |                             0001 |                             0001
                     REG |                             0010 |                             0010
                     P2S |                             0100 |                             0100
                     S2P |                             1000 |                             1000
---------------------------------------------------------------------------------------------------
INFO: [Synth 8-3898] No Re-encoding of one hot register 'current_state_reg' in module 'xsdbs_v1_0_4_reg_p2s__parameterized1'
---------------------------------------------------------------------------------------------------
                   State |                     New Encoding |                Previous Encoding 
---------------------------------------------------------------------------------------------------
*
                    IDLE |                             0001 |                             0001
                     REG |                             0010 |                             0010
                     P2S |                             0100 |                             0100
                     S2P |                             1000 |                             1000
---------------------------------------------------------------------------------------------------
INFO: [Synth 8-3898] No Re-encoding of one hot register 'current_state_reg' in module 'xsdbs_v1_0_4_reg_p2s__parameterized2'
---------------------------------------------------------------------------------------------------
                   State |                     New Encoding |                Previous Encoding 
---------------------------------------------------------------------------------------------------
*
                    IDLE |                             0001 |                             0001
                     REG |                             0010 |                             0010
                     P2S |                             0100 |                             0100
                     S2P |                             1000 |                             1000
---------------------------------------------------------------------------------------------------
INFO: [Synth 8-3898] No Re-encoding of one hot register 'current_state_reg' in module 'xsdbs_v1_0_4_reg_p2s__parameterized3'
---------------------------------------------------------------------------------------------------
                   State |                     New Encoding |                Previous Encoding 
---------------------------------------------------------------------------------------------------
*
                    IDLE |                             0001 |                             0001
                     REG |                             0010 |                             0010
                     P2S |                             0100 |                             0100
                     S2P |                             1000 |                             1000
---------------------------------------------------------------------------------------------------
INFO: [Synth 8-3898] No Re-encoding of one hot register 'current_state_reg' in module 'xsdbs_v1_0_4_reg_p2s__parameterized4'
---------------------------------------------------------------------------------------------------
                   State |                     New Encoding |                Previous Encoding 
---------------------------------------------------------------------------------------------------
*
                    IDLE |                             0001 |                             0001
                     REG |                             0010 |                             0010
                     P2S |                             0100 |                             0100
                     S2P |                             1000 |                             1000
---------------------------------------------------------------------------------------------------
INFO: [Synth 8-3898] No Re-encoding of one hot register 'current_state_reg' in module 'xsdbs_v1_0_4_reg_p2s__parameterized5'
---------------------------------------------------------------------------------------------------
                   State |                     New Encoding |                Previous Encoding 
---------------------------------------------------------------------------------------------------
*
                    IDLE |                             0001 |                             0001
                     REG |                             0010 |                             0010
                     P2S |                             0100 |                             0100
                     S2P |                             1000 |                             1000
---------------------------------------------------------------------------------------------------
INFO: [Synth 8-3898] No Re-encoding of one hot register 'current_state_reg' in module 'xsdbs_v1_0_4_reg_p2s__parameterized6'
---------------------------------------------------------------------------------------------------
                   State |                     New Encoding |                Previous Encoding 
---------------------------------------------------------------------------------------------------
*
              RESET_ADDR |                          0000001 |                          0000001
            REQUEST_READ |                          0000010 |                          0000010
           WAIT_READ_ACK |                          0000100 |                          0000100
             OUTPUT_DATA |                          0001000 |                          0001000
                    IDLE |                          0010000 |                          0010000
         INCREMENT_BLOCK |                          0100000 |                          0100000
       INCREMENT_ADDRESS |                          1000000 |                          1000000
---------------------------------------------------------------------------------------------------
INFO: [Synth 8-3898] No Re-encoding of one hot register 'current_state_reg' in module 'ltlib_v1_0_2_generic_memrd'
---------------------------------------------------------------------------------
Finished RTL Optimization Phase 2 : Time (s): cpu = 00:01:52 ; elapsed = 00:02:01 . Memory (MB): peak = 3115.223 ; gain = 1471.547
---------------------------------------------------------------------------------
INFO: [Synth 8-5775] Found 'rw_addr_collision' attribute set to 'no' on SDP RAM gen_wr_a.gen_word_narrow.mem_reg. Setting write mode to NO_CHANGE 
INFO: [Synth 8-5775] Found 'rw_addr_collision' attribute set to 'no' on SDP RAM gen_wr_a.gen_word_narrow.mem_reg. Setting write mode to NO_CHANGE 
---------------------------------------------------------------------------------
Start RTL Component Statistics 
---------------------------------------------------------------------------------
---------------------------------------------------------------------------------
Finished RTL Component Statistics 
---------------------------------------------------------------------------------
---------------------------------------------------------------------------------
Start Part Resource Summary
---------------------------------------------------------------------------------
Part Resources:
DSPs: 1248 (col length:96)
BRAMs: 288 (col length: RAMB18 96 RAMB36 48)
---------------------------------------------------------------------------------
Finished Part Resource Summary
---------------------------------------------------------------------------------
---------------------------------------------------------------------------------
Start Cross Boundary and Area Optimization
---------------------------------------------------------------------------------
WARNING: [Synth 8-7080] Parallel synthesis criteria is not met
INFO: [Synth 8-6904] The RAM "design_1_i/i_0/axi_dma_0/U0/I_PRMRY_DATAMOVER/\GEN_S2MM_FULL.I_S2MM_FULL_WRAPPER /\GEN_ENABLE_INDET_BTT_SF.I_INDET_BTT/I_XD_FIFO/NON_BLK_MEM.I_SYNC_FIFOGEN_FIFO/xpm_fifo_instance.xpm_fifo_sync_inst /xpm_fifo_base_inst/\gen_sdpram.xpm_memory_base_inst /gen_wr_a.gen_word_narrow.mem_reg" of size (depth=16 x width=9) is automatically implemented using LUTRAM. BRAM implementation would be inefficient 
INFO: [Synth 8-3936] Found unconnected internal register 'INCLUDE_MM2S_SOF_EOF_GENERATOR.I_MM2S_DMA_MNGR/GEN_MM2S_DMA_CONTROL.GEN_SIMPLE_DMA_MODE.I_MM2S_SMPL_SM/GEN_CMD_BTT_LESS_23.cmnd_data_reg' and it is trimmed from '153' to '75' bits. [c:/Sadat_files/Academics/Current_Term/COMP3601/Project/project_repo/COMP3601_Project_Audio_tuner/Lab3.gen/sources_1/bd/design_1/ipshared/8830/hdl/axi_dma_v7_1_vh_rfs.vhd:12121]
INFO: [Synth 8-3936] Found unconnected internal register 'INCLUDE_S2MM_SOF_EOF_GENERATOR.I_S2MM_DMA_MNGR/GEN_S2MM_DMA_CONTROL.GEN_SIMPLE_DMA_MODE.I_S2MM_SMPL_SM/GEN_CMD_BTT_LESS_23.cmnd_data_reg' and it is trimmed from '153' to '75' bits. [c:/Sadat_files/Academics/Current_Term/COMP3601/Project/project_repo/COMP3601_Project_Audio_tuner/Lab3.gen/sources_1/bd/design_1/ipshared/8830/hdl/axi_dma_v7_1_vh_rfs.vhd:12121]
INFO: [Synth 8-3936] Found unconnected internal register 'inst/gen_axilite.gen_b2s_conv.axilite_b2s/SI_REG/aw.aw_pipe/m_payload_i_reg' and it is trimmed from '70' to '62' bits. [c:/Sadat_files/Academics/Current_Term/COMP3601/Project/project_repo/COMP3601_Project_Audio_tuner/Lab3.gen/sources_1/bd/design_1/ipshared/92b2/hdl/axi_register_slice_v2_1_vl_rfs.v:1726]
INFO: [Synth 8-3936] Found unconnected internal register 'inst/gen_axilite.gen_b2s_conv.axilite_b2s/SI_REG/b.b_pipe/m_payload_i_reg' and it is trimmed from '3' to '2' bits. [c:/Sadat_files/Academics/Current_Term/COMP3601/Project/project_repo/COMP3601_Project_Audio_tuner/Lab3.gen/sources_1/bd/design_1/ipshared/92b2/hdl/axi_register_slice_v2_1_vl_rfs.v:1726]
INFO: [Synth 8-3936] Found unconnected internal register 'inst/gen_axilite.gen_b2s_conv.axilite_b2s/SI_REG/ar.ar_pipe/m_payload_i_reg' and it is trimmed from '70' to '62' bits. [c:/Sadat_files/Academics/Current_Term/COMP3601/Project/project_repo/COMP3601_Project_Audio_tuner/Lab3.gen/sources_1/bd/design_1/ipshared/92b2/hdl/axi_register_slice_v2_1_vl_rfs.v:1726]
INFO: [Synth 8-3936] Found unconnected internal register 'inst/gen_axilite.gen_b2s_conv.axilite_b2s/SI_REG/r.r_pipe/m_payload_i_reg' and it is trimmed from '36' to '35' bits. [c:/Sadat_files/Academics/Current_Term/COMP3601/Project/project_repo/COMP3601_Project_Audio_tuner/Lab3.gen/sources_1/bd/design_1/ipshared/92b2/hdl/axi_register_slice_v2_1_vl_rfs.v:1726]
INFO: [Synth 8-3936] Found unconnected internal register 'inst/gen_axilite.gen_b2s_conv.axilite_b2s/SI_REG/aw.aw_pipe/m_payload_i_reg' and it is trimmed from '70' to '62' bits. [c:/Sadat_files/Academics/Current_Term/COMP3601/Project/project_repo/COMP3601_Project_Audio_tuner/Lab3.gen/sources_1/bd/design_1/ipshared/92b2/hdl/axi_register_slice_v2_1_vl_rfs.v:1726]
INFO: [Synth 8-3936] Found unconnected internal register 'inst/gen_axilite.gen_b2s_conv.axilite_b2s/SI_REG/b.b_pipe/m_payload_i_reg' and it is trimmed from '3' to '2' bits. [c:/Sadat_files/Academics/Current_Term/COMP3601/Project/project_repo/COMP3601_Project_Audio_tuner/Lab3.gen/sources_1/bd/design_1/ipshared/92b2/hdl/axi_register_slice_v2_1_vl_rfs.v:1726]
INFO: [Synth 8-3936] Found unconnected internal register 'inst/gen_axilite.gen_b2s_conv.axilite_b2s/SI_REG/ar.ar_pipe/m_payload_i_reg' and it is trimmed from '70' to '62' bits. [c:/Sadat_files/Academics/Current_Term/COMP3601/Project/project_repo/COMP3601_Project_Audio_tuner/Lab3.gen/sources_1/bd/design_1/ipshared/92b2/hdl/axi_register_slice_v2_1_vl_rfs.v:1726]
INFO: [Synth 8-3936] Found unconnected internal register 'inst/gen_axilite.gen_b2s_conv.axilite_b2s/SI_REG/r.r_pipe/m_payload_i_reg' and it is trimmed from '36' to '35' bits. [c:/Sadat_files/Academics/Current_Term/COMP3601/Project/project_repo/COMP3601_Project_Audio_tuner/Lab3.gen/sources_1/bd/design_1/ipshared/92b2/hdl/axi_register_slice_v2_1_vl_rfs.v:1726]
INFO: [Synth 8-3936] Found unconnected internal register 'inst/gen_sasd.crossbar_sasd_0/reg_slice_r/m_payload_i_reg' and it is trimmed from '36' to '35' bits. [c:/Sadat_files/Academics/Current_Term/COMP3601/Project/project_repo/COMP3601_Project_Audio_tuner/Lab3.gen/sources_1/bd/design_1/ipshared/92b2/hdl/axi_register_slice_v2_1_vl_rfs.v:1726]
INFO: [Synth 8-5775] Found 'rw_addr_collision' attribute set to 'no' on SDP RAM gen_wr_a.gen_word_narrow.mem_reg. Setting write mode to NO_CHANGE 
INFO: [Synth 8-5775] Found 'rw_addr_collision' attribute set to 'no' on SDP RAM gen_wr_a.gen_word_narrow.mem_reg. Setting write mode to NO_CHANGE 
INFO: [Synth 8-5775] Found 'rw_addr_collision' attribute set to 'no' on SDP RAM gen_wr_a.gen_word_narrow.mem_reg. Setting write mode to NO_CHANGE 
INFO: [Synth 8-5775] Found 'rw_addr_collision' attribute set to 'no' on SDP RAM gen_wr_a.gen_word_narrow.mem_reg. Setting write mode to NO_CHANGE 
INFO: [Synth 8-5784] Optimized 1 bits of RAM "gen_wr_a.gen_word_narrow.mem_reg" due to constant propagation. Old ram width 39 bits, new ram width 38 bits.
INFO: [Synth 8-5775] Found 'rw_addr_collision' attribute set to 'no' on SDP RAM gen_wr_a.gen_word_narrow.mem_reg. Setting write mode to NO_CHANGE 
INFO: [Synth 8-5775] Found 'rw_addr_collision' attribute set to 'no' on SDP RAM gen_wr_a.gen_word_narrow.mem_reg. Setting write mode to NO_CHANGE 
INFO: [Synth 8-6904] The RAM "design_1_i/i_0/axi_dma_0/U0/\I_PRMRY_DATAMOVER/GEN_S2MM_FULL.I_S2MM_FULL_WRAPPER/GEN_ENABLE_INDET_BTT_SF.I_INDET_BTT/I_XD_FIFO/NON_BLK_MEM.I_SYNC_FIFOGEN_FIFO/xpm_fifo_instance.xpm_fifo_sync_inst /xpm_fifo_base_inst/\gen_sdpram.xpm_memory_base_inst /gen_wr_a.gen_word_narrow.mem_reg" of size (depth=16 x width=9) is automatically implemented using LUTRAM. BRAM implementation would be inefficient 
INFO: [Synth 8-5775] Found 'rw_addr_collision' attribute set to 'no' on SDP RAM gen_wr_a.gen_word_narrow.mem_reg. Setting write mode to NO_CHANGE 
INFO: [Synth 8-5775] Found 'rw_addr_collision' attribute set to 'no' on SDP RAM gen_wr_a.gen_word_narrow.mem_reg. Setting write mode to NO_CHANGE 
INFO: [Synth 8-5775] Found 'rw_addr_collision' attribute set to 'no' on SDP RAM gen_wr_a.gen_word_narrow.mem_reg. Setting write mode to NO_CHANGE 
INFO: [Synth 8-5775] Found 'rw_addr_collision' attribute set to 'no' on SDP RAM gen_wr_a.gen_word_narrow.mem_reg. Setting write mode to NO_CHANGE 
INFO: [Synth 8-5775] Found 'rw_addr_collision' attribute set to 'no' on SDP RAM gen_wr_a.gen_word_narrow.mem_reg. Setting write mode to NO_CHANGE 
INFO: [Synth 8-5775] Found 'rw_addr_collision' attribute set to 'no' on SDP RAM gen_wr_a.gen_word_narrow.mem_reg. Setting write mode to NO_CHANGE 
INFO: [Synth 8-5775] Found 'rw_addr_collision' attribute set to 'no' on SDP RAM gen_wr_a.gen_word_narrow.mem_reg. Setting write mode to NO_CHANGE 
INFO: [Synth 8-5775] Found 'rw_addr_collision' attribute set to 'no' on SDP RAM gen_wr_a.gen_word_narrow.mem_reg. Setting write mode to NO_CHANGE 
INFO: [Synth 8-3332] Sequential element (I_RST_MODULE/REG_HRD_RST/GENERATE_LEVEL_P_S_CDC.SINGLE_BIT.CROSS_PLEVEL_IN2SCNDRY_s_level_out_d5) is unused and will be removed from module axi_dma.
INFO: [Synth 8-3332] Sequential element (I_RST_MODULE/REG_HRD_RST/GENERATE_LEVEL_P_S_CDC.SINGLE_BIT.CROSS_PLEVEL_IN2SCNDRY_s_level_out_d6) is unused and will be removed from module axi_dma.
INFO: [Synth 8-3332] Sequential element (I_RST_MODULE/REG_HRD_RST_OUT/GENERATE_LEVEL_P_S_CDC.SINGLE_BIT.CROSS_PLEVEL_IN2SCNDRY_s_level_out_d5) is unused and will be removed from module axi_dma.
INFO: [Synth 8-3332] Sequential element (I_RST_MODULE/REG_HRD_RST_OUT/GENERATE_LEVEL_P_S_CDC.SINGLE_BIT.CROSS_PLEVEL_IN2SCNDRY_s_level_out_d6) is unused and will be removed from module axi_dma.
INFO: [Synth 8-3332] Sequential element (I_PRMRY_DATAMOVER/GEN_S2MM_FULL.I_S2MM_FULL_WRAPPER/GEN_INCLUDE_IBTTCC.I_S2MM_MSTR_IBTTCC/FSM_onehot_sig_csm_state_reg[3]) is unused and will be removed from module axi_dma.
WARNING: [Synth 8-3332] Sequential element (EXT_LPF/ACTIVE_LOW_EXT.ACT_LO_EXT/GENERATE_LEVEL_P_S_CDC.SINGLE_BIT.CROSS_PLEVEL_IN2SCNDRY_s_level_out_d5) is unused and will be removed from module proc_sys_reset__parameterized1.
WARNING: [Synth 8-3332] Sequential element (EXT_LPF/ACTIVE_LOW_EXT.ACT_LO_EXT/GENERATE_LEVEL_P_S_CDC.SINGLE_BIT.CROSS_PLEVEL_IN2SCNDRY_s_level_out_d6) is unused and will be removed from module proc_sys_reset__parameterized1.
WARNING: [Synth 8-3332] Sequential element (EXT_LPF/ACTIVE_LOW_AUX.ACT_LO_AUX/GENERATE_LEVEL_P_S_CDC.SINGLE_BIT.CROSS_PLEVEL_IN2SCNDRY_IN_cdc_to) is unused and will be removed from module proc_sys_reset__parameterized1.
WARNING: [Synth 8-3332] Sequential element (EXT_LPF/ACTIVE_LOW_AUX.ACT_LO_AUX/GENERATE_LEVEL_P_S_CDC.SINGLE_BIT.CROSS_PLEVEL_IN2SCNDRY_s_level_out_d2) is unused and will be removed from module proc_sys_reset__parameterized1.
WARNING: [Synth 8-3332] Sequential element (EXT_LPF/ACTIVE_LOW_AUX.ACT_LO_AUX/GENERATE_LEVEL_P_S_CDC.SINGLE_BIT.CROSS_PLEVEL_IN2SCNDRY_s_level_out_d3) is unused and will be removed from module proc_sys_reset__parameterized1.
WARNING: [Synth 8-3332] Sequential element (EXT_LPF/ACTIVE_LOW_AUX.ACT_LO_AUX/GENERATE_LEVEL_P_S_CDC.SINGLE_BIT.CROSS_PLEVEL_IN2SCNDRY_s_level_out_d4) is unused and will be removed from module proc_sys_reset__parameterized1.
WARNING: [Synth 8-3332] Sequential element (EXT_LPF/ACTIVE_LOW_AUX.ACT_LO_AUX/GENERATE_LEVEL_P_S_CDC.SINGLE_BIT.CROSS_PLEVEL_IN2SCNDRY_s_level_out_d5) is unused and will be removed from module proc_sys_reset__parameterized1.
WARNING: [Synth 8-3332] Sequential element (EXT_LPF/ACTIVE_LOW_AUX.ACT_LO_AUX/GENERATE_LEVEL_P_S_CDC.SINGLE_BIT.CROSS_PLEVEL_IN2SCNDRY_s_level_out_d6) is unused and will be removed from module proc_sys_reset__parameterized1.
WARNING: [Synth 8-3332] Sequential element (FDRE_inst) is unused and will be removed from module proc_sys_reset__parameterized1.
WARNING: [Synth 8-3332] Sequential element (BSR_OUT_DFF[0].FDRE_BSR) is unused and will be removed from module proc_sys_reset__parameterized1.
WARNING: [Synth 8-3332] Sequential element (ACTIVE_LOW_BSR_OUT_DFF[0].FDRE_BSR_N) is unused and will be removed from module proc_sys_reset__parameterized1.
WARNING: [Synth 8-3332] Sequential element (PR_OUT_DFF[0].FDRE_PER) is unused and will be removed from module proc_sys_reset__parameterized1.
---------------------------------------------------------------------------------
Finished Cross Boundary and Area Optimization : Time (s): cpu = 00:03:20 ; elapsed = 00:03:33 . Memory (MB): peak = 3115.223 ; gain = 1471.547
---------------------------------------------------------------------------------
INFO: [Synth 8-5775] Found 'rw_addr_collision' attribute set to 'no' on SDP RAM gen_wr_a.gen_word_narrow.mem_reg. Setting write mode to NO_CHANGE 
INFO: [Synth 8-5775] Found 'rw_addr_collision' attribute set to 'no' on SDP RAM gen_wr_a.gen_word_narrow.mem_reg. Setting write mode to NO_CHANGE 
INFO: [Synth 8-5775] Found 'rw_addr_collision' attribute set to 'no' on SDP RAM gen_wr_a.gen_word_narrow.mem_reg. Setting write mode to NO_CHANGE 
INFO: [Synth 8-5775] Found 'rw_addr_collision' attribute set to 'no' on SDP RAM gen_wr_a.gen_word_narrow.mem_reg. Setting write mode to NO_CHANGE 
---------------------------------------------------------------------------------
Start Applying XDC Timing Constraints
---------------------------------------------------------------------------------
---------------------------------------------------------------------------------
Finished Applying XDC Timing Constraints : Time (s): cpu = 00:03:34 ; elapsed = 00:03:48 . Memory (MB): peak = 3985.883 ; gain = 2342.207
---------------------------------------------------------------------------------
---------------------------------------------------------------------------------
Start Timing Optimization
---------------------------------------------------------------------------------
INFO: [Synth 8-5775] Found 'rw_addr_collision' attribute set to 'no' on SDP RAM gen_wr_a.gen_word_narrow.mem_reg. Setting write mode to NO_CHANGE 
INFO: [Synth 8-5775] Found 'rw_addr_collision' attribute set to 'no' on SDP RAM gen_wr_a.gen_word_narrow.mem_reg. Setting write mode to NO_CHANGE 
---------------------------------------------------------------------------------
Finished Timing Optimization : Time (s): cpu = 00:03:42 ; elapsed = 00:03:57 . Memory (MB): peak = 4163.000 ; gain = 2519.324
---------------------------------------------------------------------------------
---------------------------------------------------------------------------------
Start Technology Mapping
---------------------------------------------------------------------------------
INFO: [Synth 8-3332] Sequential element (gen_endpoint.decerr_slave_inst/FSM_onehot_gen_axi.gen_write.write_cs_reg[2]) is unused and will be removed from module sc_mmu_v1_0_13_top.
INFO: [Synth 8-3332] Sequential element (gen_endpoint.decerr_slave_inst/FSM_onehot_gen_axi.gen_write.write_cs_reg[1]) is unused and will be removed from module sc_mmu_v1_0_13_top.
INFO: [Synth 8-3332] Sequential element (gen_endpoint.decerr_slave_inst/FSM_onehot_gen_axi.gen_write.write_cs_reg[0]) is unused and will be removed from module sc_mmu_v1_0_13_top.
---------------------------------------------------------------------------------
Finished Technology Mapping : Time (s): cpu = 00:03:54 ; elapsed = 00:04:10 . Memory (MB): peak = 4173.102 ; gain = 2529.426
---------------------------------------------------------------------------------
---------------------------------------------------------------------------------
Start IO Insertion
---------------------------------------------------------------------------------
---------------------------------------------------------------------------------
Start Flattening Before IO Insertion
---------------------------------------------------------------------------------
---------------------------------------------------------------------------------
Finished Flattening Before IO Insertion
---------------------------------------------------------------------------------
---------------------------------------------------------------------------------
Start Final Netlist Cleanup
---------------------------------------------------------------------------------
---------------------------------------------------------------------------------
Finished Final Netlist Cleanup
---------------------------------------------------------------------------------
WARNING: [Synth 8-3295] tying undriven pin I_AXI_DMA_REG_MODULE/strm_valid_int2_inferred:in0 to constant 0
WARNING: [Synth 8-3295] tying undriven pin I_AXI_DMA_REG_MODULE/strm_valid_int_cdc_to_inferred:in0 to constant 0
WARNING: [Synth 8-3295] tying undriven pin trace_ctl_pipe[0]_inferred:in0 to constant 0
WARNING: [Synth 8-3295] tying undriven pin trace_data_pipe[0]_inferred:in0[31] to constant 0
WARNING: [Synth 8-3295] tying undriven pin trace_data_pipe[0]_inferred:in0[30] to constant 0
WARNING: [Synth 8-3295] tying undriven pin trace_data_pipe[0]_inferred:in0[29] to constant 0
WARNING: [Synth 8-3295] tying undriven pin trace_data_pipe[0]_inferred:in0[28] to constant 0
WARNING: [Synth 8-3295] tying undriven pin trace_data_pipe[0]_inferred:in0[27] to constant 0
WARNING: [Synth 8-3295] tying undriven pin trace_data_pipe[0]_inferred:in0[26] to constant 0
WARNING: [Synth 8-3295] tying undriven pin trace_data_pipe[0]_inferred:in0[25] to constant 0
WARNING: [Synth 8-3295] tying undriven pin trace_data_pipe[0]_inferred:in0[24] to constant 0
WARNING: [Synth 8-3295] tying undriven pin trace_data_pipe[0]_inferred:in0[23] to constant 0
WARNING: [Synth 8-3295] tying undriven pin trace_data_pipe[0]_inferred:in0[22] to constant 0
WARNING: [Synth 8-3295] tying undriven pin trace_data_pipe[0]_inferred:in0[21] to constant 0
WARNING: [Synth 8-3295] tying undriven pin trace_data_pipe[0]_inferred:in0[20] to constant 0
WARNING: [Synth 8-3295] tying undriven pin trace_data_pipe[0]_inferred:in0[19] to constant 0
WARNING: [Synth 8-3295] tying undriven pin trace_data_pipe[0]_inferred:in0[18] to constant 0
WARNING: [Synth 8-3295] tying undriven pin trace_data_pipe[0]_inferred:in0[17] to constant 0
WARNING: [Synth 8-3295] tying undriven pin trace_data_pipe[0]_inferred:in0[16] to constant 0
WARNING: [Synth 8-3295] tying undriven pin trace_data_pipe[0]_inferred:in0[15] to constant 0
WARNING: [Synth 8-3295] tying undriven pin trace_data_pipe[0]_inferred:in0[14] to constant 0
WARNING: [Synth 8-3295] tying undriven pin trace_data_pipe[0]_inferred:in0[13] to constant 0
WARNING: [Synth 8-3295] tying undriven pin trace_data_pipe[0]_inferred:in0[12] to constant 0
WARNING: [Synth 8-3295] tying undriven pin trace_data_pipe[0]_inferred:in0[11] to constant 0
WARNING: [Synth 8-3295] tying undriven pin trace_data_pipe[0]_inferred:in0[10] to constant 0
WARNING: [Synth 8-3295] tying undriven pin trace_data_pipe[0]_inferred:in0[9] to constant 0
WARNING: [Synth 8-3295] tying undriven pin trace_data_pipe[0]_inferred:in0[8] to constant 0
WARNING: [Synth 8-3295] tying undriven pin trace_data_pipe[0]_inferred:in0[7] to constant 0
WARNING: [Synth 8-3295] tying undriven pin trace_data_pipe[0]_inferred:in0[6] to constant 0
WARNING: [Synth 8-3295] tying undriven pin trace_data_pipe[0]_inferred:in0[5] to constant 0
WARNING: [Synth 8-3295] tying undriven pin trace_data_pipe[0]_inferred:in0[4] to constant 0
WARNING: [Synth 8-3295] tying undriven pin trace_data_pipe[0]_inferred:in0[3] to constant 0
WARNING: [Synth 8-3295] tying undriven pin trace_data_pipe[0]_inferred:in0[2] to constant 0
WARNING: [Synth 8-3295] tying undriven pin trace_data_pipe[0]_inferred:in0[1] to constant 0
WARNING: [Synth 8-3295] tying undriven pin trace_data_pipe[0]_inferred:in0[0] to constant 0
WARNING: [Synth 8-3295] tying undriven pin trace_ctl_pipe[7]_inferred:in0 to constant 0
WARNING: [Synth 8-3295] tying undriven pin trace_ctl_pipe[6]_inferred:in0 to constant 0
WARNING: [Synth 8-3295] tying undriven pin trace_ctl_pipe[5]_inferred:in0 to constant 0
WARNING: [Synth 8-3295] tying undriven pin trace_ctl_pipe[4]_inferred:in0 to constant 0
WARNING: [Synth 8-3295] tying undriven pin trace_ctl_pipe[3]_inferred:in0 to constant 0
WARNING: [Synth 8-3295] tying undriven pin trace_ctl_pipe[2]_inferred:in0 to constant 0
WARNING: [Synth 8-3295] tying undriven pin trace_ctl_pipe[1]_inferred:in0 to constant 0
WARNING: [Synth 8-3295] tying undriven pin trace_data_pipe[7]_inferred:in0[31] to constant 0
WARNING: [Synth 8-3295] tying undriven pin trace_data_pipe[7]_inferred:in0[30] to constant 0
WARNING: [Synth 8-3295] tying undriven pin trace_data_pipe[7]_inferred:in0[29] to constant 0
WARNING: [Synth 8-3295] tying undriven pin trace_data_pipe[7]_inferred:in0[28] to constant 0
WARNING: [Synth 8-3295] tying undriven pin trace_data_pipe[7]_inferred:in0[27] to constant 0
WARNING: [Synth 8-3295] tying undriven pin trace_data_pipe[7]_inferred:in0[26] to constant 0
WARNING: [Synth 8-3295] tying undriven pin trace_data_pipe[7]_inferred:in0[25] to constant 0
WARNING: [Synth 8-3295] tying undriven pin trace_data_pipe[7]_inferred:in0[24] to constant 0
WARNING: [Synth 8-3295] tying undriven pin trace_data_pipe[7]_inferred:in0[23] to constant 0
WARNING: [Synth 8-3295] tying undriven pin trace_data_pipe[7]_inferred:in0[22] to constant 0
WARNING: [Synth 8-3295] tying undriven pin trace_data_pipe[7]_inferred:in0[21] to constant 0
WARNING: [Synth 8-3295] tying undriven pin trace_data_pipe[7]_inferred:in0[20] to constant 0
WARNING: [Synth 8-3295] tying undriven pin trace_data_pipe[7]_inferred:in0[19] to constant 0
WARNING: [Synth 8-3295] tying undriven pin trace_data_pipe[7]_inferred:in0[18] to constant 0
WARNING: [Synth 8-3295] tying undriven pin trace_data_pipe[7]_inferred:in0[17] to constant 0
WARNING: [Synth 8-3295] tying undriven pin trace_data_pipe[7]_inferred:in0[16] to constant 0
WARNING: [Synth 8-3295] tying undriven pin trace_data_pipe[7]_inferred:in0[15] to constant 0
WARNING: [Synth 8-3295] tying undriven pin trace_data_pipe[7]_inferred:in0[14] to constant 0
WARNING: [Synth 8-3295] tying undriven pin trace_data_pipe[7]_inferred:in0[13] to constant 0
WARNING: [Synth 8-3295] tying undriven pin trace_data_pipe[7]_inferred:in0[12] to constant 0
WARNING: [Synth 8-3295] tying undriven pin trace_data_pipe[7]_inferred:in0[11] to constant 0
WARNING: [Synth 8-3295] tying undriven pin trace_data_pipe[7]_inferred:in0[10] to constant 0
WARNING: [Synth 8-3295] tying undriven pin trace_data_pipe[7]_inferred:in0[9] to constant 0
WARNING: [Synth 8-3295] tying undriven pin trace_data_pipe[7]_inferred:in0[8] to constant 0
WARNING: [Synth 8-3295] tying undriven pin trace_data_pipe[7]_inferred:in0[7] to constant 0
WARNING: [Synth 8-3295] tying undriven pin trace_data_pipe[7]_inferred:in0[6] to constant 0
WARNING: [Synth 8-3295] tying undriven pin trace_data_pipe[7]_inferred:in0[5] to constant 0
WARNING: [Synth 8-3295] tying undriven pin trace_data_pipe[7]_inferred:in0[4] to constant 0
WARNING: [Synth 8-3295] tying undriven pin trace_data_pipe[7]_inferred:in0[3] to constant 0
WARNING: [Synth 8-3295] tying undriven pin trace_data_pipe[7]_inferred:in0[2] to constant 0
WARNING: [Synth 8-3295] tying undriven pin trace_data_pipe[7]_inferred:in0[1] to constant 0
WARNING: [Synth 8-3295] tying undriven pin trace_data_pipe[7]_inferred:in0[0] to constant 0
WARNING: [Synth 8-3295] tying undriven pin trace_data_pipe[6]_inferred:in0[31] to constant 0
WARNING: [Synth 8-3295] tying undriven pin trace_data_pipe[6]_inferred:in0[30] to constant 0
WARNING: [Synth 8-3295] tying undriven pin trace_data_pipe[6]_inferred:in0[29] to constant 0
WARNING: [Synth 8-3295] tying undriven pin trace_data_pipe[6]_inferred:in0[28] to constant 0
WARNING: [Synth 8-3295] tying undriven pin trace_data_pipe[6]_inferred:in0[27] to constant 0
WARNING: [Synth 8-3295] tying undriven pin trace_data_pipe[6]_inferred:in0[26] to constant 0
WARNING: [Synth 8-3295] tying undriven pin trace_data_pipe[6]_inferred:in0[25] to constant 0
WARNING: [Synth 8-3295] tying undriven pin trace_data_pipe[6]_inferred:in0[24] to constant 0
WARNING: [Synth 8-3295] tying undriven pin trace_data_pipe[6]_inferred:in0[23] to constant 0
WARNING: [Synth 8-3295] tying undriven pin trace_data_pipe[6]_inferred:in0[22] to constant 0
WARNING: [Synth 8-3295] tying undriven pin trace_data_pipe[6]_inferred:in0[21] to constant 0
WARNING: [Synth 8-3295] tying undriven pin trace_data_pipe[6]_inferred:in0[20] to constant 0
WARNING: [Synth 8-3295] tying undriven pin trace_data_pipe[6]_inferred:in0[19] to constant 0
WARNING: [Synth 8-3295] tying undriven pin trace_data_pipe[6]_inferred:in0[18] to constant 0
WARNING: [Synth 8-3295] tying undriven pin trace_data_pipe[6]_inferred:in0[17] to constant 0
WARNING: [Synth 8-3295] tying undriven pin trace_data_pipe[6]_inferred:in0[16] to constant 0
WARNING: [Synth 8-3295] tying undriven pin trace_data_pipe[6]_inferred:in0[15] to constant 0
WARNING: [Synth 8-3295] tying undriven pin trace_data_pipe[6]_inferred:in0[14] to constant 0
WARNING: [Synth 8-3295] tying undriven pin trace_data_pipe[6]_inferred:in0[13] to constant 0
WARNING: [Synth 8-3295] tying undriven pin trace_data_pipe[6]_inferred:in0[12] to constant 0
WARNING: [Synth 8-3295] tying undriven pin trace_data_pipe[6]_inferred:in0[11] to constant 0
WARNING: [Synth 8-3295] tying undriven pin trace_data_pipe[6]_inferred:in0[10] to constant 0
WARNING: [Synth 8-3295] tying undriven pin trace_data_pipe[6]_inferred:in0[9] to constant 0
WARNING: [Synth 8-3295] tying undriven pin trace_data_pipe[6]_inferred:in0[8] to constant 0
WARNING: [Synth 8-3295] tying undriven pin trace_data_pipe[6]_inferred:in0[7] to constant 0
WARNING: [Synth 8-3295] tying undriven pin trace_data_pipe[6]_inferred:in0[6] to constant 0
INFO: [Common 17-14] Message 'Synth 8-3295' appears 100 times and further instances of the messages will be disabled. Use the Tcl command set_msg_config to change the current settings.
WARNING: [Synth 8-5396] Clock pin C has keep related attribute (keep/mark_debug/dont_touch) which could create extra logic on its net [c:/Sadat_files/Academics/Current_Term/COMP3601/Project/project_repo/COMP3601_Project_Audio_tuner/Lab3.gen/sources_1/bd/design_1/ipshared/14b9/hdl/axi_dwidth_converter_v2_1_vlsyn_rfs.v:1809]
WARNING: [Synth 8-5396] Clock pin C has keep related attribute (keep/mark_debug/dont_touch) which could create extra logic on its net [c:/Sadat_files/Academics/Current_Term/COMP3601/Project/project_repo/COMP3601_Project_Audio_tuner/Lab3.gen/sources_1/bd/design_1/ipshared/14b9/hdl/axi_dwidth_converter_v2_1_vlsyn_rfs.v:1809]
WARNING: [Synth 8-5396] Clock pin C has keep related attribute (keep/mark_debug/dont_touch) which could create extra logic on its net [c:/Sadat_files/Academics/Current_Term/COMP3601/Project/project_repo/COMP3601_Project_Audio_tuner/Lab3.gen/sources_1/bd/design_1/ipshared/14b9/hdl/axi_dwidth_converter_v2_1_vlsyn_rfs.v:1809]
WARNING: [Synth 8-5396] Clock pin C has keep related attribute (keep/mark_debug/dont_touch) which could create extra logic on its net [c:/Sadat_files/Academics/Current_Term/COMP3601/Project/project_repo/COMP3601_Project_Audio_tuner/Lab3.gen/sources_1/bd/design_1/ipshared/14b9/hdl/axi_dwidth_converter_v2_1_vlsyn_rfs.v:1809]
WARNING: [Synth 8-5396] Clock pin C has keep related attribute (keep/mark_debug/dont_touch) which could create extra logic on its net [c:/Sadat_files/Academics/Current_Term/COMP3601/Project/project_repo/COMP3601_Project_Audio_tuner/Lab3.gen/sources_1/bd/design_1/ipshared/14b9/hdl/axi_dwidth_converter_v2_1_vlsyn_rfs.v:1809]
WARNING: [Synth 8-5396] Clock pin C has keep related attribute (keep/mark_debug/dont_touch) which could create extra logic on its net [c:/Sadat_files/Academics/Current_Term/COMP3601/Project/project_repo/COMP3601_Project_Audio_tuner/Lab3.gen/sources_1/bd/design_1/ipshared/14b9/hdl/axi_dwidth_converter_v2_1_vlsyn_rfs.v:1809]
WARNING: [Synth 8-5396] Clock pin C has keep related attribute (keep/mark_debug/dont_touch) which could create extra logic on its net [c:/Sadat_files/Academics/Current_Term/COMP3601/Project/project_repo/COMP3601_Project_Audio_tuner/Lab3.gen/sources_1/bd/design_1/ipshared/14b9/hdl/axi_dwidth_converter_v2_1_vlsyn_rfs.v:1809]
WARNING: [Synth 8-5396] Clock pin C has keep related attribute (keep/mark_debug/dont_touch) which could create extra logic on its net [c:/Sadat_files/Academics/Current_Term/COMP3601/Project/project_repo/COMP3601_Project_Audio_tuner/Lab3.gen/sources_1/bd/design_1/ipshared/14b9/hdl/axi_dwidth_converter_v2_1_vlsyn_rfs.v:1809]
WARNING: [Synth 8-5396] Clock pin C has keep related attribute (keep/mark_debug/dont_touch) which could create extra logic on its net [c:/Sadat_files/Academics/Current_Term/COMP3601/Project/project_repo/COMP3601_Project_Audio_tuner/Lab3.gen/sources_1/bd/design_1/ipshared/14b9/hdl/axi_dwidth_converter_v2_1_vlsyn_rfs.v:683]
WARNING: [Synth 8-5396] Clock pin C has keep related attribute (keep/mark_debug/dont_touch) which could create extra logic on its net [c:/Sadat_files/Academics/Current_Term/COMP3601/Project/project_repo/COMP3601_Project_Audio_tuner/Lab3.gen/sources_1/bd/design_1/ipshared/14b9/hdl/axi_dwidth_converter_v2_1_vlsyn_rfs.v:683]
WARNING: [Synth 8-5396] Clock pin C has keep related attribute (keep/mark_debug/dont_touch) which could create extra logic on its net [c:/Sadat_files/Academics/Current_Term/COMP3601/Project/project_repo/COMP3601_Project_Audio_tuner/Lab3.gen/sources_1/bd/design_1/ipshared/14b9/hdl/axi_dwidth_converter_v2_1_vlsyn_rfs.v:683]
WARNING: [Synth 8-5396] Clock pin C has keep related attribute (keep/mark_debug/dont_touch) which could create extra logic on its net [c:/Sadat_files/Academics/Current_Term/COMP3601/Project/project_repo/COMP3601_Project_Audio_tuner/Lab3.gen/sources_1/bd/design_1/ipshared/14b9/hdl/axi_dwidth_converter_v2_1_vlsyn_rfs.v:683]
WARNING: [Synth 8-5396] Clock pin C has keep related attribute (keep/mark_debug/dont_touch) which could create extra logic on its net [c:/Sadat_files/Academics/Current_Term/COMP3601/Project/project_repo/COMP3601_Project_Audio_tuner/Lab3.gen/sources_1/bd/design_1/ipshared/14b9/hdl/axi_dwidth_converter_v2_1_vlsyn_rfs.v:683]
WARNING: [Synth 8-5396] Clock pin C has keep related attribute (keep/mark_debug/dont_touch) which could create extra logic on its net [c:/Sadat_files/Academics/Current_Term/COMP3601/Project/project_repo/COMP3601_Project_Audio_tuner/Lab3.gen/sources_1/bd/design_1/ipshared/14b9/hdl/axi_dwidth_converter_v2_1_vlsyn_rfs.v:683]
WARNING: [Synth 8-5396] Clock pin C has keep related attribute (keep/mark_debug/dont_touch) which could create extra logic on its net [c:/Sadat_files/Academics/Current_Term/COMP3601/Project/project_repo/COMP3601_Project_Audio_tuner/Lab3.gen/sources_1/bd/design_1/ipshared/14b9/hdl/axi_dwidth_converter_v2_1_vlsyn_rfs.v:683]
WARNING: [Synth 8-5396] Clock pin C has keep related attribute (keep/mark_debug/dont_touch) which could create extra logic on its net [c:/Sadat_files/Academics/Current_Term/COMP3601/Project/project_repo/COMP3601_Project_Audio_tuner/Lab3.gen/sources_1/bd/design_1/ipshared/14b9/hdl/axi_dwidth_converter_v2_1_vlsyn_rfs.v:683]
WARNING: [Synth 8-5396] Clock pin C has keep related attribute (keep/mark_debug/dont_touch) which could create extra logic on its net [c:/Sadat_files/Academics/Current_Term/COMP3601/Project/project_repo/COMP3601_Project_Audio_tuner/Lab3.gen/sources_1/bd/design_1/ipshared/14b9/hdl/axi_dwidth_converter_v2_1_vlsyn_rfs.v:1132]
WARNING: [Synth 8-5396] Clock pin C has keep related attribute (keep/mark_debug/dont_touch) which could create extra logic on its net [c:/Sadat_files/Academics/Current_Term/COMP3601/Project/project_repo/COMP3601_Project_Audio_tuner/Lab3.gen/sources_1/bd/design_1/ipshared/14b9/hdl/axi_dwidth_converter_v2_1_vlsyn_rfs.v:1132]
WARNING: [Synth 8-5396] Clock pin C has keep related attribute (keep/mark_debug/dont_touch) which could create extra logic on its net [c:/Sadat_files/Academics/Current_Term/COMP3601/Project/project_repo/COMP3601_Project_Audio_tuner/Lab3.gen/sources_1/bd/design_1/ipshared/14b9/hdl/axi_dwidth_converter_v2_1_vlsyn_rfs.v:1132]
WARNING: [Synth 8-5396] Clock pin C has keep related attribute (keep/mark_debug/dont_touch) which could create extra logic on its net [c:/Sadat_files/Academics/Current_Term/COMP3601/Project/project_repo/COMP3601_Project_Audio_tuner/Lab3.gen/sources_1/bd/design_1/ipshared/14b9/hdl/axi_dwidth_converter_v2_1_vlsyn_rfs.v:1132]
WARNING: [Synth 8-5396] Clock pin C has keep related attribute (keep/mark_debug/dont_touch) which could create extra logic on its net [c:/Sadat_files/Academics/Current_Term/COMP3601/Project/project_repo/COMP3601_Project_Audio_tuner/Lab3.gen/sources_1/bd/design_1/ipshared/14b9/hdl/axi_dwidth_converter_v2_1_vlsyn_rfs.v:1132]
WARNING: [Synth 8-5396] Clock pin C has keep related attribute (keep/mark_debug/dont_touch) which could create extra logic on its net [c:/Sadat_files/Academics/Current_Term/COMP3601/Project/project_repo/COMP3601_Project_Audio_tuner/Lab3.gen/sources_1/bd/design_1/ipshared/14b9/hdl/axi_dwidth_converter_v2_1_vlsyn_rfs.v:1132]
WARNING: [Synth 8-5396] Clock pin C has keep related attribute (keep/mark_debug/dont_touch) which could create extra logic on its net [c:/Sadat_files/Academics/Current_Term/COMP3601/Project/project_repo/COMP3601_Project_Audio_tuner/Lab3.gen/sources_1/bd/design_1/ipshared/14b9/hdl/axi_dwidth_converter_v2_1_vlsyn_rfs.v:1441]
WARNING: [Synth 8-5396] Clock pin C has keep related attribute (keep/mark_debug/dont_touch) which could create extra logic on its net [c:/Sadat_files/Academics/Current_Term/COMP3601/Project/project_repo/COMP3601_Project_Audio_tuner/Lab3.gen/sources_1/bd/design_1/ipshared/14b9/hdl/axi_dwidth_converter_v2_1_vlsyn_rfs.v:1441]
WARNING: [Synth 8-5396] Clock pin C has keep related attribute (keep/mark_debug/dont_touch) which could create extra logic on its net [c:/Sadat_files/Academics/Current_Term/COMP3601/Project/project_repo/COMP3601_Project_Audio_tuner/Lab3.gen/sources_1/bd/design_1/ipshared/14b9/hdl/axi_dwidth_converter_v2_1_vlsyn_rfs.v:1441]
WARNING: [Synth 8-5396] Clock pin C has keep related attribute (keep/mark_debug/dont_touch) which could create extra logic on its net [c:/Sadat_files/Academics/Current_Term/COMP3601/Project/project_repo/COMP3601_Project_Audio_tuner/Lab3.gen/sources_1/bd/design_1/ipshared/14b9/hdl/axi_dwidth_converter_v2_1_vlsyn_rfs.v:1441]
WARNING: [Synth 8-5396] Clock pin C has keep related attribute (keep/mark_debug/dont_touch) which could create extra logic on its net [c:/Sadat_files/Academics/Current_Term/COMP3601/Project/project_repo/COMP3601_Project_Audio_tuner/Lab3.gen/sources_1/bd/design_1/ipshared/14b9/hdl/axi_dwidth_converter_v2_1_vlsyn_rfs.v:1441]
WARNING: [Synth 8-5396] Clock pin C has keep related attribute (keep/mark_debug/dont_touch) which could create extra logic on its net [c:/Sadat_files/Academics/Current_Term/COMP3601/Project/project_repo/COMP3601_Project_Audio_tuner/Lab3.gen/sources_1/bd/design_1/ipshared/14b9/hdl/axi_dwidth_converter_v2_1_vlsyn_rfs.v:1441]
WARNING: [Synth 8-5396] Clock pin C has keep related attribute (keep/mark_debug/dont_touch) which could create extra logic on its net [c:/Sadat_files/Academics/Current_Term/COMP3601/Project/project_repo/COMP3601_Project_Audio_tuner/Lab3.gen/sources_1/bd/design_1/ipshared/14b9/hdl/axi_dwidth_converter_v2_1_vlsyn_rfs.v:1441]
WARNING: [Synth 8-5396] Clock pin C has keep related attribute (keep/mark_debug/dont_touch) which could create extra logic on its net [c:/Sadat_files/Academics/Current_Term/COMP3601/Project/project_repo/COMP3601_Project_Audio_tuner/Lab3.gen/sources_1/bd/design_1/ipshared/14b9/hdl/axi_dwidth_converter_v2_1_vlsyn_rfs.v:1441]
WARNING: [Synth 8-5396] Clock pin C has keep related attribute (keep/mark_debug/dont_touch) which could create extra logic on its net [c:/Sadat_files/Academics/Current_Term/COMP3601/Project/project_repo/COMP3601_Project_Audio_tuner/Lab3.gen/sources_1/bd/design_1/ipshared/14b9/hdl/axi_dwidth_converter_v2_1_vlsyn_rfs.v:683]
WARNING: [Synth 8-5396] Clock pin C has keep related attribute (keep/mark_debug/dont_touch) which could create extra logic on its net [c:/Sadat_files/Academics/Current_Term/COMP3601/Project/project_repo/COMP3601_Project_Audio_tuner/Lab3.gen/sources_1/bd/design_1/ipshared/14b9/hdl/axi_dwidth_converter_v2_1_vlsyn_rfs.v:683]
WARNING: [Synth 8-5396] Clock pin C has keep related attribute (keep/mark_debug/dont_touch) which could create extra logic on its net [c:/Sadat_files/Academics/Current_Term/COMP3601/Project/project_repo/COMP3601_Project_Audio_tuner/Lab3.gen/sources_1/bd/design_1/ipshared/14b9/hdl/axi_dwidth_converter_v2_1_vlsyn_rfs.v:683]
WARNING: [Synth 8-5396] Clock pin C has keep related attribute (keep/mark_debug/dont_touch) which could create extra logic on its net [c:/Sadat_files/Academics/Current_Term/COMP3601/Project/project_repo/COMP3601_Project_Audio_tuner/Lab3.gen/sources_1/bd/design_1/ipshared/14b9/hdl/axi_dwidth_converter_v2_1_vlsyn_rfs.v:683]
WARNING: [Synth 8-5396] Clock pin C has keep related attribute (keep/mark_debug/dont_touch) which could create extra logic on its net [c:/Sadat_files/Academics/Current_Term/COMP3601/Project/project_repo/COMP3601_Project_Audio_tuner/Lab3.gen/sources_1/bd/design_1/ipshared/14b9/hdl/axi_dwidth_converter_v2_1_vlsyn_rfs.v:683]
WARNING: [Synth 8-5396] Clock pin C has keep related attribute (keep/mark_debug/dont_touch) which could create extra logic on its net [c:/Sadat_files/Academics/Current_Term/COMP3601/Project/project_repo/COMP3601_Project_Audio_tuner/Lab3.gen/sources_1/bd/design_1/ipshared/14b9/hdl/axi_dwidth_converter_v2_1_vlsyn_rfs.v:683]
WARNING: [Synth 8-5396] Clock pin C has keep related attribute (keep/mark_debug/dont_touch) which could create extra logic on its net [c:/Sadat_files/Academics/Current_Term/COMP3601/Project/project_repo/COMP3601_Project_Audio_tuner/Lab3.gen/sources_1/bd/design_1/ipshared/14b9/hdl/axi_dwidth_converter_v2_1_vlsyn_rfs.v:683]
WARNING: [Synth 8-5396] Clock pin C has keep related attribute (keep/mark_debug/dont_touch) which could create extra logic on its net [c:/Sadat_files/Academics/Current_Term/COMP3601/Project/project_repo/COMP3601_Project_Audio_tuner/Lab3.gen/sources_1/bd/design_1/ipshared/14b9/hdl/axi_dwidth_converter_v2_1_vlsyn_rfs.v:683]
WARNING: [Synth 8-5396] Clock pin C has keep related attribute (keep/mark_debug/dont_touch) which could create extra logic on its net [c:/Sadat_files/Academics/Current_Term/COMP3601/Project/project_repo/COMP3601_Project_Audio_tuner/Lab3.gen/sources_1/bd/design_1/ipshared/14b9/hdl/axi_dwidth_converter_v2_1_vlsyn_rfs.v:2253]
WARNING: [Synth 8-5396] Clock pin C has keep related attribute (keep/mark_debug/dont_touch) which could create extra logic on its net [c:/Sadat_files/Academics/Current_Term/COMP3601/Project/project_repo/COMP3601_Project_Audio_tuner/Lab3.gen/sources_1/bd/design_1/ipshared/14b9/hdl/axi_dwidth_converter_v2_1_vlsyn_rfs.v:2253]
WARNING: [Synth 8-5396] Clock pin C has keep related attribute (keep/mark_debug/dont_touch) which could create extra logic on its net [c:/Sadat_files/Academics/Current_Term/COMP3601/Project/project_repo/COMP3601_Project_Audio_tuner/Lab3.gen/sources_1/bd/design_1/ipshared/14b9/hdl/axi_dwidth_converter_v2_1_vlsyn_rfs.v:2253]
WARNING: [Synth 8-5396] Clock pin C has keep related attribute (keep/mark_debug/dont_touch) which could create extra logic on its net [c:/Sadat_files/Academics/Current_Term/COMP3601/Project/project_repo/COMP3601_Project_Audio_tuner/Lab3.gen/sources_1/bd/design_1/ipshared/14b9/hdl/axi_dwidth_converter_v2_1_vlsyn_rfs.v:2253]
WARNING: [Synth 8-5396] Clock pin C has keep related attribute (keep/mark_debug/dont_touch) which could create extra logic on its net [c:/Sadat_files/Academics/Current_Term/COMP3601/Project/project_repo/COMP3601_Project_Audio_tuner/Lab3.gen/sources_1/bd/design_1/ipshared/14b9/hdl/axi_dwidth_converter_v2_1_vlsyn_rfs.v:2253]
WARNING: [Synth 8-5396] Clock pin C has keep related attribute (keep/mark_debug/dont_touch) which could create extra logic on its net [c:/Sadat_files/Academics/Current_Term/COMP3601/Project/project_repo/COMP3601_Project_Audio_tuner/Lab3.gen/sources_1/bd/design_1/ipshared/14b9/hdl/axi_dwidth_converter_v2_1_vlsyn_rfs.v:2253]
WARNING: [Synth 8-5396] Clock pin C has keep related attribute (keep/mark_debug/dont_touch) which could create extra logic on its net [c:/Sadat_files/Academics/Current_Term/COMP3601/Project/project_repo/COMP3601_Project_Audio_tuner/Lab3.gen/sources_1/bd/design_1/ipshared/14b9/hdl/axi_dwidth_converter_v2_1_vlsyn_rfs.v:2253]
WARNING: [Synth 8-5396] Clock pin C has keep related attribute (keep/mark_debug/dont_touch) which could create extra logic on its net [c:/Sadat_files/Academics/Current_Term/COMP3601/Project/project_repo/COMP3601_Project_Audio_tuner/Lab3.gen/sources_1/bd/design_1/ipshared/14b9/hdl/axi_dwidth_converter_v2_1_vlsyn_rfs.v:2253]
WARNING: [Synth 8-5396] Clock pin C has keep related attribute (keep/mark_debug/dont_touch) which could create extra logic on its net [c:/Sadat_files/Academics/Current_Term/COMP3601/Project/project_repo/COMP3601_Project_Audio_tuner/Lab3.gen/sources_1/bd/design_1/ipshared/14b9/hdl/axi_dwidth_converter_v2_1_vlsyn_rfs.v:1053]
WARNING: [Synth 8-5396] Clock pin C has keep related attribute (keep/mark_debug/dont_touch) which could create extra logic on its net [c:/Sadat_files/Academics/Current_Term/COMP3601/Project/project_repo/COMP3601_Project_Audio_tuner/Lab3.gen/sources_1/bd/design_1/ipshared/14b9/hdl/axi_dwidth_converter_v2_1_vlsyn_rfs.v:1053]
WARNING: [Synth 8-5396] Clock pin C has keep related attribute (keep/mark_debug/dont_touch) which could create extra logic on its net [c:/Sadat_files/Academics/Current_Term/COMP3601/Project/project_repo/COMP3601_Project_Audio_tuner/Lab3.gen/sources_1/bd/design_1/ipshared/14b9/hdl/axi_dwidth_converter_v2_1_vlsyn_rfs.v:1053]
WARNING: [Synth 8-5396] Clock pin C has keep related attribute (keep/mark_debug/dont_touch) which could create extra logic on its net [c:/Sadat_files/Academics/Current_Term/COMP3601/Project/project_repo/COMP3601_Project_Audio_tuner/Lab3.gen/sources_1/bd/design_1/ipshared/14b9/hdl/axi_dwidth_converter_v2_1_vlsyn_rfs.v:1053]
WARNING: [Synth 8-5396] Clock pin C has keep related attribute (keep/mark_debug/dont_touch) which could create extra logic on its net [c:/Sadat_files/Academics/Current_Term/COMP3601/Project/project_repo/COMP3601_Project_Audio_tuner/Lab3.gen/sources_1/bd/design_1/ipshared/14b9/hdl/axi_dwidth_converter_v2_1_vlsyn_rfs.v:1053]
WARNING: [Synth 8-5396] Clock pin C has keep related attribute (keep/mark_debug/dont_touch) which could create extra logic on its net [c:/Sadat_files/Academics/Current_Term/COMP3601/Project/project_repo/COMP3601_Project_Audio_tuner/Lab3.gen/sources_1/bd/design_1/ipshared/14b9/hdl/axi_dwidth_converter_v2_1_vlsyn_rfs.v:1053]
WARNING: [Synth 8-5396] Clock pin C has keep related attribute (keep/mark_debug/dont_touch) which could create extra logic on its net [c:/Sadat_files/Academics/Current_Term/COMP3601/Project/project_repo/COMP3601_Project_Audio_tuner/Lab3.gen/sources_1/bd/design_1/ipshared/14b9/hdl/axi_dwidth_converter_v2_1_vlsyn_rfs.v:1891]
WARNING: [Synth 8-5396] Clock pin C has keep related attribute (keep/mark_debug/dont_touch) which could create extra logic on its net [c:/Sadat_files/Academics/Current_Term/COMP3601/Project/project_repo/COMP3601_Project_Audio_tuner/Lab3.gen/sources_1/bd/design_1/ipshared/14b9/hdl/axi_dwidth_converter_v2_1_vlsyn_rfs.v:1891]
WARNING: [Synth 8-5396] Clock pin C has keep related attribute (keep/mark_debug/dont_touch) which could create extra logic on its net [c:/Sadat_files/Academics/Current_Term/COMP3601/Project/project_repo/COMP3601_Project_Audio_tuner/Lab3.gen/sources_1/bd/design_1/ipshared/14b9/hdl/axi_dwidth_converter_v2_1_vlsyn_rfs.v:1911]
WARNING: [Synth 8-5396] Clock pin C has keep related attribute (keep/mark_debug/dont_touch) which could create extra logic on its net [c:/Sadat_files/Academics/Current_Term/COMP3601/Project/project_repo/COMP3601_Project_Audio_tuner/Lab3.gen/sources_1/bd/design_1/ipshared/14b9/hdl/axi_dwidth_converter_v2_1_vlsyn_rfs.v:1911]
WARNING: [Synth 8-5396] Clock pin C has keep related attribute (keep/mark_debug/dont_touch) which could create extra logic on its net [c:/Sadat_files/Academics/Current_Term/COMP3601/Project/project_repo/COMP3601_Project_Audio_tuner/Lab3.gen/sources_1/bd/design_1/ipshared/14b9/hdl/axi_dwidth_converter_v2_1_vlsyn_rfs.v:1911]
WARNING: [Synth 8-5396] Clock pin C has keep related attribute (keep/mark_debug/dont_touch) which could create extra logic on its net [c:/Sadat_files/Academics/Current_Term/COMP3601/Project/project_repo/COMP3601_Project_Audio_tuner/Lab3.gen/sources_1/bd/design_1/ipshared/14b9/hdl/axi_dwidth_converter_v2_1_vlsyn_rfs.v:1911]
WARNING: [Synth 8-5396] Clock pin C has keep related attribute (keep/mark_debug/dont_touch) which could create extra logic on its net [c:/Sadat_files/Academics/Current_Term/COMP3601/Project/project_repo/COMP3601_Project_Audio_tuner/Lab3.gen/sources_1/bd/design_1/ipshared/14b9/hdl/axi_dwidth_converter_v2_1_vlsyn_rfs.v:1911]
WARNING: [Synth 8-5396] Clock pin C has keep related attribute (keep/mark_debug/dont_touch) which could create extra logic on its net [c:/Sadat_files/Academics/Current_Term/COMP3601/Project/project_repo/COMP3601_Project_Audio_tuner/Lab3.gen/sources_1/bd/design_1/ipshared/14b9/hdl/axi_dwidth_converter_v2_1_vlsyn_rfs.v:1911]
WARNING: [Synth 8-5396] Clock pin C has keep related attribute (keep/mark_debug/dont_touch) which could create extra logic on its net [c:/Sadat_files/Academics/Current_Term/COMP3601/Project/project_repo/COMP3601_Project_Audio_tuner/Lab3.gen/sources_1/bd/design_1/ipshared/14b9/hdl/axi_dwidth_converter_v2_1_vlsyn_rfs.v:1911]
WARNING: [Synth 8-5396] Clock pin C has keep related attribute (keep/mark_debug/dont_touch) which could create extra logic on its net [c:/Sadat_files/Academics/Current_Term/COMP3601/Project/project_repo/COMP3601_Project_Audio_tuner/Lab3.gen/sources_1/bd/design_1/ipshared/14b9/hdl/axi_dwidth_converter_v2_1_vlsyn_rfs.v:1911]
WARNING: [Synth 8-5396] Clock pin C has keep related attribute (keep/mark_debug/dont_touch) which could create extra logic on its net [c:/Sadat_files/Academics/Current_Term/COMP3601/Project/project_repo/COMP3601_Project_Audio_tuner/Lab3.gen/sources_1/bd/design_1/ipshared/14b9/hdl/axi_dwidth_converter_v2_1_vlsyn_rfs.v:1911]
WARNING: [Synth 8-5396] Clock pin C has keep related attribute (keep/mark_debug/dont_touch) which could create extra logic on its net [c:/Sadat_files/Academics/Current_Term/COMP3601/Project/project_repo/COMP3601_Project_Audio_tuner/Lab3.gen/sources_1/bd/design_1/ipshared/14b9/hdl/axi_dwidth_converter_v2_1_vlsyn_rfs.v:1911]
WARNING: [Synth 8-5396] Clock pin C has keep related attribute (keep/mark_debug/dont_touch) which could create extra logic on its net [c:/Sadat_files/Academics/Current_Term/COMP3601/Project/project_repo/COMP3601_Project_Audio_tuner/Lab3.gen/sources_1/bd/design_1/ipshared/14b9/hdl/axi_dwidth_converter_v2_1_vlsyn_rfs.v:1911]
WARNING: [Synth 8-5396] Clock pin C has keep related attribute (keep/mark_debug/dont_touch) which could create extra logic on its net [c:/Sadat_files/Academics/Current_Term/COMP3601/Project/project_repo/COMP3601_Project_Audio_tuner/Lab3.gen/sources_1/bd/design_1/ipshared/14b9/hdl/axi_dwidth_converter_v2_1_vlsyn_rfs.v:1911]
WARNING: [Synth 8-5396] Clock pin C has keep related attribute (keep/mark_debug/dont_touch) which could create extra logic on its net [c:/Sadat_files/Academics/Current_Term/COMP3601/Project/project_repo/COMP3601_Project_Audio_tuner/Lab3.gen/sources_1/bd/design_1/ipshared/14b9/hdl/axi_dwidth_converter_v2_1_vlsyn_rfs.v:1911]
WARNING: [Synth 8-5396] Clock pin C has keep related attribute (keep/mark_debug/dont_touch) which could create extra logic on its net [c:/Sadat_files/Academics/Current_Term/COMP3601/Project/project_repo/COMP3601_Project_Audio_tuner/Lab3.gen/sources_1/bd/design_1/ipshared/14b9/hdl/axi_dwidth_converter_v2_1_vlsyn_rfs.v:1911]
WARNING: [Synth 8-5396] Clock pin C has keep related attribute (keep/mark_debug/dont_touch) which could create extra logic on its net [c:/Sadat_files/Academics/Current_Term/COMP3601/Project/project_repo/COMP3601_Project_Audio_tuner/Lab3.gen/sources_1/bd/design_1/ipshared/14b9/hdl/axi_dwidth_converter_v2_1_vlsyn_rfs.v:1911]
WARNING: [Synth 8-5396] Clock pin C has keep related attribute (keep/mark_debug/dont_touch) which could create extra logic on its net [c:/Sadat_files/Academics/Current_Term/COMP3601/Project/project_repo/COMP3601_Project_Audio_tuner/Lab3.gen/sources_1/bd/design_1/ipshared/14b9/hdl/axi_dwidth_converter_v2_1_vlsyn_rfs.v:1911]
WARNING: [Synth 8-5396] Clock pin C has keep related attribute (keep/mark_debug/dont_touch) which could create extra logic on its net [c:/Sadat_files/Academics/Current_Term/COMP3601/Project/project_repo/COMP3601_Project_Audio_tuner/Lab3.gen/sources_1/bd/design_1/ipshared/14b9/hdl/axi_dwidth_converter_v2_1_vlsyn_rfs.v:1911]
WARNING: [Synth 8-5396] Clock pin C has keep related attribute (keep/mark_debug/dont_touch) which could create extra logic on its net [c:/Sadat_files/Academics/Current_Term/COMP3601/Project/project_repo/COMP3601_Project_Audio_tuner/Lab3.gen/sources_1/bd/design_1/ipshared/14b9/hdl/axi_dwidth_converter_v2_1_vlsyn_rfs.v:1911]
WARNING: [Synth 8-5396] Clock pin C has keep related attribute (keep/mark_debug/dont_touch) which could create extra logic on its net [c:/Sadat_files/Academics/Current_Term/COMP3601/Project/project_repo/COMP3601_Project_Audio_tuner/Lab3.gen/sources_1/bd/design_1/ipshared/14b9/hdl/axi_dwidth_converter_v2_1_vlsyn_rfs.v:1911]
WARNING: [Synth 8-5396] Clock pin C has keep related attribute (keep/mark_debug/dont_touch) which could create extra logic on its net [c:/Sadat_files/Academics/Current_Term/COMP3601/Project/project_repo/COMP3601_Project_Audio_tuner/Lab3.gen/sources_1/bd/design_1/ipshared/14b9/hdl/axi_dwidth_converter_v2_1_vlsyn_rfs.v:1911]
WARNING: [Synth 8-5396] Clock pin C has keep related attribute (keep/mark_debug/dont_touch) which could create extra logic on its net [c:/Sadat_files/Academics/Current_Term/COMP3601/Project/project_repo/COMP3601_Project_Audio_tuner/Lab3.gen/sources_1/bd/design_1/ipshared/14b9/hdl/axi_dwidth_converter_v2_1_vlsyn_rfs.v:1911]
WARNING: [Synth 8-5396] Clock pin C has keep related attribute (keep/mark_debug/dont_touch) which could create extra logic on its net [c:/Sadat_files/Academics/Current_Term/COMP3601/Project/project_repo/COMP3601_Project_Audio_tuner/Lab3.gen/sources_1/bd/design_1/ipshared/14b9/hdl/axi_dwidth_converter_v2_1_vlsyn_rfs.v:1911]
WARNING: [Synth 8-5396] Clock pin C has keep related attribute (keep/mark_debug/dont_touch) which could create extra logic on its net [c:/Sadat_files/Academics/Current_Term/COMP3601/Project/project_repo/COMP3601_Project_Audio_tuner/Lab3.gen/sources_1/bd/design_1/ipshared/14b9/hdl/axi_dwidth_converter_v2_1_vlsyn_rfs.v:1911]
WARNING: [Synth 8-5396] Clock pin C has keep related attribute (keep/mark_debug/dont_touch) which could create extra logic on its net [c:/Sadat_files/Academics/Current_Term/COMP3601/Project/project_repo/COMP3601_Project_Audio_tuner/Lab3.gen/sources_1/bd/design_1/ipshared/14b9/hdl/axi_dwidth_converter_v2_1_vlsyn_rfs.v:1911]
WARNING: [Synth 8-5396] Clock pin C has keep related attribute (keep/mark_debug/dont_touch) which could create extra logic on its net [c:/Sadat_files/Academics/Current_Term/COMP3601/Project/project_repo/COMP3601_Project_Audio_tuner/Lab3.gen/sources_1/bd/design_1/ipshared/14b9/hdl/axi_dwidth_converter_v2_1_vlsyn_rfs.v:1911]
WARNING: [Synth 8-5396] Clock pin C has keep related attribute (keep/mark_debug/dont_touch) which could create extra logic on its net [c:/Sadat_files/Academics/Current_Term/COMP3601/Project/project_repo/COMP3601_Project_Audio_tuner/Lab3.gen/sources_1/bd/design_1/ipshared/14b9/hdl/axi_dwidth_converter_v2_1_vlsyn_rfs.v:1911]
WARNING: [Synth 8-5396] Clock pin C has keep related attribute (keep/mark_debug/dont_touch) which could create extra logic on its net [c:/Sadat_files/Academics/Current_Term/COMP3601/Project/project_repo/COMP3601_Project_Audio_tuner/Lab3.gen/sources_1/bd/design_1/ipshared/14b9/hdl/axi_dwidth_converter_v2_1_vlsyn_rfs.v:1911]
WARNING: [Synth 8-5396] Clock pin C has keep related attribute (keep/mark_debug/dont_touch) which could create extra logic on its net [c:/Sadat_files/Academics/Current_Term/COMP3601/Project/project_repo/COMP3601_Project_Audio_tuner/Lab3.gen/sources_1/bd/design_1/ipshared/14b9/hdl/axi_dwidth_converter_v2_1_vlsyn_rfs.v:1911]
WARNING: [Synth 8-5396] Clock pin C has keep related attribute (keep/mark_debug/dont_touch) which could create extra logic on its net [c:/Sadat_files/Academics/Current_Term/COMP3601/Project/project_repo/COMP3601_Project_Audio_tuner/Lab3.gen/sources_1/bd/design_1/ipshared/14b9/hdl/axi_dwidth_converter_v2_1_vlsyn_rfs.v:1911]
WARNING: [Synth 8-5396] Clock pin C has keep related attribute (keep/mark_debug/dont_touch) which could create extra logic on its net [c:/Sadat_files/Academics/Current_Term/COMP3601/Project/project_repo/COMP3601_Project_Audio_tuner/Lab3.gen/sources_1/bd/design_1/ipshared/14b9/hdl/axi_dwidth_converter_v2_1_vlsyn_rfs.v:1911]
WARNING: [Synth 8-5396] Clock pin C has keep related attribute (keep/mark_debug/dont_touch) which could create extra logic on its net [c:/Sadat_files/Academics/Current_Term/COMP3601/Project/project_repo/COMP3601_Project_Audio_tuner/Lab3.gen/sources_1/bd/design_1/ipshared/14b9/hdl/axi_dwidth_converter_v2_1_vlsyn_rfs.v:1911]
WARNING: [Synth 8-5396] Clock pin C has keep related attribute (keep/mark_debug/dont_touch) which could create extra logic on its net [c:/Sadat_files/Academics/Current_Term/COMP3601/Project/project_repo/COMP3601_Project_Audio_tuner/Lab3.gen/sources_1/bd/design_1/ipshared/14b9/hdl/axi_dwidth_converter_v2_1_vlsyn_rfs.v:1911]
WARNING: [Synth 8-5396] Clock pin C has keep related attribute (keep/mark_debug/dont_touch) which could create extra logic on its net [c:/Sadat_files/Academics/Current_Term/COMP3601/Project/project_repo/COMP3601_Project_Audio_tuner/Lab3.gen/sources_1/bd/design_1/ipshared/14b9/hdl/axi_dwidth_converter_v2_1_vlsyn_rfs.v:1911]
WARNING: [Synth 8-5396] Clock pin C has keep related attribute (keep/mark_debug/dont_touch) which could create extra logic on its net [c:/Sadat_files/Academics/Current_Term/COMP3601/Project/project_repo/COMP3601_Project_Audio_tuner/Lab3.gen/sources_1/bd/design_1/ipshared/14b9/hdl/axi_dwidth_converter_v2_1_vlsyn_rfs.v:1911]
WARNING: [Synth 8-5396] Clock pin C has keep related attribute (keep/mark_debug/dont_touch) which could create extra logic on its net [c:/Sadat_files/Academics/Current_Term/COMP3601/Project/project_repo/COMP3601_Project_Audio_tuner/Lab3.gen/sources_1/bd/design_1/ipshared/14b9/hdl/axi_dwidth_converter_v2_1_vlsyn_rfs.v:1911]
WARNING: [Synth 8-5396] Clock pin C has keep related attribute (keep/mark_debug/dont_touch) which could create extra logic on its net [c:/Sadat_files/Academics/Current_Term/COMP3601/Project/project_repo/COMP3601_Project_Audio_tuner/Lab3.gen/sources_1/bd/design_1/ipshared/14b9/hdl/axi_dwidth_converter_v2_1_vlsyn_rfs.v:1911]
WARNING: [Synth 8-5396] Clock pin C has keep related attribute (keep/mark_debug/dont_touch) which could create extra logic on its net [c:/Sadat_files/Academics/Current_Term/COMP3601/Project/project_repo/COMP3601_Project_Audio_tuner/Lab3.gen/sources_1/bd/design_1/ipshared/14b9/hdl/axi_dwidth_converter_v2_1_vlsyn_rfs.v:1911]
WARNING: [Synth 8-5396] Clock pin C has keep related attribute (keep/mark_debug/dont_touch) which could create extra logic on its net [c:/Sadat_files/Academics/Current_Term/COMP3601/Project/project_repo/COMP3601_Project_Audio_tuner/Lab3.gen/sources_1/bd/design_1/ipshared/14b9/hdl/axi_dwidth_converter_v2_1_vlsyn_rfs.v:1911]
WARNING: [Synth 8-5396] Clock pin C has keep related attribute (keep/mark_debug/dont_touch) which could create extra logic on its net [c:/Sadat_files/Academics/Current_Term/COMP3601/Project/project_repo/COMP3601_Project_Audio_tuner/Lab3.gen/sources_1/bd/design_1/ipshared/14b9/hdl/axi_dwidth_converter_v2_1_vlsyn_rfs.v:1911]
WARNING: [Synth 8-5396] Clock pin C has keep related attribute (keep/mark_debug/dont_touch) which could create extra logic on its net [c:/Sadat_files/Academics/Current_Term/COMP3601/Project/project_repo/COMP3601_Project_Audio_tuner/Lab3.gen/sources_1/bd/design_1/ipshared/14b9/hdl/axi_dwidth_converter_v2_1_vlsyn_rfs.v:1911]
WARNING: [Synth 8-5396] Clock pin C has keep related attribute (keep/mark_debug/dont_touch) which could create extra logic on its net [c:/Sadat_files/Academics/Current_Term/COMP3601/Project/project_repo/COMP3601_Project_Audio_tuner/Lab3.gen/sources_1/bd/design_1/ipshared/14b9/hdl/axi_dwidth_converter_v2_1_vlsyn_rfs.v:1911]
WARNING: [Synth 8-5396] Clock pin C has keep related attribute (keep/mark_debug/dont_touch) which could create extra logic on its net [c:/Sadat_files/Academics/Current_Term/COMP3601/Project/project_repo/COMP3601_Project_Audio_tuner/Lab3.gen/sources_1/bd/design_1/ipshared/14b9/hdl/axi_dwidth_converter_v2_1_vlsyn_rfs.v:1911]
WARNING: [Synth 8-5396] Clock pin C has keep related attribute (keep/mark_debug/dont_touch) which could create extra logic on its net [c:/Sadat_files/Academics/Current_Term/COMP3601/Project/project_repo/COMP3601_Project_Audio_tuner/Lab3.gen/sources_1/bd/design_1/ipshared/14b9/hdl/axi_dwidth_converter_v2_1_vlsyn_rfs.v:1911]
WARNING: [Synth 8-5396] Clock pin C has keep related attribute (keep/mark_debug/dont_touch) which could create extra logic on its net [c:/Sadat_files/Academics/Current_Term/COMP3601/Project/project_repo/COMP3601_Project_Audio_tuner/Lab3.gen/sources_1/bd/design_1/ipshared/14b9/hdl/axi_dwidth_converter_v2_1_vlsyn_rfs.v:1911]
WARNING: [Synth 8-5396] Clock pin C has keep related attribute (keep/mark_debug/dont_touch) which could create extra logic on its net [c:/Sadat_files/Academics/Current_Term/COMP3601/Project/project_repo/COMP3601_Project_Audio_tuner/Lab3.gen/sources_1/bd/design_1/ipshared/14b9/hdl/axi_dwidth_converter_v2_1_vlsyn_rfs.v:1911]
WARNING: [Synth 8-5396] Clock pin C has keep related attribute (keep/mark_debug/dont_touch) which could create extra logic on its net [c:/Sadat_files/Academics/Current_Term/COMP3601/Project/project_repo/COMP3601_Project_Audio_tuner/Lab3.gen/sources_1/bd/design_1/ipshared/14b9/hdl/axi_dwidth_converter_v2_1_vlsyn_rfs.v:1911]
INFO: [Common 17-14] Message 'Synth 8-5396' appears 100 times and further instances of the messages will be disabled. Use the Tcl command set_msg_config to change the current settings.
---------------------------------------------------------------------------------
Finished IO Insertion : Time (s): cpu = 00:04:00 ; elapsed = 00:04:16 . Memory (MB): peak = 4173.102 ; gain = 2529.426
---------------------------------------------------------------------------------
---------------------------------------------------------------------------------
Start Renaming Generated Instances
---------------------------------------------------------------------------------
---------------------------------------------------------------------------------
Finished Renaming Generated Instances : Time (s): cpu = 00:04:00 ; elapsed = 00:04:16 . Memory (MB): peak = 4173.102 ; gain = 2529.426
---------------------------------------------------------------------------------
---------------------------------------------------------------------------------
Start Rebuilding User Hierarchy
---------------------------------------------------------------------------------
---------------------------------------------------------------------------------
Finished Rebuilding User Hierarchy : Time (s): cpu = 00:04:02 ; elapsed = 00:04:18 . Memory (MB): peak = 4173.102 ; gain = 2529.426
---------------------------------------------------------------------------------
---------------------------------------------------------------------------------
Start Renaming Generated Ports
---------------------------------------------------------------------------------
---------------------------------------------------------------------------------
Finished Renaming Generated Ports : Time (s): cpu = 00:04:02 ; elapsed = 00:04:19 . Memory (MB): peak = 4173.102 ; gain = 2529.426
---------------------------------------------------------------------------------
---------------------------------------------------------------------------------
Start Handling Custom Attributes
---------------------------------------------------------------------------------
---------------------------------------------------------------------------------
Finished Handling Custom Attributes : Time (s): cpu = 00:04:03 ; elapsed = 00:04:19 . Memory (MB): peak = 4173.102 ; gain = 2529.426
---------------------------------------------------------------------------------
---------------------------------------------------------------------------------
Start Renaming Generated Nets
---------------------------------------------------------------------------------
---------------------------------------------------------------------------------
Finished Renaming Generated Nets : Time (s): cpu = 00:04:03 ; elapsed = 00:04:19 . Memory (MB): peak = 4173.102 ; gain = 2529.426
---------------------------------------------------------------------------------
---------------------------------------------------------------------------------
Start Writing Synthesis Report
---------------------------------------------------------------------------------

Report BlackBoxes: 
+-+--------------+----------+
| |BlackBox name |Instances |
+-+--------------+----------+
+-+--------------+----------+

Report Cell Usage: 
+------+---------+------+
|      |Cell     |Count |
+------+---------+------+
|1     |BUFG     |     2|
|2     |BUFG_PS  |     2|
|3     |CARRY4   |    26|
|4     |CARRY8   |    74|
|5     |CFGLUT5  |    74|
|6     |LUT1     |   729|
|7     |LUT2     |   803|
|8     |LUT3     |  1950|
|9     |LUT4     |  1084|
|10    |LUT5     |  1549|
|11    |LUT6     |  3521|
|12    |MUXF7    |   408|
|13    |MUXF8    |   200|
|14    |PS8      |     1|
|15    |RAM16X1D |     1|
|16    |RAM32M   |     3|
|17    |RAM32M16 |    82|
|18    |RAM32X1D |     4|
|19    |RAM64M8  |   512|
|20    |RAMB18E2 |     1|
|21    |RAMB36E2 |     3|
|23    |SRL16    |     2|
|24    |SRL16E   |   247|
|25    |SRLC16E  |     2|
|26    |SRLC32E  |    87|
|27    |FDCE     |   251|
|28    |FDPE     |    66|
|29    |FDR      |    16|
|30    |FDRE     | 10190|
|31    |FDSE     |   265|
|32    |IBUF     |     2|
|33    |OBUF     |     6|
+------+---------+------+
---------------------------------------------------------------------------------
Finished Writing Synthesis Report : Time (s): cpu = 00:04:03 ; elapsed = 00:04:19 . Memory (MB): peak = 4173.102 ; gain = 2529.426
---------------------------------------------------------------------------------
Synthesis finished with 0 errors, 0 critical warnings and 5741 warnings.
Synthesis Optimization Runtime : Time (s): cpu = 00:02:30 ; elapsed = 00:03:41 . Memory (MB): peak = 4173.102 ; gain = 2208.473
Synthesis Optimization Complete : Time (s): cpu = 00:04:04 ; elapsed = 00:04:20 . Memory (MB): peak = 4173.102 ; gain = 2529.426
INFO: [Project 1-571] Translating synthesized netlist
Netlist sorting complete. Time (s): cpu = 00:00:01 ; elapsed = 00:00:00.720 . Memory (MB): peak = 4173.102 ; gain = 0.000
INFO: [Netlist 29-17] Analyzing 1406 Unisim elements for replacement
INFO: [Netlist 29-28] Unisim Transformation completed in 1 CPU seconds
INFO: [Project 1-570] Preparing netlist for logic optimization
INFO: [Chipscope 16-324] Core: design_1_i/system_ila_0/inst/ila_lib UUID: cd4c83c8-23a6-596d-99ad-09be1335c6b0 
INFO: [Opt 31-138] Pushed 0 inverter(s) to 0 load pin(s).
Netlist sorting complete. Time (s): cpu = 00:00:00 ; elapsed = 00:00:00.010 . Memory (MB): peak = 4185.750 ; gain = 0.000
INFO: [Project 1-111] Unisim Transformation Summary:
  A total of 713 instances were transformed.
  (CARRY4) => CARRY8: 15 instances
  BUFG => BUFGCE: 2 instances
  CFGLUT5 => CFGLUT5 (SRL16E, SRLC32E): 64 instances
  CFGLUT5 => SRLC32E: 10 instances
  FDR => FDRE: 16 instances
  IBUF => IBUF (IBUFCTRL, INBUF): 2 instances
  RAM16X1D => RAM32X1D (RAMD32(x2)): 1 instance 
  RAM32M => RAM32M (RAMD32(x6), RAMS32(x2)): 3 instances
  RAM32M16 => RAM32M16 (RAMD32(x14), RAMS32(x2)): 82 instances
  RAM32X1D => RAM32X1D (RAMD32(x2)): 4 instances
  RAM64M8 => RAM64M8 (RAMD64E(x8)): 512 instances
  SRL16 => SRL16E: 2 instances

Synth Design complete | Checksum: d4c19558
INFO: [Common 17-83] Releasing license: Synthesis
718 Infos, 607 Warnings, 0 Critical Warnings and 0 Errors encountered.
synth_design completed successfully
synth_design: Time (s): cpu = 00:04:32 ; elapsed = 00:04:52 . Memory (MB): peak = 4185.750 ; gain = 3547.945
Write ShapeDB Complete: Time (s): cpu = 00:00:00 ; elapsed = 00:00:00.050 . Memory (MB): peak = 4185.750 ; gain = 0.000
INFO: [Common 17-1381] The checkpoint 'C:/Sadat_files/Academics/Current_Term/COMP3601/Project/project_repo/COMP3601_Project_Audio_tuner/Lab3.runs/synth_1/design_1_wrapper.dcp' has been generated.
INFO: [Vivado 12-24828] Executing command : report_utilization -file design_1_wrapper_utilization_synth.rpt -pb design_1_wrapper_utilization_synth.pb
INFO: [Common 17-206] Exiting Vivado at Mon Nov 17 22:37:19 2025...
